fetched_at,last_updated,last_reported,station_id,bikes_available,docks_available,ebikes_available,is_renting,is_returning,is_installed
2026-09-02T01:18:12.189300+00:00,2026-09-02T01:18:13+00:00,2026-09-02T01:18:13+00:00,bcycle_lametro_3005,11,19,,1,1,1
2026-09-02T01:18:12.189300+00:00,2026-09-02T01:18:13+00:00,2026-09-02T01:18:13+00:00,bcycle_lametro_3006,6,22,,1,1,1
2026-09-02T01:18:12.189300+00:00,2026-09-02T01:18:13+00:00,2026-09-02T01:18:13+00:00,bcycle_lametro_3007,3,14,,1,1,1
2026-09-02T01:18:12.189300+00:00,2026-09-02T01:18:13+00:00,2026-09-02T01:18:13+00:00,bcycle_lametro_3008,6,6,,1,1,1
2026-09-02T01:18:12.189300+00:00,2026-09-02T01:18:13+00:00,2026-09-02T01:18:13+00:00,bcycle_lametro_3010,9,5,,1,1,1
2026-09-02T01:18:12.189300+00:00,2026-09-02T01:18:13+00:00,2026-09-02T01:18:13+00:00,bcycle_lametro_3011,3,13,,1,1,1
2026-09-02T01:18:12.189300+00:00,2026-09-02T01:18:13+00:00,2026-09-02T01:18:13+00:00,bcycle_lametro_3014,28,0,,1,1,1
2026-09-02T01:18:12.189300+00:00,2026-09-02T01:18:13+00:00,2026-09-02T01:18:13+00:00,bcycle_lametro_3016,8,7,,1,1,1
2026-09-02T01:18:12.189300+00:00,2026-09-02T01:18:13+00:00,2026-09-02T01:18:13+00:00,bcycle_lametro_3018,13,5,,1,1,1
2026-09-02T01:18:12.189300+00:00,2026-09-02T01:18:13+00:00,2026-09-02T01:18:13+00:00,bcycle_lametro_3019,7,12,,1,1,1
2026-09-02T01:18:12.189300+00:00,2026-09-02T01:18:13+00:00,2026-09-02T01:18:13+00:00,bcycle_lametro_3020,5,10,,1,1,1
2026-09-02T01:18:12.189300+00:00,2026-09-02T01:18:13+00:00,2026-09-02T01:18:13+00:00,bcycle_lametro_3022,12,8,,1,1,1
2026-09-02T01:18:12.189300+00:00,2026-09-02T01:18:13+00:00,2026-09-02T01:18:13+00:00,bcycle_lametro_3024,4,11,,1,1,1
2026-09-02T01:18:12.189300+00:00,2026-09-02T01:18:13+00:00,2026-09-02T01:18:13+00:00,bcycle_lametro_3025,3,11,,1,1,1
2026-09-02T01:18:12.189300+00:00,2026-09-02T01:18:13+00:00,2026-09-02T01:18:13+00:00,bcycle_lametro_3026,11,4,,1,1,1
2026-09-02T01:18:12.189300+00:00,2026-09-02T01:18:13+00:00,2026-09-02T01:18:13+00:00,bcycle_lametro_3027,4,8,,1,1,1
2026-09-02T01:18:12.189300+00:00,2026-09-02T01:18:13+00:00,2026-09-02T01:18:13+00:00,bcycle_lametro_3030,6,23,,1,1,1
2026-09-02T01:18:12.189300+00:00,2026-09-02T01:18:13+00:00,2026-09-02T01:18:13+00:00,bcycle_lametro_3032,19,7,,1,1,1
2026-09-02T01:18:12.189300+00:00,2026-09-02T01:18:13+00:00,2026-09-02T01:18:13+00:00,bcycle_lametro_3033,2,10,,1,1,1
2026-09-02T01:18:12.189300+00:00,2026-09-02T01:18:13+00:00,2026-09-02T01:18:13+00:00,bcycle_lametro_3034,14,8,,1,1,1
2026-09-02T01:18:12.189300+00:00,2026-09-02T01:18:13+00:00,2026-09-02T01:18:13+00:00,bcycle_lametro_3035,6,17,,1,1,1
2026-09-02T01:18:12.189300+00:00,2026-09-02T01:18:13+00:00,2026-09-02T01:18:13+00:00,bcycle_lametro_3036,6,9,,1,1,1
2026-09-02T01:18:12.189300+00:00,2026-09-02T01:18:13+00:00,2026-09-02T01:18:13+00:00,bcycle_lametro_3037,8,10,,1,1,1
2026-09-02T01:18:12.189300+00:00,2026-09-02T01:18:13+00:00,2026-09-02T01:18:13+00:00,bcycle_lametro_3040,1,2,,1,1,1
2026-09-02T01:18:12.189300+00:00,2026-09-02T01:18:13+00:00,2026-09-02T01:18:13+00:00,bcycle_lametro_3042,9,19,,1,1,1
2026-09-02T01:18:12.189300+00:00,2026-09-02T01:18:13+00:00,2026-09-02T01:18:13+00:00,bcycle_lametro_3045,5,5,,1,1,1
2026-09-02T01:18:12.189300+00:00,2026-09-02T01:18:13+00:00,2026-09-02T01:18:13+00:00,bcycle_lametro_3046,5,12,,1,1,1
2026-09-02T01:18:12.189300+00:00,2026-09-02T01:18:13+00:00,2026-09-02T01:18:13+00:00,bcycle_lametro_3047,20,12,,1,1,1
2026-09-02T01:18:12.189300+00:00,2026-09-02T01:18:13+00:00,2026-09-02T01:18:13+00:00,bcycle_lametro_3048,12,4,,1,1,1
2026-09-02T01:18:12.189300+00:00,2026-09-02T01:18:13+00:00,2026-09-02T01:18:13+00:00,bcycle_lametro_3052,2,15,,1,1,1
2026-09-02T01:18:12.189300+00:00,2026-09-02T01:18:13+00:00,2026-09-02T01:18:13+00:00,bcycle_lametro_3054,6,9,,1,1,1
2026-09-02T01:18:12.189300+00:00,2026-09-02T01:18:13+00:00,2026-09-02T01:18:13+00:00,bcycle_lametro_3056,9,3,,1,1,1
2026-09-02T01:18:12.189300+00:00,2026-09-02T01:18:13+00:00,2026-09-02T01:18:13+00:00,bcycle_lametro_3058,8,7,,1,1,1
2026-09-02T01:18:12.189300+00:00,2026-09-02T01:18:13+00:00,2026-09-02T01:18:13+00:00,bcycle_lametro_3062,6,6,,1,1,1
2026-09-02T01:18:12.189300+00:00,2026-09-02T01:18:13+00:00,2026-09-02T01:18:13+00:00,bcycle_lametro_3063,0,22,,0,0,1
2026-09-02T01:18:12.189300+00:00,2026-09-02T01:18:13+00:00,2026-09-02T01:18:13+00:00,bcycle_lametro_3064,8,9,,1,1,1
2026-09-02T01:18:12.189300+00:00,2026-09-02T01:18:13+00:00,2026-09-02T01:18:13+00:00,bcycle_lametro_3065,5,10,,1,1,1
2026-09-02T01:18:12.189300+00:00,2026-09-02T01:18:13+00:00,2026-09-02T01:18:13+00:00,bcycle_lametro_3066,6,9,,1,1,1
2026-09-02T01:18:12.189300+00:00,2026-09-02T01:18:13+00:00,2026-09-02T01:18:13+00:00,bcycle_lametro_3068,6,8,,1,1,1
2026-09-02T01:18:12.189300+00:00,2026-09-02T01:18:13+00:00,2026-09-02T01:18:13+00:00,bcycle_lametro_3069,8,9,,1,1,1
2026-09-02T01:18:12.189300+00:00,2026-09-02T01:18:13+00:00,2026-09-02T01:18:13+00:00,bcycle_lametro_3074,16,6,,1,1,1
2026-09-02T01:18:12.189300+00:00,2026-09-02T01:18:13+00:00,2026-09-02T01:18:13+00:00,bcycle_lametro_3075,9,5,,1,1,1
2026-09-02T01:18:12.189300+00:00,2026-09-02T01:18:13+00:00,2026-09-02T01:18:13+00:00,bcycle_lametro_3076,5,6,,1,1,1
2026-09-02T01:18:12.189300+00:00,2026-09-02T01:18:13+00:00,2026-09-02T01:18:13+00:00,bcycle_lametro_3077,5,5,,1,1,1
2026-09-02T01:18:12.189300+00:00,2026-09-02T01:18:13+00:00,2026-09-02T01:18:13+00:00,bcycle_lametro_3078,8,7,,1,1,1
2026-09-02T01:18:12.189300+00:00,2026-09-02T01:18:13+00:00,2026-09-02T01:18:13+00:00,bcycle_lametro_3079,9,5,,1,1,1
2026-09-02T01:18:12.189300+00:00,2026-09-02T01:18:13+00:00,2026-09-02T01:18:13+00:00,bcycle_lametro_3081,10,2,,1,1,1
2026-09-02T01:18:12.189300+00:00,2026-09-02T01:18:13+00:00,2026-09-02T01:18:13+00:00,bcycle_lametro_3082,10,16,,1,1,1
2026-09-02T01:18:12.189300+00:00,2026-09-02T01:18:13+00:00,2026-09-02T01:18:13+00:00,bcycle_lametro_4202,6,14,,1,1,1
2026-09-02T01:18:12.189300+00:00,2026-09-02T01:18:13+00:00,2026-09-02T01:18:13+00:00,bcycle_lametro_4204,6,10,,1,1,1
2026-09-02T01:18:12.189300+00:00,2026-09-02T01:18:13+00:00,2026-09-02T01:18:13+00:00,bcycle_lametro_4205,6,10,,1,1,1
2026-09-02T01:18:12.189300+00:00,2026-09-02T01:18:13+00:00,2026-09-02T01:18:13+00:00,bcycle_lametro_4206,12,16,,1,1,1
2026-09-02T01:18:12.189300+00:00,2026-09-02T01:18:13+00:00,2026-09-02T01:18:13+00:00,bcycle_lametro_4207,8,11,,1,1,1
2026-09-02T01:18:12.189300+00:00,2026-09-02T01:18:13+00:00,2026-09-02T01:18:13+00:00,bcycle_lametro_4208,3,14,,1,1,1
2026-09-02T01:18:12.189300+00:00,2026-09-02T01:18:13+00:00,2026-09-02T01:18:13+00:00,bcycle_lametro_4209,4,19,,1,1,1
2026-09-02T01:18:12.189300+00:00,2026-09-02T01:18:13+00:00,2026-09-02T01:18:13+00:00,bcycle_lametro_4210,12,3,,1,1,1
2026-09-02T01:18:12.189300+00:00,2026-09-02T01:18:13+00:00,2026-09-02T01:18:13+00:00,bcycle_lametro_4211,11,3,,1,1,1
2026-09-02T01:18:12.189300+00:00,2026-09-02T01:18:13+00:00,2026-09-02T01:18:13+00:00,bcycle_lametro_4212,11,10,,1,1,1
2026-09-02T01:18:12.189300+00:00,2026-09-02T01:18:13+00:00,2026-09-02T01:18:13+00:00,bcycle_lametro_4213,7,8,,1,1,1
2026-09-02T01:18:12.189300+00:00,2026-09-02T01:18:13+00:00,2026-09-02T01:18:13+00:00,bcycle_lametro_4214,3,23,,1,1,1
2026-09-02T01:18:12.189300+00:00,2026-09-02T01:18:13+00:00,2026-09-02T01:18:13+00:00,bcycle_lametro_4215,20,20,,1,1,1
2026-09-02T01:18:12.189300+00:00,2026-09-02T01:18:13+00:00,2026-09-02T01:18:13+00:00,bcycle_lametro_4216,8,11,,1,1,1
2026-09-02T01:18:12.189300+00:00,2026-09-02T01:18:13+00:00,2026-09-02T01:18:13+00:00,bcycle_lametro_4217,5,6,,1,1,1
2026-09-02T01:18:12.189300+00:00,2026-09-02T01:18:13+00:00,2026-09-02T01:18:13+00:00,bcycle_lametro_4220,4,11,,1,1,1
2026-09-02T01:18:12.189300+00:00,2026-09-02T01:18:13+00:00,2026-09-02T01:18:13+00:00,bcycle_lametro_4227,2,14,,1,1,1
2026-09-02T01:18:12.189300+00:00,2026-09-02T01:18:13+00:00,2026-09-02T01:18:13+00:00,bcycle_lametro_4245,7,7,,1,1,1
2026-09-02T01:18:12.189300+00:00,2026-09-02T01:18:13+00:00,2026-09-02T01:18:13+00:00,bcycle_lametro_4246,4,10,,1,1,1
2026-09-02T01:18:12.189300+00:00,2026-09-02T01:18:13+00:00,2026-09-02T01:18:13+00:00,bcycle_lametro_4247,3,4,,1,1,1
2026-09-02T01:18:12.189300+00:00,2026-09-02T01:18:13+00:00,2026-09-02T01:18:13+00:00,bcycle_lametro_4248,5,14,,1,1,1
2026-09-02T01:18:12.189300+00:00,2026-09-02T01:18:13+00:00,2026-09-02T01:18:13+00:00,bcycle_lametro_4249,5,10,,1,1,1
2026-09-02T01:18:12.189300+00:00,2026-09-02T01:18:13+00:00,2026-09-02T01:18:13+00:00,bcycle_lametro_4250,4,11,,1,1,1
2026-09-02T01:18:12.189300+00:00,2026-09-02T01:18:13+00:00,2026-09-02T01:18:13+00:00,bcycle_lametro_4254,6,9,,1,1,1
2026-09-02T01:18:12.189300+00:00,2026-09-02T01:18:13+00:00,2026-09-02T01:18:13+00:00,bcycle_lametro_4255,3,7,,1,1,1
2026-09-02T01:18:12.189300+00:00,2026-09-02T01:18:13+00:00,2026-09-02T01:18:13+00:00,bcycle_lametro_4266,5,10,,1,1,1
2026-09-02T01:18:12.189300+00:00,2026-09-02T01:18:13+00:00,2026-09-02T01:18:13+00:00,bcycle_lametro_4267,4,5,,1,1,1
2026-09-02T01:18:12.189300+00:00,2026-09-02T01:18:13+00:00,2026-09-02T01:18:13+00:00,bcycle_lametro_4273,6,8,,1,1,1
2026-09-02T01:18:12.189300+00:00,2026-09-02T01:18:13+00:00,2026-09-02T01:18:13+00:00,bcycle_lametro_4275,7,8,,1,1,1
2026-09-02T01:18:12.189300+00:00,2026-09-02T01:18:13+00:00,2026-09-02T01:18:13+00:00,bcycle_lametro_4293,4,6,,1,1,1
2026-09-02T01:18:12.189300+00:00,2026-09-02T01:18:13+00:00,2026-09-02T01:18:13+00:00,bcycle_lametro_4300,4,8,,1,1,1
2026-09-02T01:18:12.189300+00:00,2026-09-02T01:18:13+00:00,2026-09-02T01:18:13+00:00,bcycle_lametro_4301,7,1,,1,1,1
2026-09-02T01:18:12.189300+00:00,2026-09-02T01:18:13+00:00,2026-09-02T01:18:13+00:00,bcycle_lametro_4303,3,7,,1,1,1
2026-09-02T01:18:12.189300+00:00,2026-09-02T01:18:13+00:00,2026-09-02T01:18:13+00:00,bcycle_lametro_4304,1,10,,1,1,1
2026-09-02T01:18:12.189300+00:00,2026-09-02T01:18:13+00:00,2026-09-02T01:18:13+00:00,bcycle_lametro_4306,3,10,,1,1,1
2026-09-02T01:18:12.189300+00:00,2026-09-02T01:18:13+00:00,2026-09-02T01:18:13+00:00,bcycle_lametro_4311,7,5,,1,1,1
2026-09-02T01:18:12.189300+00:00,2026-09-02T01:18:13+00:00,2026-09-02T01:18:13+00:00,bcycle_lametro_4312,2,11,,1,1,1
2026-09-02T01:18:12.189300+00:00,2026-09-02T01:18:13+00:00,2026-09-02T01:18:13+00:00,bcycle_lametro_4313,6,6,,1,1,1
2026-09-02T01:18:12.189300+00:00,2026-09-02T01:18:13+00:00,2026-09-02T01:18:13+00:00,bcycle_lametro_4314,5,10,,1,1,1
2026-09-02T01:18:12.189300+00:00,2026-09-02T01:18:13+00:00,2026-09-02T01:18:13+00:00,bcycle_lametro_4315,6,0,,1,1,1
2026-09-02T01:18:12.189300+00:00,2026-09-02T01:18:13+00:00,2026-09-02T01:18:13+00:00,bcycle_lametro_4387,7,9,,1,1,1
2026-09-02T01:18:12.189300+00:00,2026-09-02T01:18:13+00:00,2026-09-02T01:18:13+00:00,bcycle_lametro_4390,4,8,,1,1,1
2026-09-02T01:18:12.189300+00:00,2026-09-02T01:18:13+00:00,2026-09-02T01:18:13+00:00,bcycle_lametro_4401,5,5,,1,1,1
2026-09-02T01:18:12.189300+00:00,2026-09-02T01:18:13+00:00,2026-09-02T01:18:13+00:00,bcycle_lametro_4404,6,9,,1,1,1
2026-09-02T01:18:12.189300+00:00,2026-09-02T01:18:13+00:00,2026-09-02T01:18:13+00:00,bcycle_lametro_4405,2,10,,1,1,1
2026-09-02T01:18:12.189300+00:00,2026-09-02T01:18:13+00:00,2026-09-02T01:18:13+00:00,bcycle_lametro_4406,0,14,,1,1,1
2026-09-02T01:18:12.189300+00:00,2026-09-02T01:18:13+00:00,2026-09-02T01:18:13+00:00,bcycle_lametro_4410,6,5,,1,1,1
2026-09-02T01:18:12.189300+00:00,2026-09-02T01:18:13+00:00,2026-09-02T01:18:13+00:00,bcycle_lametro_4436,0,9,,1,1,1
2026-09-02T01:18:12.189300+00:00,2026-09-02T01:18:13+00:00,2026-09-02T01:18:13+00:00,bcycle_lametro_4437,5,8,,1,1,1
2026-09-02T01:18:12.189300+00:00,2026-09-02T01:18:13+00:00,2026-09-02T01:18:13+00:00,bcycle_lametro_4440,8,6,,1,1,1
2026-09-02T01:18:12.189300+00:00,2026-09-02T01:18:13+00:00,2026-09-02T01:18:13+00:00,bcycle_lametro_4441,4,3,,1,1,1
2026-09-02T01:18:12.189300+00:00,2026-09-02T01:18:13+00:00,2026-09-02T01:18:13+00:00,bcycle_lametro_4442,4,8,,1,1,1
2026-09-02T01:18:12.189300+00:00,2026-09-02T01:18:13+00:00,2026-09-02T01:18:13+00:00,bcycle_lametro_4443,3,4,,1,1,1
2026-09-02T01:18:12.189300+00:00,2026-09-02T01:18:13+00:00,2026-09-02T01:18:13+00:00,bcycle_lametro_4444,3,6,,1,1,1
2026-09-02T01:18:12.189300+00:00,2026-09-02T01:18:13+00:00,2026-09-02T01:18:13+00:00,bcycle_lametro_4445,7,8,,1,1,1
2026-09-02T01:18:12.189300+00:00,2026-09-02T01:18:13+00:00,2026-09-02T01:18:13+00:00,bcycle_lametro_4446,3,5,,1,1,1
2026-09-02T01:18:12.189300+00:00,2026-09-02T01:18:13+00:00,2026-09-02T01:18:13+00:00,bcycle_lametro_4447,6,6,,1,1,1
2026-09-02T01:18:12.189300+00:00,2026-09-02T01:18:13+00:00,2026-09-02T01:18:13+00:00,bcycle_lametro_4448,7,11,,1,1,1
2026-09-02T01:18:12.189300+00:00,2026-09-02T01:18:13+00:00,2026-09-02T01:18:13+00:00,bcycle_lametro_4449,2,11,,1,1,1
2026-09-02T01:18:12.189300+00:00,2026-09-02T01:18:13+00:00,2026-09-02T01:18:13+00:00,bcycle_lametro_4450,6,8,,1,1,1
2026-09-02T01:18:12.189300+00:00,2026-09-02T01:18:13+00:00,2026-09-02T01:18:13+00:00,bcycle_lametro_4451,5,4,,1,1,1
2026-09-02T01:18:12.189300+00:00,2026-09-02T01:18:13+00:00,2026-09-02T01:18:13+00:00,bcycle_lametro_4452,1,9,,1,1,1
2026-09-02T01:18:12.189300+00:00,2026-09-02T01:18:13+00:00,2026-09-02T01:18:13+00:00,bcycle_lametro_4453,2,8,,1,1,1
2026-09-02T01:18:12.189300+00:00,2026-09-02T01:18:13+00:00,2026-09-02T01:18:13+00:00,bcycle_lametro_4454,11,3,,1,1,1
2026-09-02T01:18:12.189300+00:00,2026-09-02T01:18:13+00:00,2026-09-02T01:18:13+00:00,bcycle_lametro_4455,2,12,,1,1,1
2026-09-02T01:18:12.189300+00:00,2026-09-02T01:18:13+00:00,2026-09-02T01:18:13+00:00,bcycle_lametro_4456,7,8,,1,1,1
2026-09-02T01:18:12.189300+00:00,2026-09-02T01:18:13+00:00,2026-09-02T01:18:13+00:00,bcycle_lametro_4457,5,3,,1,1,1
2026-09-02T01:18:12.189300+00:00,2026-09-02T01:18:13+00:00,2026-09-02T01:18:13+00:00,bcycle_lametro_4472,5,9,,1,1,1
2026-09-02T01:18:12.189300+00:00,2026-09-02T01:18:13+00:00,2026-09-02T01:18:13+00:00,bcycle_lametro_4473,1,6,,1,1,1
2026-09-02T01:18:12.189300+00:00,2026-09-02T01:18:13+00:00,2026-09-02T01:18:13+00:00,bcycle_lametro_4474,1,9,,1,1,1
2026-09-02T01:18:12.189300+00:00,2026-09-02T01:18:13+00:00,2026-09-02T01:18:13+00:00,bcycle_lametro_4475,4,7,,1,1,1
2026-09-02T01:18:12.189300+00:00,2026-09-02T01:18:13+00:00,2026-09-02T01:18:13+00:00,bcycle_lametro_4476,8,6,,1,1,1
2026-09-02T01:18:12.189300+00:00,2026-09-02T01:18:13+00:00,2026-09-02T01:18:13+00:00,bcycle_lametro_4477,3,10,,1,1,1
2026-09-02T01:18:12.189300+00:00,2026-09-02T01:18:13+00:00,2026-09-02T01:18:13+00:00,bcycle_lametro_4479,8,3,,1,1,1
2026-09-02T01:18:12.189300+00:00,2026-09-02T01:18:13+00:00,2026-09-02T01:18:13+00:00,bcycle_lametro_4483,4,8,,1,1,1
2026-09-02T01:18:12.189300+00:00,2026-09-02T01:18:13+00:00,2026-09-02T01:18:13+00:00,bcycle_lametro_4487,6,10,,1,1,1
2026-09-02T01:18:12.189300+00:00,2026-09-02T01:18:13+00:00,2026-09-02T01:18:13+00:00,bcycle_lametro_4490,4,10,,1,1,1
2026-09-02T01:18:12.189300+00:00,2026-09-02T01:18:13+00:00,2026-09-02T01:18:13+00:00,bcycle_lametro_4491,4,9,,1,1,1
2026-09-02T01:18:12.189300+00:00,2026-09-02T01:18:13+00:00,2026-09-02T01:18:13+00:00,bcycle_lametro_4492,14,5,,1,1,1
2026-09-02T01:18:12.189300+00:00,2026-09-02T01:18:13+00:00,2026-09-02T01:18:13+00:00,bcycle_lametro_4493,12,4,,1,1,1
2026-09-02T01:18:12.189300+00:00,2026-09-02T01:18:13+00:00,2026-09-02T01:18:13+00:00,bcycle_lametro_4494,4,5,,1,1,1
2026-09-02T01:18:12.189300+00:00,2026-09-02T01:18:13+00:00,2026-09-02T01:18:13+00:00,bcycle_lametro_4509,6,4,,1,1,1
2026-09-02T01:18:12.189300+00:00,2026-09-02T01:18:13+00:00,2026-09-02T01:18:13+00:00,bcycle_lametro_4510,2,8,,1,1,1
2026-09-02T01:18:12.189300+00:00,2026-09-02T01:18:13+00:00,2026-09-02T01:18:13+00:00,bcycle_lametro_4511,8,11,,1,1,1
2026-09-02T01:18:12.189300+00:00,2026-09-02T01:18:13+00:00,2026-09-02T01:18:13+00:00,bcycle_lametro_4512,5,11,,1,1,1
2026-09-02T01:18:12.189300+00:00,2026-09-02T01:18:13+00:00,2026-09-02T01:18:13+00:00,bcycle_lametro_4514,10,11,,1,1,1
2026-09-02T01:18:12.189300+00:00,2026-09-02T01:18:13+00:00,2026-09-02T01:18:13+00:00,bcycle_lametro_4515,5,4,,1,1,1
2026-09-02T01:18:12.189300+00:00,2026-09-02T01:18:13+00:00,2026-09-02T01:18:13+00:00,bcycle_lametro_4517,4,7,,1,1,1
2026-09-02T01:18:12.189300+00:00,2026-09-02T01:18:13+00:00,2026-09-02T01:18:13+00:00,bcycle_lametro_4521,9,3,,1,1,1
2026-09-02T01:18:12.189300+00:00,2026-09-02T01:18:13+00:00,2026-09-02T01:18:13+00:00,bcycle_lametro_4523,5,10,,1,1,1
2026-09-02T01:18:12.189300+00:00,2026-09-02T01:18:13+00:00,2026-09-02T01:18:13+00:00,bcycle_lametro_4524,0,14,,1,1,1
2026-09-02T01:18:12.189300+00:00,2026-09-02T01:18:13+00:00,2026-09-02T01:18:13+00:00,bcycle_lametro_4525,2,9,,1,1,1
2026-09-02T01:18:12.189300+00:00,2026-09-02T01:18:13+00:00,2026-09-02T01:18:13+00:00,bcycle_lametro_4526,3,18,,1,1,1
2026-09-02T01:18:12.189300+00:00,2026-09-02T01:18:13+00:00,2026-09-02T01:18:13+00:00,bcycle_lametro_4527,4,10,,1,1,1
2026-09-02T01:18:12.189300+00:00,2026-09-02T01:18:13+00:00,2026-09-02T01:18:13+00:00,bcycle_lametro_4528,8,6,,1,1,1
2026-09-02T01:18:12.189300+00:00,2026-09-02T01:18:13+00:00,2026-09-02T01:18:13+00:00,bcycle_lametro_4529,3,10,,1,1,1
2026-09-02T01:18:12.189300+00:00,2026-09-02T01:18:13+00:00,2026-09-02T01:18:13+00:00,bcycle_lametro_4534,1,13,,1,1,1
2026-09-02T01:18:12.189300+00:00,2026-09-02T01:18:13+00:00,2026-09-02T01:18:13+00:00,bcycle_lametro_4536,5,5,,1,1,1
2026-09-02T01:18:12.189300+00:00,2026-09-02T01:18:13+00:00,2026-09-02T01:18:13+00:00,bcycle_lametro_4537,6,9,,1,1,1
2026-09-02T01:18:12.189300+00:00,2026-09-02T01:18:13+00:00,2026-09-02T01:18:13+00:00,bcycle_lametro_4538,3,3,,1,1,1
2026-09-02T01:18:12.189300+00:00,2026-09-02T01:18:13+00:00,2026-09-02T01:18:13+00:00,bcycle_lametro_4540,6,8,,1,1,1
2026-09-02T01:18:12.189300+00:00,2026-09-02T01:18:13+00:00,2026-09-02T01:18:13+00:00,bcycle_lametro_4543,5,3,,1,1,1
2026-09-02T01:18:12.189300+00:00,2026-09-02T01:18:13+00:00,2026-09-02T01:18:13+00:00,bcycle_lametro_4544,6,8,,1,1,1
2026-09-02T01:18:12.189300+00:00,2026-09-02T01:18:13+00:00,2026-09-02T01:18:13+00:00,bcycle_lametro_4545,4,4,,1,1,1
2026-09-02T01:18:12.189300+00:00,2026-09-02T01:18:13+00:00,2026-09-02T01:18:13+00:00,bcycle_lametro_4546,5,14,,1,1,1
2026-09-02T01:18:12.189300+00:00,2026-09-02T01:18:13+00:00,2026-09-02T01:18:13+00:00,bcycle_lametro_4547,8,2,,1,1,1
2026-09-02T01:18:12.189300+00:00,2026-09-02T01:18:13+00:00,2026-09-02T01:18:13+00:00,bcycle_lametro_4548,7,5,,1,1,1
2026-09-02T01:18:12.189300+00:00,2026-09-02T01:18:13+00:00,2026-09-02T01:18:13+00:00,bcycle_lametro_4549,8,8,,1,1,1
2026-09-02T01:18:12.189300+00:00,2026-09-02T01:18:13+00:00,2026-09-02T01:18:13+00:00,bcycle_lametro_4552,7,5,,1,1,1
2026-09-02T01:18:12.189300+00:00,2026-09-02T01:18:13+00:00,2026-09-02T01:18:13+00:00,bcycle_lametro_4553,4,5,,1,1,1
2026-09-02T01:18:12.189300+00:00,2026-09-02T01:18:13+00:00,2026-09-02T01:18:13+00:00,bcycle_lametro_4554,5,6,,1,1,1
2026-09-02T01:18:12.189300+00:00,2026-09-02T01:18:13+00:00,2026-09-02T01:18:13+00:00,bcycle_lametro_4555,4,4,,1,1,1
2026-09-02T01:18:12.189300+00:00,2026-09-02T01:18:13+00:00,2026-09-02T01:18:13+00:00,bcycle_lametro_4556,5,8,,1,1,1
2026-09-02T01:18:12.189300+00:00,2026-09-02T01:18:13+00:00,2026-09-02T01:18:13+00:00,bcycle_lametro_4557,8,3,,1,1,1
2026-09-02T01:18:12.189300+00:00,2026-09-02T01:18:13+00:00,2026-09-02T01:18:13+00:00,bcycle_lametro_4558,1,15,,1,1,1
2026-09-02T01:18:12.189300+00:00,2026-09-02T01:18:13+00:00,2026-09-02T01:18:13+00:00,bcycle_lametro_4561,6,3,,1,1,1
2026-09-02T01:18:12.189300+00:00,2026-09-02T01:18:13+00:00,2026-09-02T01:18:13+00:00,bcycle_lametro_4562,9,5,,1,1,1
2026-09-02T01:18:12.189300+00:00,2026-09-02T01:18:13+00:00,2026-09-02T01:18:13+00:00,bcycle_lametro_4563,5,4,,1,1,1
2026-09-02T01:18:12.189300+00:00,2026-09-02T01:18:13+00:00,2026-09-02T01:18:13+00:00,bcycle_lametro_4564,8,7,,1,1,1
2026-09-02T01:18:12.189300+00:00,2026-09-02T01:18:13+00:00,2026-09-02T01:18:13+00:00,bcycle_lametro_4565,4,8,,1,1,1
2026-09-02T01:18:12.189300+00:00,2026-09-02T01:18:13+00:00,2026-09-02T01:18:13+00:00,bcycle_lametro_4566,10,4,,1,1,1
2026-09-02T01:18:12.189300+00:00,2026-09-02T01:18:13+00:00,2026-09-02T01:18:13+00:00,bcycle_lametro_4567,8,3,,1,1,1
2026-09-02T01:18:12.189300+00:00,2026-09-02T01:18:13+00:00,2026-09-02T01:18:13+00:00,bcycle_lametro_4568,3,11,,1,1,1
2026-09-02T01:18:12.189300+00:00,2026-09-02T01:18:13+00:00,2026-09-02T01:18:13+00:00,bcycle_lametro_4569,3,6,,1,1,1
2026-09-02T01:18:12.189300+00:00,2026-09-02T01:18:13+00:00,2026-09-02T01:18:13+00:00,bcycle_lametro_4570,7,8,,1,1,1
2026-09-02T01:18:12.189300+00:00,2026-09-02T01:18:13+00:00,2026-09-02T01:18:13+00:00,bcycle_lametro_4571,4,3,,1,1,1
2026-09-02T01:18:12.189300+00:00,2026-09-02T01:18:13+00:00,2026-09-02T01:18:13+00:00,bcycle_lametro_4575,6,5,,1,1,1
2026-09-02T01:18:12.189300+00:00,2026-09-02T01:18:13+00:00,2026-09-02T01:18:13+00:00,bcycle_lametro_4576,9,2,,0,0,1
2026-09-02T01:18:12.189300+00:00,2026-09-02T01:18:13+00:00,2026-09-02T01:18:13+00:00,bcycle_lametro_4578,5,2,,1,1,1
2026-09-02T01:18:12.189300+00:00,2026-09-02T01:18:13+00:00,2026-09-02T01:18:13+00:00,bcycle_lametro_4579,7,5,,1,1,1
2026-09-02T01:18:12.189300+00:00,2026-09-02T01:18:13+00:00,2026-09-02T01:18:13+00:00,bcycle_lametro_4580,2,6,,1,1,1
2026-09-02T01:18:12.189300+00:00,2026-09-02T01:18:13+00:00,2026-09-02T01:18:13+00:00,bcycle_lametro_4581,9,8,,1,1,1
2026-09-02T01:18:12.189300+00:00,2026-09-02T01:18:13+00:00,2026-09-02T01:18:13+00:00,bcycle_lametro_4583,9,9,,1,1,1
2026-09-02T01:18:12.189300+00:00,2026-09-02T01:18:13+00:00,2026-09-02T01:18:13+00:00,bcycle_lametro_4584,7,6,,1,1,1
2026-09-02T01:18:12.189300+00:00,2026-09-02T01:18:13+00:00,2026-09-02T01:18:13+00:00,bcycle_lametro_4587,2,9,,1,1,1
2026-09-02T01:18:12.189300+00:00,2026-09-02T01:18:13+00:00,2026-09-02T01:18:13+00:00,bcycle_lametro_4596,9,6,,1,1,1
2026-09-02T01:18:12.189300+00:00,2026-09-02T01:18:13+00:00,2026-09-02T01:18:13+00:00,bcycle_lametro_4597,3,8,,1,1,1
2026-09-02T01:18:12.189300+00:00,2026-09-02T01:18:13+00:00,2026-09-02T01:18:13+00:00,bcycle_lametro_4598,7,2,,1,1,1
2026-09-02T01:18:12.189300+00:00,2026-09-02T01:18:13+00:00,2026-09-02T01:18:13+00:00,bcycle_lametro_4599,4,8,,1,1,1
2026-09-02T01:18:12.189300+00:00,2026-09-02T01:18:13+00:00,2026-09-02T01:18:13+00:00,bcycle_lametro_4600,6,4,,1,1,1
2026-09-02T01:18:12.189300+00:00,2026-09-02T01:18:13+00:00,2026-09-02T01:18:13+00:00,bcycle_lametro_4601,7,4,,1,1,1
2026-09-02T01:18:12.189300+00:00,2026-09-02T01:18:13+00:00,2026-09-02T01:18:13+00:00,bcycle_lametro_4603,5,13,,1,1,1
2026-09-02T01:18:12.189300+00:00,2026-09-02T01:18:13+00:00,2026-09-02T01:18:13+00:00,bcycle_lametro_4604,7,5,,1,1,1
2026-09-02T01:18:12.189300+00:00,2026-09-02T01:18:13+00:00,2026-09-02T01:18:13+00:00,bcycle_lametro_4605,5,8,,1,1,1
2026-09-02T01:18:12.189300+00:00,2026-09-02T01:18:13+00:00,2026-09-02T01:18:13+00:00,bcycle_lametro_4606,4,16,,1,1,1
2026-09-02T01:18:12.189300+00:00,2026-09-02T01:18:13+00:00,2026-09-02T01:18:13+00:00,bcycle_lametro_4613,7,12,,1,1,1
2026-09-02T01:18:12.189300+00:00,2026-09-02T01:18:13+00:00,2026-09-02T01:18:13+00:00,bcycle_lametro_4614,5,15,,1,1,1
2026-09-02T01:18:12.189300+00:00,2026-09-02T01:18:13+00:00,2026-09-02T01:18:13+00:00,bcycle_lametro_4627,5,12,,1,1,1
2026-09-02T01:18:12.189300+00:00,2026-09-02T01:18:13+00:00,2026-09-02T01:18:13+00:00,bcycle_lametro_4628,11,2,,1,1,1
2026-09-02T01:18:12.189300+00:00,2026-09-02T01:18:13+00:00,2026-09-02T01:18:13+00:00,bcycle_lametro_4632,12,3,,1,1,1
2026-09-02T01:18:12.189300+00:00,2026-09-02T01:18:13+00:00,2026-09-02T01:18:13+00:00,bcycle_lametro_4643,8,12,,1,1,1
2026-09-02T01:18:12.189300+00:00,2026-09-02T01:18:13+00:00,2026-09-02T01:18:13+00:00,bcycle_lametro_4644,7,5,,1,1,1
2026-09-02T01:18:12.189300+00:00,2026-09-02T01:18:13+00:00,2026-09-02T01:18:13+00:00,bcycle_lametro_4645,4,8,,1,1,1
2026-09-02T01:18:12.189300+00:00,2026-09-02T01:18:13+00:00,2026-09-02T01:18:13+00:00,bcycle_lametro_4652,5,6,,1,1,1
2026-09-02T01:18:12.189300+00:00,2026-09-02T01:18:13+00:00,2026-09-02T01:18:13+00:00,bcycle_lametro_4660,7,10,,1,1,1
2026-09-02T01:18:12.189300+00:00,2026-09-02T01:18:13+00:00,2026-09-02T01:18:13+00:00,bcycle_lametro_4664,11,9,,1,1,1
2026-09-02T01:18:12.189300+00:00,2026-09-02T01:18:13+00:00,2026-09-02T01:18:13+00:00,bcycle_lametro_4672,4,11,,1,1,1
2026-09-02T01:18:12.189300+00:00,2026-09-02T01:18:13+00:00,2026-09-02T01:18:13+00:00,bcycle_lametro_4680,11,7,,1,1,1
2026-09-02T01:18:12.189300+00:00,2026-09-02T01:18:13+00:00,2026-09-02T01:18:13+00:00,bcycle_lametro_4689,4,11,,1,1,1
2026-09-02T01:18:12.189300+00:00,2026-09-02T01:18:13+00:00,2026-09-02T01:18:13+00:00,bcycle_lametro_4690,8,6,,1,1,1
2026-09-02T01:18:12.189300+00:00,2026-09-02T01:18:13+00:00,2026-09-02T01:18:13+00:00,bcycle_lametro_4696,9,5,,1,1,1
2026-09-02T01:18:12.189300+00:00,2026-09-02T01:18:13+00:00,2026-09-02T01:18:13+00:00,bcycle_lametro_4697,2,13,,1,1,1
2026-09-02T01:18:12.189300+00:00,2026-09-02T01:18:13+00:00,2026-09-02T01:18:13+00:00,bcycle_lametro_4698,4,9,,1,1,1
2026-09-02T01:18:12.189300+00:00,2026-09-02T01:18:13+00:00,2026-09-02T01:18:13+00:00,bcycle_lametro_4699,6,9,,1,1,1
2026-09-02T01:18:12.189300+00:00,2026-09-02T01:18:13+00:00,2026-09-02T01:18:13+00:00,bcycle_lametro_4700,14,3,,1,1,1
2026-09-02T01:18:12.189300+00:00,2026-09-02T01:18:13+00:00,2026-09-02T01:18:13+00:00,bcycle_lametro_4707,8,5,,1,1,1
2026-09-02T01:18:12.189300+00:00,2026-09-02T01:18:13+00:00,2026-09-02T01:18:13+00:00,bcycle_lametro_4729,4,9,,1,1,1
2026-09-02T01:18:12.189300+00:00,2026-09-02T01:18:13+00:00,2026-09-02T01:18:13+00:00,bcycle_lametro_4730,10,3,,1,1,1
2026-09-02T01:18:12.189300+00:00,2026-09-02T01:18:13+00:00,2026-09-02T01:18:13+00:00,bcycle_lametro_4732,6,15,,1,1,1
2026-09-02T01:18:12.189300+00:00,2026-09-02T01:18:13+00:00,2026-09-02T01:18:13+00:00,bcycle_lametro_4733,6,17,,1,1,1
2026-09-02T01:18:12.189300+00:00,2026-09-02T01:18:13+00:00,2026-09-02T01:18:13+00:00,bcycle_lametro_4734,9,6,,1,1,1
2026-09-02T01:18:12.189300+00:00,2026-09-02T01:18:13+00:00,2026-09-02T01:18:13+00:00,bcycle_lametro_4735,8,4,,1,1,1
2026-09-02T01:18:12.189300+00:00,2026-09-02T01:18:13+00:00,2026-09-02T01:18:13+00:00,bcycle_lametro_4736,9,6,,1,1,1
2026-09-02T01:18:12.189300+00:00,2026-09-02T01:18:13+00:00,2026-09-02T01:18:13+00:00,bcycle_lametro_4740,11,11,,1,1,1
2026-09-02T01:18:12.189300+00:00,2026-09-02T01:18:13+00:00,2026-09-02T01:18:13+00:00,bcycle_lametro_4745,2,9,,1,1,1
2026-09-02T05:55:40.305084+00:00,2026-09-02T05:55:35+00:00,2026-09-02T05:55:35+00:00,bcycle_lametro_3005,5,25,,1,1,1
2026-09-02T05:55:40.305084+00:00,2026-09-02T05:55:35+00:00,2026-09-02T05:55:35+00:00,bcycle_lametro_3006,8,20,,1,1,1
2026-09-02T05:55:40.305084+00:00,2026-09-02T05:55:35+00:00,2026-09-02T05:55:35+00:00,bcycle_lametro_3007,4,13,,1,1,1
2026-09-02T05:55:40.305084+00:00,2026-09-02T05:55:35+00:00,2026-09-02T05:55:35+00:00,bcycle_lametro_3008,6,6,,1,1,1
2026-09-02T05:55:40.305084+00:00,2026-09-02T05:55:35+00:00,2026-09-02T05:55:35+00:00,bcycle_lametro_3010,9,5,,1,1,1
2026-09-02T05:55:40.305084+00:00,2026-09-02T05:55:35+00:00,2026-09-02T05:55:35+00:00,bcycle_lametro_3011,8,8,,1,1,1
2026-09-02T05:55:40.305084+00:00,2026-09-02T05:55:35+00:00,2026-09-02T05:55:35+00:00,bcycle_lametro_3014,27,1,,1,1,1
2026-09-02T05:55:40.305084+00:00,2026-09-02T05:55:35+00:00,2026-09-02T05:55:35+00:00,bcycle_lametro_3016,8,7,,1,1,1
2026-09-02T05:55:40.305084+00:00,2026-09-02T05:55:35+00:00,2026-09-02T05:55:35+00:00,bcycle_lametro_3018,14,4,,1,1,1
2026-09-02T05:55:40.305084+00:00,2026-09-02T05:55:35+00:00,2026-09-02T05:55:35+00:00,bcycle_lametro_3019,7,12,,1,1,1
2026-09-02T05:55:40.305084+00:00,2026-09-02T05:55:35+00:00,2026-09-02T05:55:35+00:00,bcycle_lametro_3020,5,10,,1,1,1
2026-09-02T05:55:40.305084+00:00,2026-09-02T05:55:35+00:00,2026-09-02T05:55:35+00:00,bcycle_lametro_3022,13,7,,1,1,1
2026-09-02T05:55:40.305084+00:00,2026-09-02T05:55:35+00:00,2026-09-02T05:55:35+00:00,bcycle_lametro_3024,4,11,,1,1,1
2026-09-02T05:55:40.305084+00:00,2026-09-02T05:55:35+00:00,2026-09-02T05:55:35+00:00,bcycle_lametro_3025,6,8,,1,1,1
2026-09-02T05:55:40.305084+00:00,2026-09-02T05:55:35+00:00,2026-09-02T05:55:35+00:00,bcycle_lametro_3026,9,6,,1,1,1
2026-09-02T05:55:40.305084+00:00,2026-09-02T05:55:35+00:00,2026-09-02T05:55:35+00:00,bcycle_lametro_3027,3,9,,1,1,1
2026-09-02T05:55:40.305084+00:00,2026-09-02T05:55:35+00:00,2026-09-02T05:55:35+00:00,bcycle_lametro_3030,7,22,,1,1,1
2026-09-02T05:55:40.305084+00:00,2026-09-02T05:55:35+00:00,2026-09-02T05:55:35+00:00,bcycle_lametro_3032,20,6,,1,1,1
2026-09-02T05:55:40.305084+00:00,2026-09-02T05:55:35+00:00,2026-09-02T05:55:35+00:00,bcycle_lametro_3033,2,10,,1,1,1
2026-09-02T05:55:40.305084+00:00,2026-09-02T05:55:35+00:00,2026-09-02T05:55:35+00:00,bcycle_lametro_3034,16,6,,1,1,1
2026-09-02T05:55:40.305084+00:00,2026-09-02T05:55:35+00:00,2026-09-02T05:55:35+00:00,bcycle_lametro_3035,8,15,,1,1,1
2026-09-02T05:55:40.305084+00:00,2026-09-02T05:55:35+00:00,2026-09-02T05:55:35+00:00,bcycle_lametro_3036,6,9,,1,1,1
2026-09-02T05:55:40.305084+00:00,2026-09-02T05:55:35+00:00,2026-09-02T05:55:35+00:00,bcycle_lametro_3037,7,11,,1,1,1
2026-09-02T05:55:40.305084+00:00,2026-09-02T05:55:35+00:00,2026-09-02T05:55:35+00:00,bcycle_lametro_3040,1,2,,1,1,1
2026-09-02T05:55:40.305084+00:00,2026-09-02T05:55:35+00:00,2026-09-02T05:55:35+00:00,bcycle_lametro_3042,8,20,,1,1,1
2026-09-02T05:55:40.305084+00:00,2026-09-02T05:55:35+00:00,2026-09-02T05:55:35+00:00,bcycle_lametro_3045,6,4,,1,1,1
2026-09-02T05:55:40.305084+00:00,2026-09-02T05:55:35+00:00,2026-09-02T05:55:35+00:00,bcycle_lametro_3046,5,12,,1,1,1
2026-09-02T05:55:40.305084+00:00,2026-09-02T05:55:35+00:00,2026-09-02T05:55:35+00:00,bcycle_lametro_3047,21,11,,1,1,1
2026-09-02T05:55:40.305084+00:00,2026-09-02T05:55:35+00:00,2026-09-02T05:55:35+00:00,bcycle_lametro_3048,13,3,,1,1,1
2026-09-02T05:55:40.305084+00:00,2026-09-02T05:55:35+00:00,2026-09-02T05:55:35+00:00,bcycle_lametro_3052,2,15,,1,1,1
2026-09-02T05:55:40.305084+00:00,2026-09-02T05:55:35+00:00,2026-09-02T05:55:35+00:00,bcycle_lametro_3054,2,13,,1,1,1
2026-09-02T05:55:40.305084+00:00,2026-09-02T05:55:35+00:00,2026-09-02T05:55:35+00:00,bcycle_lametro_3056,8,4,,1,1,1
2026-09-02T05:55:40.305084+00:00,2026-09-02T05:55:35+00:00,2026-09-02T05:55:35+00:00,bcycle_lametro_3058,7,8,,1,1,1
2026-09-02T05:55:40.305084+00:00,2026-09-02T05:55:35+00:00,2026-09-02T05:55:35+00:00,bcycle_lametro_3062,6,6,,1,1,1
2026-09-02T05:55:40.305084+00:00,2026-09-02T05:55:35+00:00,2026-09-02T05:55:35+00:00,bcycle_lametro_3063,0,22,,0,0,1
2026-09-02T05:55:40.305084+00:00,2026-09-02T05:55:35+00:00,2026-09-02T05:55:35+00:00,bcycle_lametro_3064,6,11,,1,1,1
2026-09-02T05:55:40.305084+00:00,2026-09-02T05:55:35+00:00,2026-09-02T05:55:35+00:00,bcycle_lametro_3065,5,10,,1,1,1
2026-09-02T05:55:40.305084+00:00,2026-09-02T05:55:35+00:00,2026-09-02T05:55:35+00:00,bcycle_lametro_3066,6,9,,1,1,1
2026-09-02T05:55:40.305084+00:00,2026-09-02T05:55:35+00:00,2026-09-02T05:55:35+00:00,bcycle_lametro_3068,6,8,,1,1,1
2026-09-02T05:55:40.305084+00:00,2026-09-02T05:55:35+00:00,2026-09-02T05:55:35+00:00,bcycle_lametro_3069,9,8,,1,1,1
2026-09-02T05:55:40.305084+00:00,2026-09-02T05:55:35+00:00,2026-09-02T05:55:35+00:00,bcycle_lametro_3074,14,8,,1,1,1
2026-09-02T05:55:40.305084+00:00,2026-09-02T05:55:35+00:00,2026-09-02T05:55:35+00:00,bcycle_lametro_3075,9,5,,1,1,1
2026-09-02T05:55:40.305084+00:00,2026-09-02T05:55:35+00:00,2026-09-02T05:55:35+00:00,bcycle_lametro_3076,5,6,,1,1,1
2026-09-02T05:55:40.305084+00:00,2026-09-02T05:55:35+00:00,2026-09-02T05:55:35+00:00,bcycle_lametro_3077,4,6,,1,1,1
2026-09-02T05:55:40.305084+00:00,2026-09-02T05:55:35+00:00,2026-09-02T05:55:35+00:00,bcycle_lametro_3078,8,7,,1,1,1
2026-09-02T05:55:40.305084+00:00,2026-09-02T05:55:35+00:00,2026-09-02T05:55:35+00:00,bcycle_lametro_3079,9,5,,1,1,1
2026-09-02T05:55:40.305084+00:00,2026-09-02T05:55:35+00:00,2026-09-02T05:55:35+00:00,bcycle_lametro_3081,10,2,,1,1,1
2026-09-02T05:55:40.305084+00:00,2026-09-02T05:55:35+00:00,2026-09-02T05:55:35+00:00,bcycle_lametro_3082,11,14,,1,1,1
2026-09-02T05:55:40.305084+00:00,2026-09-02T05:55:35+00:00,2026-09-02T05:55:35+00:00,bcycle_lametro_4202,6,14,,1,1,1
2026-09-02T05:55:40.305084+00:00,2026-09-02T05:55:35+00:00,2026-09-02T05:55:35+00:00,bcycle_lametro_4204,5,11,,1,1,1
2026-09-02T05:55:40.305084+00:00,2026-09-02T05:55:35+00:00,2026-09-02T05:55:35+00:00,bcycle_lametro_4205,4,12,,1,1,1
2026-09-02T05:55:40.305084+00:00,2026-09-02T05:55:35+00:00,2026-09-02T05:55:35+00:00,bcycle_lametro_4206,16,12,,1,1,1
2026-09-02T05:55:40.305084+00:00,2026-09-02T05:55:35+00:00,2026-09-02T05:55:35+00:00,bcycle_lametro_4207,14,5,,1,1,1
2026-09-02T05:55:40.305084+00:00,2026-09-02T05:55:35+00:00,2026-09-02T05:55:35+00:00,bcycle_lametro_4208,3,14,,1,1,1
2026-09-02T05:55:40.305084+00:00,2026-09-02T05:55:35+00:00,2026-09-02T05:55:35+00:00,bcycle_lametro_4209,3,20,,1,1,1
2026-09-02T05:55:40.305084+00:00,2026-09-02T05:55:35+00:00,2026-09-02T05:55:35+00:00,bcycle_lametro_4210,0,15,,1,1,1
2026-09-02T05:55:40.305084+00:00,2026-09-02T05:55:35+00:00,2026-09-02T05:55:35+00:00,bcycle_lametro_4211,12,2,,1,1,1
2026-09-02T05:55:40.305084+00:00,2026-09-02T05:55:35+00:00,2026-09-02T05:55:35+00:00,bcycle_lametro_4212,14,7,,1,1,1
2026-09-02T05:55:40.305084+00:00,2026-09-02T05:55:35+00:00,2026-09-02T05:55:35+00:00,bcycle_lametro_4213,8,7,,1,1,1
2026-09-02T05:55:40.305084+00:00,2026-09-02T05:55:35+00:00,2026-09-02T05:55:35+00:00,bcycle_lametro_4214,5,21,,1,1,1
2026-09-02T05:55:40.305084+00:00,2026-09-02T05:55:35+00:00,2026-09-02T05:55:35+00:00,bcycle_lametro_4215,23,17,,1,1,1
2026-09-02T05:55:40.305084+00:00,2026-09-02T05:55:35+00:00,2026-09-02T05:55:35+00:00,bcycle_lametro_4216,8,11,,1,1,1
2026-09-02T05:55:40.305084+00:00,2026-09-02T05:55:35+00:00,2026-09-02T05:55:35+00:00,bcycle_lametro_4217,6,5,,1,1,1
2026-09-02T05:55:40.305084+00:00,2026-09-02T05:55:35+00:00,2026-09-02T05:55:35+00:00,bcycle_lametro_4220,4,11,,1,1,1
2026-09-02T05:55:40.305084+00:00,2026-09-02T05:55:35+00:00,2026-09-02T05:55:35+00:00,bcycle_lametro_4227,2,14,,1,1,1
2026-09-02T05:55:40.305084+00:00,2026-09-02T05:55:35+00:00,2026-09-02T05:55:35+00:00,bcycle_lametro_4245,7,7,,1,1,1
2026-09-02T05:55:40.305084+00:00,2026-09-02T05:55:35+00:00,2026-09-02T05:55:35+00:00,bcycle_lametro_4246,4,10,,1,1,1
2026-09-02T05:55:40.305084+00:00,2026-09-02T05:55:35+00:00,2026-09-02T05:55:35+00:00,bcycle_lametro_4247,2,5,,1,1,1
2026-09-02T05:55:40.305084+00:00,2026-09-02T05:55:35+00:00,2026-09-02T05:55:35+00:00,bcycle_lametro_4248,5,14,,1,1,1
2026-09-02T05:55:40.305084+00:00,2026-09-02T05:55:35+00:00,2026-09-02T05:55:35+00:00,bcycle_lametro_4249,3,12,,1,1,1
2026-09-02T05:55:40.305084+00:00,2026-09-02T05:55:35+00:00,2026-09-02T05:55:35+00:00,bcycle_lametro_4250,7,8,,1,1,1
2026-09-02T05:55:40.305084+00:00,2026-09-02T05:55:35+00:00,2026-09-02T05:55:35+00:00,bcycle_lametro_4254,4,11,,1,1,1
2026-09-02T05:55:40.305084+00:00,2026-09-02T05:55:35+00:00,2026-09-02T05:55:35+00:00,bcycle_lametro_4255,3,7,,1,1,1
2026-09-02T05:55:40.305084+00:00,2026-09-02T05:55:35+00:00,2026-09-02T05:55:35+00:00,bcycle_lametro_4266,4,11,,1,1,1
2026-09-02T05:55:40.305084+00:00,2026-09-02T05:55:35+00:00,2026-09-02T05:55:35+00:00,bcycle_lametro_4267,4,5,,1,1,1
2026-09-02T05:55:40.305084+00:00,2026-09-02T05:55:35+00:00,2026-09-02T05:55:35+00:00,bcycle_lametro_4273,3,11,,1,1,1
2026-09-02T05:55:40.305084+00:00,2026-09-02T05:55:35+00:00,2026-09-02T05:55:35+00:00,bcycle_lametro_4275,8,7,,1,1,1
2026-09-02T05:55:40.305084+00:00,2026-09-02T05:55:35+00:00,2026-09-02T05:55:35+00:00,bcycle_lametro_4293,3,7,,1,1,1
2026-09-02T05:55:40.305084+00:00,2026-09-02T05:55:35+00:00,2026-09-02T05:55:35+00:00,bcycle_lametro_4300,4,8,,1,1,1
2026-09-02T05:55:40.305084+00:00,2026-09-02T05:55:35+00:00,2026-09-02T05:55:35+00:00,bcycle_lametro_4301,7,1,,1,1,1
2026-09-02T05:55:40.305084+00:00,2026-09-02T05:55:35+00:00,2026-09-02T05:55:35+00:00,bcycle_lametro_4303,3,7,,1,1,1
2026-09-02T05:55:40.305084+00:00,2026-09-02T05:55:35+00:00,2026-09-02T05:55:35+00:00,bcycle_lametro_4304,0,11,,1,1,1
2026-09-02T05:55:40.305084+00:00,2026-09-02T05:55:35+00:00,2026-09-02T05:55:35+00:00,bcycle_lametro_4306,3,10,,1,1,1
2026-09-02T05:55:40.305084+00:00,2026-09-02T05:55:35+00:00,2026-09-02T05:55:35+00:00,bcycle_lametro_4311,8,4,,1,1,1
2026-09-02T05:55:40.305084+00:00,2026-09-02T05:55:35+00:00,2026-09-02T05:55:35+00:00,bcycle_lametro_4312,1,12,,1,1,1
2026-09-02T05:55:40.305084+00:00,2026-09-02T05:55:35+00:00,2026-09-02T05:55:35+00:00,bcycle_lametro_4313,8,4,,1,1,1
2026-09-02T05:55:40.305084+00:00,2026-09-02T05:55:35+00:00,2026-09-02T05:55:35+00:00,bcycle_lametro_4314,5,10,,1,1,1
2026-09-02T05:55:40.305084+00:00,2026-09-02T05:55:35+00:00,2026-09-02T05:55:35+00:00,bcycle_lametro_4315,3,3,,1,1,1
2026-09-02T05:55:40.305084+00:00,2026-09-02T05:55:35+00:00,2026-09-02T05:55:35+00:00,bcycle_lametro_4387,7,9,,1,1,1
2026-09-02T05:55:40.305084+00:00,2026-09-02T05:55:35+00:00,2026-09-02T05:55:35+00:00,bcycle_lametro_4390,5,7,,1,1,1
2026-09-02T05:55:40.305084+00:00,2026-09-02T05:55:35+00:00,2026-09-02T05:55:35+00:00,bcycle_lametro_4401,5,5,,1,1,1
2026-09-02T05:55:40.305084+00:00,2026-09-02T05:55:35+00:00,2026-09-02T05:55:35+00:00,bcycle_lametro_4404,6,9,,1,1,1
2026-09-02T05:55:40.305084+00:00,2026-09-02T05:55:35+00:00,2026-09-02T05:55:35+00:00,bcycle_lametro_4405,2,10,,1,1,1
2026-09-02T05:55:40.305084+00:00,2026-09-02T05:55:35+00:00,2026-09-02T05:55:35+00:00,bcycle_lametro_4406,2,12,,1,1,1
2026-09-02T05:55:40.305084+00:00,2026-09-02T05:55:35+00:00,2026-09-02T05:55:35+00:00,bcycle_lametro_4410,7,4,,1,1,1
2026-09-02T05:55:40.305084+00:00,2026-09-02T05:55:35+00:00,2026-09-02T05:55:35+00:00,bcycle_lametro_4436,0,9,,1,1,1
2026-09-02T05:55:40.305084+00:00,2026-09-02T05:55:35+00:00,2026-09-02T05:55:35+00:00,bcycle_lametro_4437,5,8,,1,1,1
2026-09-02T05:55:40.305084+00:00,2026-09-02T05:55:35+00:00,2026-09-02T05:55:35+00:00,bcycle_lametro_4440,8,6,,1,1,1
2026-09-02T05:55:40.305084+00:00,2026-09-02T05:55:35+00:00,2026-09-02T05:55:35+00:00,bcycle_lametro_4441,4,3,,1,1,1
2026-09-02T05:55:40.305084+00:00,2026-09-02T05:55:35+00:00,2026-09-02T05:55:35+00:00,bcycle_lametro_4442,3,9,,1,1,1
2026-09-02T05:55:40.305084+00:00,2026-09-02T05:55:35+00:00,2026-09-02T05:55:35+00:00,bcycle_lametro_4443,3,4,,1,1,1
2026-09-02T05:55:40.305084+00:00,2026-09-02T05:55:35+00:00,2026-09-02T05:55:35+00:00,bcycle_lametro_4444,3,6,,1,1,1
2026-09-02T05:55:40.305084+00:00,2026-09-02T05:55:35+00:00,2026-09-02T05:55:35+00:00,bcycle_lametro_4445,6,9,,1,1,1
2026-09-02T05:55:40.305084+00:00,2026-09-02T05:55:35+00:00,2026-09-02T05:55:35+00:00,bcycle_lametro_4446,4,4,,1,1,1
2026-09-02T05:55:40.305084+00:00,2026-09-02T05:55:35+00:00,2026-09-02T05:55:35+00:00,bcycle_lametro_4447,6,6,,1,1,1
2026-09-02T05:55:40.305084+00:00,2026-09-02T05:55:35+00:00,2026-09-02T05:55:35+00:00,bcycle_lametro_4448,7,11,,1,1,1
2026-09-02T05:55:40.305084+00:00,2026-09-02T05:55:35+00:00,2026-09-02T05:55:35+00:00,bcycle_lametro_4449,3,10,,1,1,1
2026-09-02T05:55:40.305084+00:00,2026-09-02T05:55:35+00:00,2026-09-02T05:55:35+00:00,bcycle_lametro_4450,6,8,,1,1,1
2026-09-02T05:55:40.305084+00:00,2026-09-02T05:55:35+00:00,2026-09-02T05:55:35+00:00,bcycle_lametro_4451,5,4,,1,1,1
2026-09-02T05:55:40.305084+00:00,2026-09-02T05:55:35+00:00,2026-09-02T05:55:35+00:00,bcycle_lametro_4452,1,9,,1,1,1
2026-09-02T05:55:40.305084+00:00,2026-09-02T05:55:35+00:00,2026-09-02T05:55:35+00:00,bcycle_lametro_4453,3,7,,1,1,1
2026-09-02T05:55:40.305084+00:00,2026-09-02T05:55:35+00:00,2026-09-02T05:55:35+00:00,bcycle_lametro_4454,11,3,,1,1,1
2026-09-02T05:55:40.305084+00:00,2026-09-02T05:55:35+00:00,2026-09-02T05:55:35+00:00,bcycle_lametro_4455,2,12,,1,1,1
2026-09-02T05:55:40.305084+00:00,2026-09-02T05:55:35+00:00,2026-09-02T05:55:35+00:00,bcycle_lametro_4456,7,8,,1,1,1
2026-09-02T05:55:40.305084+00:00,2026-09-02T05:55:35+00:00,2026-09-02T05:55:35+00:00,bcycle_lametro_4457,5,3,,1,1,1
2026-09-02T05:55:40.305084+00:00,2026-09-02T05:55:35+00:00,2026-09-02T05:55:35+00:00,bcycle_lametro_4472,5,9,,1,1,1
2026-09-02T05:55:40.305084+00:00,2026-09-02T05:55:35+00:00,2026-09-02T05:55:35+00:00,bcycle_lametro_4473,1,6,,1,1,1
2026-09-02T05:55:40.305084+00:00,2026-09-02T05:55:35+00:00,2026-09-02T05:55:35+00:00,bcycle_lametro_4474,1,9,,1,1,1
2026-09-02T05:55:40.305084+00:00,2026-09-02T05:55:35+00:00,2026-09-02T05:55:35+00:00,bcycle_lametro_4475,6,5,,1,1,1
2026-09-02T05:55:40.305084+00:00,2026-09-02T05:55:35+00:00,2026-09-02T05:55:35+00:00,bcycle_lametro_4476,8,6,,1,1,1
2026-09-02T05:55:40.305084+00:00,2026-09-02T05:55:35+00:00,2026-09-02T05:55:35+00:00,bcycle_lametro_4477,3,10,,1,1,1
2026-09-02T05:55:40.305084+00:00,2026-09-02T05:55:35+00:00,2026-09-02T05:55:35+00:00,bcycle_lametro_4479,9,2,,1,1,1
2026-09-02T05:55:40.305084+00:00,2026-09-02T05:55:35+00:00,2026-09-02T05:55:35+00:00,bcycle_lametro_4483,4,8,,1,1,1
2026-09-02T05:55:40.305084+00:00,2026-09-02T05:55:35+00:00,2026-09-02T05:55:35+00:00,bcycle_lametro_4487,5,11,,1,1,1
2026-09-02T05:55:40.305084+00:00,2026-09-02T05:55:35+00:00,2026-09-02T05:55:35+00:00,bcycle_lametro_4490,3,11,,1,1,1
2026-09-02T05:55:40.305084+00:00,2026-09-02T05:55:35+00:00,2026-09-02T05:55:35+00:00,bcycle_lametro_4491,9,4,,1,1,1
2026-09-02T05:55:40.305084+00:00,2026-09-02T05:55:35+00:00,2026-09-02T05:55:35+00:00,bcycle_lametro_4492,14,5,,1,1,1
2026-09-02T05:55:40.305084+00:00,2026-09-02T05:55:35+00:00,2026-09-02T05:55:35+00:00,bcycle_lametro_4493,12,4,,1,1,1
2026-09-02T05:55:40.305084+00:00,2026-09-02T05:55:35+00:00,2026-09-02T05:55:35+00:00,bcycle_lametro_4494,4,5,,1,1,1
2026-09-02T05:55:40.305084+00:00,2026-09-02T05:55:35+00:00,2026-09-02T05:55:35+00:00,bcycle_lametro_4509,5,5,,1,1,1
2026-09-02T05:55:40.305084+00:00,2026-09-02T05:55:35+00:00,2026-09-02T05:55:35+00:00,bcycle_lametro_4510,6,4,,1,1,1
2026-09-02T05:55:40.305084+00:00,2026-09-02T05:55:35+00:00,2026-09-02T05:55:35+00:00,bcycle_lametro_4511,8,11,,1,1,1
2026-09-02T05:55:40.305084+00:00,2026-09-02T05:55:35+00:00,2026-09-02T05:55:35+00:00,bcycle_lametro_4512,6,10,,1,1,1
2026-09-02T05:55:40.305084+00:00,2026-09-02T05:55:35+00:00,2026-09-02T05:55:35+00:00,bcycle_lametro_4514,10,11,,1,1,1
2026-09-02T05:55:40.305084+00:00,2026-09-02T05:55:35+00:00,2026-09-02T05:55:35+00:00,bcycle_lametro_4515,7,2,,1,1,1
2026-09-02T05:55:40.305084+00:00,2026-09-02T05:55:35+00:00,2026-09-02T05:55:35+00:00,bcycle_lametro_4517,4,7,,1,1,1
2026-09-02T05:55:40.305084+00:00,2026-09-02T05:55:35+00:00,2026-09-02T05:55:35+00:00,bcycle_lametro_4521,9,3,,1,1,1
2026-09-02T05:55:40.305084+00:00,2026-09-02T05:55:35+00:00,2026-09-02T05:55:35+00:00,bcycle_lametro_4523,5,10,,1,1,1
2026-09-02T05:55:40.305084+00:00,2026-09-02T05:55:35+00:00,2026-09-02T05:55:35+00:00,bcycle_lametro_4524,0,14,,1,1,1
2026-09-02T05:55:40.305084+00:00,2026-09-02T05:55:35+00:00,2026-09-02T05:55:35+00:00,bcycle_lametro_4525,1,10,,1,1,1
2026-09-02T05:55:40.305084+00:00,2026-09-02T05:55:35+00:00,2026-09-02T05:55:35+00:00,bcycle_lametro_4526,4,17,,1,1,1
2026-09-02T05:55:40.305084+00:00,2026-09-02T05:55:35+00:00,2026-09-02T05:55:35+00:00,bcycle_lametro_4527,4,10,,1,1,1
2026-09-02T05:55:40.305084+00:00,2026-09-02T05:55:35+00:00,2026-09-02T05:55:35+00:00,bcycle_lametro_4528,10,4,,1,1,1
2026-09-02T05:55:40.305084+00:00,2026-09-02T05:55:35+00:00,2026-09-02T05:55:35+00:00,bcycle_lametro_4529,3,10,,1,1,1
2026-09-02T05:55:40.305084+00:00,2026-09-02T05:55:35+00:00,2026-09-02T05:55:35+00:00,bcycle_lametro_4534,1,13,,1,1,1
2026-09-02T05:55:40.305084+00:00,2026-09-02T05:55:35+00:00,2026-09-02T05:55:35+00:00,bcycle_lametro_4536,5,5,,1,1,1
2026-09-02T05:55:40.305084+00:00,2026-09-02T05:55:35+00:00,2026-09-02T05:55:35+00:00,bcycle_lametro_4537,5,10,,1,1,1
2026-09-02T05:55:40.305084+00:00,2026-09-02T05:55:35+00:00,2026-09-02T05:55:35+00:00,bcycle_lametro_4538,4,2,,1,1,1
2026-09-02T05:55:40.305084+00:00,2026-09-02T05:55:35+00:00,2026-09-02T05:55:35+00:00,bcycle_lametro_4540,5,9,,1,1,1
2026-09-02T05:55:40.305084+00:00,2026-09-02T05:55:35+00:00,2026-09-02T05:55:35+00:00,bcycle_lametro_4543,5,3,,1,1,1
2026-09-02T05:55:40.305084+00:00,2026-09-02T05:55:35+00:00,2026-09-02T05:55:35+00:00,bcycle_lametro_4544,5,9,,1,1,1
2026-09-02T05:55:40.305084+00:00,2026-09-02T05:55:35+00:00,2026-09-02T05:55:35+00:00,bcycle_lametro_4545,3,5,,1,1,1
2026-09-02T05:55:40.305084+00:00,2026-09-02T05:55:35+00:00,2026-09-02T05:55:35+00:00,bcycle_lametro_4546,4,15,,1,1,1
2026-09-02T05:55:40.305084+00:00,2026-09-02T05:55:35+00:00,2026-09-02T05:55:35+00:00,bcycle_lametro_4547,9,1,,1,1,1
2026-09-02T05:55:40.305084+00:00,2026-09-02T05:55:35+00:00,2026-09-02T05:55:35+00:00,bcycle_lametro_4548,7,5,,1,1,1
2026-09-02T05:55:40.305084+00:00,2026-09-02T05:55:35+00:00,2026-09-02T05:55:35+00:00,bcycle_lametro_4549,8,8,,1,1,1
2026-09-02T05:55:40.305084+00:00,2026-09-02T05:55:35+00:00,2026-09-02T05:55:35+00:00,bcycle_lametro_4552,8,4,,1,1,1
2026-09-02T05:55:40.305084+00:00,2026-09-02T05:55:35+00:00,2026-09-02T05:55:35+00:00,bcycle_lametro_4553,4,5,,1,1,1
2026-09-02T05:55:40.305084+00:00,2026-09-02T05:55:35+00:00,2026-09-02T05:55:35+00:00,bcycle_lametro_4554,6,5,,1,1,1
2026-09-02T05:55:40.305084+00:00,2026-09-02T05:55:35+00:00,2026-09-02T05:55:35+00:00,bcycle_lametro_4555,5,3,,1,1,1
2026-09-02T05:55:40.305084+00:00,2026-09-02T05:55:35+00:00,2026-09-02T05:55:35+00:00,bcycle_lametro_4556,6,7,,1,1,1
2026-09-02T05:55:40.305084+00:00,2026-09-02T05:55:35+00:00,2026-09-02T05:55:35+00:00,bcycle_lametro_4557,8,3,,1,1,1
2026-09-02T05:55:40.305084+00:00,2026-09-02T05:55:35+00:00,2026-09-02T05:55:35+00:00,bcycle_lametro_4558,1,15,,1,1,1
2026-09-02T05:55:40.305084+00:00,2026-09-02T05:55:35+00:00,2026-09-02T05:55:35+00:00,bcycle_lametro_4561,6,3,,1,1,1
2026-09-02T05:55:40.305084+00:00,2026-09-02T05:55:35+00:00,2026-09-02T05:55:35+00:00,bcycle_lametro_4562,9,5,,1,1,1
2026-09-02T05:55:40.305084+00:00,2026-09-02T05:55:35+00:00,2026-09-02T05:55:35+00:00,bcycle_lametro_4563,6,3,,1,1,1
2026-09-02T05:55:40.305084+00:00,2026-09-02T05:55:35+00:00,2026-09-02T05:55:35+00:00,bcycle_lametro_4564,7,8,,1,1,1
2026-09-02T05:55:40.305084+00:00,2026-09-02T05:55:35+00:00,2026-09-02T05:55:35+00:00,bcycle_lametro_4565,4,8,,1,1,1
2026-09-02T05:55:40.305084+00:00,2026-09-02T05:55:35+00:00,2026-09-02T05:55:35+00:00,bcycle_lametro_4566,11,3,,1,1,1
2026-09-02T05:55:40.305084+00:00,2026-09-02T05:55:35+00:00,2026-09-02T05:55:35+00:00,bcycle_lametro_4567,7,4,,1,1,1
2026-09-02T05:55:40.305084+00:00,2026-09-02T05:55:35+00:00,2026-09-02T05:55:35+00:00,bcycle_lametro_4568,2,12,,1,1,1
2026-09-02T05:55:40.305084+00:00,2026-09-02T05:55:35+00:00,2026-09-02T05:55:35+00:00,bcycle_lametro_4569,2,7,,1,1,1
2026-09-02T05:55:40.305084+00:00,2026-09-02T05:55:35+00:00,2026-09-02T05:55:35+00:00,bcycle_lametro_4570,6,9,,1,1,1
2026-09-02T05:55:40.305084+00:00,2026-09-02T05:55:35+00:00,2026-09-02T05:55:35+00:00,bcycle_lametro_4571,4,3,,1,1,1
2026-09-02T05:55:40.305084+00:00,2026-09-02T05:55:35+00:00,2026-09-02T05:55:35+00:00,bcycle_lametro_4575,5,6,,1,1,1
2026-09-02T05:55:40.305084+00:00,2026-09-02T05:55:35+00:00,2026-09-02T05:55:35+00:00,bcycle_lametro_4576,9,2,,0,0,1
2026-09-02T05:55:40.305084+00:00,2026-09-02T05:55:35+00:00,2026-09-02T05:55:35+00:00,bcycle_lametro_4578,4,3,,1,1,1
2026-09-02T05:55:40.305084+00:00,2026-09-02T05:55:35+00:00,2026-09-02T05:55:35+00:00,bcycle_lametro_4579,7,5,,1,1,1
2026-09-02T05:55:40.305084+00:00,2026-09-02T05:55:35+00:00,2026-09-02T05:55:35+00:00,bcycle_lametro_4580,2,6,,1,1,1
2026-09-02T05:55:40.305084+00:00,2026-09-02T05:55:35+00:00,2026-09-02T05:55:35+00:00,bcycle_lametro_4581,10,7,,1,1,1
2026-09-02T05:55:40.305084+00:00,2026-09-02T05:55:35+00:00,2026-09-02T05:55:35+00:00,bcycle_lametro_4583,9,9,,1,1,1
2026-09-02T05:55:40.305084+00:00,2026-09-02T05:55:35+00:00,2026-09-02T05:55:35+00:00,bcycle_lametro_4584,7,6,,1,1,1
2026-09-02T05:55:40.305084+00:00,2026-09-02T05:55:35+00:00,2026-09-02T05:55:35+00:00,bcycle_lametro_4587,3,8,,1,1,1
2026-09-02T05:55:40.305084+00:00,2026-09-02T05:55:35+00:00,2026-09-02T05:55:35+00:00,bcycle_lametro_4596,9,6,,1,1,1
2026-09-02T05:55:40.305084+00:00,2026-09-02T05:55:35+00:00,2026-09-02T05:55:35+00:00,bcycle_lametro_4597,3,8,,1,1,1
2026-09-02T05:55:40.305084+00:00,2026-09-02T05:55:35+00:00,2026-09-02T05:55:35+00:00,bcycle_lametro_4598,7,2,,1,1,1
2026-09-02T05:55:40.305084+00:00,2026-09-02T05:55:35+00:00,2026-09-02T05:55:35+00:00,bcycle_lametro_4599,4,8,,1,1,1
2026-09-02T05:55:40.305084+00:00,2026-09-02T05:55:35+00:00,2026-09-02T05:55:35+00:00,bcycle_lametro_4600,6,4,,1,1,1
2026-09-02T05:55:40.305084+00:00,2026-09-02T05:55:35+00:00,2026-09-02T05:55:35+00:00,bcycle_lametro_4601,7,4,,1,1,1
2026-09-02T05:55:40.305084+00:00,2026-09-02T05:55:35+00:00,2026-09-02T05:55:35+00:00,bcycle_lametro_4603,6,12,,1,1,1
2026-09-02T05:55:40.305084+00:00,2026-09-02T05:55:35+00:00,2026-09-02T05:55:35+00:00,bcycle_lametro_4604,7,5,,1,1,1
2026-09-02T05:55:40.305084+00:00,2026-09-02T05:55:35+00:00,2026-09-02T05:55:35+00:00,bcycle_lametro_4605,5,8,,1,1,1
2026-09-02T05:55:40.305084+00:00,2026-09-02T05:55:35+00:00,2026-09-02T05:55:35+00:00,bcycle_lametro_4606,3,17,,1,1,1
2026-09-02T05:55:40.305084+00:00,2026-09-02T05:55:35+00:00,2026-09-02T05:55:35+00:00,bcycle_lametro_4613,8,11,,1,1,1
2026-09-02T05:55:40.305084+00:00,2026-09-02T05:55:35+00:00,2026-09-02T05:55:35+00:00,bcycle_lametro_4614,4,16,,1,1,1
2026-09-02T05:55:40.305084+00:00,2026-09-02T05:55:35+00:00,2026-09-02T05:55:35+00:00,bcycle_lametro_4627,6,11,,1,1,1
2026-09-02T05:55:40.305084+00:00,2026-09-02T05:55:35+00:00,2026-09-02T05:55:35+00:00,bcycle_lametro_4628,11,2,,1,1,1
2026-09-02T05:55:40.305084+00:00,2026-09-02T05:55:35+00:00,2026-09-02T05:55:35+00:00,bcycle_lametro_4632,14,1,,1,1,1
2026-09-02T05:55:40.305084+00:00,2026-09-02T05:55:35+00:00,2026-09-02T05:55:35+00:00,bcycle_lametro_4643,6,14,,1,1,1
2026-09-02T05:55:40.305084+00:00,2026-09-02T05:55:35+00:00,2026-09-02T05:55:35+00:00,bcycle_lametro_4644,7,5,,1,1,1
2026-09-02T05:55:40.305084+00:00,2026-09-02T05:55:35+00:00,2026-09-02T05:55:35+00:00,bcycle_lametro_4645,6,6,,1,1,1
2026-09-02T05:55:40.305084+00:00,2026-09-02T05:55:35+00:00,2026-09-02T05:55:35+00:00,bcycle_lametro_4652,5,6,,1,1,1
2026-09-02T05:55:40.305084+00:00,2026-09-02T05:55:35+00:00,2026-09-02T05:55:35+00:00,bcycle_lametro_4660,7,10,,1,1,1
2026-09-02T05:55:40.305084+00:00,2026-09-02T05:55:35+00:00,2026-09-02T05:55:35+00:00,bcycle_lametro_4664,12,8,,1,1,1
2026-09-02T05:55:40.305084+00:00,2026-09-02T05:55:35+00:00,2026-09-02T05:55:35+00:00,bcycle_lametro_4672,4,11,,1,1,1
2026-09-02T05:55:40.305084+00:00,2026-09-02T05:55:35+00:00,2026-09-02T05:55:35+00:00,bcycle_lametro_4680,10,8,,1,1,1
2026-09-02T05:55:40.305084+00:00,2026-09-02T05:55:35+00:00,2026-09-02T05:55:35+00:00,bcycle_lametro_4689,5,10,,1,1,1
2026-09-02T05:55:40.305084+00:00,2026-09-02T05:55:35+00:00,2026-09-02T05:55:35+00:00,bcycle_lametro_4690,8,6,,1,1,1
2026-09-02T05:55:40.305084+00:00,2026-09-02T05:55:35+00:00,2026-09-02T05:55:35+00:00,bcycle_lametro_4696,11,3,,1,1,1
2026-09-02T05:55:40.305084+00:00,2026-09-02T05:55:35+00:00,2026-09-02T05:55:35+00:00,bcycle_lametro_4697,2,13,,1,1,1
2026-09-02T05:55:40.305084+00:00,2026-09-02T05:55:35+00:00,2026-09-02T05:55:35+00:00,bcycle_lametro_4698,3,10,,1,1,1
2026-09-02T05:55:40.305084+00:00,2026-09-02T05:55:35+00:00,2026-09-02T05:55:35+00:00,bcycle_lametro_4699,5,10,,1,1,1
2026-09-02T05:55:40.305084+00:00,2026-09-02T05:55:35+00:00,2026-09-02T05:55:35+00:00,bcycle_lametro_4700,16,1,,1,1,1
2026-09-02T05:55:40.305084+00:00,2026-09-02T05:55:35+00:00,2026-09-02T05:55:35+00:00,bcycle_lametro_4707,8,5,,1,1,1
2026-09-02T05:55:40.305084+00:00,2026-09-02T05:55:35+00:00,2026-09-02T05:55:35+00:00,bcycle_lametro_4729,5,8,,1,1,1
2026-09-02T05:55:40.305084+00:00,2026-09-02T05:55:35+00:00,2026-09-02T05:55:35+00:00,bcycle_lametro_4730,10,3,,1,1,1
2026-09-02T05:55:40.305084+00:00,2026-09-02T05:55:35+00:00,2026-09-02T05:55:35+00:00,bcycle_lametro_4732,6,15,,1,1,1
2026-09-02T05:55:40.305084+00:00,2026-09-02T05:55:35+00:00,2026-09-02T05:55:35+00:00,bcycle_lametro_4733,2,21,,1,1,1
2026-09-02T05:55:40.305084+00:00,2026-09-02T05:55:35+00:00,2026-09-02T05:55:35+00:00,bcycle_lametro_4734,9,6,,1,1,1
2026-09-02T05:55:40.305084+00:00,2026-09-02T05:55:35+00:00,2026-09-02T05:55:35+00:00,bcycle_lametro_4735,8,4,,1,1,1
2026-09-02T05:55:40.305084+00:00,2026-09-02T05:55:35+00:00,2026-09-02T05:55:35+00:00,bcycle_lametro_4736,10,5,,1,1,1
2026-09-02T05:55:40.305084+00:00,2026-09-02T05:55:35+00:00,2026-09-02T05:55:35+00:00,bcycle_lametro_4740,13,9,,1,1,1
2026-09-02T05:55:40.305084+00:00,2026-09-02T05:55:35+00:00,2026-09-02T05:55:35+00:00,bcycle_lametro_4745,3,8,,1,1,1
2026-09-02T11:00:22.264427+00:00,2026-09-02T11:00:13+00:00,2026-09-02T11:00:13+00:00,bcycle_lametro_3005,5,25,,1,1,1
2026-09-02T11:00:22.264427+00:00,2026-09-02T11:00:13+00:00,2026-09-02T11:00:13+00:00,bcycle_lametro_3006,7,21,,1,1,1
2026-09-02T11:00:22.264427+00:00,2026-09-02T11:00:13+00:00,2026-09-02T11:00:13+00:00,bcycle_lametro_3007,4,13,,1,1,1
2026-09-02T11:00:22.264427+00:00,2026-09-02T11:00:13+00:00,2026-09-02T11:00:13+00:00,bcycle_lametro_3008,6,6,,1,1,1
2026-09-02T11:00:22.264427+00:00,2026-09-02T11:00:13+00:00,2026-09-02T11:00:13+00:00,bcycle_lametro_3010,9,5,,1,1,1
2026-09-02T11:00:22.264427+00:00,2026-09-02T11:00:13+00:00,2026-09-02T11:00:13+00:00,bcycle_lametro_3011,3,13,,1,1,1
2026-09-02T11:00:22.264427+00:00,2026-09-02T11:00:13+00:00,2026-09-02T11:00:13+00:00,bcycle_lametro_3014,27,1,,1,1,1
2026-09-02T11:00:22.264427+00:00,2026-09-02T11:00:13+00:00,2026-09-02T11:00:13+00:00,bcycle_lametro_3016,8,7,,1,1,1
2026-09-02T11:00:22.264427+00:00,2026-09-02T11:00:13+00:00,2026-09-02T11:00:13+00:00,bcycle_lametro_3018,14,4,,1,1,1
2026-09-02T11:00:22.264427+00:00,2026-09-02T11:00:13+00:00,2026-09-02T11:00:13+00:00,bcycle_lametro_3019,7,12,,1,1,1
2026-09-02T11:00:22.264427+00:00,2026-09-02T11:00:13+00:00,2026-09-02T11:00:13+00:00,bcycle_lametro_3020,5,10,,1,1,1
2026-09-02T11:00:22.264427+00:00,2026-09-02T11:00:13+00:00,2026-09-02T11:00:13+00:00,bcycle_lametro_3022,13,7,,1,1,1
2026-09-02T11:00:22.264427+00:00,2026-09-02T11:00:13+00:00,2026-09-02T11:00:13+00:00,bcycle_lametro_3024,4,11,,1,1,1
2026-09-02T11:00:22.264427+00:00,2026-09-02T11:00:13+00:00,2026-09-02T11:00:13+00:00,bcycle_lametro_3025,6,8,,1,1,1
2026-09-02T11:00:22.264427+00:00,2026-09-02T11:00:13+00:00,2026-09-02T11:00:13+00:00,bcycle_lametro_3026,9,6,,1,1,1
2026-09-02T11:00:22.264427+00:00,2026-09-02T11:00:13+00:00,2026-09-02T11:00:13+00:00,bcycle_lametro_3027,3,9,,1,1,1
2026-09-02T11:00:22.264427+00:00,2026-09-02T11:00:13+00:00,2026-09-02T11:00:13+00:00,bcycle_lametro_3030,7,22,,1,1,1
2026-09-02T11:00:22.264427+00:00,2026-09-02T11:00:13+00:00,2026-09-02T11:00:13+00:00,bcycle_lametro_3032,20,6,,1,1,1
2026-09-02T11:00:22.264427+00:00,2026-09-02T11:00:13+00:00,2026-09-02T11:00:13+00:00,bcycle_lametro_3033,2,10,,1,1,1
2026-09-02T11:00:22.264427+00:00,2026-09-02T11:00:13+00:00,2026-09-02T11:00:13+00:00,bcycle_lametro_3034,14,8,,1,1,1
2026-09-02T11:00:22.264427+00:00,2026-09-02T11:00:13+00:00,2026-09-02T11:00:13+00:00,bcycle_lametro_3035,8,15,,1,1,1
2026-09-02T11:00:22.264427+00:00,2026-09-02T11:00:13+00:00,2026-09-02T11:00:13+00:00,bcycle_lametro_3036,6,9,,1,1,1
2026-09-02T11:00:22.264427+00:00,2026-09-02T11:00:13+00:00,2026-09-02T11:00:13+00:00,bcycle_lametro_3037,7,11,,1,1,1
2026-09-02T11:00:22.264427+00:00,2026-09-02T11:00:13+00:00,2026-09-02T11:00:13+00:00,bcycle_lametro_3040,1,2,,1,1,1
2026-09-02T11:00:22.264427+00:00,2026-09-02T11:00:13+00:00,2026-09-02T11:00:13+00:00,bcycle_lametro_3042,8,20,,1,1,1
2026-09-02T11:00:22.264427+00:00,2026-09-02T11:00:13+00:00,2026-09-02T11:00:13+00:00,bcycle_lametro_3045,5,5,,1,1,1
2026-09-02T11:00:22.264427+00:00,2026-09-02T11:00:13+00:00,2026-09-02T11:00:13+00:00,bcycle_lametro_3046,5,12,,1,1,1
2026-09-02T11:00:22.264427+00:00,2026-09-02T11:00:13+00:00,2026-09-02T11:00:13+00:00,bcycle_lametro_3047,21,11,,1,1,1
2026-09-02T11:00:22.264427+00:00,2026-09-02T11:00:13+00:00,2026-09-02T11:00:13+00:00,bcycle_lametro_3048,13,3,,1,1,1
2026-09-02T11:00:22.264427+00:00,2026-09-02T11:00:13+00:00,2026-09-02T11:00:13+00:00,bcycle_lametro_3052,2,15,,1,1,1
2026-09-02T11:00:22.264427+00:00,2026-09-02T11:00:13+00:00,2026-09-02T11:00:13+00:00,bcycle_lametro_3054,2,13,,1,1,1
2026-09-02T11:00:22.264427+00:00,2026-09-02T11:00:13+00:00,2026-09-02T11:00:13+00:00,bcycle_lametro_3056,8,4,,1,1,1
2026-09-02T11:00:22.264427+00:00,2026-09-02T11:00:13+00:00,2026-09-02T11:00:13+00:00,bcycle_lametro_3058,8,7,,1,1,1
2026-09-02T11:00:22.264427+00:00,2026-09-02T11:00:13+00:00,2026-09-02T11:00:13+00:00,bcycle_lametro_3062,6,6,,1,1,1
2026-09-02T11:00:22.264427+00:00,2026-09-02T11:00:13+00:00,2026-09-02T11:00:13+00:00,bcycle_lametro_3063,0,22,,0,0,1
2026-09-02T11:00:22.264427+00:00,2026-09-02T11:00:13+00:00,2026-09-02T11:00:13+00:00,bcycle_lametro_3064,6,11,,1,1,1
2026-09-02T11:00:22.264427+00:00,2026-09-02T11:00:13+00:00,2026-09-02T11:00:13+00:00,bcycle_lametro_3065,5,10,,1,1,1
2026-09-02T11:00:22.264427+00:00,2026-09-02T11:00:13+00:00,2026-09-02T11:00:13+00:00,bcycle_lametro_3066,6,9,,1,1,1
2026-09-02T11:00:22.264427+00:00,2026-09-02T11:00:13+00:00,2026-09-02T11:00:13+00:00,bcycle_lametro_3068,6,8,,1,1,1
2026-09-02T11:00:22.264427+00:00,2026-09-02T11:00:13+00:00,2026-09-02T11:00:13+00:00,bcycle_lametro_3069,8,9,,1,1,1
2026-09-02T11:00:22.264427+00:00,2026-09-02T11:00:13+00:00,2026-09-02T11:00:13+00:00,bcycle_lametro_3074,14,8,,1,1,1
2026-09-02T11:00:22.264427+00:00,2026-09-02T11:00:13+00:00,2026-09-02T11:00:13+00:00,bcycle_lametro_3075,9,5,,1,1,1
2026-09-02T11:00:22.264427+00:00,2026-09-02T11:00:13+00:00,2026-09-02T11:00:13+00:00,bcycle_lametro_3076,5,6,,1,1,1
2026-09-02T11:00:22.264427+00:00,2026-09-02T11:00:13+00:00,2026-09-02T11:00:13+00:00,bcycle_lametro_3077,4,6,,1,1,1
2026-09-02T11:00:22.264427+00:00,2026-09-02T11:00:13+00:00,2026-09-02T11:00:13+00:00,bcycle_lametro_3078,9,6,,1,1,1
2026-09-02T11:00:22.264427+00:00,2026-09-02T11:00:13+00:00,2026-09-02T11:00:13+00:00,bcycle_lametro_3079,9,5,,1,1,1
2026-09-02T11:00:22.264427+00:00,2026-09-02T11:00:13+00:00,2026-09-02T11:00:13+00:00,bcycle_lametro_3081,10,2,,1,1,1
2026-09-02T11:00:22.264427+00:00,2026-09-02T11:00:13+00:00,2026-09-02T11:00:13+00:00,bcycle_lametro_3082,13,12,,1,1,1
2026-09-02T11:00:22.264427+00:00,2026-09-02T11:00:13+00:00,2026-09-02T11:00:13+00:00,bcycle_lametro_4202,6,14,,1,1,1
2026-09-02T11:00:22.264427+00:00,2026-09-02T11:00:13+00:00,2026-09-02T11:00:13+00:00,bcycle_lametro_4204,5,11,,1,1,1
2026-09-02T11:00:22.264427+00:00,2026-09-02T11:00:13+00:00,2026-09-02T11:00:13+00:00,bcycle_lametro_4205,4,12,,1,1,1
2026-09-02T11:00:22.264427+00:00,2026-09-02T11:00:13+00:00,2026-09-02T11:00:13+00:00,bcycle_lametro_4206,16,12,,1,1,1
2026-09-02T11:00:22.264427+00:00,2026-09-02T11:00:13+00:00,2026-09-02T11:00:13+00:00,bcycle_lametro_4207,14,5,,1,1,1
2026-09-02T11:00:22.264427+00:00,2026-09-02T11:00:13+00:00,2026-09-02T11:00:13+00:00,bcycle_lametro_4208,3,14,,1,1,1
2026-09-02T11:00:22.264427+00:00,2026-09-02T11:00:13+00:00,2026-09-02T11:00:13+00:00,bcycle_lametro_4209,3,20,,1,1,1
2026-09-02T11:00:22.264427+00:00,2026-09-02T11:00:13+00:00,2026-09-02T11:00:13+00:00,bcycle_lametro_4210,0,15,,1,1,1
2026-09-02T11:00:22.264427+00:00,2026-09-02T11:00:13+00:00,2026-09-02T11:00:13+00:00,bcycle_lametro_4211,12,2,,1,1,1
2026-09-02T11:00:22.264427+00:00,2026-09-02T11:00:13+00:00,2026-09-02T11:00:13+00:00,bcycle_lametro_4212,14,7,,1,1,1
2026-09-02T11:00:22.264427+00:00,2026-09-02T11:00:13+00:00,2026-09-02T11:00:13+00:00,bcycle_lametro_4213,8,7,,1,1,1
2026-09-02T11:00:22.264427+00:00,2026-09-02T11:00:13+00:00,2026-09-02T11:00:13+00:00,bcycle_lametro_4214,4,22,,1,1,1
2026-09-02T11:00:22.264427+00:00,2026-09-02T11:00:13+00:00,2026-09-02T11:00:13+00:00,bcycle_lametro_4215,24,16,,1,1,1
2026-09-02T11:00:22.264427+00:00,2026-09-02T11:00:13+00:00,2026-09-02T11:00:13+00:00,bcycle_lametro_4216,8,11,,1,1,1
2026-09-02T11:00:22.264427+00:00,2026-09-02T11:00:13+00:00,2026-09-02T11:00:13+00:00,bcycle_lametro_4217,6,5,,1,1,1
2026-09-02T11:00:22.264427+00:00,2026-09-02T11:00:13+00:00,2026-09-02T11:00:13+00:00,bcycle_lametro_4220,4,11,,1,1,1
2026-09-02T11:00:22.264427+00:00,2026-09-02T11:00:13+00:00,2026-09-02T11:00:13+00:00,bcycle_lametro_4227,2,14,,1,1,1
2026-09-02T11:00:22.264427+00:00,2026-09-02T11:00:13+00:00,2026-09-02T11:00:13+00:00,bcycle_lametro_4245,7,7,,1,1,1
2026-09-02T11:00:22.264427+00:00,2026-09-02T11:00:13+00:00,2026-09-02T11:00:13+00:00,bcycle_lametro_4246,4,10,,1,1,1
2026-09-02T11:00:22.264427+00:00,2026-09-02T11:00:13+00:00,2026-09-02T11:00:13+00:00,bcycle_lametro_4247,3,4,,1,1,1
2026-09-02T11:00:22.264427+00:00,2026-09-02T11:00:13+00:00,2026-09-02T11:00:13+00:00,bcycle_lametro_4248,7,12,,1,1,1
2026-09-02T11:00:22.264427+00:00,2026-09-02T11:00:13+00:00,2026-09-02T11:00:13+00:00,bcycle_lametro_4249,3,12,,1,1,1
2026-09-02T11:00:22.264427+00:00,2026-09-02T11:00:13+00:00,2026-09-02T11:00:13+00:00,bcycle_lametro_4250,7,8,,1,1,1
2026-09-02T11:00:22.264427+00:00,2026-09-02T11:00:13+00:00,2026-09-02T11:00:13+00:00,bcycle_lametro_4254,4,11,,1,1,1
2026-09-02T11:00:22.264427+00:00,2026-09-02T11:00:13+00:00,2026-09-02T11:00:13+00:00,bcycle_lametro_4255,3,7,,1,1,1
2026-09-02T11:00:22.264427+00:00,2026-09-02T11:00:13+00:00,2026-09-02T11:00:13+00:00,bcycle_lametro_4266,5,10,,1,1,1
2026-09-02T11:00:22.264427+00:00,2026-09-02T11:00:13+00:00,2026-09-02T11:00:13+00:00,bcycle_lametro_4267,4,5,,1,1,1
2026-09-02T11:00:22.264427+00:00,2026-09-02T11:00:13+00:00,2026-09-02T11:00:13+00:00,bcycle_lametro_4273,6,8,,1,1,1
2026-09-02T11:00:22.264427+00:00,2026-09-02T11:00:13+00:00,2026-09-02T11:00:13+00:00,bcycle_lametro_4275,8,7,,1,1,1
2026-09-02T11:00:22.264427+00:00,2026-09-02T11:00:13+00:00,2026-09-02T11:00:13+00:00,bcycle_lametro_4293,3,7,,1,1,1
2026-09-02T11:00:22.264427+00:00,2026-09-02T11:00:13+00:00,2026-09-02T11:00:13+00:00,bcycle_lametro_4300,4,8,,1,1,1
2026-09-02T11:00:22.264427+00:00,2026-09-02T11:00:13+00:00,2026-09-02T11:00:13+00:00,bcycle_lametro_4301,7,1,,1,1,1
2026-09-02T11:00:22.264427+00:00,2026-09-02T11:00:13+00:00,2026-09-02T11:00:13+00:00,bcycle_lametro_4303,3,7,,1,1,1
2026-09-02T11:00:22.264427+00:00,2026-09-02T11:00:13+00:00,2026-09-02T11:00:13+00:00,bcycle_lametro_4304,0,11,,1,1,1
2026-09-02T11:00:22.264427+00:00,2026-09-02T11:00:13+00:00,2026-09-02T11:00:13+00:00,bcycle_lametro_4306,3,10,,1,1,1
2026-09-02T11:00:22.264427+00:00,2026-09-02T11:00:13+00:00,2026-09-02T11:00:13+00:00,bcycle_lametro_4311,8,4,,1,1,1
2026-09-02T11:00:22.264427+00:00,2026-09-02T11:00:13+00:00,2026-09-02T11:00:13+00:00,bcycle_lametro_4312,1,12,,1,1,1
2026-09-02T11:00:22.264427+00:00,2026-09-02T11:00:13+00:00,2026-09-02T11:00:13+00:00,bcycle_lametro_4313,9,3,,1,1,1
2026-09-02T11:00:22.264427+00:00,2026-09-02T11:00:13+00:00,2026-09-02T11:00:13+00:00,bcycle_lametro_4314,4,11,,1,1,1
2026-09-02T11:00:22.264427+00:00,2026-09-02T11:00:13+00:00,2026-09-02T11:00:13+00:00,bcycle_lametro_4315,3,3,,1,1,1
2026-09-02T11:00:22.264427+00:00,2026-09-02T11:00:13+00:00,2026-09-02T11:00:13+00:00,bcycle_lametro_4387,7,9,,1,1,1
2026-09-02T11:00:22.264427+00:00,2026-09-02T11:00:13+00:00,2026-09-02T11:00:13+00:00,bcycle_lametro_4390,5,7,,1,1,1
2026-09-02T11:00:22.264427+00:00,2026-09-02T11:00:13+00:00,2026-09-02T11:00:13+00:00,bcycle_lametro_4401,5,5,,1,1,1
2026-09-02T11:00:22.264427+00:00,2026-09-02T11:00:13+00:00,2026-09-02T11:00:13+00:00,bcycle_lametro_4404,6,9,,1,1,1
2026-09-02T11:00:22.264427+00:00,2026-09-02T11:00:13+00:00,2026-09-02T11:00:13+00:00,bcycle_lametro_4405,2,10,,1,1,1
2026-09-02T11:00:22.264427+00:00,2026-09-02T11:00:13+00:00,2026-09-02T11:00:13+00:00,bcycle_lametro_4406,2,12,,1,1,1
2026-09-02T11:00:22.264427+00:00,2026-09-02T11:00:13+00:00,2026-09-02T11:00:13+00:00,bcycle_lametro_4410,7,4,,1,1,1
2026-09-02T11:00:22.264427+00:00,2026-09-02T11:00:13+00:00,2026-09-02T11:00:13+00:00,bcycle_lametro_4436,0,9,,1,1,1
2026-09-02T11:00:22.264427+00:00,2026-09-02T11:00:13+00:00,2026-09-02T11:00:13+00:00,bcycle_lametro_4437,5,8,,1,1,1
2026-09-02T11:00:22.264427+00:00,2026-09-02T11:00:13+00:00,2026-09-02T11:00:13+00:00,bcycle_lametro_4440,8,6,,1,1,1
2026-09-02T11:00:22.264427+00:00,2026-09-02T11:00:13+00:00,2026-09-02T11:00:13+00:00,bcycle_lametro_4441,4,3,,1,1,1
2026-09-02T11:00:22.264427+00:00,2026-09-02T11:00:13+00:00,2026-09-02T11:00:13+00:00,bcycle_lametro_4442,3,9,,1,1,1
2026-09-02T11:00:22.264427+00:00,2026-09-02T11:00:13+00:00,2026-09-02T11:00:13+00:00,bcycle_lametro_4443,2,5,,1,1,1
2026-09-02T11:00:22.264427+00:00,2026-09-02T11:00:13+00:00,2026-09-02T11:00:13+00:00,bcycle_lametro_4444,3,6,,1,1,1
2026-09-02T11:00:22.264427+00:00,2026-09-02T11:00:13+00:00,2026-09-02T11:00:13+00:00,bcycle_lametro_4445,6,9,,1,1,1
2026-09-02T11:00:22.264427+00:00,2026-09-02T11:00:13+00:00,2026-09-02T11:00:13+00:00,bcycle_lametro_4446,3,5,,1,1,1
2026-09-02T11:00:22.264427+00:00,2026-09-02T11:00:13+00:00,2026-09-02T11:00:13+00:00,bcycle_lametro_4447,6,6,,1,1,1
2026-09-02T11:00:22.264427+00:00,2026-09-02T11:00:13+00:00,2026-09-02T11:00:13+00:00,bcycle_lametro_4448,6,12,,1,1,1
2026-09-02T11:00:22.264427+00:00,2026-09-02T11:00:13+00:00,2026-09-02T11:00:13+00:00,bcycle_lametro_4449,3,10,,1,1,1
2026-09-02T11:00:22.264427+00:00,2026-09-02T11:00:13+00:00,2026-09-02T11:00:13+00:00,bcycle_lametro_4450,6,8,,1,1,1
2026-09-02T11:00:22.264427+00:00,2026-09-02T11:00:13+00:00,2026-09-02T11:00:13+00:00,bcycle_lametro_4451,5,4,,1,1,1
2026-09-02T11:00:22.264427+00:00,2026-09-02T11:00:13+00:00,2026-09-02T11:00:13+00:00,bcycle_lametro_4452,1,9,,1,1,1
2026-09-02T11:00:22.264427+00:00,2026-09-02T11:00:13+00:00,2026-09-02T11:00:13+00:00,bcycle_lametro_4453,3,7,,1,1,1
2026-09-02T11:00:22.264427+00:00,2026-09-02T11:00:13+00:00,2026-09-02T11:00:13+00:00,bcycle_lametro_4454,11,3,,1,1,1
2026-09-02T11:00:22.264427+00:00,2026-09-02T11:00:13+00:00,2026-09-02T11:00:13+00:00,bcycle_lametro_4455,2,12,,1,1,1
2026-09-02T11:00:22.264427+00:00,2026-09-02T11:00:13+00:00,2026-09-02T11:00:13+00:00,bcycle_lametro_4456,7,8,,1,1,1
2026-09-02T11:00:22.264427+00:00,2026-09-02T11:00:13+00:00,2026-09-02T11:00:13+00:00,bcycle_lametro_4457,5,3,,1,1,1
2026-09-02T11:00:22.264427+00:00,2026-09-02T11:00:13+00:00,2026-09-02T11:00:13+00:00,bcycle_lametro_4472,5,9,,1,1,1
2026-09-02T11:00:22.264427+00:00,2026-09-02T11:00:13+00:00,2026-09-02T11:00:13+00:00,bcycle_lametro_4473,1,6,,1,1,1
2026-09-02T11:00:22.264427+00:00,2026-09-02T11:00:13+00:00,2026-09-02T11:00:13+00:00,bcycle_lametro_4474,1,9,,1,1,1
2026-09-02T11:00:22.264427+00:00,2026-09-02T11:00:13+00:00,2026-09-02T11:00:13+00:00,bcycle_lametro_4475,6,5,,1,1,1
2026-09-02T11:00:22.264427+00:00,2026-09-02T11:00:13+00:00,2026-09-02T11:00:13+00:00,bcycle_lametro_4476,8,6,,1,1,1
2026-09-02T11:00:22.264427+00:00,2026-09-02T11:00:13+00:00,2026-09-02T11:00:13+00:00,bcycle_lametro_4477,3,10,,1,1,1
2026-09-02T11:00:22.264427+00:00,2026-09-02T11:00:13+00:00,2026-09-02T11:00:13+00:00,bcycle_lametro_4479,9,2,,1,1,1
2026-09-02T11:00:22.264427+00:00,2026-09-02T11:00:13+00:00,2026-09-02T11:00:13+00:00,bcycle_lametro_4483,3,9,,1,1,1
2026-09-02T11:00:22.264427+00:00,2026-09-02T11:00:13+00:00,2026-09-02T11:00:13+00:00,bcycle_lametro_4487,5,11,,1,1,1
2026-09-02T11:00:22.264427+00:00,2026-09-02T11:00:13+00:00,2026-09-02T11:00:13+00:00,bcycle_lametro_4490,3,11,,1,1,1
2026-09-02T11:00:22.264427+00:00,2026-09-02T11:00:13+00:00,2026-09-02T11:00:13+00:00,bcycle_lametro_4491,6,7,,1,1,1
2026-09-02T11:00:22.264427+00:00,2026-09-02T11:00:13+00:00,2026-09-02T11:00:13+00:00,bcycle_lametro_4492,14,5,,1,1,1
2026-09-02T11:00:22.264427+00:00,2026-09-02T11:00:13+00:00,2026-09-02T11:00:13+00:00,bcycle_lametro_4493,12,4,,1,1,1
2026-09-02T11:00:22.264427+00:00,2026-09-02T11:00:13+00:00,2026-09-02T11:00:13+00:00,bcycle_lametro_4494,4,5,,1,1,1
2026-09-02T11:00:22.264427+00:00,2026-09-02T11:00:13+00:00,2026-09-02T11:00:13+00:00,bcycle_lametro_4509,5,5,,1,1,1
2026-09-02T11:00:22.264427+00:00,2026-09-02T11:00:13+00:00,2026-09-02T11:00:13+00:00,bcycle_lametro_4510,7,3,,1,1,1
2026-09-02T11:00:22.264427+00:00,2026-09-02T11:00:13+00:00,2026-09-02T11:00:13+00:00,bcycle_lametro_4511,8,11,,1,1,1
2026-09-02T11:00:22.264427+00:00,2026-09-02T11:00:13+00:00,2026-09-02T11:00:13+00:00,bcycle_lametro_4512,6,10,,1,1,1
2026-09-02T11:00:22.264427+00:00,2026-09-02T11:00:13+00:00,2026-09-02T11:00:13+00:00,bcycle_lametro_4514,10,11,,1,1,1
2026-09-02T11:00:22.264427+00:00,2026-09-02T11:00:13+00:00,2026-09-02T11:00:13+00:00,bcycle_lametro_4515,7,2,,1,1,1
2026-09-02T11:00:22.264427+00:00,2026-09-02T11:00:13+00:00,2026-09-02T11:00:13+00:00,bcycle_lametro_4517,5,6,,1,1,1
2026-09-02T11:00:22.264427+00:00,2026-09-02T11:00:13+00:00,2026-09-02T11:00:13+00:00,bcycle_lametro_4521,9,3,,1,1,1
2026-09-02T11:00:22.264427+00:00,2026-09-02T11:00:13+00:00,2026-09-02T11:00:13+00:00,bcycle_lametro_4523,5,10,,1,1,1
2026-09-02T11:00:22.264427+00:00,2026-09-02T11:00:13+00:00,2026-09-02T11:00:13+00:00,bcycle_lametro_4524,0,14,,1,1,1
2026-09-02T11:00:22.264427+00:00,2026-09-02T11:00:13+00:00,2026-09-02T11:00:13+00:00,bcycle_lametro_4525,1,10,,1,1,1
2026-09-02T11:00:22.264427+00:00,2026-09-02T11:00:13+00:00,2026-09-02T11:00:13+00:00,bcycle_lametro_4526,4,17,,1,1,1
2026-09-02T11:00:22.264427+00:00,2026-09-02T11:00:13+00:00,2026-09-02T11:00:13+00:00,bcycle_lametro_4527,5,9,,1,1,1
2026-09-02T11:00:22.264427+00:00,2026-09-02T11:00:13+00:00,2026-09-02T11:00:13+00:00,bcycle_lametro_4528,9,5,,1,1,1
2026-09-02T11:00:22.264427+00:00,2026-09-02T11:00:13+00:00,2026-09-02T11:00:13+00:00,bcycle_lametro_4529,3,10,,1,1,1
2026-09-02T11:00:22.264427+00:00,2026-09-02T11:00:13+00:00,2026-09-02T11:00:13+00:00,bcycle_lametro_4534,1,13,,1,1,1
2026-09-02T11:00:22.264427+00:00,2026-09-02T11:00:13+00:00,2026-09-02T11:00:13+00:00,bcycle_lametro_4536,5,5,,1,1,1
2026-09-02T11:00:22.264427+00:00,2026-09-02T11:00:13+00:00,2026-09-02T11:00:13+00:00,bcycle_lametro_4537,5,10,,1,1,1
2026-09-02T11:00:22.264427+00:00,2026-09-02T11:00:13+00:00,2026-09-02T11:00:13+00:00,bcycle_lametro_4538,4,2,,1,1,1
2026-09-02T11:00:22.264427+00:00,2026-09-02T11:00:13+00:00,2026-09-02T11:00:13+00:00,bcycle_lametro_4540,5,9,,1,1,1
2026-09-02T11:00:22.264427+00:00,2026-09-02T11:00:13+00:00,2026-09-02T11:00:13+00:00,bcycle_lametro_4543,6,2,,1,1,1
2026-09-02T11:00:22.264427+00:00,2026-09-02T11:00:13+00:00,2026-09-02T11:00:13+00:00,bcycle_lametro_4544,7,7,,1,1,1
2026-09-02T11:00:22.264427+00:00,2026-09-02T11:00:13+00:00,2026-09-02T11:00:13+00:00,bcycle_lametro_4545,3,5,,1,1,1
2026-09-02T11:00:22.264427+00:00,2026-09-02T11:00:13+00:00,2026-09-02T11:00:13+00:00,bcycle_lametro_4546,4,15,,1,1,1
2026-09-02T11:00:22.264427+00:00,2026-09-02T11:00:13+00:00,2026-09-02T11:00:13+00:00,bcycle_lametro_4547,9,1,,1,1,1
2026-09-02T11:00:22.264427+00:00,2026-09-02T11:00:13+00:00,2026-09-02T11:00:13+00:00,bcycle_lametro_4548,7,5,,0,0,1
2026-09-02T11:00:22.264427+00:00,2026-09-02T11:00:13+00:00,2026-09-02T11:00:13+00:00,bcycle_lametro_4549,8,8,,1,1,1
2026-09-02T11:00:22.264427+00:00,2026-09-02T11:00:13+00:00,2026-09-02T11:00:13+00:00,bcycle_lametro_4552,8,4,,1,1,1
2026-09-02T11:00:22.264427+00:00,2026-09-02T11:00:13+00:00,2026-09-02T11:00:13+00:00,bcycle_lametro_4553,4,5,,1,1,1
2026-09-02T11:00:22.264427+00:00,2026-09-02T11:00:13+00:00,2026-09-02T11:00:13+00:00,bcycle_lametro_4554,6,5,,1,1,1
2026-09-02T11:00:22.264427+00:00,2026-09-02T11:00:13+00:00,2026-09-02T11:00:13+00:00,bcycle_lametro_4555,5,3,,1,1,1
2026-09-02T11:00:22.264427+00:00,2026-09-02T11:00:13+00:00,2026-09-02T11:00:13+00:00,bcycle_lametro_4556,7,6,,1,1,1
2026-09-02T11:00:22.264427+00:00,2026-09-02T11:00:13+00:00,2026-09-02T11:00:13+00:00,bcycle_lametro_4557,8,3,,1,1,1
2026-09-02T11:00:22.264427+00:00,2026-09-02T11:00:13+00:00,2026-09-02T11:00:13+00:00,bcycle_lametro_4558,1,15,,1,1,1
2026-09-02T11:00:22.264427+00:00,2026-09-02T11:00:13+00:00,2026-09-02T11:00:13+00:00,bcycle_lametro_4561,5,4,,1,1,1
2026-09-02T11:00:22.264427+00:00,2026-09-02T11:00:13+00:00,2026-09-02T11:00:13+00:00,bcycle_lametro_4562,9,5,,1,1,1
2026-09-02T11:00:22.264427+00:00,2026-09-02T11:00:13+00:00,2026-09-02T11:00:13+00:00,bcycle_lametro_4563,7,2,,1,1,1
2026-09-02T11:00:22.264427+00:00,2026-09-02T11:00:13+00:00,2026-09-02T11:00:13+00:00,bcycle_lametro_4564,7,8,,1,1,1
2026-09-02T11:00:22.264427+00:00,2026-09-02T11:00:13+00:00,2026-09-02T11:00:13+00:00,bcycle_lametro_4565,4,8,,1,1,1
2026-09-02T11:00:22.264427+00:00,2026-09-02T11:00:13+00:00,2026-09-02T11:00:13+00:00,bcycle_lametro_4566,10,4,,1,1,1
2026-09-02T11:00:22.264427+00:00,2026-09-02T11:00:13+00:00,2026-09-02T11:00:13+00:00,bcycle_lametro_4567,7,4,,1,1,1
2026-09-02T11:00:22.264427+00:00,2026-09-02T11:00:13+00:00,2026-09-02T11:00:13+00:00,bcycle_lametro_4568,2,12,,1,1,1
2026-09-02T11:00:22.264427+00:00,2026-09-02T11:00:13+00:00,2026-09-02T11:00:13+00:00,bcycle_lametro_4569,1,8,,1,1,1
2026-09-02T11:00:22.264427+00:00,2026-09-02T11:00:13+00:00,2026-09-02T11:00:13+00:00,bcycle_lametro_4570,6,9,,1,1,1
2026-09-02T11:00:22.264427+00:00,2026-09-02T11:00:13+00:00,2026-09-02T11:00:13+00:00,bcycle_lametro_4571,5,2,,1,1,1
2026-09-02T11:00:22.264427+00:00,2026-09-02T11:00:13+00:00,2026-09-02T11:00:13+00:00,bcycle_lametro_4575,5,6,,1,1,1
2026-09-02T11:00:22.264427+00:00,2026-09-02T11:00:13+00:00,2026-09-02T11:00:13+00:00,bcycle_lametro_4576,9,2,,0,0,1
2026-09-02T11:00:22.264427+00:00,2026-09-02T11:00:13+00:00,2026-09-02T11:00:13+00:00,bcycle_lametro_4578,4,3,,1,1,1
2026-09-02T11:00:22.264427+00:00,2026-09-02T11:00:13+00:00,2026-09-02T11:00:13+00:00,bcycle_lametro_4579,7,5,,1,1,1
2026-09-02T11:00:22.264427+00:00,2026-09-02T11:00:13+00:00,2026-09-02T11:00:13+00:00,bcycle_lametro_4580,2,6,,1,1,1
2026-09-02T11:00:22.264427+00:00,2026-09-02T11:00:13+00:00,2026-09-02T11:00:13+00:00,bcycle_lametro_4581,10,7,,1,1,1
2026-09-02T11:00:22.264427+00:00,2026-09-02T11:00:13+00:00,2026-09-02T11:00:13+00:00,bcycle_lametro_4583,9,9,,1,1,1
2026-09-02T11:00:22.264427+00:00,2026-09-02T11:00:13+00:00,2026-09-02T11:00:13+00:00,bcycle_lametro_4584,7,6,,1,1,1
2026-09-02T11:00:22.264427+00:00,2026-09-02T11:00:13+00:00,2026-09-02T11:00:13+00:00,bcycle_lametro_4587,3,8,,1,1,1
2026-09-02T11:00:22.264427+00:00,2026-09-02T11:00:13+00:00,2026-09-02T11:00:13+00:00,bcycle_lametro_4596,9,6,,1,1,1
2026-09-02T11:00:22.264427+00:00,2026-09-02T11:00:13+00:00,2026-09-02T11:00:13+00:00,bcycle_lametro_4597,3,8,,1,1,1
2026-09-02T11:00:22.264427+00:00,2026-09-02T11:00:13+00:00,2026-09-02T11:00:13+00:00,bcycle_lametro_4598,7,2,,1,1,1
2026-09-02T11:00:22.264427+00:00,2026-09-02T11:00:13+00:00,2026-09-02T11:00:13+00:00,bcycle_lametro_4599,4,8,,1,1,1
2026-09-02T11:00:22.264427+00:00,2026-09-02T11:00:13+00:00,2026-09-02T11:00:13+00:00,bcycle_lametro_4600,6,4,,1,1,1
2026-09-02T11:00:22.264427+00:00,2026-09-02T11:00:13+00:00,2026-09-02T11:00:13+00:00,bcycle_lametro_4601,7,4,,1,1,1
2026-09-02T11:00:22.264427+00:00,2026-09-02T11:00:13+00:00,2026-09-02T11:00:13+00:00,bcycle_lametro_4603,6,12,,1,1,1
2026-09-02T11:00:22.264427+00:00,2026-09-02T11:00:13+00:00,2026-09-02T11:00:13+00:00,bcycle_lametro_4604,7,5,,1,1,1
2026-09-02T11:00:22.264427+00:00,2026-09-02T11:00:13+00:00,2026-09-02T11:00:13+00:00,bcycle_lametro_4605,5,8,,1,1,1
2026-09-02T11:00:22.264427+00:00,2026-09-02T11:00:13+00:00,2026-09-02T11:00:13+00:00,bcycle_lametro_4606,3,17,,1,1,1
2026-09-02T11:00:22.264427+00:00,2026-09-02T11:00:13+00:00,2026-09-02T11:00:13+00:00,bcycle_lametro_4613,8,11,,1,1,1
2026-09-02T11:00:22.264427+00:00,2026-09-02T11:00:13+00:00,2026-09-02T11:00:13+00:00,bcycle_lametro_4614,4,16,,1,1,1
2026-09-02T11:00:22.264427+00:00,2026-09-02T11:00:13+00:00,2026-09-02T11:00:13+00:00,bcycle_lametro_4627,6,11,,1,1,1
2026-09-02T11:00:22.264427+00:00,2026-09-02T11:00:13+00:00,2026-09-02T11:00:13+00:00,bcycle_lametro_4628,11,2,,1,1,1
2026-09-02T11:00:22.264427+00:00,2026-09-02T11:00:13+00:00,2026-09-02T11:00:13+00:00,bcycle_lametro_4632,14,1,,1,1,1
2026-09-02T11:00:22.264427+00:00,2026-09-02T11:00:13+00:00,2026-09-02T11:00:13+00:00,bcycle_lametro_4643,6,14,,1,1,1
2026-09-02T11:00:22.264427+00:00,2026-09-02T11:00:13+00:00,2026-09-02T11:00:13+00:00,bcycle_lametro_4644,7,5,,1,1,1
2026-09-02T11:00:22.264427+00:00,2026-09-02T11:00:13+00:00,2026-09-02T11:00:13+00:00,bcycle_lametro_4645,6,6,,1,1,1
2026-09-02T11:00:22.264427+00:00,2026-09-02T11:00:13+00:00,2026-09-02T11:00:13+00:00,bcycle_lametro_4652,5,6,,1,1,1
2026-09-02T11:00:22.264427+00:00,2026-09-02T11:00:13+00:00,2026-09-02T11:00:13+00:00,bcycle_lametro_4660,7,10,,1,1,1
2026-09-02T11:00:22.264427+00:00,2026-09-02T11:00:13+00:00,2026-09-02T11:00:13+00:00,bcycle_lametro_4664,12,8,,1,1,1
2026-09-02T11:00:22.264427+00:00,2026-09-02T11:00:13+00:00,2026-09-02T11:00:13+00:00,bcycle_lametro_4672,5,10,,1,1,1
2026-09-02T11:00:22.264427+00:00,2026-09-02T11:00:13+00:00,2026-09-02T11:00:13+00:00,bcycle_lametro_4680,11,7,,1,1,1
2026-09-02T11:00:22.264427+00:00,2026-09-02T11:00:13+00:00,2026-09-02T11:00:13+00:00,bcycle_lametro_4689,6,9,,1,1,1
2026-09-02T11:00:22.264427+00:00,2026-09-02T11:00:13+00:00,2026-09-02T11:00:13+00:00,bcycle_lametro_4690,8,6,,1,1,1
2026-09-02T11:00:22.264427+00:00,2026-09-02T11:00:13+00:00,2026-09-02T11:00:13+00:00,bcycle_lametro_4696,11,3,,1,1,1
2026-09-02T11:00:22.264427+00:00,2026-09-02T11:00:13+00:00,2026-09-02T11:00:13+00:00,bcycle_lametro_4697,2,13,,1,1,1
2026-09-02T11:00:22.264427+00:00,2026-09-02T11:00:13+00:00,2026-09-02T11:00:13+00:00,bcycle_lametro_4698,3,10,,1,1,1
2026-09-02T11:00:22.264427+00:00,2026-09-02T11:00:13+00:00,2026-09-02T11:00:13+00:00,bcycle_lametro_4699,6,9,,1,1,1
2026-09-02T11:00:22.264427+00:00,2026-09-02T11:00:13+00:00,2026-09-02T11:00:13+00:00,bcycle_lametro_4700,16,1,,1,1,1
2026-09-02T11:00:22.264427+00:00,2026-09-02T11:00:13+00:00,2026-09-02T11:00:13+00:00,bcycle_lametro_4707,8,5,,1,1,1
2026-09-02T11:00:22.264427+00:00,2026-09-02T11:00:13+00:00,2026-09-02T11:00:13+00:00,bcycle_lametro_4729,4,9,,1,1,1
2026-09-02T11:00:22.264427+00:00,2026-09-02T11:00:13+00:00,2026-09-02T11:00:13+00:00,bcycle_lametro_4730,11,2,,1,1,1
2026-09-02T11:00:22.264427+00:00,2026-09-02T11:00:13+00:00,2026-09-02T11:00:13+00:00,bcycle_lametro_4732,6,15,,1,1,1
2026-09-02T11:00:22.264427+00:00,2026-09-02T11:00:13+00:00,2026-09-02T11:00:13+00:00,bcycle_lametro_4733,3,20,,1,1,1
2026-09-02T11:00:22.264427+00:00,2026-09-02T11:00:13+00:00,2026-09-02T11:00:13+00:00,bcycle_lametro_4734,9,6,,1,1,1
2026-09-02T11:00:22.264427+00:00,2026-09-02T11:00:13+00:00,2026-09-02T11:00:13+00:00,bcycle_lametro_4735,8,4,,1,1,1
2026-09-02T11:00:22.264427+00:00,2026-09-02T11:00:13+00:00,2026-09-02T11:00:13+00:00,bcycle_lametro_4736,10,5,,1,1,1
2026-09-02T11:00:22.264427+00:00,2026-09-02T11:00:13+00:00,2026-09-02T11:00:13+00:00,bcycle_lametro_4740,13,9,,1,1,1
2026-09-02T11:00:22.264427+00:00,2026-09-02T11:00:13+00:00,2026-09-02T11:00:13+00:00,bcycle_lametro_4745,5,6,,1,1,1
2026-09-02T15:02:51.567569+00:00,2026-09-02T15:02:02+00:00,2026-09-02T15:02:02+00:00,bcycle_lametro_3005,5,25,,1,1,1
2026-09-02T15:02:51.567569+00:00,2026-09-02T15:02:02+00:00,2026-09-02T15:02:02+00:00,bcycle_lametro_3006,6,22,,1,1,1
2026-09-02T15:02:51.567569+00:00,2026-09-02T15:02:02+00:00,2026-09-02T15:02:02+00:00,bcycle_lametro_3007,6,11,,1,1,1
2026-09-02T15:02:51.567569+00:00,2026-09-02T15:02:02+00:00,2026-09-02T15:02:02+00:00,bcycle_lametro_3008,6,6,,1,1,1
2026-09-02T15:02:51.567569+00:00,2026-09-02T15:02:02+00:00,2026-09-02T15:02:02+00:00,bcycle_lametro_3010,9,5,,1,1,1
2026-09-02T15:02:51.567569+00:00,2026-09-02T15:02:02+00:00,2026-09-02T15:02:02+00:00,bcycle_lametro_3011,3,13,,1,1,1
2026-09-02T15:02:51.567569+00:00,2026-09-02T15:02:02+00:00,2026-09-02T15:02:02+00:00,bcycle_lametro_3014,12,16,,1,1,1
2026-09-02T15:02:51.567569+00:00,2026-09-02T15:02:02+00:00,2026-09-02T15:02:02+00:00,bcycle_lametro_3016,9,6,,1,1,1
2026-09-02T15:02:51.567569+00:00,2026-09-02T15:02:02+00:00,2026-09-02T15:02:02+00:00,bcycle_lametro_3018,14,4,,1,1,1
2026-09-02T15:02:51.567569+00:00,2026-09-02T15:02:02+00:00,2026-09-02T15:02:02+00:00,bcycle_lametro_3019,7,12,,1,1,1
2026-09-02T15:02:51.567569+00:00,2026-09-02T15:02:02+00:00,2026-09-02T15:02:02+00:00,bcycle_lametro_3020,5,10,,1,1,1
2026-09-02T15:02:51.567569+00:00,2026-09-02T15:02:02+00:00,2026-09-02T15:02:02+00:00,bcycle_lametro_3022,13,7,,1,1,1
2026-09-02T15:02:51.567569+00:00,2026-09-02T15:02:02+00:00,2026-09-02T15:02:02+00:00,bcycle_lametro_3024,4,11,,1,1,1
2026-09-02T15:02:51.567569+00:00,2026-09-02T15:02:02+00:00,2026-09-02T15:02:02+00:00,bcycle_lametro_3025,6,8,,1,1,1
2026-09-02T15:02:51.567569+00:00,2026-09-02T15:02:02+00:00,2026-09-02T15:02:02+00:00,bcycle_lametro_3026,8,7,,1,1,1
2026-09-02T15:02:51.567569+00:00,2026-09-02T15:02:02+00:00,2026-09-02T15:02:02+00:00,bcycle_lametro_3027,0,12,,0,0,1
2026-09-02T15:02:51.567569+00:00,2026-09-02T15:02:02+00:00,2026-09-02T15:02:02+00:00,bcycle_lametro_3030,13,16,,1,1,1
2026-09-02T15:02:51.567569+00:00,2026-09-02T15:02:02+00:00,2026-09-02T15:02:02+00:00,bcycle_lametro_3032,20,6,,1,1,1
2026-09-02T15:02:51.567569+00:00,2026-09-02T15:02:02+00:00,2026-09-02T15:02:02+00:00,bcycle_lametro_3033,2,10,,1,1,1
2026-09-02T15:02:51.567569+00:00,2026-09-02T15:02:02+00:00,2026-09-02T15:02:02+00:00,bcycle_lametro_3034,13,9,,1,1,1
2026-09-02T15:02:51.567569+00:00,2026-09-02T15:02:02+00:00,2026-09-02T15:02:02+00:00,bcycle_lametro_3035,8,15,,1,1,1
2026-09-02T15:02:51.567569+00:00,2026-09-02T15:02:02+00:00,2026-09-02T15:02:02+00:00,bcycle_lametro_3036,6,9,,1,1,1
2026-09-02T15:02:51.567569+00:00,2026-09-02T15:02:02+00:00,2026-09-02T15:02:02+00:00,bcycle_lametro_3037,6,12,,1,1,1
2026-09-02T15:02:51.567569+00:00,2026-09-02T15:02:02+00:00,2026-09-02T15:02:02+00:00,bcycle_lametro_3040,1,2,,1,1,1
2026-09-02T15:02:51.567569+00:00,2026-09-02T15:02:02+00:00,2026-09-02T15:02:02+00:00,bcycle_lametro_3042,8,20,,1,1,1
2026-09-02T15:02:51.567569+00:00,2026-09-02T15:02:02+00:00,2026-09-02T15:02:02+00:00,bcycle_lametro_3045,5,5,,1,1,1
2026-09-02T15:02:51.567569+00:00,2026-09-02T15:02:02+00:00,2026-09-02T15:02:02+00:00,bcycle_lametro_3046,6,11,,1,1,1
2026-09-02T15:02:51.567569+00:00,2026-09-02T15:02:02+00:00,2026-09-02T15:02:02+00:00,bcycle_lametro_3047,20,12,,1,1,1
2026-09-02T15:02:51.567569+00:00,2026-09-02T15:02:02+00:00,2026-09-02T15:02:02+00:00,bcycle_lametro_3048,12,4,,1,1,1
2026-09-02T15:02:51.567569+00:00,2026-09-02T15:02:02+00:00,2026-09-02T15:02:02+00:00,bcycle_lametro_3052,2,15,,1,1,1
2026-09-02T15:02:51.567569+00:00,2026-09-02T15:02:02+00:00,2026-09-02T15:02:02+00:00,bcycle_lametro_3054,1,14,,1,1,1
2026-09-02T15:02:51.567569+00:00,2026-09-02T15:02:02+00:00,2026-09-02T15:02:02+00:00,bcycle_lametro_3056,8,4,,1,1,1
2026-09-02T15:02:51.567569+00:00,2026-09-02T15:02:02+00:00,2026-09-02T15:02:02+00:00,bcycle_lametro_3058,8,7,,1,1,1
2026-09-02T15:02:51.567569+00:00,2026-09-02T15:02:02+00:00,2026-09-02T15:02:02+00:00,bcycle_lametro_3062,6,6,,1,1,1
2026-09-02T15:02:51.567569+00:00,2026-09-02T15:02:02+00:00,2026-09-02T15:02:02+00:00,bcycle_lametro_3063,0,22,,0,0,1
2026-09-02T15:02:51.567569+00:00,2026-09-02T15:02:02+00:00,2026-09-02T15:02:02+00:00,bcycle_lametro_3064,6,11,,1,1,1
2026-09-02T15:02:51.567569+00:00,2026-09-02T15:02:02+00:00,2026-09-02T15:02:02+00:00,bcycle_lametro_3065,5,10,,1,1,1
2026-09-02T15:02:51.567569+00:00,2026-09-02T15:02:02+00:00,2026-09-02T15:02:02+00:00,bcycle_lametro_3066,5,10,,1,1,1
2026-09-02T15:02:51.567569+00:00,2026-09-02T15:02:02+00:00,2026-09-02T15:02:02+00:00,bcycle_lametro_3068,5,9,,1,1,1
2026-09-02T15:02:51.567569+00:00,2026-09-02T15:02:02+00:00,2026-09-02T15:02:02+00:00,bcycle_lametro_3069,9,8,,1,1,1
2026-09-02T15:02:51.567569+00:00,2026-09-02T15:02:02+00:00,2026-09-02T15:02:02+00:00,bcycle_lametro_3074,14,8,,1,1,1
2026-09-02T15:02:51.567569+00:00,2026-09-02T15:02:02+00:00,2026-09-02T15:02:02+00:00,bcycle_lametro_3075,9,5,,1,1,1
2026-09-02T15:02:51.567569+00:00,2026-09-02T15:02:02+00:00,2026-09-02T15:02:02+00:00,bcycle_lametro_3076,5,6,,1,1,1
2026-09-02T15:02:51.567569+00:00,2026-09-02T15:02:02+00:00,2026-09-02T15:02:02+00:00,bcycle_lametro_3077,4,6,,1,1,1
2026-09-02T15:02:51.567569+00:00,2026-09-02T15:02:02+00:00,2026-09-02T15:02:02+00:00,bcycle_lametro_3078,9,6,,1,1,1
2026-09-02T15:02:51.567569+00:00,2026-09-02T15:02:02+00:00,2026-09-02T15:02:02+00:00,bcycle_lametro_3079,10,4,,1,1,1
2026-09-02T15:02:51.567569+00:00,2026-09-02T15:02:02+00:00,2026-09-02T15:02:02+00:00,bcycle_lametro_3081,10,2,,1,1,1
2026-09-02T15:02:51.567569+00:00,2026-09-02T15:02:02+00:00,2026-09-02T15:02:02+00:00,bcycle_lametro_3082,11,14,,1,1,1
2026-09-02T15:02:51.567569+00:00,2026-09-02T15:02:02+00:00,2026-09-02T15:02:02+00:00,bcycle_lametro_4202,5,15,,1,1,1
2026-09-02T15:02:51.567569+00:00,2026-09-02T15:02:02+00:00,2026-09-02T15:02:02+00:00,bcycle_lametro_4204,5,11,,1,1,1
2026-09-02T15:02:51.567569+00:00,2026-09-02T15:02:02+00:00,2026-09-02T15:02:02+00:00,bcycle_lametro_4205,4,12,,1,1,1
2026-09-02T15:02:51.567569+00:00,2026-09-02T15:02:02+00:00,2026-09-02T15:02:02+00:00,bcycle_lametro_4206,18,10,,1,1,1
2026-09-02T15:02:51.567569+00:00,2026-09-02T15:02:02+00:00,2026-09-02T15:02:02+00:00,bcycle_lametro_4207,14,5,,1,1,1
2026-09-02T15:02:51.567569+00:00,2026-09-02T15:02:02+00:00,2026-09-02T15:02:02+00:00,bcycle_lametro_4208,3,14,,1,1,1
2026-09-02T15:02:51.567569+00:00,2026-09-02T15:02:02+00:00,2026-09-02T15:02:02+00:00,bcycle_lametro_4209,3,20,,1,1,1
2026-09-02T15:02:51.567569+00:00,2026-09-02T15:02:02+00:00,2026-09-02T15:02:02+00:00,bcycle_lametro_4210,0,15,,1,1,1
2026-09-02T15:02:51.567569+00:00,2026-09-02T15:02:02+00:00,2026-09-02T15:02:02+00:00,bcycle_lametro_4211,12,2,,1,1,1
2026-09-02T15:02:51.567569+00:00,2026-09-02T15:02:02+00:00,2026-09-02T15:02:02+00:00,bcycle_lametro_4212,14,7,,1,1,1
2026-09-02T15:02:51.567569+00:00,2026-09-02T15:02:02+00:00,2026-09-02T15:02:02+00:00,bcycle_lametro_4213,8,7,,1,1,1
2026-09-02T15:02:51.567569+00:00,2026-09-02T15:02:02+00:00,2026-09-02T15:02:02+00:00,bcycle_lametro_4214,1,25,,1,1,1
2026-09-02T15:02:51.567569+00:00,2026-09-02T15:02:02+00:00,2026-09-02T15:02:02+00:00,bcycle_lametro_4215,24,16,,1,1,1
2026-09-02T15:02:51.567569+00:00,2026-09-02T15:02:02+00:00,2026-09-02T15:02:02+00:00,bcycle_lametro_4216,7,12,,1,1,1
2026-09-02T15:02:51.567569+00:00,2026-09-02T15:02:02+00:00,2026-09-02T15:02:02+00:00,bcycle_lametro_4217,6,5,,1,1,1
2026-09-02T15:02:51.567569+00:00,2026-09-02T15:02:02+00:00,2026-09-02T15:02:02+00:00,bcycle_lametro_4220,4,11,,1,1,1
2026-09-02T15:02:51.567569+00:00,2026-09-02T15:02:02+00:00,2026-09-02T15:02:02+00:00,bcycle_lametro_4227,1,15,,1,1,1
2026-09-02T15:02:51.567569+00:00,2026-09-02T15:02:02+00:00,2026-09-02T15:02:02+00:00,bcycle_lametro_4245,8,6,,1,1,1
2026-09-02T15:02:51.567569+00:00,2026-09-02T15:02:02+00:00,2026-09-02T15:02:02+00:00,bcycle_lametro_4246,4,10,,1,1,1
2026-09-02T15:02:51.567569+00:00,2026-09-02T15:02:02+00:00,2026-09-02T15:02:02+00:00,bcycle_lametro_4247,3,4,,1,1,1
2026-09-02T15:02:51.567569+00:00,2026-09-02T15:02:02+00:00,2026-09-02T15:02:02+00:00,bcycle_lametro_4248,7,12,,1,1,1
2026-09-02T15:02:51.567569+00:00,2026-09-02T15:02:02+00:00,2026-09-02T15:02:02+00:00,bcycle_lametro_4249,5,10,,1,1,1
2026-09-02T15:02:51.567569+00:00,2026-09-02T15:02:02+00:00,2026-09-02T15:02:02+00:00,bcycle_lametro_4250,7,8,,1,1,1
2026-09-02T15:02:51.567569+00:00,2026-09-02T15:02:02+00:00,2026-09-02T15:02:02+00:00,bcycle_lametro_4254,4,11,,1,1,1
2026-09-02T15:02:51.567569+00:00,2026-09-02T15:02:02+00:00,2026-09-02T15:02:02+00:00,bcycle_lametro_4255,4,6,,1,1,1
2026-09-02T15:02:51.567569+00:00,2026-09-02T15:02:02+00:00,2026-09-02T15:02:02+00:00,bcycle_lametro_4266,4,11,,1,1,1
2026-09-02T15:02:51.567569+00:00,2026-09-02T15:02:02+00:00,2026-09-02T15:02:02+00:00,bcycle_lametro_4267,4,5,,1,1,1
2026-09-02T15:02:51.567569+00:00,2026-09-02T15:02:02+00:00,2026-09-02T15:02:02+00:00,bcycle_lametro_4273,5,9,,1,1,1
2026-09-02T15:02:51.567569+00:00,2026-09-02T15:02:02+00:00,2026-09-02T15:02:02+00:00,bcycle_lametro_4275,8,7,,1,1,1
2026-09-02T15:02:51.567569+00:00,2026-09-02T15:02:02+00:00,2026-09-02T15:02:02+00:00,bcycle_lametro_4293,3,7,,1,1,1
2026-09-02T15:02:51.567569+00:00,2026-09-02T15:02:02+00:00,2026-09-02T15:02:02+00:00,bcycle_lametro_4300,4,8,,1,1,1
2026-09-02T15:02:51.567569+00:00,2026-09-02T15:02:02+00:00,2026-09-02T15:02:02+00:00,bcycle_lametro_4301,7,1,,1,1,1
2026-09-02T15:02:51.567569+00:00,2026-09-02T15:02:02+00:00,2026-09-02T15:02:02+00:00,bcycle_lametro_4303,3,7,,1,1,1
2026-09-02T15:02:51.567569+00:00,2026-09-02T15:02:02+00:00,2026-09-02T15:02:02+00:00,bcycle_lametro_4304,3,8,,1,1,1
2026-09-02T15:02:51.567569+00:00,2026-09-02T15:02:02+00:00,2026-09-02T15:02:02+00:00,bcycle_lametro_4306,3,10,,1,1,1
2026-09-02T15:02:51.567569+00:00,2026-09-02T15:02:02+00:00,2026-09-02T15:02:02+00:00,bcycle_lametro_4311,7,5,,1,1,1
2026-09-02T15:02:51.567569+00:00,2026-09-02T15:02:02+00:00,2026-09-02T15:02:02+00:00,bcycle_lametro_4312,0,13,,1,1,1
2026-09-02T15:02:51.567569+00:00,2026-09-02T15:02:02+00:00,2026-09-02T15:02:02+00:00,bcycle_lametro_4313,9,3,,1,1,1
2026-09-02T15:02:51.567569+00:00,2026-09-02T15:02:02+00:00,2026-09-02T15:02:02+00:00,bcycle_lametro_4314,4,11,,1,1,1
2026-09-02T15:02:51.567569+00:00,2026-09-02T15:02:02+00:00,2026-09-02T15:02:02+00:00,bcycle_lametro_4315,3,3,,1,1,1
2026-09-02T15:02:51.567569+00:00,2026-09-02T15:02:02+00:00,2026-09-02T15:02:02+00:00,bcycle_lametro_4387,7,9,,1,1,1
2026-09-02T15:02:51.567569+00:00,2026-09-02T15:02:02+00:00,2026-09-02T15:02:02+00:00,bcycle_lametro_4390,5,7,,1,1,1
2026-09-02T15:02:51.567569+00:00,2026-09-02T15:02:02+00:00,2026-09-02T15:02:02+00:00,bcycle_lametro_4401,5,5,,1,1,1
2026-09-02T15:02:51.567569+00:00,2026-09-02T15:02:02+00:00,2026-09-02T15:02:02+00:00,bcycle_lametro_4404,6,9,,1,1,1
2026-09-02T15:02:51.567569+00:00,2026-09-02T15:02:02+00:00,2026-09-02T15:02:02+00:00,bcycle_lametro_4405,2,10,,1,1,1
2026-09-02T15:02:51.567569+00:00,2026-09-02T15:02:02+00:00,2026-09-02T15:02:02+00:00,bcycle_lametro_4406,1,13,,1,1,1
2026-09-02T15:02:51.567569+00:00,2026-09-02T15:02:02+00:00,2026-09-02T15:02:02+00:00,bcycle_lametro_4410,8,3,,1,1,1
2026-09-02T15:02:51.567569+00:00,2026-09-02T15:02:02+00:00,2026-09-02T15:02:02+00:00,bcycle_lametro_4436,0,9,,1,1,1
2026-09-02T15:02:51.567569+00:00,2026-09-02T15:02:02+00:00,2026-09-02T15:02:02+00:00,bcycle_lametro_4437,5,8,,1,1,1
2026-09-02T15:02:51.567569+00:00,2026-09-02T15:02:02+00:00,2026-09-02T15:02:02+00:00,bcycle_lametro_4440,5,9,,1,1,1
2026-09-02T15:02:51.567569+00:00,2026-09-02T15:02:02+00:00,2026-09-02T15:02:02+00:00,bcycle_lametro_4441,4,3,,1,1,1
2026-09-02T15:02:51.567569+00:00,2026-09-02T15:02:02+00:00,2026-09-02T15:02:02+00:00,bcycle_lametro_4442,3,9,,1,1,1
2026-09-02T15:02:51.567569+00:00,2026-09-02T15:02:02+00:00,2026-09-02T15:02:02+00:00,bcycle_lametro_4443,2,5,,1,1,1
2026-09-02T15:02:51.567569+00:00,2026-09-02T15:02:02+00:00,2026-09-02T15:02:02+00:00,bcycle_lametro_4444,3,6,,1,1,1
2026-09-02T15:02:51.567569+00:00,2026-09-02T15:02:02+00:00,2026-09-02T15:02:02+00:00,bcycle_lametro_4445,6,9,,1,1,1
2026-09-02T15:02:51.567569+00:00,2026-09-02T15:02:02+00:00,2026-09-02T15:02:02+00:00,bcycle_lametro_4446,2,6,,1,1,1
2026-09-02T15:02:51.567569+00:00,2026-09-02T15:02:02+00:00,2026-09-02T15:02:02+00:00,bcycle_lametro_4447,7,5,,1,1,1
2026-09-02T15:02:51.567569+00:00,2026-09-02T15:02:02+00:00,2026-09-02T15:02:02+00:00,bcycle_lametro_4448,6,12,,1,1,1
2026-09-02T15:02:51.567569+00:00,2026-09-02T15:02:02+00:00,2026-09-02T15:02:02+00:00,bcycle_lametro_4449,3,10,,1,1,1
2026-09-02T15:02:51.567569+00:00,2026-09-02T15:02:02+00:00,2026-09-02T15:02:02+00:00,bcycle_lametro_4450,5,9,,1,1,1
2026-09-02T15:02:51.567569+00:00,2026-09-02T15:02:02+00:00,2026-09-02T15:02:02+00:00,bcycle_lametro_4451,5,4,,1,1,1
2026-09-02T15:02:51.567569+00:00,2026-09-02T15:02:02+00:00,2026-09-02T15:02:02+00:00,bcycle_lametro_4452,1,9,,1,1,1
2026-09-02T15:02:51.567569+00:00,2026-09-02T15:02:02+00:00,2026-09-02T15:02:02+00:00,bcycle_lametro_4453,3,7,,1,1,1
2026-09-02T15:02:51.567569+00:00,2026-09-02T15:02:02+00:00,2026-09-02T15:02:02+00:00,bcycle_lametro_4454,11,3,,1,1,1
2026-09-02T15:02:51.567569+00:00,2026-09-02T15:02:02+00:00,2026-09-02T15:02:02+00:00,bcycle_lametro_4455,2,12,,1,1,1
2026-09-02T15:02:51.567569+00:00,2026-09-02T15:02:02+00:00,2026-09-02T15:02:02+00:00,bcycle_lametro_4456,7,8,,1,1,1
2026-09-02T15:02:51.567569+00:00,2026-09-02T15:02:02+00:00,2026-09-02T15:02:02+00:00,bcycle_lametro_4457,5,3,,1,1,1
2026-09-02T15:02:51.567569+00:00,2026-09-02T15:02:02+00:00,2026-09-02T15:02:02+00:00,bcycle_lametro_4472,5,9,,1,1,1
2026-09-02T15:02:51.567569+00:00,2026-09-02T15:02:02+00:00,2026-09-02T15:02:02+00:00,bcycle_lametro_4473,1,6,,1,1,1
2026-09-02T15:02:51.567569+00:00,2026-09-02T15:02:02+00:00,2026-09-02T15:02:02+00:00,bcycle_lametro_4474,1,9,,1,1,1
2026-09-02T15:02:51.567569+00:00,2026-09-02T15:02:02+00:00,2026-09-02T15:02:02+00:00,bcycle_lametro_4475,5,6,,1,1,1
2026-09-02T15:02:51.567569+00:00,2026-09-02T15:02:02+00:00,2026-09-02T15:02:02+00:00,bcycle_lametro_4476,8,6,,1,1,1
2026-09-02T15:02:51.567569+00:00,2026-09-02T15:02:02+00:00,2026-09-02T15:02:02+00:00,bcycle_lametro_4477,3,10,,1,1,1
2026-09-02T15:02:51.567569+00:00,2026-09-02T15:02:02+00:00,2026-09-02T15:02:02+00:00,bcycle_lametro_4479,8,3,,1,1,1
2026-09-02T15:02:51.567569+00:00,2026-09-02T15:02:02+00:00,2026-09-02T15:02:02+00:00,bcycle_lametro_4483,3,9,,1,1,1
2026-09-02T15:02:51.567569+00:00,2026-09-02T15:02:02+00:00,2026-09-02T15:02:02+00:00,bcycle_lametro_4487,4,12,,1,1,1
2026-09-02T15:02:51.567569+00:00,2026-09-02T15:02:02+00:00,2026-09-02T15:02:02+00:00,bcycle_lametro_4490,3,11,,1,1,1
2026-09-02T15:02:51.567569+00:00,2026-09-02T15:02:02+00:00,2026-09-02T15:02:02+00:00,bcycle_lametro_4491,5,8,,1,1,1
2026-09-02T15:02:51.567569+00:00,2026-09-02T15:02:02+00:00,2026-09-02T15:02:02+00:00,bcycle_lametro_4492,15,4,,1,1,1
2026-09-02T15:02:51.567569+00:00,2026-09-02T15:02:02+00:00,2026-09-02T15:02:02+00:00,bcycle_lametro_4493,12,4,,1,1,1
2026-09-02T15:02:51.567569+00:00,2026-09-02T15:02:02+00:00,2026-09-02T15:02:02+00:00,bcycle_lametro_4494,4,5,,1,1,1
2026-09-02T15:02:51.567569+00:00,2026-09-02T15:02:02+00:00,2026-09-02T15:02:02+00:00,bcycle_lametro_4509,5,5,,1,1,1
2026-09-02T15:02:51.567569+00:00,2026-09-02T15:02:02+00:00,2026-09-02T15:02:02+00:00,bcycle_lametro_4510,7,3,,1,1,1
2026-09-02T15:02:51.567569+00:00,2026-09-02T15:02:02+00:00,2026-09-02T15:02:02+00:00,bcycle_lametro_4511,8,11,,1,1,1
2026-09-02T15:02:51.567569+00:00,2026-09-02T15:02:02+00:00,2026-09-02T15:02:02+00:00,bcycle_lametro_4512,7,9,,1,1,1
2026-09-02T15:02:51.567569+00:00,2026-09-02T15:02:02+00:00,2026-09-02T15:02:02+00:00,bcycle_lametro_4514,10,11,,1,1,1
2026-09-02T15:02:51.567569+00:00,2026-09-02T15:02:02+00:00,2026-09-02T15:02:02+00:00,bcycle_lametro_4515,6,3,,1,1,1
2026-09-02T15:02:51.567569+00:00,2026-09-02T15:02:02+00:00,2026-09-02T15:02:02+00:00,bcycle_lametro_4517,5,6,,1,1,1
2026-09-02T15:02:51.567569+00:00,2026-09-02T15:02:02+00:00,2026-09-02T15:02:02+00:00,bcycle_lametro_4521,9,3,,1,1,1
2026-09-02T15:02:51.567569+00:00,2026-09-02T15:02:02+00:00,2026-09-02T15:02:02+00:00,bcycle_lametro_4523,5,10,,1,1,1
2026-09-02T15:02:51.567569+00:00,2026-09-02T15:02:02+00:00,2026-09-02T15:02:02+00:00,bcycle_lametro_4524,2,12,,1,1,1
2026-09-02T15:02:51.567569+00:00,2026-09-02T15:02:02+00:00,2026-09-02T15:02:02+00:00,bcycle_lametro_4525,1,10,,1,1,1
2026-09-02T15:02:51.567569+00:00,2026-09-02T15:02:02+00:00,2026-09-02T15:02:02+00:00,bcycle_lametro_4526,3,18,,1,1,1
2026-09-02T15:02:51.567569+00:00,2026-09-02T15:02:02+00:00,2026-09-02T15:02:02+00:00,bcycle_lametro_4527,5,9,,1,1,1
2026-09-02T15:02:51.567569+00:00,2026-09-02T15:02:02+00:00,2026-09-02T15:02:02+00:00,bcycle_lametro_4528,9,5,,1,1,1
2026-09-02T15:02:51.567569+00:00,2026-09-02T15:02:02+00:00,2026-09-02T15:02:02+00:00,bcycle_lametro_4529,3,10,,1,1,1
2026-09-02T15:02:51.567569+00:00,2026-09-02T15:02:02+00:00,2026-09-02T15:02:02+00:00,bcycle_lametro_4534,1,13,,1,1,1
2026-09-02T15:02:51.567569+00:00,2026-09-02T15:02:02+00:00,2026-09-02T15:02:02+00:00,bcycle_lametro_4536,5,5,,1,1,1
2026-09-02T15:02:51.567569+00:00,2026-09-02T15:02:02+00:00,2026-09-02T15:02:02+00:00,bcycle_lametro_4537,5,10,,1,1,1
2026-09-02T15:02:51.567569+00:00,2026-09-02T15:02:02+00:00,2026-09-02T15:02:02+00:00,bcycle_lametro_4538,4,3,,1,1,1
2026-09-02T15:02:51.567569+00:00,2026-09-02T15:02:02+00:00,2026-09-02T15:02:02+00:00,bcycle_lametro_4540,5,9,,1,1,1
2026-09-02T15:02:51.567569+00:00,2026-09-02T15:02:02+00:00,2026-09-02T15:02:02+00:00,bcycle_lametro_4543,5,2,,1,1,1
2026-09-02T15:02:51.567569+00:00,2026-09-02T15:02:02+00:00,2026-09-02T15:02:02+00:00,bcycle_lametro_4544,7,7,,1,1,1
2026-09-02T15:02:51.567569+00:00,2026-09-02T15:02:02+00:00,2026-09-02T15:02:02+00:00,bcycle_lametro_4545,2,5,,1,1,1
2026-09-02T15:02:51.567569+00:00,2026-09-02T15:02:02+00:00,2026-09-02T15:02:02+00:00,bcycle_lametro_4546,4,14,,1,1,1
2026-09-02T15:02:51.567569+00:00,2026-09-02T15:02:02+00:00,2026-09-02T15:02:02+00:00,bcycle_lametro_4547,9,1,,1,1,1
2026-09-02T15:02:51.567569+00:00,2026-09-02T15:02:02+00:00,2026-09-02T15:02:02+00:00,bcycle_lametro_4548,7,5,,1,1,1
2026-09-02T15:02:51.567569+00:00,2026-09-02T15:02:02+00:00,2026-09-02T15:02:02+00:00,bcycle_lametro_4549,8,8,,1,1,1
2026-09-02T15:02:51.567569+00:00,2026-09-02T15:02:02+00:00,2026-09-02T15:02:02+00:00,bcycle_lametro_4552,8,4,,1,1,1
2026-09-02T15:02:51.567569+00:00,2026-09-02T15:02:02+00:00,2026-09-02T15:02:02+00:00,bcycle_lametro_4553,4,5,,1,1,1
2026-09-02T15:02:51.567569+00:00,2026-09-02T15:02:02+00:00,2026-09-02T15:02:02+00:00,bcycle_lametro_4554,6,5,,1,1,1
2026-09-02T15:02:51.567569+00:00,2026-09-02T15:02:02+00:00,2026-09-02T15:02:02+00:00,bcycle_lametro_4555,4,4,,1,1,1
2026-09-02T15:02:51.567569+00:00,2026-09-02T15:02:02+00:00,2026-09-02T15:02:02+00:00,bcycle_lametro_4556,7,6,,1,1,1
2026-09-02T15:02:51.567569+00:00,2026-09-02T15:02:02+00:00,2026-09-02T15:02:02+00:00,bcycle_lametro_4557,8,3,,1,1,1
2026-09-02T15:02:51.567569+00:00,2026-09-02T15:02:02+00:00,2026-09-02T15:02:02+00:00,bcycle_lametro_4558,3,13,,1,1,1
2026-09-02T15:02:51.567569+00:00,2026-09-02T15:02:02+00:00,2026-09-02T15:02:02+00:00,bcycle_lametro_4561,5,4,,1,1,1
2026-09-02T15:02:51.567569+00:00,2026-09-02T15:02:02+00:00,2026-09-02T15:02:02+00:00,bcycle_lametro_4562,9,5,,1,1,1
2026-09-02T15:02:51.567569+00:00,2026-09-02T15:02:02+00:00,2026-09-02T15:02:02+00:00,bcycle_lametro_4563,7,1,,1,1,1
2026-09-02T15:02:51.567569+00:00,2026-09-02T15:02:02+00:00,2026-09-02T15:02:02+00:00,bcycle_lametro_4564,7,8,,1,1,1
2026-09-02T15:02:51.567569+00:00,2026-09-02T15:02:02+00:00,2026-09-02T15:02:02+00:00,bcycle_lametro_4565,4,8,,1,1,1
2026-09-02T15:02:51.567569+00:00,2026-09-02T15:02:02+00:00,2026-09-02T15:02:02+00:00,bcycle_lametro_4566,9,5,,1,1,1
2026-09-02T15:02:51.567569+00:00,2026-09-02T15:02:02+00:00,2026-09-02T15:02:02+00:00,bcycle_lametro_4567,6,5,,1,1,1
2026-09-02T15:02:51.567569+00:00,2026-09-02T15:02:02+00:00,2026-09-02T15:02:02+00:00,bcycle_lametro_4568,3,11,,1,1,1
2026-09-02T15:02:51.567569+00:00,2026-09-02T15:02:02+00:00,2026-09-02T15:02:02+00:00,bcycle_lametro_4569,1,8,,1,1,1
2026-09-02T15:02:51.567569+00:00,2026-09-02T15:02:02+00:00,2026-09-02T15:02:02+00:00,bcycle_lametro_4570,6,9,,1,1,1
2026-09-02T15:02:51.567569+00:00,2026-09-02T15:02:02+00:00,2026-09-02T15:02:02+00:00,bcycle_lametro_4571,3,4,,1,1,1
2026-09-02T15:02:51.567569+00:00,2026-09-02T15:02:02+00:00,2026-09-02T15:02:02+00:00,bcycle_lametro_4575,5,6,,1,1,1
2026-09-02T15:02:51.567569+00:00,2026-09-02T15:02:02+00:00,2026-09-02T15:02:02+00:00,bcycle_lametro_4576,11,0,,1,1,1
2026-09-02T15:02:51.567569+00:00,2026-09-02T15:02:02+00:00,2026-09-02T15:02:02+00:00,bcycle_lametro_4578,4,3,,1,1,1
2026-09-02T15:02:51.567569+00:00,2026-09-02T15:02:02+00:00,2026-09-02T15:02:02+00:00,bcycle_lametro_4579,7,5,,1,1,1
2026-09-02T15:02:51.567569+00:00,2026-09-02T15:02:02+00:00,2026-09-02T15:02:02+00:00,bcycle_lametro_4580,2,6,,1,1,1
2026-09-02T15:02:51.567569+00:00,2026-09-02T15:02:02+00:00,2026-09-02T15:02:02+00:00,bcycle_lametro_4581,10,7,,1,1,1
2026-09-02T15:02:51.567569+00:00,2026-09-02T15:02:02+00:00,2026-09-02T15:02:02+00:00,bcycle_lametro_4583,9,9,,1,1,1
2026-09-02T15:02:51.567569+00:00,2026-09-02T15:02:02+00:00,2026-09-02T15:02:02+00:00,bcycle_lametro_4584,7,6,,1,1,1
2026-09-02T15:02:51.567569+00:00,2026-09-02T15:02:02+00:00,2026-09-02T15:02:02+00:00,bcycle_lametro_4587,3,8,,1,1,1
2026-09-02T15:02:51.567569+00:00,2026-09-02T15:02:02+00:00,2026-09-02T15:02:02+00:00,bcycle_lametro_4596,9,6,,1,1,1
2026-09-02T15:02:51.567569+00:00,2026-09-02T15:02:02+00:00,2026-09-02T15:02:02+00:00,bcycle_lametro_4597,3,8,,1,1,1
2026-09-02T15:02:51.567569+00:00,2026-09-02T15:02:02+00:00,2026-09-02T15:02:02+00:00,bcycle_lametro_4598,7,2,,1,1,1
2026-09-02T15:02:51.567569+00:00,2026-09-02T15:02:02+00:00,2026-09-02T15:02:02+00:00,bcycle_lametro_4599,5,7,,1,1,1
2026-09-02T15:02:51.567569+00:00,2026-09-02T15:02:02+00:00,2026-09-02T15:02:02+00:00,bcycle_lametro_4600,6,4,,1,1,1
2026-09-02T15:02:51.567569+00:00,2026-09-02T15:02:02+00:00,2026-09-02T15:02:02+00:00,bcycle_lametro_4601,6,5,,1,1,1
2026-09-02T15:02:51.567569+00:00,2026-09-02T15:02:02+00:00,2026-09-02T15:02:02+00:00,bcycle_lametro_4603,6,12,,1,1,1
2026-09-02T15:02:51.567569+00:00,2026-09-02T15:02:02+00:00,2026-09-02T15:02:02+00:00,bcycle_lametro_4604,7,5,,1,1,1
2026-09-02T15:02:51.567569+00:00,2026-09-02T15:02:02+00:00,2026-09-02T15:02:02+00:00,bcycle_lametro_4605,5,8,,1,1,1
2026-09-02T15:02:51.567569+00:00,2026-09-02T15:02:02+00:00,2026-09-02T15:02:02+00:00,bcycle_lametro_4606,4,16,,1,1,1
2026-09-02T15:02:51.567569+00:00,2026-09-02T15:02:02+00:00,2026-09-02T15:02:02+00:00,bcycle_lametro_4613,9,10,,1,1,1
2026-09-02T15:02:51.567569+00:00,2026-09-02T15:02:02+00:00,2026-09-02T15:02:02+00:00,bcycle_lametro_4614,4,16,,1,1,1
2026-09-02T15:02:51.567569+00:00,2026-09-02T15:02:02+00:00,2026-09-02T15:02:02+00:00,bcycle_lametro_4627,6,11,,1,1,1
2026-09-02T15:02:51.567569+00:00,2026-09-02T15:02:02+00:00,2026-09-02T15:02:02+00:00,bcycle_lametro_4628,11,2,,1,1,1
2026-09-02T15:02:51.567569+00:00,2026-09-02T15:02:02+00:00,2026-09-02T15:02:02+00:00,bcycle_lametro_4632,14,1,,1,1,1
2026-09-02T15:02:51.567569+00:00,2026-09-02T15:02:02+00:00,2026-09-02T15:02:02+00:00,bcycle_lametro_4643,6,14,,1,1,1
2026-09-02T15:02:51.567569+00:00,2026-09-02T15:02:02+00:00,2026-09-02T15:02:02+00:00,bcycle_lametro_4644,7,5,,1,1,1
2026-09-02T15:02:51.567569+00:00,2026-09-02T15:02:02+00:00,2026-09-02T15:02:02+00:00,bcycle_lametro_4645,6,6,,1,1,1
2026-09-02T15:02:51.567569+00:00,2026-09-02T15:02:02+00:00,2026-09-02T15:02:02+00:00,bcycle_lametro_4652,5,6,,1,1,1
2026-09-02T15:02:51.567569+00:00,2026-09-02T15:02:02+00:00,2026-09-02T15:02:02+00:00,bcycle_lametro_4660,7,10,,1,1,1
2026-09-02T15:02:51.567569+00:00,2026-09-02T15:02:02+00:00,2026-09-02T15:02:02+00:00,bcycle_lametro_4664,12,8,,1,1,1
2026-09-02T15:02:51.567569+00:00,2026-09-02T15:02:02+00:00,2026-09-02T15:02:02+00:00,bcycle_lametro_4672,5,10,,1,1,1
2026-09-02T15:02:51.567569+00:00,2026-09-02T15:02:02+00:00,2026-09-02T15:02:02+00:00,bcycle_lametro_4680,11,7,,1,1,1
2026-09-02T15:02:51.567569+00:00,2026-09-02T15:02:02+00:00,2026-09-02T15:02:02+00:00,bcycle_lametro_4689,6,9,,1,1,1
2026-09-02T15:02:51.567569+00:00,2026-09-02T15:02:02+00:00,2026-09-02T15:02:02+00:00,bcycle_lametro_4690,8,6,,1,1,1
2026-09-02T15:02:51.567569+00:00,2026-09-02T15:02:02+00:00,2026-09-02T15:02:02+00:00,bcycle_lametro_4696,11,3,,1,1,1
2026-09-02T15:02:51.567569+00:00,2026-09-02T15:02:02+00:00,2026-09-02T15:02:02+00:00,bcycle_lametro_4697,2,13,,1,1,1
2026-09-02T15:02:51.567569+00:00,2026-09-02T15:02:02+00:00,2026-09-02T15:02:02+00:00,bcycle_lametro_4698,3,10,,1,1,1
2026-09-02T15:02:51.567569+00:00,2026-09-02T15:02:02+00:00,2026-09-02T15:02:02+00:00,bcycle_lametro_4699,6,9,,1,1,1
2026-09-02T15:02:51.567569+00:00,2026-09-02T15:02:02+00:00,2026-09-02T15:02:02+00:00,bcycle_lametro_4700,16,1,,1,1,1
2026-09-02T15:02:51.567569+00:00,2026-09-02T15:02:02+00:00,2026-09-02T15:02:02+00:00,bcycle_lametro_4707,8,5,,1,1,1
2026-09-02T15:02:51.567569+00:00,2026-09-02T15:02:02+00:00,2026-09-02T15:02:02+00:00,bcycle_lametro_4729,4,9,,1,1,1
2026-09-02T15:02:51.567569+00:00,2026-09-02T15:02:02+00:00,2026-09-02T15:02:02+00:00,bcycle_lametro_4730,10,3,,1,1,1
2026-09-02T15:02:51.567569+00:00,2026-09-02T15:02:02+00:00,2026-09-02T15:02:02+00:00,bcycle_lametro_4732,6,15,,1,1,1
2026-09-02T15:02:51.567569+00:00,2026-09-02T15:02:02+00:00,2026-09-02T15:02:02+00:00,bcycle_lametro_4733,3,20,,1,1,1
2026-09-02T15:02:51.567569+00:00,2026-09-02T15:02:02+00:00,2026-09-02T15:02:02+00:00,bcycle_lametro_4734,9,6,,1,1,1
2026-09-02T15:02:51.567569+00:00,2026-09-02T15:02:02+00:00,2026-09-02T15:02:02+00:00,bcycle_lametro_4735,8,4,,1,1,1
2026-09-02T15:02:51.567569+00:00,2026-09-02T15:02:02+00:00,2026-09-02T15:02:02+00:00,bcycle_lametro_4736,10,5,,1,1,1
2026-09-02T15:02:51.567569+00:00,2026-09-02T15:02:02+00:00,2026-09-02T15:02:02+00:00,bcycle_lametro_4740,13,9,,1,1,1
2026-09-02T15:02:51.567569+00:00,2026-09-02T15:02:02+00:00,2026-09-02T15:02:02+00:00,bcycle_lametro_4745,4,7,,1,1,1
2026-09-02T18:36:18.670118+00:00,2026-09-02T18:36:20+00:00,2026-09-02T18:36:20+00:00,bcycle_lametro_3005,3,27,,1,1,1
2026-09-02T18:36:18.670118+00:00,2026-09-02T18:36:20+00:00,2026-09-02T18:36:20+00:00,bcycle_lametro_3006,5,23,,1,1,1
2026-09-02T18:36:18.670118+00:00,2026-09-02T18:36:20+00:00,2026-09-02T18:36:20+00:00,bcycle_lametro_3007,7,10,,1,1,1
2026-09-02T18:36:18.670118+00:00,2026-09-02T18:36:20+00:00,2026-09-02T18:36:20+00:00,bcycle_lametro_3008,6,6,,1,1,1
2026-09-02T18:36:18.670118+00:00,2026-09-02T18:36:20+00:00,2026-09-02T18:36:20+00:00,bcycle_lametro_3010,9,5,,1,1,1
2026-09-02T18:36:18.670118+00:00,2026-09-02T18:36:20+00:00,2026-09-02T18:36:20+00:00,bcycle_lametro_3011,3,13,,1,1,1
2026-09-02T18:36:18.670118+00:00,2026-09-02T18:36:20+00:00,2026-09-02T18:36:20+00:00,bcycle_lametro_3014,3,25,,1,1,1
2026-09-02T18:36:18.670118+00:00,2026-09-02T18:36:20+00:00,2026-09-02T18:36:20+00:00,bcycle_lametro_3016,10,5,,1,1,1
2026-09-02T18:36:18.670118+00:00,2026-09-02T18:36:20+00:00,2026-09-02T18:36:20+00:00,bcycle_lametro_3018,14,4,,1,1,1
2026-09-02T18:36:18.670118+00:00,2026-09-02T18:36:20+00:00,2026-09-02T18:36:20+00:00,bcycle_lametro_3019,8,11,,1,1,1
2026-09-02T18:36:18.670118+00:00,2026-09-02T18:36:20+00:00,2026-09-02T18:36:20+00:00,bcycle_lametro_3020,5,10,,1,1,1
2026-09-02T18:36:18.670118+00:00,2026-09-02T18:36:20+00:00,2026-09-02T18:36:20+00:00,bcycle_lametro_3022,9,11,,1,1,1
2026-09-02T18:36:18.670118+00:00,2026-09-02T18:36:20+00:00,2026-09-02T18:36:20+00:00,bcycle_lametro_3024,5,10,,1,1,1
2026-09-02T18:36:18.670118+00:00,2026-09-02T18:36:20+00:00,2026-09-02T18:36:20+00:00,bcycle_lametro_3025,6,8,,1,1,1
2026-09-02T18:36:18.670118+00:00,2026-09-02T18:36:20+00:00,2026-09-02T18:36:20+00:00,bcycle_lametro_3026,7,8,,1,1,1
2026-09-02T18:36:18.670118+00:00,2026-09-02T18:36:20+00:00,2026-09-02T18:36:20+00:00,bcycle_lametro_3027,3,12,,1,1,1
2026-09-02T18:36:18.670118+00:00,2026-09-02T18:36:20+00:00,2026-09-02T18:36:20+00:00,bcycle_lametro_3030,16,13,,1,1,1
2026-09-02T18:36:18.670118+00:00,2026-09-02T18:36:20+00:00,2026-09-02T18:36:20+00:00,bcycle_lametro_3032,21,5,,1,1,1
2026-09-02T18:36:18.670118+00:00,2026-09-02T18:36:20+00:00,2026-09-02T18:36:20+00:00,bcycle_lametro_3033,2,10,,1,1,1
2026-09-02T18:36:18.670118+00:00,2026-09-02T18:36:20+00:00,2026-09-02T18:36:20+00:00,bcycle_lametro_3034,13,9,,1,1,1
2026-09-02T18:36:18.670118+00:00,2026-09-02T18:36:20+00:00,2026-09-02T18:36:20+00:00,bcycle_lametro_3035,12,11,,1,1,1
2026-09-02T18:36:18.670118+00:00,2026-09-02T18:36:20+00:00,2026-09-02T18:36:20+00:00,bcycle_lametro_3036,7,8,,1,1,1
2026-09-02T18:36:18.670118+00:00,2026-09-02T18:36:20+00:00,2026-09-02T18:36:20+00:00,bcycle_lametro_3037,7,11,,1,1,1
2026-09-02T18:36:18.670118+00:00,2026-09-02T18:36:20+00:00,2026-09-02T18:36:20+00:00,bcycle_lametro_3040,1,2,,1,1,1
2026-09-02T18:36:18.670118+00:00,2026-09-02T18:36:20+00:00,2026-09-02T18:36:20+00:00,bcycle_lametro_3042,7,21,,1,1,1
2026-09-02T18:36:18.670118+00:00,2026-09-02T18:36:20+00:00,2026-09-02T18:36:20+00:00,bcycle_lametro_3045,5,5,,1,1,1
2026-09-02T18:36:18.670118+00:00,2026-09-02T18:36:20+00:00,2026-09-02T18:36:20+00:00,bcycle_lametro_3046,4,13,,1,1,1
2026-09-02T18:36:18.670118+00:00,2026-09-02T18:36:20+00:00,2026-09-02T18:36:20+00:00,bcycle_lametro_3047,21,11,,1,1,1
2026-09-02T18:36:18.670118+00:00,2026-09-02T18:36:20+00:00,2026-09-02T18:36:20+00:00,bcycle_lametro_3048,13,3,,1,1,1
2026-09-02T18:36:18.670118+00:00,2026-09-02T18:36:20+00:00,2026-09-02T18:36:20+00:00,bcycle_lametro_3052,2,15,,1,1,1
2026-09-02T18:36:18.670118+00:00,2026-09-02T18:36:20+00:00,2026-09-02T18:36:20+00:00,bcycle_lametro_3054,2,13,,1,1,1
2026-09-02T18:36:18.670118+00:00,2026-09-02T18:36:20+00:00,2026-09-02T18:36:20+00:00,bcycle_lametro_3056,8,4,,1,1,1
2026-09-02T18:36:18.670118+00:00,2026-09-02T18:36:20+00:00,2026-09-02T18:36:20+00:00,bcycle_lametro_3058,7,8,,1,1,1
2026-09-02T18:36:18.670118+00:00,2026-09-02T18:36:20+00:00,2026-09-02T18:36:20+00:00,bcycle_lametro_3062,7,5,,1,1,1
2026-09-02T18:36:18.670118+00:00,2026-09-02T18:36:20+00:00,2026-09-02T18:36:20+00:00,bcycle_lametro_3063,0,22,,0,0,1
2026-09-02T18:36:18.670118+00:00,2026-09-02T18:36:20+00:00,2026-09-02T18:36:20+00:00,bcycle_lametro_3064,4,13,,1,1,1
2026-09-02T18:36:18.670118+00:00,2026-09-02T18:36:20+00:00,2026-09-02T18:36:20+00:00,bcycle_lametro_3065,5,10,,1,1,1
2026-09-02T18:36:18.670118+00:00,2026-09-02T18:36:20+00:00,2026-09-02T18:36:20+00:00,bcycle_lametro_3066,4,11,,1,1,1
2026-09-02T18:36:18.670118+00:00,2026-09-02T18:36:20+00:00,2026-09-02T18:36:20+00:00,bcycle_lametro_3068,5,9,,1,1,1
2026-09-02T18:36:18.670118+00:00,2026-09-02T18:36:20+00:00,2026-09-02T18:36:20+00:00,bcycle_lametro_3069,9,8,,1,1,1
2026-09-02T18:36:18.670118+00:00,2026-09-02T18:36:20+00:00,2026-09-02T18:36:20+00:00,bcycle_lametro_3074,14,8,,1,1,1
2026-09-02T18:36:18.670118+00:00,2026-09-02T18:36:20+00:00,2026-09-02T18:36:20+00:00,bcycle_lametro_3075,9,5,,1,1,1
2026-09-02T18:36:18.670118+00:00,2026-09-02T18:36:20+00:00,2026-09-02T18:36:20+00:00,bcycle_lametro_3076,6,5,,1,1,1
2026-09-02T18:36:18.670118+00:00,2026-09-02T18:36:20+00:00,2026-09-02T18:36:20+00:00,bcycle_lametro_3077,5,8,,1,1,1
2026-09-02T18:36:18.670118+00:00,2026-09-02T18:36:20+00:00,2026-09-02T18:36:20+00:00,bcycle_lametro_3078,9,6,,1,1,1
2026-09-02T18:36:18.670118+00:00,2026-09-02T18:36:20+00:00,2026-09-02T18:36:20+00:00,bcycle_lametro_3079,9,4,,1,1,1
2026-09-02T18:36:18.670118+00:00,2026-09-02T18:36:20+00:00,2026-09-02T18:36:20+00:00,bcycle_lametro_3081,10,2,,1,1,1
2026-09-02T18:36:18.670118+00:00,2026-09-02T18:36:20+00:00,2026-09-02T18:36:20+00:00,bcycle_lametro_3082,13,12,,1,1,1
2026-09-02T18:36:18.670118+00:00,2026-09-02T18:36:20+00:00,2026-09-02T18:36:20+00:00,bcycle_lametro_4202,5,15,,1,1,1
2026-09-02T18:36:18.670118+00:00,2026-09-02T18:36:20+00:00,2026-09-02T18:36:20+00:00,bcycle_lametro_4204,4,12,,1,1,1
2026-09-02T18:36:18.670118+00:00,2026-09-02T18:36:20+00:00,2026-09-02T18:36:20+00:00,bcycle_lametro_4205,4,12,,1,1,1
2026-09-02T18:36:18.670118+00:00,2026-09-02T18:36:20+00:00,2026-09-02T18:36:20+00:00,bcycle_lametro_4206,15,13,,1,1,1
2026-09-02T18:36:18.670118+00:00,2026-09-02T18:36:20+00:00,2026-09-02T18:36:20+00:00,bcycle_lametro_4207,17,2,,1,1,1
2026-09-02T18:36:18.670118+00:00,2026-09-02T18:36:20+00:00,2026-09-02T18:36:20+00:00,bcycle_lametro_4208,3,14,,1,1,1
2026-09-02T18:36:18.670118+00:00,2026-09-02T18:36:20+00:00,2026-09-02T18:36:20+00:00,bcycle_lametro_4209,2,21,,1,1,1
2026-09-02T18:36:18.670118+00:00,2026-09-02T18:36:20+00:00,2026-09-02T18:36:20+00:00,bcycle_lametro_4210,3,12,,1,1,1
2026-09-02T18:36:18.670118+00:00,2026-09-02T18:36:20+00:00,2026-09-02T18:36:20+00:00,bcycle_lametro_4211,9,5,,1,1,1
2026-09-02T18:36:18.670118+00:00,2026-09-02T18:36:20+00:00,2026-09-02T18:36:20+00:00,bcycle_lametro_4212,11,10,,1,1,1
2026-09-02T18:36:18.670118+00:00,2026-09-02T18:36:20+00:00,2026-09-02T18:36:20+00:00,bcycle_lametro_4213,8,7,,1,1,1
2026-09-02T18:36:18.670118+00:00,2026-09-02T18:36:20+00:00,2026-09-02T18:36:20+00:00,bcycle_lametro_4214,2,24,,1,1,1
2026-09-02T18:36:18.670118+00:00,2026-09-02T18:36:20+00:00,2026-09-02T18:36:20+00:00,bcycle_lametro_4215,22,18,,1,1,1
2026-09-02T18:36:18.670118+00:00,2026-09-02T18:36:20+00:00,2026-09-02T18:36:20+00:00,bcycle_lametro_4216,7,12,,1,1,1
2026-09-02T18:36:18.670118+00:00,2026-09-02T18:36:20+00:00,2026-09-02T18:36:20+00:00,bcycle_lametro_4217,6,5,,1,1,1
2026-09-02T18:36:18.670118+00:00,2026-09-02T18:36:20+00:00,2026-09-02T18:36:20+00:00,bcycle_lametro_4220,4,11,,1,1,1
2026-09-02T18:36:18.670118+00:00,2026-09-02T18:36:20+00:00,2026-09-02T18:36:20+00:00,bcycle_lametro_4227,1,15,,1,1,1
2026-09-02T18:36:18.670118+00:00,2026-09-02T18:36:20+00:00,2026-09-02T18:36:20+00:00,bcycle_lametro_4245,14,0,,1,1,1
2026-09-02T18:36:18.670118+00:00,2026-09-02T18:36:20+00:00,2026-09-02T18:36:20+00:00,bcycle_lametro_4246,2,12,,1,1,1
2026-09-02T18:36:18.670118+00:00,2026-09-02T18:36:20+00:00,2026-09-02T18:36:20+00:00,bcycle_lametro_4247,2,5,,1,1,1
2026-09-02T18:36:18.670118+00:00,2026-09-02T18:36:20+00:00,2026-09-02T18:36:20+00:00,bcycle_lametro_4248,4,15,,1,1,1
2026-09-02T18:36:18.670118+00:00,2026-09-02T18:36:20+00:00,2026-09-02T18:36:20+00:00,bcycle_lametro_4249,7,8,,1,1,1
2026-09-02T18:36:18.670118+00:00,2026-09-02T18:36:20+00:00,2026-09-02T18:36:20+00:00,bcycle_lametro_4250,0,15,,1,1,1
2026-09-02T18:36:18.670118+00:00,2026-09-02T18:36:20+00:00,2026-09-02T18:36:20+00:00,bcycle_lametro_4254,4,11,,1,1,1
2026-09-02T18:36:18.670118+00:00,2026-09-02T18:36:20+00:00,2026-09-02T18:36:20+00:00,bcycle_lametro_4255,4,6,,1,1,1
2026-09-02T18:36:18.670118+00:00,2026-09-02T18:36:20+00:00,2026-09-02T18:36:20+00:00,bcycle_lametro_4266,3,12,,1,1,1
2026-09-02T18:36:18.670118+00:00,2026-09-02T18:36:20+00:00,2026-09-02T18:36:20+00:00,bcycle_lametro_4267,2,7,,1,1,1
2026-09-02T18:36:18.670118+00:00,2026-09-02T18:36:20+00:00,2026-09-02T18:36:20+00:00,bcycle_lametro_4273,9,5,,1,1,1
2026-09-02T18:36:18.670118+00:00,2026-09-02T18:36:20+00:00,2026-09-02T18:36:20+00:00,bcycle_lametro_4275,8,7,,1,1,1
2026-09-02T18:36:18.670118+00:00,2026-09-02T18:36:20+00:00,2026-09-02T18:36:20+00:00,bcycle_lametro_4293,1,8,,1,1,1
2026-09-02T18:36:18.670118+00:00,2026-09-02T18:36:20+00:00,2026-09-02T18:36:20+00:00,bcycle_lametro_4300,4,8,,1,1,1
2026-09-02T18:36:18.670118+00:00,2026-09-02T18:36:20+00:00,2026-09-02T18:36:20+00:00,bcycle_lametro_4301,6,2,,1,1,1
2026-09-02T18:36:18.670118+00:00,2026-09-02T18:36:20+00:00,2026-09-02T18:36:20+00:00,bcycle_lametro_4303,6,4,,1,1,1
2026-09-02T18:36:18.670118+00:00,2026-09-02T18:36:20+00:00,2026-09-02T18:36:20+00:00,bcycle_lametro_4304,3,8,,1,1,1
2026-09-02T18:36:18.670118+00:00,2026-09-02T18:36:20+00:00,2026-09-02T18:36:20+00:00,bcycle_lametro_4306,3,10,,1,1,1
2026-09-02T18:36:18.670118+00:00,2026-09-02T18:36:20+00:00,2026-09-02T18:36:20+00:00,bcycle_lametro_4311,6,6,,1,1,1
2026-09-02T18:36:18.670118+00:00,2026-09-02T18:36:20+00:00,2026-09-02T18:36:20+00:00,bcycle_lametro_4312,7,6,,1,1,1
2026-09-02T18:36:18.670118+00:00,2026-09-02T18:36:20+00:00,2026-09-02T18:36:20+00:00,bcycle_lametro_4313,9,3,,1,1,1
2026-09-02T18:36:18.670118+00:00,2026-09-02T18:36:20+00:00,2026-09-02T18:36:20+00:00,bcycle_lametro_4314,4,11,,1,1,1
2026-09-02T18:36:18.670118+00:00,2026-09-02T18:36:20+00:00,2026-09-02T18:36:20+00:00,bcycle_lametro_4315,3,3,,1,1,1
2026-09-02T18:36:18.670118+00:00,2026-09-02T18:36:20+00:00,2026-09-02T18:36:20+00:00,bcycle_lametro_4387,9,7,,1,1,1
2026-09-02T18:36:18.670118+00:00,2026-09-02T18:36:20+00:00,2026-09-02T18:36:20+00:00,bcycle_lametro_4390,5,7,,1,1,1
2026-09-02T18:36:18.670118+00:00,2026-09-02T18:36:20+00:00,2026-09-02T18:36:20+00:00,bcycle_lametro_4401,5,5,,1,1,1
2026-09-02T18:36:18.670118+00:00,2026-09-02T18:36:20+00:00,2026-09-02T18:36:20+00:00,bcycle_lametro_4404,6,9,,1,1,1
2026-09-02T18:36:18.670118+00:00,2026-09-02T18:36:20+00:00,2026-09-02T18:36:20+00:00,bcycle_lametro_4405,2,10,,1,1,1
2026-09-02T18:36:18.670118+00:00,2026-09-02T18:36:20+00:00,2026-09-02T18:36:20+00:00,bcycle_lametro_4406,4,10,,1,1,1
2026-09-02T18:36:18.670118+00:00,2026-09-02T18:36:20+00:00,2026-09-02T18:36:20+00:00,bcycle_lametro_4410,8,3,,1,1,1
2026-09-02T18:36:18.670118+00:00,2026-09-02T18:36:20+00:00,2026-09-02T18:36:20+00:00,bcycle_lametro_4436,5,4,,1,1,1
2026-09-02T18:36:18.670118+00:00,2026-09-02T18:36:20+00:00,2026-09-02T18:36:20+00:00,bcycle_lametro_4437,4,9,,1,1,1
2026-09-02T18:36:18.670118+00:00,2026-09-02T18:36:20+00:00,2026-09-02T18:36:20+00:00,bcycle_lametro_4440,5,9,,1,1,1
2026-09-02T18:36:18.670118+00:00,2026-09-02T18:36:20+00:00,2026-09-02T18:36:20+00:00,bcycle_lametro_4441,4,3,,1,1,1
2026-09-02T18:36:18.670118+00:00,2026-09-02T18:36:20+00:00,2026-09-02T18:36:20+00:00,bcycle_lametro_4442,3,9,,1,1,1
2026-09-02T18:36:18.670118+00:00,2026-09-02T18:36:20+00:00,2026-09-02T18:36:20+00:00,bcycle_lametro_4443,2,5,,1,1,1
2026-09-02T18:36:18.670118+00:00,2026-09-02T18:36:20+00:00,2026-09-02T18:36:20+00:00,bcycle_lametro_4444,3,6,,1,1,1
2026-09-02T18:36:18.670118+00:00,2026-09-02T18:36:20+00:00,2026-09-02T18:36:20+00:00,bcycle_lametro_4445,6,9,,1,1,1
2026-09-02T18:36:18.670118+00:00,2026-09-02T18:36:20+00:00,2026-09-02T18:36:20+00:00,bcycle_lametro_4446,1,7,,1,1,1
2026-09-02T18:36:18.670118+00:00,2026-09-02T18:36:20+00:00,2026-09-02T18:36:20+00:00,bcycle_lametro_4447,7,5,,1,1,1
2026-09-02T18:36:18.670118+00:00,2026-09-02T18:36:20+00:00,2026-09-02T18:36:20+00:00,bcycle_lametro_4448,8,10,,1,1,1
2026-09-02T18:36:18.670118+00:00,2026-09-02T18:36:20+00:00,2026-09-02T18:36:20+00:00,bcycle_lametro_4449,3,10,,1,1,1
2026-09-02T18:36:18.670118+00:00,2026-09-02T18:36:20+00:00,2026-09-02T18:36:20+00:00,bcycle_lametro_4450,5,9,,1,1,1
2026-09-02T18:36:18.670118+00:00,2026-09-02T18:36:20+00:00,2026-09-02T18:36:20+00:00,bcycle_lametro_4451,5,4,,1,1,1
2026-09-02T18:36:18.670118+00:00,2026-09-02T18:36:20+00:00,2026-09-02T18:36:20+00:00,bcycle_lametro_4452,1,9,,1,1,1
2026-09-02T18:36:18.670118+00:00,2026-09-02T18:36:20+00:00,2026-09-02T18:36:20+00:00,bcycle_lametro_4453,3,7,,1,1,1
2026-09-02T18:36:18.670118+00:00,2026-09-02T18:36:20+00:00,2026-09-02T18:36:20+00:00,bcycle_lametro_4454,11,3,,1,1,1
2026-09-02T18:36:18.670118+00:00,2026-09-02T18:36:20+00:00,2026-09-02T18:36:20+00:00,bcycle_lametro_4455,1,13,,1,1,1
2026-09-02T18:36:18.670118+00:00,2026-09-02T18:36:20+00:00,2026-09-02T18:36:20+00:00,bcycle_lametro_4456,7,8,,1,1,1
2026-09-02T18:36:18.670118+00:00,2026-09-02T18:36:20+00:00,2026-09-02T18:36:20+00:00,bcycle_lametro_4457,5,3,,1,1,1
2026-09-02T18:36:18.670118+00:00,2026-09-02T18:36:20+00:00,2026-09-02T18:36:20+00:00,bcycle_lametro_4472,5,9,,1,1,1
2026-09-02T18:36:18.670118+00:00,2026-09-02T18:36:20+00:00,2026-09-02T18:36:20+00:00,bcycle_lametro_4473,4,4,,1,1,1
2026-09-02T18:36:18.670118+00:00,2026-09-02T18:36:20+00:00,2026-09-02T18:36:20+00:00,bcycle_lametro_4474,2,8,,1,1,1
2026-09-02T18:36:18.670118+00:00,2026-09-02T18:36:20+00:00,2026-09-02T18:36:20+00:00,bcycle_lametro_4475,5,6,,1,1,1
2026-09-02T18:36:18.670118+00:00,2026-09-02T18:36:20+00:00,2026-09-02T18:36:20+00:00,bcycle_lametro_4476,8,6,,1,1,1
2026-09-02T18:36:18.670118+00:00,2026-09-02T18:36:20+00:00,2026-09-02T18:36:20+00:00,bcycle_lametro_4477,3,10,,1,1,1
2026-09-02T18:36:18.670118+00:00,2026-09-02T18:36:20+00:00,2026-09-02T18:36:20+00:00,bcycle_lametro_4479,8,3,,1,1,1
2026-09-02T18:36:18.670118+00:00,2026-09-02T18:36:20+00:00,2026-09-02T18:36:20+00:00,bcycle_lametro_4483,3,9,,1,1,1
2026-09-02T18:36:18.670118+00:00,2026-09-02T18:36:20+00:00,2026-09-02T18:36:20+00:00,bcycle_lametro_4487,4,12,,1,1,1
2026-09-02T18:36:18.670118+00:00,2026-09-02T18:36:20+00:00,2026-09-02T18:36:20+00:00,bcycle_lametro_4490,3,11,,1,1,1
2026-09-02T18:36:18.670118+00:00,2026-09-02T18:36:20+00:00,2026-09-02T18:36:20+00:00,bcycle_lametro_4491,7,6,,1,1,1
2026-09-02T18:36:18.670118+00:00,2026-09-02T18:36:20+00:00,2026-09-02T18:36:20+00:00,bcycle_lametro_4492,15,4,,1,1,1
2026-09-02T18:36:18.670118+00:00,2026-09-02T18:36:20+00:00,2026-09-02T18:36:20+00:00,bcycle_lametro_4493,11,5,,1,1,1
2026-09-02T18:36:18.670118+00:00,2026-09-02T18:36:20+00:00,2026-09-02T18:36:20+00:00,bcycle_lametro_4494,5,4,,1,1,1
2026-09-02T18:36:18.670118+00:00,2026-09-02T18:36:20+00:00,2026-09-02T18:36:20+00:00,bcycle_lametro_4509,3,7,,1,1,1
2026-09-02T18:36:18.670118+00:00,2026-09-02T18:36:20+00:00,2026-09-02T18:36:20+00:00,bcycle_lametro_4510,7,3,,1,1,1
2026-09-02T18:36:18.670118+00:00,2026-09-02T18:36:20+00:00,2026-09-02T18:36:20+00:00,bcycle_lametro_4511,8,11,,1,1,1
2026-09-02T18:36:18.670118+00:00,2026-09-02T18:36:20+00:00,2026-09-02T18:36:20+00:00,bcycle_lametro_4512,8,8,,1,1,1
2026-09-02T18:36:18.670118+00:00,2026-09-02T18:36:20+00:00,2026-09-02T18:36:20+00:00,bcycle_lametro_4514,10,11,,1,1,1
2026-09-02T18:36:18.670118+00:00,2026-09-02T18:36:20+00:00,2026-09-02T18:36:20+00:00,bcycle_lametro_4515,6,3,,1,1,1
2026-09-02T18:36:18.670118+00:00,2026-09-02T18:36:20+00:00,2026-09-02T18:36:20+00:00,bcycle_lametro_4517,5,6,,1,1,1
2026-09-02T18:36:18.670118+00:00,2026-09-02T18:36:20+00:00,2026-09-02T18:36:20+00:00,bcycle_lametro_4521,10,2,,1,1,1
2026-09-02T18:36:18.670118+00:00,2026-09-02T18:36:20+00:00,2026-09-02T18:36:20+00:00,bcycle_lametro_4523,5,10,,1,1,1
2026-09-02T18:36:18.670118+00:00,2026-09-02T18:36:20+00:00,2026-09-02T18:36:20+00:00,bcycle_lametro_4524,1,13,,1,1,1
2026-09-02T18:36:18.670118+00:00,2026-09-02T18:36:20+00:00,2026-09-02T18:36:20+00:00,bcycle_lametro_4525,2,9,,1,1,1
2026-09-02T18:36:18.670118+00:00,2026-09-02T18:36:20+00:00,2026-09-02T18:36:20+00:00,bcycle_lametro_4526,2,19,,1,1,1
2026-09-02T18:36:18.670118+00:00,2026-09-02T18:36:20+00:00,2026-09-02T18:36:20+00:00,bcycle_lametro_4527,5,9,,1,1,1
2026-09-02T18:36:18.670118+00:00,2026-09-02T18:36:20+00:00,2026-09-02T18:36:20+00:00,bcycle_lametro_4528,9,5,,0,0,1
2026-09-02T18:36:18.670118+00:00,2026-09-02T18:36:20+00:00,2026-09-02T18:36:20+00:00,bcycle_lametro_4529,3,10,,1,1,1
2026-09-02T18:36:18.670118+00:00,2026-09-02T18:36:20+00:00,2026-09-02T18:36:20+00:00,bcycle_lametro_4534,1,13,,1,1,1
2026-09-02T18:36:18.670118+00:00,2026-09-02T18:36:20+00:00,2026-09-02T18:36:20+00:00,bcycle_lametro_4536,5,5,,1,1,1
2026-09-02T18:36:18.670118+00:00,2026-09-02T18:36:20+00:00,2026-09-02T18:36:20+00:00,bcycle_lametro_4537,5,10,,1,1,1
2026-09-02T18:36:18.670118+00:00,2026-09-02T18:36:20+00:00,2026-09-02T18:36:20+00:00,bcycle_lametro_4538,4,3,,1,1,1
2026-09-02T18:36:18.670118+00:00,2026-09-02T18:36:20+00:00,2026-09-02T18:36:20+00:00,bcycle_lametro_4540,5,9,,1,1,1
2026-09-02T18:36:18.670118+00:00,2026-09-02T18:36:20+00:00,2026-09-02T18:36:20+00:00,bcycle_lametro_4543,3,5,,1,1,1
2026-09-02T18:36:18.670118+00:00,2026-09-02T18:36:20+00:00,2026-09-02T18:36:20+00:00,bcycle_lametro_4544,1,13,,1,1,1
2026-09-02T18:36:18.670118+00:00,2026-09-02T18:36:20+00:00,2026-09-02T18:36:20+00:00,bcycle_lametro_4545,4,4,,1,1,1
2026-09-02T18:36:18.670118+00:00,2026-09-02T18:36:20+00:00,2026-09-02T18:36:20+00:00,bcycle_lametro_4546,3,15,,1,1,1
2026-09-02T18:36:18.670118+00:00,2026-09-02T18:36:20+00:00,2026-09-02T18:36:20+00:00,bcycle_lametro_4547,4,6,,1,1,1
2026-09-02T18:36:18.670118+00:00,2026-09-02T18:36:20+00:00,2026-09-02T18:36:20+00:00,bcycle_lametro_4548,6,6,,1,1,1
2026-09-02T18:36:18.670118+00:00,2026-09-02T18:36:20+00:00,2026-09-02T18:36:20+00:00,bcycle_lametro_4549,7,9,,1,1,1
2026-09-02T18:36:18.670118+00:00,2026-09-02T18:36:20+00:00,2026-09-02T18:36:20+00:00,bcycle_lametro_4552,8,4,,1,1,1
2026-09-02T18:36:18.670118+00:00,2026-09-02T18:36:20+00:00,2026-09-02T18:36:20+00:00,bcycle_lametro_4553,3,6,,1,1,1
2026-09-02T18:36:18.670118+00:00,2026-09-02T18:36:20+00:00,2026-09-02T18:36:20+00:00,bcycle_lametro_4554,6,5,,1,1,1
2026-09-02T18:36:18.670118+00:00,2026-09-02T18:36:20+00:00,2026-09-02T18:36:20+00:00,bcycle_lametro_4555,5,3,,1,1,1
2026-09-02T18:36:18.670118+00:00,2026-09-02T18:36:20+00:00,2026-09-02T18:36:20+00:00,bcycle_lametro_4556,7,6,,1,1,1
2026-09-02T18:36:18.670118+00:00,2026-09-02T18:36:20+00:00,2026-09-02T18:36:20+00:00,bcycle_lametro_4557,8,3,,1,1,1
2026-09-02T18:36:18.670118+00:00,2026-09-02T18:36:20+00:00,2026-09-02T18:36:20+00:00,bcycle_lametro_4558,4,12,,1,1,1
2026-09-02T18:36:18.670118+00:00,2026-09-02T18:36:20+00:00,2026-09-02T18:36:20+00:00,bcycle_lametro_4561,4,5,,1,1,1
2026-09-02T18:36:18.670118+00:00,2026-09-02T18:36:20+00:00,2026-09-02T18:36:20+00:00,bcycle_lametro_4562,9,5,,1,1,1
2026-09-02T18:36:18.670118+00:00,2026-09-02T18:36:20+00:00,2026-09-02T18:36:20+00:00,bcycle_lametro_4563,7,1,,1,1,1
2026-09-02T18:36:18.670118+00:00,2026-09-02T18:36:20+00:00,2026-09-02T18:36:20+00:00,bcycle_lametro_4564,7,8,,1,1,1
2026-09-02T18:36:18.670118+00:00,2026-09-02T18:36:20+00:00,2026-09-02T18:36:20+00:00,bcycle_lametro_4565,4,8,,1,1,1
2026-09-02T18:36:18.670118+00:00,2026-09-02T18:36:20+00:00,2026-09-02T18:36:20+00:00,bcycle_lametro_4566,10,4,,1,1,1
2026-09-02T18:36:18.670118+00:00,2026-09-02T18:36:20+00:00,2026-09-02T18:36:20+00:00,bcycle_lametro_4567,7,4,,1,1,1
2026-09-02T18:36:18.670118+00:00,2026-09-02T18:36:20+00:00,2026-09-02T18:36:20+00:00,bcycle_lametro_4568,3,11,,1,1,1
2026-09-02T18:36:18.670118+00:00,2026-09-02T18:36:20+00:00,2026-09-02T18:36:20+00:00,bcycle_lametro_4569,1,8,,1,1,1
2026-09-02T18:36:18.670118+00:00,2026-09-02T18:36:20+00:00,2026-09-02T18:36:20+00:00,bcycle_lametro_4570,6,9,,1,1,1
2026-09-02T18:36:18.670118+00:00,2026-09-02T18:36:20+00:00,2026-09-02T18:36:20+00:00,bcycle_lametro_4571,3,4,,1,1,1
2026-09-02T18:36:18.670118+00:00,2026-09-02T18:36:20+00:00,2026-09-02T18:36:20+00:00,bcycle_lametro_4575,4,7,,1,1,1
2026-09-02T18:36:18.670118+00:00,2026-09-02T18:36:20+00:00,2026-09-02T18:36:20+00:00,bcycle_lametro_4576,10,1,,1,1,1
2026-09-02T18:36:18.670118+00:00,2026-09-02T18:36:20+00:00,2026-09-02T18:36:20+00:00,bcycle_lametro_4578,4,3,,1,1,1
2026-09-02T18:36:18.670118+00:00,2026-09-02T18:36:20+00:00,2026-09-02T18:36:20+00:00,bcycle_lametro_4579,6,6,,1,1,1
2026-09-02T18:36:18.670118+00:00,2026-09-02T18:36:20+00:00,2026-09-02T18:36:20+00:00,bcycle_lametro_4580,3,5,,1,1,1
2026-09-02T18:36:18.670118+00:00,2026-09-02T18:36:20+00:00,2026-09-02T18:36:20+00:00,bcycle_lametro_4581,8,9,,1,1,1
2026-09-02T18:36:18.670118+00:00,2026-09-02T18:36:20+00:00,2026-09-02T18:36:20+00:00,bcycle_lametro_4583,9,9,,1,1,1
2026-09-02T18:36:18.670118+00:00,2026-09-02T18:36:20+00:00,2026-09-02T18:36:20+00:00,bcycle_lametro_4584,10,3,,1,1,1
2026-09-02T18:36:18.670118+00:00,2026-09-02T18:36:20+00:00,2026-09-02T18:36:20+00:00,bcycle_lametro_4587,3,8,,1,1,1
2026-09-02T18:36:18.670118+00:00,2026-09-02T18:36:20+00:00,2026-09-02T18:36:20+00:00,bcycle_lametro_4596,9,6,,1,1,1
2026-09-02T18:36:18.670118+00:00,2026-09-02T18:36:20+00:00,2026-09-02T18:36:20+00:00,bcycle_lametro_4597,3,8,,1,1,1
2026-09-02T18:36:18.670118+00:00,2026-09-02T18:36:20+00:00,2026-09-02T18:36:20+00:00,bcycle_lametro_4598,7,2,,1,1,1
2026-09-02T18:36:18.670118+00:00,2026-09-02T18:36:20+00:00,2026-09-02T18:36:20+00:00,bcycle_lametro_4599,6,6,,1,1,1
2026-09-02T18:36:18.670118+00:00,2026-09-02T18:36:20+00:00,2026-09-02T18:36:20+00:00,bcycle_lametro_4600,6,4,,1,1,1
2026-09-02T18:36:18.670118+00:00,2026-09-02T18:36:20+00:00,2026-09-02T18:36:20+00:00,bcycle_lametro_4601,6,5,,1,1,1
2026-09-02T18:36:18.670118+00:00,2026-09-02T18:36:20+00:00,2026-09-02T18:36:20+00:00,bcycle_lametro_4603,6,12,,1,1,1
2026-09-02T18:36:18.670118+00:00,2026-09-02T18:36:20+00:00,2026-09-02T18:36:20+00:00,bcycle_lametro_4604,7,5,,1,1,1
2026-09-02T18:36:18.670118+00:00,2026-09-02T18:36:20+00:00,2026-09-02T18:36:20+00:00,bcycle_lametro_4605,5,8,,1,1,1
2026-09-02T18:36:18.670118+00:00,2026-09-02T18:36:20+00:00,2026-09-02T18:36:20+00:00,bcycle_lametro_4606,3,17,,1,1,1
2026-09-02T18:36:18.670118+00:00,2026-09-02T18:36:20+00:00,2026-09-02T18:36:20+00:00,bcycle_lametro_4613,9,10,,1,1,1
2026-09-02T18:36:18.670118+00:00,2026-09-02T18:36:20+00:00,2026-09-02T18:36:20+00:00,bcycle_lametro_4614,5,15,,1,1,1
2026-09-02T18:36:18.670118+00:00,2026-09-02T18:36:20+00:00,2026-09-02T18:36:20+00:00,bcycle_lametro_4627,4,12,,1,1,1
2026-09-02T18:36:18.670118+00:00,2026-09-02T18:36:20+00:00,2026-09-02T18:36:20+00:00,bcycle_lametro_4628,11,2,,1,1,1
2026-09-02T18:36:18.670118+00:00,2026-09-02T18:36:20+00:00,2026-09-02T18:36:20+00:00,bcycle_lametro_4632,14,1,,1,1,1
2026-09-02T18:36:18.670118+00:00,2026-09-02T18:36:20+00:00,2026-09-02T18:36:20+00:00,bcycle_lametro_4643,4,16,,1,1,1
2026-09-02T18:36:18.670118+00:00,2026-09-02T18:36:20+00:00,2026-09-02T18:36:20+00:00,bcycle_lametro_4644,7,5,,1,1,1
2026-09-02T18:36:18.670118+00:00,2026-09-02T18:36:20+00:00,2026-09-02T18:36:20+00:00,bcycle_lametro_4645,7,5,,1,1,1
2026-09-02T18:36:18.670118+00:00,2026-09-02T18:36:20+00:00,2026-09-02T18:36:20+00:00,bcycle_lametro_4652,7,4,,1,1,1
2026-09-02T18:36:18.670118+00:00,2026-09-02T18:36:20+00:00,2026-09-02T18:36:20+00:00,bcycle_lametro_4660,7,10,,1,1,1
2026-09-02T18:36:18.670118+00:00,2026-09-02T18:36:20+00:00,2026-09-02T18:36:20+00:00,bcycle_lametro_4664,8,12,,1,1,1
2026-09-02T18:36:18.670118+00:00,2026-09-02T18:36:20+00:00,2026-09-02T18:36:20+00:00,bcycle_lametro_4672,6,9,,1,1,1
2026-09-02T18:36:18.670118+00:00,2026-09-02T18:36:20+00:00,2026-09-02T18:36:20+00:00,bcycle_lametro_4680,12,6,,1,1,1
2026-09-02T18:36:18.670118+00:00,2026-09-02T18:36:20+00:00,2026-09-02T18:36:20+00:00,bcycle_lametro_4689,5,10,,1,1,1
2026-09-02T18:36:18.670118+00:00,2026-09-02T18:36:20+00:00,2026-09-02T18:36:20+00:00,bcycle_lametro_4690,7,7,,1,1,1
2026-09-02T18:36:18.670118+00:00,2026-09-02T18:36:20+00:00,2026-09-02T18:36:20+00:00,bcycle_lametro_4696,11,3,,1,1,1
2026-09-02T18:36:18.670118+00:00,2026-09-02T18:36:20+00:00,2026-09-02T18:36:20+00:00,bcycle_lametro_4697,2,13,,1,1,1
2026-09-02T18:36:18.670118+00:00,2026-09-02T18:36:20+00:00,2026-09-02T18:36:20+00:00,bcycle_lametro_4698,3,10,,0,0,1
2026-09-02T18:36:18.670118+00:00,2026-09-02T18:36:20+00:00,2026-09-02T18:36:20+00:00,bcycle_lametro_4699,6,9,,1,1,1
2026-09-02T18:36:18.670118+00:00,2026-09-02T18:36:20+00:00,2026-09-02T18:36:20+00:00,bcycle_lametro_4700,16,1,,1,1,1
2026-09-02T18:36:18.670118+00:00,2026-09-02T18:36:20+00:00,2026-09-02T18:36:20+00:00,bcycle_lametro_4707,8,5,,1,1,1
2026-09-02T18:36:18.670118+00:00,2026-09-02T18:36:20+00:00,2026-09-02T18:36:20+00:00,bcycle_lametro_4729,4,9,,1,1,1
2026-09-02T18:36:18.670118+00:00,2026-09-02T18:36:20+00:00,2026-09-02T18:36:20+00:00,bcycle_lametro_4730,11,2,,1,1,1
2026-09-02T18:36:18.670118+00:00,2026-09-02T18:36:20+00:00,2026-09-02T18:36:20+00:00,bcycle_lametro_4732,6,15,,1,1,1
2026-09-02T18:36:18.670118+00:00,2026-09-02T18:36:20+00:00,2026-09-02T18:36:20+00:00,bcycle_lametro_4733,1,22,,1,1,1
2026-09-02T18:36:18.670118+00:00,2026-09-02T18:36:20+00:00,2026-09-02T18:36:20+00:00,bcycle_lametro_4734,9,6,,1,1,1
2026-09-02T18:36:18.670118+00:00,2026-09-02T18:36:20+00:00,2026-09-02T18:36:20+00:00,bcycle_lametro_4735,8,4,,1,1,1
2026-09-02T18:36:18.670118+00:00,2026-09-02T18:36:20+00:00,2026-09-02T18:36:20+00:00,bcycle_lametro_4736,12,3,,1,1,1
2026-09-02T18:36:18.670118+00:00,2026-09-02T18:36:20+00:00,2026-09-02T18:36:20+00:00,bcycle_lametro_4740,16,6,,1,1,1
2026-09-02T18:36:18.670118+00:00,2026-09-02T18:36:20+00:00,2026-09-02T18:36:20+00:00,bcycle_lametro_4745,4,7,,1,1,1
2026-09-02T21:16:52.251481+00:00,2026-09-02T21:16:11+00:00,2026-09-02T21:16:11+00:00,bcycle_lametro_3005,2,28,,1,1,1
2026-09-02T21:16:52.251481+00:00,2026-09-02T21:16:11+00:00,2026-09-02T21:16:11+00:00,bcycle_lametro_3006,6,22,,1,1,1
2026-09-02T21:16:52.251481+00:00,2026-09-02T21:16:11+00:00,2026-09-02T21:16:11+00:00,bcycle_lametro_3007,5,12,,1,1,1
2026-09-02T21:16:52.251481+00:00,2026-09-02T21:16:11+00:00,2026-09-02T21:16:11+00:00,bcycle_lametro_3008,6,6,,1,1,1
2026-09-02T21:16:52.251481+00:00,2026-09-02T21:16:11+00:00,2026-09-02T21:16:11+00:00,bcycle_lametro_3010,9,5,,1,1,1
2026-09-02T21:16:52.251481+00:00,2026-09-02T21:16:11+00:00,2026-09-02T21:16:11+00:00,bcycle_lametro_3011,3,13,,1,1,1
2026-09-02T21:16:52.251481+00:00,2026-09-02T21:16:11+00:00,2026-09-02T21:16:11+00:00,bcycle_lametro_3014,5,23,,1,1,1
2026-09-02T21:16:52.251481+00:00,2026-09-02T21:16:11+00:00,2026-09-02T21:16:11+00:00,bcycle_lametro_3016,10,5,,1,1,1
2026-09-02T21:16:52.251481+00:00,2026-09-02T21:16:11+00:00,2026-09-02T21:16:11+00:00,bcycle_lametro_3018,14,4,,1,1,1
2026-09-02T21:16:52.251481+00:00,2026-09-02T21:16:11+00:00,2026-09-02T21:16:11+00:00,bcycle_lametro_3019,7,12,,1,1,1
2026-09-02T21:16:52.251481+00:00,2026-09-02T21:16:11+00:00,2026-09-02T21:16:11+00:00,bcycle_lametro_3020,5,10,,1,1,1
2026-09-02T21:16:52.251481+00:00,2026-09-02T21:16:11+00:00,2026-09-02T21:16:11+00:00,bcycle_lametro_3022,9,11,,1,1,1
2026-09-02T21:16:52.251481+00:00,2026-09-02T21:16:11+00:00,2026-09-02T21:16:11+00:00,bcycle_lametro_3024,5,10,,1,1,1
2026-09-02T21:16:52.251481+00:00,2026-09-02T21:16:11+00:00,2026-09-02T21:16:11+00:00,bcycle_lametro_3025,6,8,,1,1,1
2026-09-02T21:16:52.251481+00:00,2026-09-02T21:16:11+00:00,2026-09-02T21:16:11+00:00,bcycle_lametro_3026,7,8,,1,1,1
2026-09-02T21:16:52.251481+00:00,2026-09-02T21:16:11+00:00,2026-09-02T21:16:11+00:00,bcycle_lametro_3027,4,11,,1,1,1
2026-09-02T21:16:52.251481+00:00,2026-09-02T21:16:11+00:00,2026-09-02T21:16:11+00:00,bcycle_lametro_3030,16,13,,1,1,1
2026-09-02T21:16:52.251481+00:00,2026-09-02T21:16:11+00:00,2026-09-02T21:16:11+00:00,bcycle_lametro_3032,24,2,,1,1,1
2026-09-02T21:16:52.251481+00:00,2026-09-02T21:16:11+00:00,2026-09-02T21:16:11+00:00,bcycle_lametro_3033,2,10,,1,1,1
2026-09-02T21:16:52.251481+00:00,2026-09-02T21:16:11+00:00,2026-09-02T21:16:11+00:00,bcycle_lametro_3034,12,10,,1,1,1
2026-09-02T21:16:52.251481+00:00,2026-09-02T21:16:11+00:00,2026-09-02T21:16:11+00:00,bcycle_lametro_3035,11,12,,1,1,1
2026-09-02T21:16:52.251481+00:00,2026-09-02T21:16:11+00:00,2026-09-02T21:16:11+00:00,bcycle_lametro_3036,7,8,,1,1,1
2026-09-02T21:16:52.251481+00:00,2026-09-02T21:16:11+00:00,2026-09-02T21:16:11+00:00,bcycle_lametro_3037,7,11,,1,1,1
2026-09-02T21:16:52.251481+00:00,2026-09-02T21:16:11+00:00,2026-09-02T21:16:11+00:00,bcycle_lametro_3040,1,2,,1,1,1
2026-09-02T21:16:52.251481+00:00,2026-09-02T21:16:11+00:00,2026-09-02T21:16:11+00:00,bcycle_lametro_3042,6,22,,1,1,1
2026-09-02T21:16:52.251481+00:00,2026-09-02T21:16:11+00:00,2026-09-02T21:16:11+00:00,bcycle_lametro_3045,5,5,,1,1,1
2026-09-02T21:16:52.251481+00:00,2026-09-02T21:16:11+00:00,2026-09-02T21:16:11+00:00,bcycle_lametro_3046,4,13,,1,1,1
2026-09-02T21:16:52.251481+00:00,2026-09-02T21:16:11+00:00,2026-09-02T21:16:11+00:00,bcycle_lametro_3047,21,11,,1,1,1
2026-09-02T21:16:52.251481+00:00,2026-09-02T21:16:11+00:00,2026-09-02T21:16:11+00:00,bcycle_lametro_3048,12,4,,1,1,1
2026-09-02T21:16:52.251481+00:00,2026-09-02T21:16:11+00:00,2026-09-02T21:16:11+00:00,bcycle_lametro_3052,2,15,,1,1,1
2026-09-02T21:16:52.251481+00:00,2026-09-02T21:16:11+00:00,2026-09-02T21:16:11+00:00,bcycle_lametro_3054,2,13,,1,1,1
2026-09-02T21:16:52.251481+00:00,2026-09-02T21:16:11+00:00,2026-09-02T21:16:11+00:00,bcycle_lametro_3056,9,3,,1,1,1
2026-09-02T21:16:52.251481+00:00,2026-09-02T21:16:11+00:00,2026-09-02T21:16:11+00:00,bcycle_lametro_3058,6,9,,1,1,1
2026-09-02T21:16:52.251481+00:00,2026-09-02T21:16:11+00:00,2026-09-02T21:16:11+00:00,bcycle_lametro_3062,7,5,,1,1,1
2026-09-02T21:16:52.251481+00:00,2026-09-02T21:16:11+00:00,2026-09-02T21:16:11+00:00,bcycle_lametro_3063,0,22,,0,0,1
2026-09-02T21:16:52.251481+00:00,2026-09-02T21:16:11+00:00,2026-09-02T21:16:11+00:00,bcycle_lametro_3064,5,12,,1,1,1
2026-09-02T21:16:52.251481+00:00,2026-09-02T21:16:11+00:00,2026-09-02T21:16:11+00:00,bcycle_lametro_3065,5,10,,1,1,1
2026-09-02T21:16:52.251481+00:00,2026-09-02T21:16:11+00:00,2026-09-02T21:16:11+00:00,bcycle_lametro_3066,5,10,,1,1,1
2026-09-02T21:16:52.251481+00:00,2026-09-02T21:16:11+00:00,2026-09-02T21:16:11+00:00,bcycle_lametro_3068,3,11,,1,1,1
2026-09-02T21:16:52.251481+00:00,2026-09-02T21:16:11+00:00,2026-09-02T21:16:11+00:00,bcycle_lametro_3069,8,9,,1,1,1
2026-09-02T21:16:52.251481+00:00,2026-09-02T21:16:11+00:00,2026-09-02T21:16:11+00:00,bcycle_lametro_3074,13,9,,1,1,1
2026-09-02T21:16:52.251481+00:00,2026-09-02T21:16:11+00:00,2026-09-02T21:16:11+00:00,bcycle_lametro_3075,8,6,,1,1,1
2026-09-02T21:16:52.251481+00:00,2026-09-02T21:16:11+00:00,2026-09-02T21:16:11+00:00,bcycle_lametro_3076,6,5,,1,1,1
2026-09-02T21:16:52.251481+00:00,2026-09-02T21:16:11+00:00,2026-09-02T21:16:11+00:00,bcycle_lametro_3077,5,8,,1,1,1
2026-09-02T21:16:52.251481+00:00,2026-09-02T21:16:11+00:00,2026-09-02T21:16:11+00:00,bcycle_lametro_3078,9,6,,1,1,1
2026-09-02T21:16:52.251481+00:00,2026-09-02T21:16:11+00:00,2026-09-02T21:16:11+00:00,bcycle_lametro_3079,8,5,,1,1,1
2026-09-02T21:16:52.251481+00:00,2026-09-02T21:16:11+00:00,2026-09-02T21:16:11+00:00,bcycle_lametro_3081,10,2,,1,1,1
2026-09-02T21:16:52.251481+00:00,2026-09-02T21:16:11+00:00,2026-09-02T21:16:11+00:00,bcycle_lametro_3082,12,13,,1,1,1
2026-09-02T21:16:52.251481+00:00,2026-09-02T21:16:11+00:00,2026-09-02T21:16:11+00:00,bcycle_lametro_4202,6,14,,1,1,1
2026-09-02T21:16:52.251481+00:00,2026-09-02T21:16:11+00:00,2026-09-02T21:16:11+00:00,bcycle_lametro_4204,5,11,,1,1,1
2026-09-02T21:16:52.251481+00:00,2026-09-02T21:16:11+00:00,2026-09-02T21:16:11+00:00,bcycle_lametro_4205,4,12,,1,1,1
2026-09-02T21:16:52.251481+00:00,2026-09-02T21:16:11+00:00,2026-09-02T21:16:11+00:00,bcycle_lametro_4206,15,13,,1,1,1
2026-09-02T21:16:52.251481+00:00,2026-09-02T21:16:11+00:00,2026-09-02T21:16:11+00:00,bcycle_lametro_4207,15,4,,1,1,1
2026-09-02T21:16:52.251481+00:00,2026-09-02T21:16:11+00:00,2026-09-02T21:16:11+00:00,bcycle_lametro_4208,3,14,,1,1,1
2026-09-02T21:16:52.251481+00:00,2026-09-02T21:16:11+00:00,2026-09-02T21:16:11+00:00,bcycle_lametro_4209,3,20,,1,1,1
2026-09-02T21:16:52.251481+00:00,2026-09-02T21:16:11+00:00,2026-09-02T21:16:11+00:00,bcycle_lametro_4210,3,12,,1,1,1
2026-09-02T21:16:52.251481+00:00,2026-09-02T21:16:11+00:00,2026-09-02T21:16:11+00:00,bcycle_lametro_4211,6,8,,1,1,1
2026-09-02T21:16:52.251481+00:00,2026-09-02T21:16:11+00:00,2026-09-02T21:16:11+00:00,bcycle_lametro_4212,7,14,,1,1,1
2026-09-02T21:16:52.251481+00:00,2026-09-02T21:16:11+00:00,2026-09-02T21:16:11+00:00,bcycle_lametro_4213,8,7,,1,1,1
2026-09-02T21:16:52.251481+00:00,2026-09-02T21:16:11+00:00,2026-09-02T21:16:11+00:00,bcycle_lametro_4214,3,23,,1,1,1
2026-09-02T21:16:52.251481+00:00,2026-09-02T21:16:11+00:00,2026-09-02T21:16:11+00:00,bcycle_lametro_4215,26,14,,1,1,1
2026-09-02T21:16:52.251481+00:00,2026-09-02T21:16:11+00:00,2026-09-02T21:16:11+00:00,bcycle_lametro_4216,8,11,,1,1,1
2026-09-02T21:16:52.251481+00:00,2026-09-02T21:16:11+00:00,2026-09-02T21:16:11+00:00,bcycle_lametro_4217,6,5,,1,1,1
2026-09-02T21:16:52.251481+00:00,2026-09-02T21:16:11+00:00,2026-09-02T21:16:11+00:00,bcycle_lametro_4220,3,12,,1,1,1
2026-09-02T21:16:52.251481+00:00,2026-09-02T21:16:11+00:00,2026-09-02T21:16:11+00:00,bcycle_lametro_4227,5,11,,1,1,1
2026-09-02T21:16:52.251481+00:00,2026-09-02T21:16:11+00:00,2026-09-02T21:16:11+00:00,bcycle_lametro_4245,9,5,,1,1,1
2026-09-02T21:16:52.251481+00:00,2026-09-02T21:16:11+00:00,2026-09-02T21:16:11+00:00,bcycle_lametro_4246,7,7,,1,1,1
2026-09-02T21:16:52.251481+00:00,2026-09-02T21:16:11+00:00,2026-09-02T21:16:11+00:00,bcycle_lametro_4247,2,5,,1,1,1
2026-09-02T21:16:52.251481+00:00,2026-09-02T21:16:11+00:00,2026-09-02T21:16:11+00:00,bcycle_lametro_4248,3,16,,1,1,1
2026-09-02T21:16:52.251481+00:00,2026-09-02T21:16:11+00:00,2026-09-02T21:16:11+00:00,bcycle_lametro_4249,9,6,,1,1,1
2026-09-02T21:16:52.251481+00:00,2026-09-02T21:16:11+00:00,2026-09-02T21:16:11+00:00,bcycle_lametro_4250,9,6,,1,1,1
2026-09-02T21:16:52.251481+00:00,2026-09-02T21:16:11+00:00,2026-09-02T21:16:11+00:00,bcycle_lametro_4254,2,13,,1,1,1
2026-09-02T21:16:52.251481+00:00,2026-09-02T21:16:11+00:00,2026-09-02T21:16:11+00:00,bcycle_lametro_4255,4,6,,1,1,1
2026-09-02T21:16:52.251481+00:00,2026-09-02T21:16:11+00:00,2026-09-02T21:16:11+00:00,bcycle_lametro_4266,3,12,,1,1,1
2026-09-02T21:16:52.251481+00:00,2026-09-02T21:16:11+00:00,2026-09-02T21:16:11+00:00,bcycle_lametro_4267,3,6,,1,1,1
2026-09-02T21:16:52.251481+00:00,2026-09-02T21:16:11+00:00,2026-09-02T21:16:11+00:00,bcycle_lametro_4273,8,5,,1,1,1
2026-09-02T21:16:52.251481+00:00,2026-09-02T21:16:11+00:00,2026-09-02T21:16:11+00:00,bcycle_lametro_4275,7,8,,1,1,1
2026-09-02T21:16:52.251481+00:00,2026-09-02T21:16:11+00:00,2026-09-02T21:16:11+00:00,bcycle_lametro_4293,2,8,,1,1,1
2026-09-02T21:16:52.251481+00:00,2026-09-02T21:16:11+00:00,2026-09-02T21:16:11+00:00,bcycle_lametro_4300,4,9,,1,1,1
2026-09-02T21:16:52.251481+00:00,2026-09-02T21:16:11+00:00,2026-09-02T21:16:11+00:00,bcycle_lametro_4301,6,2,,1,1,1
2026-09-02T21:16:52.251481+00:00,2026-09-02T21:16:11+00:00,2026-09-02T21:16:11+00:00,bcycle_lametro_4303,6,4,,1,1,1
2026-09-02T21:16:52.251481+00:00,2026-09-02T21:16:11+00:00,2026-09-02T21:16:11+00:00,bcycle_lametro_4304,2,8,,1,1,1
2026-09-02T21:16:52.251481+00:00,2026-09-02T21:16:11+00:00,2026-09-02T21:16:11+00:00,bcycle_lametro_4306,3,10,,1,1,1
2026-09-02T21:16:52.251481+00:00,2026-09-02T21:16:11+00:00,2026-09-02T21:16:11+00:00,bcycle_lametro_4311,6,6,,1,1,1
2026-09-02T21:16:52.251481+00:00,2026-09-02T21:16:11+00:00,2026-09-02T21:16:11+00:00,bcycle_lametro_4312,7,6,,1,1,1
2026-09-02T21:16:52.251481+00:00,2026-09-02T21:16:11+00:00,2026-09-02T21:16:11+00:00,bcycle_lametro_4313,9,3,,1,1,1
2026-09-02T21:16:52.251481+00:00,2026-09-02T21:16:11+00:00,2026-09-02T21:16:11+00:00,bcycle_lametro_4314,4,11,,1,1,1
2026-09-02T21:16:52.251481+00:00,2026-09-02T21:16:11+00:00,2026-09-02T21:16:11+00:00,bcycle_lametro_4315,3,3,,1,1,1
2026-09-02T21:16:52.251481+00:00,2026-09-02T21:16:11+00:00,2026-09-02T21:16:11+00:00,bcycle_lametro_4387,10,6,,1,1,1
2026-09-02T21:16:52.251481+00:00,2026-09-02T21:16:11+00:00,2026-09-02T21:16:11+00:00,bcycle_lametro_4390,4,8,,1,1,1
2026-09-02T21:16:52.251481+00:00,2026-09-02T21:16:11+00:00,2026-09-02T21:16:11+00:00,bcycle_lametro_4401,6,4,,1,1,1
2026-09-02T21:16:52.251481+00:00,2026-09-02T21:16:11+00:00,2026-09-02T21:16:11+00:00,bcycle_lametro_4404,7,8,,1,1,1
2026-09-02T21:16:52.251481+00:00,2026-09-02T21:16:11+00:00,2026-09-02T21:16:11+00:00,bcycle_lametro_4405,2,10,,1,1,1
2026-09-02T21:16:52.251481+00:00,2026-09-02T21:16:11+00:00,2026-09-02T21:16:11+00:00,bcycle_lametro_4406,4,10,,1,1,1
2026-09-02T21:16:52.251481+00:00,2026-09-02T21:16:11+00:00,2026-09-02T21:16:11+00:00,bcycle_lametro_4410,6,5,,1,1,1
2026-09-02T21:16:52.251481+00:00,2026-09-02T21:16:11+00:00,2026-09-02T21:16:11+00:00,bcycle_lametro_4436,5,4,,1,1,1
2026-09-02T21:16:52.251481+00:00,2026-09-02T21:16:11+00:00,2026-09-02T21:16:11+00:00,bcycle_lametro_4437,5,8,,1,1,1
2026-09-02T21:16:52.251481+00:00,2026-09-02T21:16:11+00:00,2026-09-02T21:16:11+00:00,bcycle_lametro_4440,4,10,,1,1,1
2026-09-02T21:16:52.251481+00:00,2026-09-02T21:16:11+00:00,2026-09-02T21:16:11+00:00,bcycle_lametro_4441,2,5,,1,1,1
2026-09-02T21:16:52.251481+00:00,2026-09-02T21:16:11+00:00,2026-09-02T21:16:11+00:00,bcycle_lametro_4442,3,9,,1,1,1
2026-09-02T21:16:52.251481+00:00,2026-09-02T21:16:11+00:00,2026-09-02T21:16:11+00:00,bcycle_lametro_4443,2,5,,1,1,1
2026-09-02T21:16:52.251481+00:00,2026-09-02T21:16:11+00:00,2026-09-02T21:16:11+00:00,bcycle_lametro_4444,3,6,,1,1,1
2026-09-02T21:16:52.251481+00:00,2026-09-02T21:16:11+00:00,2026-09-02T21:16:11+00:00,bcycle_lametro_4445,7,8,,1,1,1
2026-09-02T21:16:52.251481+00:00,2026-09-02T21:16:11+00:00,2026-09-02T21:16:11+00:00,bcycle_lametro_4446,1,7,,1,1,1
2026-09-02T21:16:52.251481+00:00,2026-09-02T21:16:11+00:00,2026-09-02T21:16:11+00:00,bcycle_lametro_4447,9,3,,1,1,1
2026-09-02T21:16:52.251481+00:00,2026-09-02T21:16:11+00:00,2026-09-02T21:16:11+00:00,bcycle_lametro_4448,9,9,,1,1,1
2026-09-02T21:16:52.251481+00:00,2026-09-02T21:16:11+00:00,2026-09-02T21:16:11+00:00,bcycle_lametro_4449,3,10,,1,1,1
2026-09-02T21:16:52.251481+00:00,2026-09-02T21:16:11+00:00,2026-09-02T21:16:11+00:00,bcycle_lametro_4450,5,9,,1,1,1
2026-09-02T21:16:52.251481+00:00,2026-09-02T21:16:11+00:00,2026-09-02T21:16:11+00:00,bcycle_lametro_4451,7,2,,1,1,1
2026-09-02T21:16:52.251481+00:00,2026-09-02T21:16:11+00:00,2026-09-02T21:16:11+00:00,bcycle_lametro_4452,1,9,,1,1,1
2026-09-02T21:16:52.251481+00:00,2026-09-02T21:16:11+00:00,2026-09-02T21:16:11+00:00,bcycle_lametro_4453,3,7,,1,1,1
2026-09-02T21:16:52.251481+00:00,2026-09-02T21:16:11+00:00,2026-09-02T21:16:11+00:00,bcycle_lametro_4454,9,5,,1,1,1
2026-09-02T21:16:52.251481+00:00,2026-09-02T21:16:11+00:00,2026-09-02T21:16:11+00:00,bcycle_lametro_4455,1,13,,1,1,1
2026-09-02T21:16:52.251481+00:00,2026-09-02T21:16:11+00:00,2026-09-02T21:16:11+00:00,bcycle_lametro_4456,7,8,,1,1,1
2026-09-02T21:16:52.251481+00:00,2026-09-02T21:16:11+00:00,2026-09-02T21:16:11+00:00,bcycle_lametro_4457,5,3,,1,1,1
2026-09-02T21:16:52.251481+00:00,2026-09-02T21:16:11+00:00,2026-09-02T21:16:11+00:00,bcycle_lametro_4472,5,9,,1,1,1
2026-09-02T21:16:52.251481+00:00,2026-09-02T21:16:11+00:00,2026-09-02T21:16:11+00:00,bcycle_lametro_4473,4,4,,1,1,1
2026-09-02T21:16:52.251481+00:00,2026-09-02T21:16:11+00:00,2026-09-02T21:16:11+00:00,bcycle_lametro_4474,0,10,,1,1,1
2026-09-02T21:16:52.251481+00:00,2026-09-02T21:16:11+00:00,2026-09-02T21:16:11+00:00,bcycle_lametro_4475,5,6,,1,1,1
2026-09-02T21:16:52.251481+00:00,2026-09-02T21:16:11+00:00,2026-09-02T21:16:11+00:00,bcycle_lametro_4476,7,7,,1,1,1
2026-09-02T21:16:52.251481+00:00,2026-09-02T21:16:11+00:00,2026-09-02T21:16:11+00:00,bcycle_lametro_4477,3,10,,1,1,1
2026-09-02T21:16:52.251481+00:00,2026-09-02T21:16:11+00:00,2026-09-02T21:16:11+00:00,bcycle_lametro_4479,9,2,,1,1,1
2026-09-02T21:16:52.251481+00:00,2026-09-02T21:16:11+00:00,2026-09-02T21:16:11+00:00,bcycle_lametro_4483,4,8,,1,1,1
2026-09-02T21:16:52.251481+00:00,2026-09-02T21:16:11+00:00,2026-09-02T21:16:11+00:00,bcycle_lametro_4487,5,11,,1,1,1
2026-09-02T21:16:52.251481+00:00,2026-09-02T21:16:11+00:00,2026-09-02T21:16:11+00:00,bcycle_lametro_4490,4,10,,1,1,1
2026-09-02T21:16:52.251481+00:00,2026-09-02T21:16:11+00:00,2026-09-02T21:16:11+00:00,bcycle_lametro_4491,7,6,,1,1,1
2026-09-02T21:16:52.251481+00:00,2026-09-02T21:16:11+00:00,2026-09-02T21:16:11+00:00,bcycle_lametro_4492,8,11,,1,1,1
2026-09-02T21:16:52.251481+00:00,2026-09-02T21:16:11+00:00,2026-09-02T21:16:11+00:00,bcycle_lametro_4493,11,5,,1,1,1
2026-09-02T21:16:52.251481+00:00,2026-09-02T21:16:11+00:00,2026-09-02T21:16:11+00:00,bcycle_lametro_4494,5,4,,1,1,1
2026-09-02T21:16:52.251481+00:00,2026-09-02T21:16:11+00:00,2026-09-02T21:16:11+00:00,bcycle_lametro_4509,3,7,,1,1,1
2026-09-02T21:16:52.251481+00:00,2026-09-02T21:16:11+00:00,2026-09-02T21:16:11+00:00,bcycle_lametro_4510,7,3,,1,1,1
2026-09-02T21:16:52.251481+00:00,2026-09-02T21:16:11+00:00,2026-09-02T21:16:11+00:00,bcycle_lametro_4511,8,11,,1,1,1
2026-09-02T21:16:52.251481+00:00,2026-09-02T21:16:11+00:00,2026-09-02T21:16:11+00:00,bcycle_lametro_4512,8,8,,1,1,1
2026-09-02T21:16:52.251481+00:00,2026-09-02T21:16:11+00:00,2026-09-02T21:16:11+00:00,bcycle_lametro_4514,7,14,,1,1,1
2026-09-02T21:16:52.251481+00:00,2026-09-02T21:16:11+00:00,2026-09-02T21:16:11+00:00,bcycle_lametro_4515,6,3,,1,1,1
2026-09-02T21:16:52.251481+00:00,2026-09-02T21:16:11+00:00,2026-09-02T21:16:11+00:00,bcycle_lametro_4517,3,8,,1,1,1
2026-09-02T21:16:52.251481+00:00,2026-09-02T21:16:11+00:00,2026-09-02T21:16:11+00:00,bcycle_lametro_4521,10,2,,1,1,1
2026-09-02T21:16:52.251481+00:00,2026-09-02T21:16:11+00:00,2026-09-02T21:16:11+00:00,bcycle_lametro_4523,5,10,,1,1,1
2026-09-02T21:16:52.251481+00:00,2026-09-02T21:16:11+00:00,2026-09-02T21:16:11+00:00,bcycle_lametro_4524,2,12,,1,1,1
2026-09-02T21:16:52.251481+00:00,2026-09-02T21:16:11+00:00,2026-09-02T21:16:11+00:00,bcycle_lametro_4525,2,9,,1,1,1
2026-09-02T21:16:52.251481+00:00,2026-09-02T21:16:11+00:00,2026-09-02T21:16:11+00:00,bcycle_lametro_4526,3,18,,1,1,1
2026-09-02T21:16:52.251481+00:00,2026-09-02T21:16:11+00:00,2026-09-02T21:16:11+00:00,bcycle_lametro_4527,6,8,,1,1,1
2026-09-02T21:16:52.251481+00:00,2026-09-02T21:16:11+00:00,2026-09-02T21:16:11+00:00,bcycle_lametro_4528,9,5,,0,0,1
2026-09-02T21:16:52.251481+00:00,2026-09-02T21:16:11+00:00,2026-09-02T21:16:11+00:00,bcycle_lametro_4529,3,10,,1,1,1
2026-09-02T21:16:52.251481+00:00,2026-09-02T21:16:11+00:00,2026-09-02T21:16:11+00:00,bcycle_lametro_4534,3,11,,1,1,1
2026-09-02T21:16:52.251481+00:00,2026-09-02T21:16:11+00:00,2026-09-02T21:16:11+00:00,bcycle_lametro_4536,5,5,,1,1,1
2026-09-02T21:16:52.251481+00:00,2026-09-02T21:16:11+00:00,2026-09-02T21:16:11+00:00,bcycle_lametro_4537,5,10,,1,1,1
2026-09-02T21:16:52.251481+00:00,2026-09-02T21:16:11+00:00,2026-09-02T21:16:11+00:00,bcycle_lametro_4538,3,4,,1,1,1
2026-09-02T21:16:52.251481+00:00,2026-09-02T21:16:11+00:00,2026-09-02T21:16:11+00:00,bcycle_lametro_4540,5,9,,1,1,1
2026-09-02T21:16:52.251481+00:00,2026-09-02T21:16:11+00:00,2026-09-02T21:16:11+00:00,bcycle_lametro_4543,2,6,,1,1,1
2026-09-02T21:16:52.251481+00:00,2026-09-02T21:16:11+00:00,2026-09-02T21:16:11+00:00,bcycle_lametro_4544,1,13,,1,1,1
2026-09-02T21:16:52.251481+00:00,2026-09-02T21:16:11+00:00,2026-09-02T21:16:11+00:00,bcycle_lametro_4545,4,4,,1,1,1
2026-09-02T21:16:52.251481+00:00,2026-09-02T21:16:11+00:00,2026-09-02T21:16:11+00:00,bcycle_lametro_4546,5,14,,1,1,1
2026-09-02T21:16:52.251481+00:00,2026-09-02T21:16:11+00:00,2026-09-02T21:16:11+00:00,bcycle_lametro_4547,4,6,,1,1,1
2026-09-02T21:16:52.251481+00:00,2026-09-02T21:16:11+00:00,2026-09-02T21:16:11+00:00,bcycle_lametro_4548,7,5,,1,1,1
2026-09-02T21:16:52.251481+00:00,2026-09-02T21:16:11+00:00,2026-09-02T21:16:11+00:00,bcycle_lametro_4549,7,9,,1,1,1
2026-09-02T21:16:52.251481+00:00,2026-09-02T21:16:11+00:00,2026-09-02T21:16:11+00:00,bcycle_lametro_4552,8,4,,1,1,1
2026-09-02T21:16:52.251481+00:00,2026-09-02T21:16:11+00:00,2026-09-02T21:16:11+00:00,bcycle_lametro_4553,3,6,,1,1,1
2026-09-02T21:16:52.251481+00:00,2026-09-02T21:16:11+00:00,2026-09-02T21:16:11+00:00,bcycle_lametro_4554,6,5,,1,1,1
2026-09-02T21:16:52.251481+00:00,2026-09-02T21:16:11+00:00,2026-09-02T21:16:11+00:00,bcycle_lametro_4555,5,3,,1,1,1
2026-09-02T21:16:52.251481+00:00,2026-09-02T21:16:11+00:00,2026-09-02T21:16:11+00:00,bcycle_lametro_4556,5,8,,1,1,1
2026-09-02T21:16:52.251481+00:00,2026-09-02T21:16:11+00:00,2026-09-02T21:16:11+00:00,bcycle_lametro_4557,8,3,,1,1,1
2026-09-02T21:16:52.251481+00:00,2026-09-02T21:16:11+00:00,2026-09-02T21:16:11+00:00,bcycle_lametro_4558,5,11,,1,1,1
2026-09-02T21:16:52.251481+00:00,2026-09-02T21:16:11+00:00,2026-09-02T21:16:11+00:00,bcycle_lametro_4561,4,5,,1,1,1
2026-09-02T21:16:52.251481+00:00,2026-09-02T21:16:11+00:00,2026-09-02T21:16:11+00:00,bcycle_lametro_4562,9,5,,1,1,1
2026-09-02T21:16:52.251481+00:00,2026-09-02T21:16:11+00:00,2026-09-02T21:16:11+00:00,bcycle_lametro_4563,6,2,,1,1,1
2026-09-02T21:16:52.251481+00:00,2026-09-02T21:16:11+00:00,2026-09-02T21:16:11+00:00,bcycle_lametro_4564,7,8,,1,1,1
2026-09-02T21:16:52.251481+00:00,2026-09-02T21:16:11+00:00,2026-09-02T21:16:11+00:00,bcycle_lametro_4565,4,8,,1,1,1
2026-09-02T21:16:52.251481+00:00,2026-09-02T21:16:11+00:00,2026-09-02T21:16:11+00:00,bcycle_lametro_4566,9,5,,1,1,1
2026-09-02T21:16:52.251481+00:00,2026-09-02T21:16:11+00:00,2026-09-02T21:16:11+00:00,bcycle_lametro_4567,7,4,,1,1,1
2026-09-02T21:16:52.251481+00:00,2026-09-02T21:16:11+00:00,2026-09-02T21:16:11+00:00,bcycle_lametro_4568,5,9,,1,1,1
2026-09-02T21:16:52.251481+00:00,2026-09-02T21:16:11+00:00,2026-09-02T21:16:11+00:00,bcycle_lametro_4569,1,8,,1,1,1
2026-09-02T21:16:52.251481+00:00,2026-09-02T21:16:11+00:00,2026-09-02T21:16:11+00:00,bcycle_lametro_4570,6,9,,1,1,1
2026-09-02T21:16:52.251481+00:00,2026-09-02T21:16:11+00:00,2026-09-02T21:16:11+00:00,bcycle_lametro_4571,3,4,,1,1,1
2026-09-02T21:16:52.251481+00:00,2026-09-02T21:16:11+00:00,2026-09-02T21:16:11+00:00,bcycle_lametro_4575,4,7,,1,1,1
2026-09-02T21:16:52.251481+00:00,2026-09-02T21:16:11+00:00,2026-09-02T21:16:11+00:00,bcycle_lametro_4576,4,7,,1,1,1
2026-09-02T21:16:52.251481+00:00,2026-09-02T21:16:11+00:00,2026-09-02T21:16:11+00:00,bcycle_lametro_4578,4,3,,1,1,1
2026-09-02T21:16:52.251481+00:00,2026-09-02T21:16:11+00:00,2026-09-02T21:16:11+00:00,bcycle_lametro_4579,7,5,,1,1,1
2026-09-02T21:16:52.251481+00:00,2026-09-02T21:16:11+00:00,2026-09-02T21:16:11+00:00,bcycle_lametro_4580,2,6,,1,1,1
2026-09-02T21:16:52.251481+00:00,2026-09-02T21:16:11+00:00,2026-09-02T21:16:11+00:00,bcycle_lametro_4581,9,8,,1,1,1
2026-09-02T21:16:52.251481+00:00,2026-09-02T21:16:11+00:00,2026-09-02T21:16:11+00:00,bcycle_lametro_4583,9,9,,1,1,1
2026-09-02T21:16:52.251481+00:00,2026-09-02T21:16:11+00:00,2026-09-02T21:16:11+00:00,bcycle_lametro_4584,10,3,,1,1,1
2026-09-02T21:16:52.251481+00:00,2026-09-02T21:16:11+00:00,2026-09-02T21:16:11+00:00,bcycle_lametro_4587,3,8,,1,1,1
2026-09-02T21:16:52.251481+00:00,2026-09-02T21:16:11+00:00,2026-09-02T21:16:11+00:00,bcycle_lametro_4596,9,6,,1,1,1
2026-09-02T21:16:52.251481+00:00,2026-09-02T21:16:11+00:00,2026-09-02T21:16:11+00:00,bcycle_lametro_4597,3,8,,1,1,1
2026-09-02T21:16:52.251481+00:00,2026-09-02T21:16:11+00:00,2026-09-02T21:16:11+00:00,bcycle_lametro_4598,7,2,,1,1,1
2026-09-02T21:16:52.251481+00:00,2026-09-02T21:16:11+00:00,2026-09-02T21:16:11+00:00,bcycle_lametro_4599,6,6,,1,1,1
2026-09-02T21:16:52.251481+00:00,2026-09-02T21:16:11+00:00,2026-09-02T21:16:11+00:00,bcycle_lametro_4600,6,4,,1,1,1
2026-09-02T21:16:52.251481+00:00,2026-09-02T21:16:11+00:00,2026-09-02T21:16:11+00:00,bcycle_lametro_4601,6,5,,1,1,1
2026-09-02T21:16:52.251481+00:00,2026-09-02T21:16:11+00:00,2026-09-02T21:16:11+00:00,bcycle_lametro_4603,6,12,,1,1,1
2026-09-02T21:16:52.251481+00:00,2026-09-02T21:16:11+00:00,2026-09-02T21:16:11+00:00,bcycle_lametro_4604,7,5,,1,1,1
2026-09-02T21:16:52.251481+00:00,2026-09-02T21:16:11+00:00,2026-09-02T21:16:11+00:00,bcycle_lametro_4605,5,8,,1,1,1
2026-09-02T21:16:52.251481+00:00,2026-09-02T21:16:11+00:00,2026-09-02T21:16:11+00:00,bcycle_lametro_4606,3,17,,1,1,1
2026-09-02T21:16:52.251481+00:00,2026-09-02T21:16:11+00:00,2026-09-02T21:16:11+00:00,bcycle_lametro_4613,9,10,,1,1,1
2026-09-02T21:16:52.251481+00:00,2026-09-02T21:16:11+00:00,2026-09-02T21:16:11+00:00,bcycle_lametro_4614,5,15,,1,1,1
2026-09-02T21:16:52.251481+00:00,2026-09-02T21:16:11+00:00,2026-09-02T21:16:11+00:00,bcycle_lametro_4627,3,13,,1,1,1
2026-09-02T21:16:52.251481+00:00,2026-09-02T21:16:11+00:00,2026-09-02T21:16:11+00:00,bcycle_lametro_4628,11,2,,1,1,1
2026-09-02T21:16:52.251481+00:00,2026-09-02T21:16:11+00:00,2026-09-02T21:16:11+00:00,bcycle_lametro_4632,7,8,,1,1,1
2026-09-02T21:16:52.251481+00:00,2026-09-02T21:16:11+00:00,2026-09-02T21:16:11+00:00,bcycle_lametro_4643,3,17,,1,1,1
2026-09-02T21:16:52.251481+00:00,2026-09-02T21:16:11+00:00,2026-09-02T21:16:11+00:00,bcycle_lametro_4644,7,5,,1,1,1
2026-09-02T21:16:52.251481+00:00,2026-09-02T21:16:11+00:00,2026-09-02T21:16:11+00:00,bcycle_lametro_4645,7,5,,1,1,1
2026-09-02T21:16:52.251481+00:00,2026-09-02T21:16:11+00:00,2026-09-02T21:16:11+00:00,bcycle_lametro_4652,6,5,,1,1,1
2026-09-02T21:16:52.251481+00:00,2026-09-02T21:16:11+00:00,2026-09-02T21:16:11+00:00,bcycle_lametro_4660,5,12,,1,1,1
2026-09-02T21:16:52.251481+00:00,2026-09-02T21:16:11+00:00,2026-09-02T21:16:11+00:00,bcycle_lametro_4664,7,13,,1,1,1
2026-09-02T21:16:52.251481+00:00,2026-09-02T21:16:11+00:00,2026-09-02T21:16:11+00:00,bcycle_lametro_4672,4,11,,1,1,1
2026-09-02T21:16:52.251481+00:00,2026-09-02T21:16:11+00:00,2026-09-02T21:16:11+00:00,bcycle_lametro_4680,12,6,,1,1,1
2026-09-02T21:16:52.251481+00:00,2026-09-02T21:16:11+00:00,2026-09-02T21:16:11+00:00,bcycle_lametro_4689,5,10,,1,1,1
2026-09-02T21:16:52.251481+00:00,2026-09-02T21:16:11+00:00,2026-09-02T21:16:11+00:00,bcycle_lametro_4690,8,6,,1,1,1
2026-09-02T21:16:52.251481+00:00,2026-09-02T21:16:11+00:00,2026-09-02T21:16:11+00:00,bcycle_lametro_4696,11,3,,1,1,1
2026-09-02T21:16:52.251481+00:00,2026-09-02T21:16:11+00:00,2026-09-02T21:16:11+00:00,bcycle_lametro_4697,2,13,,1,1,1
2026-09-02T21:16:52.251481+00:00,2026-09-02T21:16:11+00:00,2026-09-02T21:16:11+00:00,bcycle_lametro_4698,3,10,,1,1,1
2026-09-02T21:16:52.251481+00:00,2026-09-02T21:16:11+00:00,2026-09-02T21:16:11+00:00,bcycle_lametro_4699,7,8,,1,1,1
2026-09-02T21:16:52.251481+00:00,2026-09-02T21:16:11+00:00,2026-09-02T21:16:11+00:00,bcycle_lametro_4700,11,6,,1,1,1
2026-09-02T21:16:52.251481+00:00,2026-09-02T21:16:11+00:00,2026-09-02T21:16:11+00:00,bcycle_lametro_4707,7,6,,1,1,1
2026-09-02T21:16:52.251481+00:00,2026-09-02T21:16:11+00:00,2026-09-02T21:16:11+00:00,bcycle_lametro_4729,4,9,,1,1,1
2026-09-02T21:16:52.251481+00:00,2026-09-02T21:16:11+00:00,2026-09-02T21:16:11+00:00,bcycle_lametro_4730,11,2,,1,1,1
2026-09-02T21:16:52.251481+00:00,2026-09-02T21:16:11+00:00,2026-09-02T21:16:11+00:00,bcycle_lametro_4732,4,17,,1,1,1
2026-09-02T21:16:52.251481+00:00,2026-09-02T21:16:11+00:00,2026-09-02T21:16:11+00:00,bcycle_lametro_4733,4,19,,1,1,1
2026-09-02T21:16:52.251481+00:00,2026-09-02T21:16:11+00:00,2026-09-02T21:16:11+00:00,bcycle_lametro_4734,9,6,,1,1,1
2026-09-02T21:16:52.251481+00:00,2026-09-02T21:16:11+00:00,2026-09-02T21:16:11+00:00,bcycle_lametro_4735,8,4,,1,1,1
2026-09-02T21:16:52.251481+00:00,2026-09-02T21:16:11+00:00,2026-09-02T21:16:11+00:00,bcycle_lametro_4736,12,3,,1,1,1
2026-09-02T21:16:52.251481+00:00,2026-09-02T21:16:11+00:00,2026-09-02T21:16:11+00:00,bcycle_lametro_4740,21,1,,1,1,1
2026-09-02T21:16:52.251481+00:00,2026-09-02T21:16:11+00:00,2026-09-02T21:16:11+00:00,bcycle_lametro_4745,3,8,,1,1,1
2026-09-02T23:22:49.420348+00:00,2026-09-02T23:22:02+00:00,2026-09-02T23:22:02+00:00,bcycle_lametro_3005,3,27,,1,1,1
2026-09-02T23:22:49.420348+00:00,2026-09-02T23:22:02+00:00,2026-09-02T23:22:02+00:00,bcycle_lametro_3006,5,23,,1,1,1
2026-09-02T23:22:49.420348+00:00,2026-09-02T23:22:02+00:00,2026-09-02T23:22:02+00:00,bcycle_lametro_3007,4,13,,1,1,1
2026-09-02T23:22:49.420348+00:00,2026-09-02T23:22:02+00:00,2026-09-02T23:22:02+00:00,bcycle_lametro_3008,6,6,,1,1,1
2026-09-02T23:22:49.420348+00:00,2026-09-02T23:22:02+00:00,2026-09-02T23:22:02+00:00,bcycle_lametro_3010,9,5,,1,1,1
2026-09-02T23:22:49.420348+00:00,2026-09-02T23:22:02+00:00,2026-09-02T23:22:02+00:00,bcycle_lametro_3011,2,14,,1,1,1
2026-09-02T23:22:49.420348+00:00,2026-09-02T23:22:02+00:00,2026-09-02T23:22:02+00:00,bcycle_lametro_3014,20,8,,1,1,1
2026-09-02T23:22:49.420348+00:00,2026-09-02T23:22:02+00:00,2026-09-02T23:22:02+00:00,bcycle_lametro_3016,9,6,,1,1,1
2026-09-02T23:22:49.420348+00:00,2026-09-02T23:22:02+00:00,2026-09-02T23:22:02+00:00,bcycle_lametro_3018,14,4,,1,1,1
2026-09-02T23:22:49.420348+00:00,2026-09-02T23:22:02+00:00,2026-09-02T23:22:02+00:00,bcycle_lametro_3019,7,12,,1,1,1
2026-09-02T23:22:49.420348+00:00,2026-09-02T23:22:02+00:00,2026-09-02T23:22:02+00:00,bcycle_lametro_3020,5,10,,1,1,1
2026-09-02T23:22:49.420348+00:00,2026-09-02T23:22:02+00:00,2026-09-02T23:22:02+00:00,bcycle_lametro_3022,8,12,,1,1,1
2026-09-02T23:22:49.420348+00:00,2026-09-02T23:22:02+00:00,2026-09-02T23:22:02+00:00,bcycle_lametro_3024,2,13,,1,1,1
2026-09-02T23:22:49.420348+00:00,2026-09-02T23:22:02+00:00,2026-09-02T23:22:02+00:00,bcycle_lametro_3025,6,8,,1,1,1
2026-09-02T23:22:49.420348+00:00,2026-09-02T23:22:02+00:00,2026-09-02T23:22:02+00:00,bcycle_lametro_3026,7,8,,1,1,1
2026-09-02T23:22:49.420348+00:00,2026-09-02T23:22:02+00:00,2026-09-02T23:22:02+00:00,bcycle_lametro_3027,4,11,,1,1,1
2026-09-02T23:22:49.420348+00:00,2026-09-02T23:22:02+00:00,2026-09-02T23:22:02+00:00,bcycle_lametro_3030,3,26,,1,1,1
2026-09-02T23:22:49.420348+00:00,2026-09-02T23:22:02+00:00,2026-09-02T23:22:02+00:00,bcycle_lametro_3032,24,2,,1,1,1
2026-09-02T23:22:49.420348+00:00,2026-09-02T23:22:02+00:00,2026-09-02T23:22:02+00:00,bcycle_lametro_3033,2,10,,1,1,1
2026-09-02T23:22:49.420348+00:00,2026-09-02T23:22:02+00:00,2026-09-02T23:22:02+00:00,bcycle_lametro_3034,12,10,,1,1,1
2026-09-02T23:22:49.420348+00:00,2026-09-02T23:22:02+00:00,2026-09-02T23:22:02+00:00,bcycle_lametro_3035,10,13,,1,1,1
2026-09-02T23:22:49.420348+00:00,2026-09-02T23:22:02+00:00,2026-09-02T23:22:02+00:00,bcycle_lametro_3036,8,7,,1,1,1
2026-09-02T23:22:49.420348+00:00,2026-09-02T23:22:02+00:00,2026-09-02T23:22:02+00:00,bcycle_lametro_3037,8,10,,1,1,1
2026-09-02T23:22:49.420348+00:00,2026-09-02T23:22:02+00:00,2026-09-02T23:22:02+00:00,bcycle_lametro_3040,1,2,,1,1,1
2026-09-02T23:22:49.420348+00:00,2026-09-02T23:22:02+00:00,2026-09-02T23:22:02+00:00,bcycle_lametro_3042,8,20,,1,1,1
2026-09-02T23:22:49.420348+00:00,2026-09-02T23:22:02+00:00,2026-09-02T23:22:02+00:00,bcycle_lametro_3045,5,5,,1,1,1
2026-09-02T23:22:49.420348+00:00,2026-09-02T23:22:02+00:00,2026-09-02T23:22:02+00:00,bcycle_lametro_3046,4,13,,1,1,1
2026-09-02T23:22:49.420348+00:00,2026-09-02T23:22:02+00:00,2026-09-02T23:22:02+00:00,bcycle_lametro_3047,22,10,,1,1,1
2026-09-02T23:22:49.420348+00:00,2026-09-02T23:22:02+00:00,2026-09-02T23:22:02+00:00,bcycle_lametro_3048,12,4,,1,1,1
2026-09-02T23:22:49.420348+00:00,2026-09-02T23:22:02+00:00,2026-09-02T23:22:02+00:00,bcycle_lametro_3052,2,15,,1,1,1
2026-09-02T23:22:49.420348+00:00,2026-09-02T23:22:02+00:00,2026-09-02T23:22:02+00:00,bcycle_lametro_3054,2,13,,1,1,1
2026-09-02T23:22:49.420348+00:00,2026-09-02T23:22:02+00:00,2026-09-02T23:22:02+00:00,bcycle_lametro_3056,9,3,,1,1,1
2026-09-02T23:22:49.420348+00:00,2026-09-02T23:22:02+00:00,2026-09-02T23:22:02+00:00,bcycle_lametro_3058,6,9,,1,1,1
2026-09-02T23:22:49.420348+00:00,2026-09-02T23:22:02+00:00,2026-09-02T23:22:02+00:00,bcycle_lametro_3062,7,5,,1,1,1
2026-09-02T23:22:49.420348+00:00,2026-09-02T23:22:02+00:00,2026-09-02T23:22:02+00:00,bcycle_lametro_3063,0,22,,0,0,1
2026-09-02T23:22:49.420348+00:00,2026-09-02T23:22:02+00:00,2026-09-02T23:22:02+00:00,bcycle_lametro_3064,5,12,,1,1,1
2026-09-02T23:22:49.420348+00:00,2026-09-02T23:22:02+00:00,2026-09-02T23:22:02+00:00,bcycle_lametro_3065,5,10,,1,1,1
2026-09-02T23:22:49.420348+00:00,2026-09-02T23:22:02+00:00,2026-09-02T23:22:02+00:00,bcycle_lametro_3066,5,10,,1,1,1
2026-09-02T23:22:49.420348+00:00,2026-09-02T23:22:02+00:00,2026-09-02T23:22:02+00:00,bcycle_lametro_3068,3,11,,1,1,1
2026-09-02T23:22:49.420348+00:00,2026-09-02T23:22:02+00:00,2026-09-02T23:22:02+00:00,bcycle_lametro_3069,8,9,,1,1,1
2026-09-02T23:22:49.420348+00:00,2026-09-02T23:22:02+00:00,2026-09-02T23:22:02+00:00,bcycle_lametro_3074,13,9,,1,1,1
2026-09-02T23:22:49.420348+00:00,2026-09-02T23:22:02+00:00,2026-09-02T23:22:02+00:00,bcycle_lametro_3075,8,6,,1,1,1
2026-09-02T23:22:49.420348+00:00,2026-09-02T23:22:02+00:00,2026-09-02T23:22:02+00:00,bcycle_lametro_3076,6,5,,1,1,1
2026-09-02T23:22:49.420348+00:00,2026-09-02T23:22:02+00:00,2026-09-02T23:22:02+00:00,bcycle_lametro_3077,5,8,,1,1,1
2026-09-02T23:22:49.420348+00:00,2026-09-02T23:22:02+00:00,2026-09-02T23:22:02+00:00,bcycle_lametro_3078,9,6,,1,1,1
2026-09-02T23:22:49.420348+00:00,2026-09-02T23:22:02+00:00,2026-09-02T23:22:02+00:00,bcycle_lametro_3079,8,5,,1,1,1
2026-09-02T23:22:49.420348+00:00,2026-09-02T23:22:02+00:00,2026-09-02T23:22:02+00:00,bcycle_lametro_3081,10,2,,1,1,1
2026-09-02T23:22:49.420348+00:00,2026-09-02T23:22:02+00:00,2026-09-02T23:22:02+00:00,bcycle_lametro_3082,12,13,,1,1,1
2026-09-02T23:22:49.420348+00:00,2026-09-02T23:22:02+00:00,2026-09-02T23:22:02+00:00,bcycle_lametro_4202,4,16,,1,1,1
2026-09-02T23:22:49.420348+00:00,2026-09-02T23:22:02+00:00,2026-09-02T23:22:02+00:00,bcycle_lametro_4204,5,11,,1,1,1
2026-09-02T23:22:49.420348+00:00,2026-09-02T23:22:02+00:00,2026-09-02T23:22:02+00:00,bcycle_lametro_4205,4,12,,1,1,1
2026-09-02T23:22:49.420348+00:00,2026-09-02T23:22:02+00:00,2026-09-02T23:22:02+00:00,bcycle_lametro_4206,15,13,,1,1,1
2026-09-02T23:22:49.420348+00:00,2026-09-02T23:22:02+00:00,2026-09-02T23:22:02+00:00,bcycle_lametro_4207,15,4,,1,1,1
2026-09-02T23:22:49.420348+00:00,2026-09-02T23:22:02+00:00,2026-09-02T23:22:02+00:00,bcycle_lametro_4208,3,14,,1,1,1
2026-09-02T23:22:49.420348+00:00,2026-09-02T23:22:02+00:00,2026-09-02T23:22:02+00:00,bcycle_lametro_4209,6,17,,1,1,1
2026-09-02T23:22:49.420348+00:00,2026-09-02T23:22:02+00:00,2026-09-02T23:22:02+00:00,bcycle_lametro_4210,4,11,,1,1,1
2026-09-02T23:22:49.420348+00:00,2026-09-02T23:22:02+00:00,2026-09-02T23:22:02+00:00,bcycle_lametro_4211,8,6,,1,1,1
2026-09-02T23:22:49.420348+00:00,2026-09-02T23:22:02+00:00,2026-09-02T23:22:02+00:00,bcycle_lametro_4212,8,13,,1,1,1
2026-09-02T23:22:49.420348+00:00,2026-09-02T23:22:02+00:00,2026-09-02T23:22:02+00:00,bcycle_lametro_4213,8,7,,1,1,1
2026-09-02T23:22:49.420348+00:00,2026-09-02T23:22:02+00:00,2026-09-02T23:22:02+00:00,bcycle_lametro_4214,6,20,,1,1,1
2026-09-02T23:22:49.420348+00:00,2026-09-02T23:22:02+00:00,2026-09-02T23:22:02+00:00,bcycle_lametro_4215,27,13,,1,1,1
2026-09-02T23:22:49.420348+00:00,2026-09-02T23:22:02+00:00,2026-09-02T23:22:02+00:00,bcycle_lametro_4216,6,13,,1,1,1
2026-09-02T23:22:49.420348+00:00,2026-09-02T23:22:02+00:00,2026-09-02T23:22:02+00:00,bcycle_lametro_4217,6,5,,1,1,1
2026-09-02T23:22:49.420348+00:00,2026-09-02T23:22:02+00:00,2026-09-02T23:22:02+00:00,bcycle_lametro_4220,3,12,,1,1,1
2026-09-02T23:22:49.420348+00:00,2026-09-02T23:22:02+00:00,2026-09-02T23:22:02+00:00,bcycle_lametro_4227,5,11,,1,1,1
2026-09-02T23:22:49.420348+00:00,2026-09-02T23:22:02+00:00,2026-09-02T23:22:02+00:00,bcycle_lametro_4245,11,3,,1,1,1
2026-09-02T23:22:49.420348+00:00,2026-09-02T23:22:02+00:00,2026-09-02T23:22:02+00:00,bcycle_lametro_4246,7,7,,1,1,1
2026-09-02T23:22:49.420348+00:00,2026-09-02T23:22:02+00:00,2026-09-02T23:22:02+00:00,bcycle_lametro_4247,2,5,,1,1,1
2026-09-02T23:22:49.420348+00:00,2026-09-02T23:22:02+00:00,2026-09-02T23:22:02+00:00,bcycle_lametro_4248,9,10,,1,1,1
2026-09-02T23:22:49.420348+00:00,2026-09-02T23:22:02+00:00,2026-09-02T23:22:02+00:00,bcycle_lametro_4249,9,6,,1,1,1
2026-09-02T23:22:49.420348+00:00,2026-09-02T23:22:02+00:00,2026-09-02T23:22:02+00:00,bcycle_lametro_4250,9,6,,1,1,1
2026-09-02T23:22:49.420348+00:00,2026-09-02T23:22:02+00:00,2026-09-02T23:22:02+00:00,bcycle_lametro_4254,5,10,,1,1,1
2026-09-02T23:22:49.420348+00:00,2026-09-02T23:22:02+00:00,2026-09-02T23:22:02+00:00,bcycle_lametro_4255,4,6,,1,1,1
2026-09-02T23:22:49.420348+00:00,2026-09-02T23:22:02+00:00,2026-09-02T23:22:02+00:00,bcycle_lametro_4266,3,12,,1,1,1
2026-09-02T23:22:49.420348+00:00,2026-09-02T23:22:02+00:00,2026-09-02T23:22:02+00:00,bcycle_lametro_4267,3,6,,1,1,1
2026-09-02T23:22:49.420348+00:00,2026-09-02T23:22:02+00:00,2026-09-02T23:22:02+00:00,bcycle_lametro_4273,9,4,,1,1,1
2026-09-02T23:22:49.420348+00:00,2026-09-02T23:22:02+00:00,2026-09-02T23:22:02+00:00,bcycle_lametro_4275,7,8,,1,1,1
2026-09-02T23:22:49.420348+00:00,2026-09-02T23:22:02+00:00,2026-09-02T23:22:02+00:00,bcycle_lametro_4293,2,8,,1,1,1
2026-09-02T23:22:49.420348+00:00,2026-09-02T23:22:02+00:00,2026-09-02T23:22:02+00:00,bcycle_lametro_4300,4,9,,1,1,1
2026-09-02T23:22:49.420348+00:00,2026-09-02T23:22:02+00:00,2026-09-02T23:22:02+00:00,bcycle_lametro_4301,6,2,,1,1,1
2026-09-02T23:22:49.420348+00:00,2026-09-02T23:22:02+00:00,2026-09-02T23:22:02+00:00,bcycle_lametro_4303,5,5,,1,1,1
2026-09-02T23:22:49.420348+00:00,2026-09-02T23:22:02+00:00,2026-09-02T23:22:02+00:00,bcycle_lametro_4304,2,8,,1,1,1
2026-09-02T23:22:49.420348+00:00,2026-09-02T23:22:02+00:00,2026-09-02T23:22:02+00:00,bcycle_lametro_4306,3,10,,1,1,1
2026-09-02T23:22:49.420348+00:00,2026-09-02T23:22:02+00:00,2026-09-02T23:22:02+00:00,bcycle_lametro_4311,6,6,,1,1,1
2026-09-02T23:22:49.420348+00:00,2026-09-02T23:22:02+00:00,2026-09-02T23:22:02+00:00,bcycle_lametro_4312,7,6,,1,1,1
2026-09-02T23:22:49.420348+00:00,2026-09-02T23:22:02+00:00,2026-09-02T23:22:02+00:00,bcycle_lametro_4313,9,3,,1,1,1
2026-09-02T23:22:49.420348+00:00,2026-09-02T23:22:02+00:00,2026-09-02T23:22:02+00:00,bcycle_lametro_4314,4,11,,1,1,1
2026-09-02T23:22:49.420348+00:00,2026-09-02T23:22:02+00:00,2026-09-02T23:22:02+00:00,bcycle_lametro_4315,3,3,,1,1,1
2026-09-02T23:22:49.420348+00:00,2026-09-02T23:22:02+00:00,2026-09-02T23:22:02+00:00,bcycle_lametro_4387,11,5,,1,1,1
2026-09-02T23:22:49.420348+00:00,2026-09-02T23:22:02+00:00,2026-09-02T23:22:02+00:00,bcycle_lametro_4390,4,8,,1,1,1
2026-09-02T23:22:49.420348+00:00,2026-09-02T23:22:02+00:00,2026-09-02T23:22:02+00:00,bcycle_lametro_4401,6,4,,1,1,1
2026-09-02T23:22:49.420348+00:00,2026-09-02T23:22:02+00:00,2026-09-02T23:22:02+00:00,bcycle_lametro_4404,6,9,,1,1,1
2026-09-02T23:22:49.420348+00:00,2026-09-02T23:22:02+00:00,2026-09-02T23:22:02+00:00,bcycle_lametro_4405,2,10,,1,1,1
2026-09-02T23:22:49.420348+00:00,2026-09-02T23:22:02+00:00,2026-09-02T23:22:02+00:00,bcycle_lametro_4406,4,10,,1,1,1
2026-09-02T23:22:49.420348+00:00,2026-09-02T23:22:02+00:00,2026-09-02T23:22:02+00:00,bcycle_lametro_4410,7,4,,1,1,1
2026-09-02T23:22:49.420348+00:00,2026-09-02T23:22:02+00:00,2026-09-02T23:22:02+00:00,bcycle_lametro_4436,4,5,,1,1,1
2026-09-02T23:22:49.420348+00:00,2026-09-02T23:22:02+00:00,2026-09-02T23:22:02+00:00,bcycle_lametro_4437,6,7,,1,1,1
2026-09-02T23:22:49.420348+00:00,2026-09-02T23:22:02+00:00,2026-09-02T23:22:02+00:00,bcycle_lametro_4440,4,10,,1,1,1
2026-09-02T23:22:49.420348+00:00,2026-09-02T23:22:02+00:00,2026-09-02T23:22:02+00:00,bcycle_lametro_4441,2,5,,1,1,1
2026-09-02T23:22:49.420348+00:00,2026-09-02T23:22:02+00:00,2026-09-02T23:22:02+00:00,bcycle_lametro_4442,3,9,,1,1,1
2026-09-02T23:22:49.420348+00:00,2026-09-02T23:22:02+00:00,2026-09-02T23:22:02+00:00,bcycle_lametro_4443,1,6,,1,1,1
2026-09-02T23:22:49.420348+00:00,2026-09-02T23:22:02+00:00,2026-09-02T23:22:02+00:00,bcycle_lametro_4444,3,6,,1,1,1
2026-09-02T23:22:49.420348+00:00,2026-09-02T23:22:02+00:00,2026-09-02T23:22:02+00:00,bcycle_lametro_4445,7,8,,1,1,1
2026-09-02T23:22:49.420348+00:00,2026-09-02T23:22:02+00:00,2026-09-02T23:22:02+00:00,bcycle_lametro_4446,1,7,,1,1,1
2026-09-02T23:22:49.420348+00:00,2026-09-02T23:22:02+00:00,2026-09-02T23:22:02+00:00,bcycle_lametro_4447,9,3,,1,1,1
2026-09-02T23:22:49.420348+00:00,2026-09-02T23:22:02+00:00,2026-09-02T23:22:02+00:00,bcycle_lametro_4448,9,9,,1,1,1
2026-09-02T23:22:49.420348+00:00,2026-09-02T23:22:02+00:00,2026-09-02T23:22:02+00:00,bcycle_lametro_4449,3,10,,1,1,1
2026-09-02T23:22:49.420348+00:00,2026-09-02T23:22:02+00:00,2026-09-02T23:22:02+00:00,bcycle_lametro_4450,4,10,,1,1,1
2026-09-02T23:22:49.420348+00:00,2026-09-02T23:22:02+00:00,2026-09-02T23:22:02+00:00,bcycle_lametro_4451,8,1,,1,1,1
2026-09-02T23:22:49.420348+00:00,2026-09-02T23:22:02+00:00,2026-09-02T23:22:02+00:00,bcycle_lametro_4452,1,9,,1,1,1
2026-09-02T23:22:49.420348+00:00,2026-09-02T23:22:02+00:00,2026-09-02T23:22:02+00:00,bcycle_lametro_4453,3,7,,1,1,1
2026-09-02T23:22:49.420348+00:00,2026-09-02T23:22:02+00:00,2026-09-02T23:22:02+00:00,bcycle_lametro_4454,9,5,,1,1,1
2026-09-02T23:22:49.420348+00:00,2026-09-02T23:22:02+00:00,2026-09-02T23:22:02+00:00,bcycle_lametro_4455,1,13,,1,1,1
2026-09-02T23:22:49.420348+00:00,2026-09-02T23:22:02+00:00,2026-09-02T23:22:02+00:00,bcycle_lametro_4456,7,8,,1,1,1
2026-09-02T23:22:49.420348+00:00,2026-09-02T23:22:02+00:00,2026-09-02T23:22:02+00:00,bcycle_lametro_4457,5,3,,1,1,1
2026-09-02T23:22:49.420348+00:00,2026-09-02T23:22:02+00:00,2026-09-02T23:22:02+00:00,bcycle_lametro_4472,6,8,,1,1,1
2026-09-02T23:22:49.420348+00:00,2026-09-02T23:22:02+00:00,2026-09-02T23:22:02+00:00,bcycle_lametro_4473,4,4,,1,1,1
2026-09-02T23:22:49.420348+00:00,2026-09-02T23:22:02+00:00,2026-09-02T23:22:02+00:00,bcycle_lametro_4474,0,10,,1,1,1
2026-09-02T23:22:49.420348+00:00,2026-09-02T23:22:02+00:00,2026-09-02T23:22:02+00:00,bcycle_lametro_4475,5,6,,1,1,1
2026-09-02T23:22:49.420348+00:00,2026-09-02T23:22:02+00:00,2026-09-02T23:22:02+00:00,bcycle_lametro_4476,7,7,,1,1,1
2026-09-02T23:22:49.420348+00:00,2026-09-02T23:22:02+00:00,2026-09-02T23:22:02+00:00,bcycle_lametro_4477,3,10,,1,1,1
2026-09-02T23:22:49.420348+00:00,2026-09-02T23:22:02+00:00,2026-09-02T23:22:02+00:00,bcycle_lametro_4479,9,2,,1,1,1
2026-09-02T23:22:49.420348+00:00,2026-09-02T23:22:02+00:00,2026-09-02T23:22:02+00:00,bcycle_lametro_4483,4,8,,1,1,1
2026-09-02T23:22:49.420348+00:00,2026-09-02T23:22:02+00:00,2026-09-02T23:22:02+00:00,bcycle_lametro_4487,5,11,,1,1,1
2026-09-02T23:22:49.420348+00:00,2026-09-02T23:22:02+00:00,2026-09-02T23:22:02+00:00,bcycle_lametro_4490,4,10,,1,1,1
2026-09-02T23:22:49.420348+00:00,2026-09-02T23:22:02+00:00,2026-09-02T23:22:02+00:00,bcycle_lametro_4491,6,7,,1,1,1
2026-09-02T23:22:49.420348+00:00,2026-09-02T23:22:02+00:00,2026-09-02T23:22:02+00:00,bcycle_lametro_4492,9,10,,1,1,1
2026-09-02T23:22:49.420348+00:00,2026-09-02T23:22:02+00:00,2026-09-02T23:22:02+00:00,bcycle_lametro_4493,11,5,,1,1,1
2026-09-02T23:22:49.420348+00:00,2026-09-02T23:22:02+00:00,2026-09-02T23:22:02+00:00,bcycle_lametro_4494,5,4,,1,1,1
2026-09-02T23:22:49.420348+00:00,2026-09-02T23:22:02+00:00,2026-09-02T23:22:02+00:00,bcycle_lametro_4509,2,7,,1,1,1
2026-09-02T23:22:49.420348+00:00,2026-09-02T23:22:02+00:00,2026-09-02T23:22:02+00:00,bcycle_lametro_4510,6,4,,1,1,1
2026-09-02T23:22:49.420348+00:00,2026-09-02T23:22:02+00:00,2026-09-02T23:22:02+00:00,bcycle_lametro_4511,8,11,,1,1,1
2026-09-02T23:22:49.420348+00:00,2026-09-02T23:22:02+00:00,2026-09-02T23:22:02+00:00,bcycle_lametro_4512,8,8,,1,1,1
2026-09-02T23:22:49.420348+00:00,2026-09-02T23:22:02+00:00,2026-09-02T23:22:02+00:00,bcycle_lametro_4514,7,14,,1,1,1
2026-09-02T23:22:49.420348+00:00,2026-09-02T23:22:02+00:00,2026-09-02T23:22:02+00:00,bcycle_lametro_4515,6,3,,1,1,1
2026-09-02T23:22:49.420348+00:00,2026-09-02T23:22:02+00:00,2026-09-02T23:22:02+00:00,bcycle_lametro_4517,3,8,,1,1,1
2026-09-02T23:22:49.420348+00:00,2026-09-02T23:22:02+00:00,2026-09-02T23:22:02+00:00,bcycle_lametro_4521,10,2,,1,1,1
2026-09-02T23:22:49.420348+00:00,2026-09-02T23:22:02+00:00,2026-09-02T23:22:02+00:00,bcycle_lametro_4523,5,10,,1,1,1
2026-09-02T23:22:49.420348+00:00,2026-09-02T23:22:02+00:00,2026-09-02T23:22:02+00:00,bcycle_lametro_4524,2,12,,1,1,1
2026-09-02T23:22:49.420348+00:00,2026-09-02T23:22:02+00:00,2026-09-02T23:22:02+00:00,bcycle_lametro_4525,2,9,,1,1,1
2026-09-02T23:22:49.420348+00:00,2026-09-02T23:22:02+00:00,2026-09-02T23:22:02+00:00,bcycle_lametro_4526,4,17,,1,1,1
2026-09-02T23:22:49.420348+00:00,2026-09-02T23:22:02+00:00,2026-09-02T23:22:02+00:00,bcycle_lametro_4527,6,8,,1,1,1
2026-09-02T23:22:49.420348+00:00,2026-09-02T23:22:02+00:00,2026-09-02T23:22:02+00:00,bcycle_lametro_4528,10,4,,1,1,1
2026-09-02T23:22:49.420348+00:00,2026-09-02T23:22:02+00:00,2026-09-02T23:22:02+00:00,bcycle_lametro_4529,3,10,,1,1,1
2026-09-02T23:22:49.420348+00:00,2026-09-02T23:22:02+00:00,2026-09-02T23:22:02+00:00,bcycle_lametro_4534,3,11,,1,1,1
2026-09-02T23:22:49.420348+00:00,2026-09-02T23:22:02+00:00,2026-09-02T23:22:02+00:00,bcycle_lametro_4536,5,5,,1,1,1
2026-09-02T23:22:49.420348+00:00,2026-09-02T23:22:02+00:00,2026-09-02T23:22:02+00:00,bcycle_lametro_4537,5,10,,1,1,1
2026-09-02T23:22:49.420348+00:00,2026-09-02T23:22:02+00:00,2026-09-02T23:22:02+00:00,bcycle_lametro_4538,1,4,,1,1,1
2026-09-02T23:22:49.420348+00:00,2026-09-02T23:22:02+00:00,2026-09-02T23:22:02+00:00,bcycle_lametro_4540,5,9,,1,1,1
2026-09-02T23:22:49.420348+00:00,2026-09-02T23:22:02+00:00,2026-09-02T23:22:02+00:00,bcycle_lametro_4543,4,4,,1,1,1
2026-09-02T23:22:49.420348+00:00,2026-09-02T23:22:02+00:00,2026-09-02T23:22:02+00:00,bcycle_lametro_4544,2,12,,1,1,1
2026-09-02T23:22:49.420348+00:00,2026-09-02T23:22:02+00:00,2026-09-02T23:22:02+00:00,bcycle_lametro_4545,4,4,,1,1,1
2026-09-02T23:22:49.420348+00:00,2026-09-02T23:22:02+00:00,2026-09-02T23:22:02+00:00,bcycle_lametro_4546,4,15,,1,1,1
2026-09-02T23:22:49.420348+00:00,2026-09-02T23:22:02+00:00,2026-09-02T23:22:02+00:00,bcycle_lametro_4547,4,6,,1,1,1
2026-09-02T23:22:49.420348+00:00,2026-09-02T23:22:02+00:00,2026-09-02T23:22:02+00:00,bcycle_lametro_4548,7,5,,1,1,1
2026-09-02T23:22:49.420348+00:00,2026-09-02T23:22:02+00:00,2026-09-02T23:22:02+00:00,bcycle_lametro_4549,6,10,,1,1,1
2026-09-02T23:22:49.420348+00:00,2026-09-02T23:22:02+00:00,2026-09-02T23:22:02+00:00,bcycle_lametro_4552,8,4,,1,1,1
2026-09-02T23:22:49.420348+00:00,2026-09-02T23:22:02+00:00,2026-09-02T23:22:02+00:00,bcycle_lametro_4553,2,7,,1,1,1
2026-09-02T23:22:49.420348+00:00,2026-09-02T23:22:02+00:00,2026-09-02T23:22:02+00:00,bcycle_lametro_4554,6,5,,1,1,1
2026-09-02T23:22:49.420348+00:00,2026-09-02T23:22:02+00:00,2026-09-02T23:22:02+00:00,bcycle_lametro_4555,7,1,,1,1,1
2026-09-02T23:22:49.420348+00:00,2026-09-02T23:22:02+00:00,2026-09-02T23:22:02+00:00,bcycle_lametro_4556,6,7,,1,1,1
2026-09-02T23:22:49.420348+00:00,2026-09-02T23:22:02+00:00,2026-09-02T23:22:02+00:00,bcycle_lametro_4557,8,3,,1,1,1
2026-09-02T23:22:49.420348+00:00,2026-09-02T23:22:02+00:00,2026-09-02T23:22:02+00:00,bcycle_lametro_4558,5,11,,1,1,1
2026-09-02T23:22:49.420348+00:00,2026-09-02T23:22:02+00:00,2026-09-02T23:22:02+00:00,bcycle_lametro_4561,4,5,,1,1,1
2026-09-02T23:22:49.420348+00:00,2026-09-02T23:22:02+00:00,2026-09-02T23:22:02+00:00,bcycle_lametro_4562,9,5,,1,1,1
2026-09-02T23:22:49.420348+00:00,2026-09-02T23:22:02+00:00,2026-09-02T23:22:02+00:00,bcycle_lametro_4563,5,3,,1,1,1
2026-09-02T23:22:49.420348+00:00,2026-09-02T23:22:02+00:00,2026-09-02T23:22:02+00:00,bcycle_lametro_4564,7,8,,1,1,1
2026-09-02T23:22:49.420348+00:00,2026-09-02T23:22:02+00:00,2026-09-02T23:22:02+00:00,bcycle_lametro_4565,4,8,,1,1,1
2026-09-02T23:22:49.420348+00:00,2026-09-02T23:22:02+00:00,2026-09-02T23:22:02+00:00,bcycle_lametro_4566,9,5,,1,1,1
2026-09-02T23:22:49.420348+00:00,2026-09-02T23:22:02+00:00,2026-09-02T23:22:02+00:00,bcycle_lametro_4567,7,4,,1,1,1
2026-09-02T23:22:49.420348+00:00,2026-09-02T23:22:02+00:00,2026-09-02T23:22:02+00:00,bcycle_lametro_4568,5,9,,1,1,1
2026-09-02T23:22:49.420348+00:00,2026-09-02T23:22:02+00:00,2026-09-02T23:22:02+00:00,bcycle_lametro_4569,1,8,,1,1,1
2026-09-02T23:22:49.420348+00:00,2026-09-02T23:22:02+00:00,2026-09-02T23:22:02+00:00,bcycle_lametro_4570,7,8,,1,1,1
2026-09-02T23:22:49.420348+00:00,2026-09-02T23:22:02+00:00,2026-09-02T23:22:02+00:00,bcycle_lametro_4571,3,4,,1,1,1
2026-09-02T23:22:49.420348+00:00,2026-09-02T23:22:02+00:00,2026-09-02T23:22:02+00:00,bcycle_lametro_4575,4,7,,1,1,1
2026-09-02T23:22:49.420348+00:00,2026-09-02T23:22:02+00:00,2026-09-02T23:22:02+00:00,bcycle_lametro_4576,4,7,,1,1,1
2026-09-02T23:22:49.420348+00:00,2026-09-02T23:22:02+00:00,2026-09-02T23:22:02+00:00,bcycle_lametro_4578,4,3,,1,1,1
2026-09-02T23:22:49.420348+00:00,2026-09-02T23:22:02+00:00,2026-09-02T23:22:02+00:00,bcycle_lametro_4579,7,5,,1,1,1
2026-09-02T23:22:49.420348+00:00,2026-09-02T23:22:02+00:00,2026-09-02T23:22:02+00:00,bcycle_lametro_4580,1,7,,1,1,1
2026-09-02T23:22:49.420348+00:00,2026-09-02T23:22:02+00:00,2026-09-02T23:22:02+00:00,bcycle_lametro_4581,9,8,,1,1,1
2026-09-02T23:22:49.420348+00:00,2026-09-02T23:22:02+00:00,2026-09-02T23:22:02+00:00,bcycle_lametro_4583,9,9,,1,1,1
2026-09-02T23:22:49.420348+00:00,2026-09-02T23:22:02+00:00,2026-09-02T23:22:02+00:00,bcycle_lametro_4584,10,3,,1,1,1
2026-09-02T23:22:49.420348+00:00,2026-09-02T23:22:02+00:00,2026-09-02T23:22:02+00:00,bcycle_lametro_4587,4,7,,1,1,1
2026-09-02T23:22:49.420348+00:00,2026-09-02T23:22:02+00:00,2026-09-02T23:22:02+00:00,bcycle_lametro_4596,9,6,,1,1,1
2026-09-02T23:22:49.420348+00:00,2026-09-02T23:22:02+00:00,2026-09-02T23:22:02+00:00,bcycle_lametro_4597,3,8,,1,1,1
2026-09-02T23:22:49.420348+00:00,2026-09-02T23:22:02+00:00,2026-09-02T23:22:02+00:00,bcycle_lametro_4598,7,2,,1,1,1
2026-09-02T23:22:49.420348+00:00,2026-09-02T23:22:02+00:00,2026-09-02T23:22:02+00:00,bcycle_lametro_4599,6,6,,1,1,1
2026-09-02T23:22:49.420348+00:00,2026-09-02T23:22:02+00:00,2026-09-02T23:22:02+00:00,bcycle_lametro_4600,6,4,,1,1,1
2026-09-02T23:22:49.420348+00:00,2026-09-02T23:22:02+00:00,2026-09-02T23:22:02+00:00,bcycle_lametro_4601,6,5,,1,1,1
2026-09-02T23:22:49.420348+00:00,2026-09-02T23:22:02+00:00,2026-09-02T23:22:02+00:00,bcycle_lametro_4603,6,12,,1,1,1
2026-09-02T23:22:49.420348+00:00,2026-09-02T23:22:02+00:00,2026-09-02T23:22:02+00:00,bcycle_lametro_4604,7,5,,1,1,1
2026-09-02T23:22:49.420348+00:00,2026-09-02T23:22:02+00:00,2026-09-02T23:22:02+00:00,bcycle_lametro_4605,5,8,,1,1,1
2026-09-02T23:22:49.420348+00:00,2026-09-02T23:22:02+00:00,2026-09-02T23:22:02+00:00,bcycle_lametro_4606,2,18,,1,1,1
2026-09-02T23:22:49.420348+00:00,2026-09-02T23:22:02+00:00,2026-09-02T23:22:02+00:00,bcycle_lametro_4613,7,12,,1,1,1
2026-09-02T23:22:49.420348+00:00,2026-09-02T23:22:02+00:00,2026-09-02T23:22:02+00:00,bcycle_lametro_4614,4,16,,1,1,1
2026-09-02T23:22:49.420348+00:00,2026-09-02T23:22:02+00:00,2026-09-02T23:22:02+00:00,bcycle_lametro_4627,3,13,,1,1,1
2026-09-02T23:22:49.420348+00:00,2026-09-02T23:22:02+00:00,2026-09-02T23:22:02+00:00,bcycle_lametro_4628,11,2,,1,1,1
2026-09-02T23:22:49.420348+00:00,2026-09-02T23:22:02+00:00,2026-09-02T23:22:02+00:00,bcycle_lametro_4632,9,6,,1,1,1
2026-09-02T23:22:49.420348+00:00,2026-09-02T23:22:02+00:00,2026-09-02T23:22:02+00:00,bcycle_lametro_4643,11,9,,1,1,1
2026-09-02T23:22:49.420348+00:00,2026-09-02T23:22:02+00:00,2026-09-02T23:22:02+00:00,bcycle_lametro_4644,7,5,,1,1,1
2026-09-02T23:22:49.420348+00:00,2026-09-02T23:22:02+00:00,2026-09-02T23:22:02+00:00,bcycle_lametro_4645,6,6,,1,1,1
2026-09-02T23:22:49.420348+00:00,2026-09-02T23:22:02+00:00,2026-09-02T23:22:02+00:00,bcycle_lametro_4652,7,4,,1,1,1
2026-09-02T23:22:49.420348+00:00,2026-09-02T23:22:02+00:00,2026-09-02T23:22:02+00:00,bcycle_lametro_4660,5,12,,1,1,1
2026-09-02T23:22:49.420348+00:00,2026-09-02T23:22:02+00:00,2026-09-02T23:22:02+00:00,bcycle_lametro_4664,7,13,,1,1,1
2026-09-02T23:22:49.420348+00:00,2026-09-02T23:22:02+00:00,2026-09-02T23:22:02+00:00,bcycle_lametro_4672,4,11,,1,1,1
2026-09-02T23:22:49.420348+00:00,2026-09-02T23:22:02+00:00,2026-09-02T23:22:02+00:00,bcycle_lametro_4680,12,6,,1,1,1
2026-09-02T23:22:49.420348+00:00,2026-09-02T23:22:02+00:00,2026-09-02T23:22:02+00:00,bcycle_lametro_4689,5,10,,1,1,1
2026-09-02T23:22:49.420348+00:00,2026-09-02T23:22:02+00:00,2026-09-02T23:22:02+00:00,bcycle_lametro_4690,9,5,,1,1,1
2026-09-02T23:22:49.420348+00:00,2026-09-02T23:22:02+00:00,2026-09-02T23:22:02+00:00,bcycle_lametro_4696,11,3,,1,1,1
2026-09-02T23:22:49.420348+00:00,2026-09-02T23:22:02+00:00,2026-09-02T23:22:02+00:00,bcycle_lametro_4697,2,13,,1,1,1
2026-09-02T23:22:49.420348+00:00,2026-09-02T23:22:02+00:00,2026-09-02T23:22:02+00:00,bcycle_lametro_4698,3,10,,1,1,1
2026-09-02T23:22:49.420348+00:00,2026-09-02T23:22:02+00:00,2026-09-02T23:22:02+00:00,bcycle_lametro_4699,8,7,,1,1,1
2026-09-02T23:22:49.420348+00:00,2026-09-02T23:22:02+00:00,2026-09-02T23:22:02+00:00,bcycle_lametro_4700,8,9,,1,1,1
2026-09-02T23:22:49.420348+00:00,2026-09-02T23:22:02+00:00,2026-09-02T23:22:02+00:00,bcycle_lametro_4707,7,6,,1,1,1
2026-09-02T23:22:49.420348+00:00,2026-09-02T23:22:02+00:00,2026-09-02T23:22:02+00:00,bcycle_lametro_4729,5,8,,1,1,1
2026-09-02T23:22:49.420348+00:00,2026-09-02T23:22:02+00:00,2026-09-02T23:22:02+00:00,bcycle_lametro_4730,12,1,,1,1,1
2026-09-02T23:22:49.420348+00:00,2026-09-02T23:22:02+00:00,2026-09-02T23:22:02+00:00,bcycle_lametro_4732,5,16,,1,1,1
2026-09-02T23:22:49.420348+00:00,2026-09-02T23:22:02+00:00,2026-09-02T23:22:02+00:00,bcycle_lametro_4733,2,21,,1,1,1
2026-09-02T23:22:49.420348+00:00,2026-09-02T23:22:02+00:00,2026-09-02T23:22:02+00:00,bcycle_lametro_4734,9,6,,1,1,1
2026-09-02T23:22:49.420348+00:00,2026-09-02T23:22:02+00:00,2026-09-02T23:22:02+00:00,bcycle_lametro_4735,6,6,,1,1,1
2026-09-02T23:22:49.420348+00:00,2026-09-02T23:22:02+00:00,2026-09-02T23:22:02+00:00,bcycle_lametro_4736,12,3,,1,1,1
2026-09-02T23:22:49.420348+00:00,2026-09-02T23:22:02+00:00,2026-09-02T23:22:02+00:00,bcycle_lametro_4740,20,2,,1,1,1
2026-09-02T23:22:49.420348+00:00,2026-09-02T23:22:02+00:00,2026-09-02T23:22:02+00:00,bcycle_lametro_4745,2,9,,1,1,1
