fetched_at,last_updated,last_reported,station_id,bikes_available,docks_available,ebikes_available,is_renting,is_returning,is_installed
2026-10-06T02:16:37.143371+00:00,2026-10-06T02:16:38+00:00,2026-10-06T02:16:38+00:00,bcycle_lametro_3005,9,20,,1,1,1
2026-10-06T02:16:37.143371+00:00,2026-10-06T02:16:38+00:00,2026-10-06T02:16:38+00:00,bcycle_lametro_3006,10,19,,1,1,1
2026-10-06T02:16:37.143371+00:00,2026-10-06T02:16:38+00:00,2026-10-06T02:16:38+00:00,bcycle_lametro_3007,5,17,,1,1,1
2026-10-06T02:16:37.143371+00:00,2026-10-06T02:16:38+00:00,2026-10-06T02:16:38+00:00,bcycle_lametro_3008,3,12,,1,1,1
2026-10-06T02:16:37.143371+00:00,2026-10-06T02:16:38+00:00,2026-10-06T02:16:38+00:00,bcycle_lametro_3010,11,3,,1,1,1
2026-10-06T02:16:37.143371+00:00,2026-10-06T02:16:38+00:00,2026-10-06T02:16:38+00:00,bcycle_lametro_3011,5,11,,1,1,1
2026-10-06T02:16:37.143371+00:00,2026-10-06T02:16:38+00:00,2026-10-06T02:16:38+00:00,bcycle_lametro_3014,14,14,,1,1,1
2026-10-06T02:16:37.143371+00:00,2026-10-06T02:16:38+00:00,2026-10-06T02:16:38+00:00,bcycle_lametro_3016,6,9,,1,1,1
2026-10-06T02:16:37.143371+00:00,2026-10-06T02:16:38+00:00,2026-10-06T02:16:38+00:00,bcycle_lametro_3018,12,6,,0,0,1
2026-10-06T02:16:37.143371+00:00,2026-10-06T02:16:38+00:00,2026-10-06T02:16:38+00:00,bcycle_lametro_3019,6,13,,1,1,1
2026-10-06T02:16:37.143371+00:00,2026-10-06T02:16:38+00:00,2026-10-06T02:16:38+00:00,bcycle_lametro_3020,4,11,,1,1,1
2026-10-06T02:16:37.143371+00:00,2026-10-06T02:16:38+00:00,2026-10-06T02:16:38+00:00,bcycle_lametro_3022,9,11,,1,1,1
2026-10-06T02:16:37.143371+00:00,2026-10-06T02:16:38+00:00,2026-10-06T02:16:38+00:00,bcycle_lametro_3024,8,7,,1,1,1
2026-10-06T02:16:37.143371+00:00,2026-10-06T02:16:38+00:00,2026-10-06T02:16:38+00:00,bcycle_lametro_3025,8,6,,1,1,1
2026-10-06T02:16:37.143371+00:00,2026-10-06T02:16:38+00:00,2026-10-06T02:16:38+00:00,bcycle_lametro_3026,6,9,,1,1,1
2026-10-06T02:16:37.143371+00:00,2026-10-06T02:16:38+00:00,2026-10-06T02:16:38+00:00,bcycle_lametro_3027,6,9,,1,1,1
2026-10-06T02:16:37.143371+00:00,2026-10-06T02:16:38+00:00,2026-10-06T02:16:38+00:00,bcycle_lametro_3030,13,16,,1,1,1
2026-10-06T02:16:37.143371+00:00,2026-10-06T02:16:38+00:00,2026-10-06T02:16:38+00:00,bcycle_lametro_3032,15,12,,1,1,1
2026-10-06T02:16:37.143371+00:00,2026-10-06T02:16:38+00:00,2026-10-06T02:16:38+00:00,bcycle_lametro_3033,4,11,,1,1,1
2026-10-06T02:16:37.143371+00:00,2026-10-06T02:16:38+00:00,2026-10-06T02:16:38+00:00,bcycle_lametro_3034,15,10,,1,1,1
2026-10-06T02:16:37.143371+00:00,2026-10-06T02:16:38+00:00,2026-10-06T02:16:38+00:00,bcycle_lametro_3035,10,13,,1,1,1
2026-10-06T02:16:37.143371+00:00,2026-10-06T02:16:38+00:00,2026-10-06T02:16:38+00:00,bcycle_lametro_3036,2,12,,1,1,1
2026-10-06T02:16:37.143371+00:00,2026-10-06T02:16:38+00:00,2026-10-06T02:16:38+00:00,bcycle_lametro_3037,10,8,,1,1,1
2026-10-06T02:16:37.143371+00:00,2026-10-06T02:16:38+00:00,2026-10-06T02:16:38+00:00,bcycle_lametro_3040,1,2,,1,1,1
2026-10-06T02:16:37.143371+00:00,2026-10-06T02:16:38+00:00,2026-10-06T02:16:38+00:00,bcycle_lametro_3042,13,15,,1,1,1
2026-10-06T02:16:37.143371+00:00,2026-10-06T02:16:38+00:00,2026-10-06T02:16:38+00:00,bcycle_lametro_3045,6,4,,1,1,1
2026-10-06T02:16:37.143371+00:00,2026-10-06T02:16:38+00:00,2026-10-06T02:16:38+00:00,bcycle_lametro_3046,14,3,,1,1,1
2026-10-06T02:16:37.143371+00:00,2026-10-06T02:16:38+00:00,2026-10-06T02:16:38+00:00,bcycle_lametro_3047,15,10,,1,1,1
2026-10-06T02:16:37.143371+00:00,2026-10-06T02:16:38+00:00,2026-10-06T02:16:38+00:00,bcycle_lametro_3048,9,7,,1,1,1
2026-10-06T02:16:37.143371+00:00,2026-10-06T02:16:38+00:00,2026-10-06T02:16:38+00:00,bcycle_lametro_3052,3,18,,1,1,1
2026-10-06T02:16:37.143371+00:00,2026-10-06T02:16:38+00:00,2026-10-06T02:16:38+00:00,bcycle_lametro_3054,5,10,,1,1,1
2026-10-06T02:16:37.143371+00:00,2026-10-06T02:16:38+00:00,2026-10-06T02:16:38+00:00,bcycle_lametro_3056,7,8,,1,1,1
2026-10-06T02:16:37.143371+00:00,2026-10-06T02:16:38+00:00,2026-10-06T02:16:38+00:00,bcycle_lametro_3058,8,7,,1,1,1
2026-10-06T02:16:37.143371+00:00,2026-10-06T02:16:38+00:00,2026-10-06T02:16:38+00:00,bcycle_lametro_3062,5,10,,1,1,1
2026-10-06T02:16:37.143371+00:00,2026-10-06T02:16:38+00:00,2026-10-06T02:16:38+00:00,bcycle_lametro_3063,0,22,,0,0,0
2026-10-06T02:16:37.143371+00:00,2026-10-06T02:16:38+00:00,2026-10-06T02:16:38+00:00,bcycle_lametro_3064,11,4,,1,1,1
2026-10-06T02:16:37.143371+00:00,2026-10-06T02:16:38+00:00,2026-10-06T02:16:38+00:00,bcycle_lametro_3065,7,8,,1,1,1
2026-10-06T02:16:37.143371+00:00,2026-10-06T02:16:38+00:00,2026-10-06T02:16:38+00:00,bcycle_lametro_3066,7,8,,0,0,1
2026-10-06T02:16:37.143371+00:00,2026-10-06T02:16:38+00:00,2026-10-06T02:16:38+00:00,bcycle_lametro_3068,4,10,,1,1,1
2026-10-06T02:16:37.143371+00:00,2026-10-06T02:16:38+00:00,2026-10-06T02:16:38+00:00,bcycle_lametro_3069,4,13,,1,1,1
2026-10-06T02:16:37.143371+00:00,2026-10-06T02:16:38+00:00,2026-10-06T02:16:38+00:00,bcycle_lametro_3074,15,7,,1,1,1
2026-10-06T02:16:37.143371+00:00,2026-10-06T02:16:38+00:00,2026-10-06T02:16:38+00:00,bcycle_lametro_3075,7,8,,1,1,1
2026-10-06T02:16:37.143371+00:00,2026-10-06T02:16:38+00:00,2026-10-06T02:16:38+00:00,bcycle_lametro_3076,7,5,,1,1,1
2026-10-06T02:16:37.143371+00:00,2026-10-06T02:16:38+00:00,2026-10-06T02:16:38+00:00,bcycle_lametro_3077,5,8,,1,1,1
2026-10-06T02:16:37.143371+00:00,2026-10-06T02:16:38+00:00,2026-10-06T02:16:38+00:00,bcycle_lametro_3078,8,7,,1,1,1
2026-10-06T02:16:37.143371+00:00,2026-10-06T02:16:38+00:00,2026-10-06T02:16:38+00:00,bcycle_lametro_3079,2,12,,1,1,1
2026-10-06T02:16:37.143371+00:00,2026-10-06T02:16:38+00:00,2026-10-06T02:16:38+00:00,bcycle_lametro_3081,6,6,,0,0,1
2026-10-06T02:16:37.143371+00:00,2026-10-06T02:16:38+00:00,2026-10-06T02:16:38+00:00,bcycle_lametro_3082,11,11,,1,1,1
2026-10-06T02:16:37.143371+00:00,2026-10-06T02:16:38+00:00,2026-10-06T02:16:38+00:00,bcycle_lametro_4202,6,14,,1,1,1
2026-10-06T02:16:37.143371+00:00,2026-10-06T02:16:38+00:00,2026-10-06T02:16:38+00:00,bcycle_lametro_4204,13,3,,1,1,1
2026-10-06T02:16:37.143371+00:00,2026-10-06T02:16:38+00:00,2026-10-06T02:16:38+00:00,bcycle_lametro_4205,2,14,,1,1,1
2026-10-06T02:16:37.143371+00:00,2026-10-06T02:16:38+00:00,2026-10-06T02:16:38+00:00,bcycle_lametro_4206,4,18,,1,1,1
2026-10-06T02:16:37.143371+00:00,2026-10-06T02:16:38+00:00,2026-10-06T02:16:38+00:00,bcycle_lametro_4207,9,10,,1,1,1
2026-10-06T02:16:37.143371+00:00,2026-10-06T02:16:38+00:00,2026-10-06T02:16:38+00:00,bcycle_lametro_4208,3,14,,1,1,1
2026-10-06T02:16:37.143371+00:00,2026-10-06T02:16:38+00:00,2026-10-06T02:16:38+00:00,bcycle_lametro_4209,10,13,,1,1,1
2026-10-06T02:16:37.143371+00:00,2026-10-06T02:16:38+00:00,2026-10-06T02:16:38+00:00,bcycle_lametro_4210,2,13,,1,1,1
2026-10-06T02:16:37.143371+00:00,2026-10-06T02:16:38+00:00,2026-10-06T02:16:38+00:00,bcycle_lametro_4211,7,7,,1,1,1
2026-10-06T02:16:37.143371+00:00,2026-10-06T02:16:38+00:00,2026-10-06T02:16:38+00:00,bcycle_lametro_4212,2,19,,1,1,1
2026-10-06T02:16:37.143371+00:00,2026-10-06T02:16:38+00:00,2026-10-06T02:16:38+00:00,bcycle_lametro_4213,2,13,,1,1,1
2026-10-06T02:16:37.143371+00:00,2026-10-06T02:16:38+00:00,2026-10-06T02:16:38+00:00,bcycle_lametro_4214,11,15,,1,1,1
2026-10-06T02:16:37.143371+00:00,2026-10-06T02:16:38+00:00,2026-10-06T02:16:38+00:00,bcycle_lametro_4215,21,19,,1,1,1
2026-10-06T02:16:37.143371+00:00,2026-10-06T02:16:38+00:00,2026-10-06T02:16:38+00:00,bcycle_lametro_4216,10,9,,1,1,1
2026-10-06T02:16:37.143371+00:00,2026-10-06T02:16:38+00:00,2026-10-06T02:16:38+00:00,bcycle_lametro_4217,6,5,,0,0,1
2026-10-06T02:16:37.143371+00:00,2026-10-06T02:16:38+00:00,2026-10-06T02:16:38+00:00,bcycle_lametro_4220,7,7,,1,1,1
2026-10-06T02:16:37.143371+00:00,2026-10-06T02:16:38+00:00,2026-10-06T02:16:38+00:00,bcycle_lametro_4227,8,8,,1,1,1
2026-10-06T02:16:37.143371+00:00,2026-10-06T02:16:38+00:00,2026-10-06T02:16:38+00:00,bcycle_lametro_4245,13,1,,0,0,1
2026-10-06T02:16:37.143371+00:00,2026-10-06T02:16:38+00:00,2026-10-06T02:16:38+00:00,bcycle_lametro_4246,11,3,,1,1,1
2026-10-06T02:16:37.143371+00:00,2026-10-06T02:16:38+00:00,2026-10-06T02:16:38+00:00,bcycle_lametro_4247,5,3,,1,1,1
2026-10-06T02:16:37.143371+00:00,2026-10-06T02:16:38+00:00,2026-10-06T02:16:38+00:00,bcycle_lametro_4248,4,14,,1,1,1
2026-10-06T02:16:37.143371+00:00,2026-10-06T02:16:38+00:00,2026-10-06T02:16:38+00:00,bcycle_lametro_4249,11,3,,1,1,1
2026-10-06T02:16:37.143371+00:00,2026-10-06T02:16:38+00:00,2026-10-06T02:16:38+00:00,bcycle_lametro_4250,8,7,,1,1,1
2026-10-06T02:16:37.143371+00:00,2026-10-06T02:16:38+00:00,2026-10-06T02:16:38+00:00,bcycle_lametro_4254,3,12,,1,1,1
2026-10-06T02:16:37.143371+00:00,2026-10-06T02:16:38+00:00,2026-10-06T02:16:38+00:00,bcycle_lametro_4255,3,7,,1,1,1
2026-10-06T02:16:37.143371+00:00,2026-10-06T02:16:38+00:00,2026-10-06T02:16:38+00:00,bcycle_lametro_4266,8,7,,1,1,1
2026-10-06T02:16:37.143371+00:00,2026-10-06T02:16:38+00:00,2026-10-06T02:16:38+00:00,bcycle_lametro_4267,1,8,,1,1,1
2026-10-06T02:16:37.143371+00:00,2026-10-06T02:16:38+00:00,2026-10-06T02:16:38+00:00,bcycle_lametro_4273,5,9,,1,1,1
2026-10-06T02:16:37.143371+00:00,2026-10-06T02:16:38+00:00,2026-10-06T02:16:38+00:00,bcycle_lametro_4275,4,11,,1,1,1
2026-10-06T02:16:37.143371+00:00,2026-10-06T02:16:38+00:00,2026-10-06T02:16:38+00:00,bcycle_lametro_4293,2,8,,1,1,1
2026-10-06T02:16:37.143371+00:00,2026-10-06T02:16:38+00:00,2026-10-06T02:16:38+00:00,bcycle_lametro_4300,5,9,,1,1,1
2026-10-06T02:16:37.143371+00:00,2026-10-06T02:16:38+00:00,2026-10-06T02:16:38+00:00,bcycle_lametro_4301,2,7,,1,1,1
2026-10-06T02:16:37.143371+00:00,2026-10-06T02:16:38+00:00,2026-10-06T02:16:38+00:00,bcycle_lametro_4303,3,7,,1,1,1
2026-10-06T02:16:37.143371+00:00,2026-10-06T02:16:38+00:00,2026-10-06T02:16:38+00:00,bcycle_lametro_4304,2,9,,1,1,1
2026-10-06T02:16:37.143371+00:00,2026-10-06T02:16:38+00:00,2026-10-06T02:16:38+00:00,bcycle_lametro_4306,6,7,,1,1,1
2026-10-06T02:16:37.143371+00:00,2026-10-06T02:16:38+00:00,2026-10-06T02:16:38+00:00,bcycle_lametro_4311,7,8,,1,1,1
2026-10-06T02:16:37.143371+00:00,2026-10-06T02:16:38+00:00,2026-10-06T02:16:38+00:00,bcycle_lametro_4312,9,5,,0,0,1
2026-10-06T02:16:37.143371+00:00,2026-10-06T02:16:38+00:00,2026-10-06T02:16:38+00:00,bcycle_lametro_4313,5,7,,1,1,1
2026-10-06T02:16:37.143371+00:00,2026-10-06T02:16:38+00:00,2026-10-06T02:16:38+00:00,bcycle_lametro_4314,4,11,,1,1,1
2026-10-06T02:16:37.143371+00:00,2026-10-06T02:16:38+00:00,2026-10-06T02:16:38+00:00,bcycle_lametro_4315,6,2,,0,0,1
2026-10-06T02:16:37.143371+00:00,2026-10-06T02:16:38+00:00,2026-10-06T02:16:38+00:00,bcycle_lametro_4387,1,15,,1,1,1
2026-10-06T02:16:37.143371+00:00,2026-10-06T02:16:38+00:00,2026-10-06T02:16:38+00:00,bcycle_lametro_4390,6,6,,1,1,1
2026-10-06T02:16:37.143371+00:00,2026-10-06T02:16:38+00:00,2026-10-06T02:16:38+00:00,bcycle_lametro_4401,2,8,,1,1,1
2026-10-06T02:16:37.143371+00:00,2026-10-06T02:16:38+00:00,2026-10-06T02:16:38+00:00,bcycle_lametro_4404,11,4,,0,0,1
2026-10-06T02:16:37.143371+00:00,2026-10-06T02:16:38+00:00,2026-10-06T02:16:38+00:00,bcycle_lametro_4405,8,5,,1,1,1
2026-10-06T02:16:37.143371+00:00,2026-10-06T02:16:38+00:00,2026-10-06T02:16:38+00:00,bcycle_lametro_4406,6,8,,1,1,1
2026-10-06T02:16:37.143371+00:00,2026-10-06T02:16:38+00:00,2026-10-06T02:16:38+00:00,bcycle_lametro_4410,9,7,,1,1,1
2026-10-06T02:16:37.143371+00:00,2026-10-06T02:16:38+00:00,2026-10-06T02:16:38+00:00,bcycle_lametro_4436,4,4,,0,0,1
2026-10-06T02:16:37.143371+00:00,2026-10-06T02:16:38+00:00,2026-10-06T02:16:38+00:00,bcycle_lametro_4437,2,11,,1,1,1
2026-10-06T02:16:37.143371+00:00,2026-10-06T02:16:38+00:00,2026-10-06T02:16:38+00:00,bcycle_lametro_4440,4,14,,1,1,1
2026-10-06T02:16:37.143371+00:00,2026-10-06T02:16:38+00:00,2026-10-06T02:16:38+00:00,bcycle_lametro_4441,0,7,,1,1,1
2026-10-06T02:16:37.143371+00:00,2026-10-06T02:16:38+00:00,2026-10-06T02:16:38+00:00,bcycle_lametro_4442,1,11,,1,1,1
2026-10-06T02:16:37.143371+00:00,2026-10-06T02:16:38+00:00,2026-10-06T02:16:38+00:00,bcycle_lametro_4443,6,1,,1,1,1
2026-10-06T02:16:37.143371+00:00,2026-10-06T02:16:38+00:00,2026-10-06T02:16:38+00:00,bcycle_lametro_4444,3,6,,1,1,1
2026-10-06T02:16:37.143371+00:00,2026-10-06T02:16:38+00:00,2026-10-06T02:16:38+00:00,bcycle_lametro_4445,9,6,,1,1,1
2026-10-06T02:16:37.143371+00:00,2026-10-06T02:16:38+00:00,2026-10-06T02:16:38+00:00,bcycle_lametro_4446,1,7,,1,1,1
2026-10-06T02:16:37.143371+00:00,2026-10-06T02:16:38+00:00,2026-10-06T02:16:38+00:00,bcycle_lametro_4447,3,9,,1,1,1
2026-10-06T02:16:37.143371+00:00,2026-10-06T02:16:38+00:00,2026-10-06T02:16:38+00:00,bcycle_lametro_4448,7,11,,1,1,1
2026-10-06T02:16:37.143371+00:00,2026-10-06T02:16:38+00:00,2026-10-06T02:16:38+00:00,bcycle_lametro_4449,7,6,,1,1,1
2026-10-06T02:16:37.143371+00:00,2026-10-06T02:16:38+00:00,2026-10-06T02:16:38+00:00,bcycle_lametro_4450,8,6,,1,1,1
2026-10-06T02:16:37.143371+00:00,2026-10-06T02:16:38+00:00,2026-10-06T02:16:38+00:00,bcycle_lametro_4451,4,5,,1,1,1
2026-10-06T02:16:37.143371+00:00,2026-10-06T02:16:38+00:00,2026-10-06T02:16:38+00:00,bcycle_lametro_4452,8,2,,1,1,1
2026-10-06T02:16:37.143371+00:00,2026-10-06T02:16:38+00:00,2026-10-06T02:16:38+00:00,bcycle_lametro_4453,6,4,,1,1,1
2026-10-06T02:16:37.143371+00:00,2026-10-06T02:16:38+00:00,2026-10-06T02:16:38+00:00,bcycle_lametro_4454,8,6,,0,0,1
2026-10-06T02:16:37.143371+00:00,2026-10-06T02:16:38+00:00,2026-10-06T02:16:38+00:00,bcycle_lametro_4455,7,8,,1,1,1
2026-10-06T02:16:37.143371+00:00,2026-10-06T02:16:38+00:00,2026-10-06T02:16:38+00:00,bcycle_lametro_4456,9,6,,1,1,1
2026-10-06T02:16:37.143371+00:00,2026-10-06T02:16:38+00:00,2026-10-06T02:16:38+00:00,bcycle_lametro_4457,4,4,,1,1,1
2026-10-06T02:16:37.143371+00:00,2026-10-06T02:16:38+00:00,2026-10-06T02:16:38+00:00,bcycle_lametro_4472,8,8,,1,1,1
2026-10-06T02:16:37.143371+00:00,2026-10-06T02:16:38+00:00,2026-10-06T02:16:38+00:00,bcycle_lametro_4473,4,4,,1,1,1
2026-10-06T02:16:37.143371+00:00,2026-10-06T02:16:38+00:00,2026-10-06T02:16:38+00:00,bcycle_lametro_4474,0,10,,1,1,1
2026-10-06T02:16:37.143371+00:00,2026-10-06T02:16:38+00:00,2026-10-06T02:16:38+00:00,bcycle_lametro_4475,3,8,,1,1,1
2026-10-06T02:16:37.143371+00:00,2026-10-06T02:16:38+00:00,2026-10-06T02:16:38+00:00,bcycle_lametro_4476,4,9,,1,1,1
2026-10-06T02:16:37.143371+00:00,2026-10-06T02:16:38+00:00,2026-10-06T02:16:38+00:00,bcycle_lametro_4477,2,11,,1,1,1
2026-10-06T02:16:37.143371+00:00,2026-10-06T02:16:38+00:00,2026-10-06T02:16:38+00:00,bcycle_lametro_4479,1,11,,1,1,1
2026-10-06T02:16:37.143371+00:00,2026-10-06T02:16:38+00:00,2026-10-06T02:16:38+00:00,bcycle_lametro_4483,5,7,,1,1,1
2026-10-06T02:16:37.143371+00:00,2026-10-06T02:16:38+00:00,2026-10-06T02:16:38+00:00,bcycle_lametro_4487,14,2,,1,1,1
2026-10-06T02:16:37.143371+00:00,2026-10-06T02:16:38+00:00,2026-10-06T02:16:38+00:00,bcycle_lametro_4490,6,9,,1,1,1
2026-10-06T02:16:37.143371+00:00,2026-10-06T02:16:38+00:00,2026-10-06T02:16:38+00:00,bcycle_lametro_4491,11,2,,1,1,1
2026-10-06T02:16:37.143371+00:00,2026-10-06T02:16:38+00:00,2026-10-06T02:16:38+00:00,bcycle_lametro_4492,8,11,,1,1,1
2026-10-06T02:16:37.143371+00:00,2026-10-06T02:16:38+00:00,2026-10-06T02:16:38+00:00,bcycle_lametro_4493,8,7,,1,1,1
2026-10-06T02:16:37.143371+00:00,2026-10-06T02:16:38+00:00,2026-10-06T02:16:38+00:00,bcycle_lametro_4494,7,2,,0,0,1
2026-10-06T02:16:37.143371+00:00,2026-10-06T02:16:38+00:00,2026-10-06T02:16:38+00:00,bcycle_lametro_4509,7,3,,1,1,1
2026-10-06T02:16:37.143371+00:00,2026-10-06T02:16:38+00:00,2026-10-06T02:16:38+00:00,bcycle_lametro_4510,0,10,,1,1,1
2026-10-06T02:16:37.143371+00:00,2026-10-06T02:16:38+00:00,2026-10-06T02:16:38+00:00,bcycle_lametro_4511,8,11,,1,1,1
2026-10-06T02:16:37.143371+00:00,2026-10-06T02:16:38+00:00,2026-10-06T02:16:38+00:00,bcycle_lametro_4512,8,8,,1,1,1
2026-10-06T02:16:37.143371+00:00,2026-10-06T02:16:38+00:00,2026-10-06T02:16:38+00:00,bcycle_lametro_4514,8,13,,1,1,1
2026-10-06T02:16:37.143371+00:00,2026-10-06T02:16:38+00:00,2026-10-06T02:16:38+00:00,bcycle_lametro_4515,3,6,,1,1,1
2026-10-06T02:16:37.143371+00:00,2026-10-06T02:16:38+00:00,2026-10-06T02:16:38+00:00,bcycle_lametro_4517,7,4,,1,1,1
2026-10-06T02:16:37.143371+00:00,2026-10-06T02:16:38+00:00,2026-10-06T02:16:38+00:00,bcycle_lametro_4521,9,3,,1,1,1
2026-10-06T02:16:37.143371+00:00,2026-10-06T02:16:38+00:00,2026-10-06T02:16:38+00:00,bcycle_lametro_4523,10,5,,1,1,1
2026-10-06T02:16:37.143371+00:00,2026-10-06T02:16:38+00:00,2026-10-06T02:16:38+00:00,bcycle_lametro_4524,4,10,,1,1,1
2026-10-06T02:16:37.143371+00:00,2026-10-06T02:16:38+00:00,2026-10-06T02:16:38+00:00,bcycle_lametro_4525,8,3,,1,1,1
2026-10-06T02:16:37.143371+00:00,2026-10-06T02:16:38+00:00,2026-10-06T02:16:38+00:00,bcycle_lametro_4526,10,11,,1,1,1
2026-10-06T02:16:37.143371+00:00,2026-10-06T02:16:38+00:00,2026-10-06T02:16:38+00:00,bcycle_lametro_4527,11,3,,1,1,1
2026-10-06T02:16:37.143371+00:00,2026-10-06T02:16:38+00:00,2026-10-06T02:16:38+00:00,bcycle_lametro_4528,13,1,,1,1,1
2026-10-06T02:16:37.143371+00:00,2026-10-06T02:16:38+00:00,2026-10-06T02:16:38+00:00,bcycle_lametro_4529,5,8,,1,1,1
2026-10-06T02:16:37.143371+00:00,2026-10-06T02:16:38+00:00,2026-10-06T02:16:38+00:00,bcycle_lametro_4534,8,7,,1,1,1
2026-10-06T02:16:37.143371+00:00,2026-10-06T02:16:38+00:00,2026-10-06T02:16:38+00:00,bcycle_lametro_4536,2,8,,1,1,1
2026-10-06T02:16:37.143371+00:00,2026-10-06T02:16:38+00:00,2026-10-06T02:16:38+00:00,bcycle_lametro_4537,7,11,,1,1,1
2026-10-06T02:16:37.143371+00:00,2026-10-06T02:16:38+00:00,2026-10-06T02:16:38+00:00,bcycle_lametro_4538,5,3,,1,1,1
2026-10-06T02:16:37.143371+00:00,2026-10-06T02:16:38+00:00,2026-10-06T02:16:38+00:00,bcycle_lametro_4540,5,9,,1,1,1
2026-10-06T02:16:37.143371+00:00,2026-10-06T02:16:38+00:00,2026-10-06T02:16:38+00:00,bcycle_lametro_4543,5,3,,1,1,1
2026-10-06T02:16:37.143371+00:00,2026-10-06T02:16:38+00:00,2026-10-06T02:16:38+00:00,bcycle_lametro_4544,3,10,,1,1,1
2026-10-06T02:16:37.143371+00:00,2026-10-06T02:16:38+00:00,2026-10-06T02:16:38+00:00,bcycle_lametro_4545,6,2,,1,1,1
2026-10-06T02:16:37.143371+00:00,2026-10-06T02:16:38+00:00,2026-10-06T02:16:38+00:00,bcycle_lametro_4546,3,16,,1,1,1
2026-10-06T02:16:37.143371+00:00,2026-10-06T02:16:38+00:00,2026-10-06T02:16:38+00:00,bcycle_lametro_4547,2,8,,1,1,1
2026-10-06T02:16:37.143371+00:00,2026-10-06T02:16:38+00:00,2026-10-06T02:16:38+00:00,bcycle_lametro_4548,2,10,,1,1,1
2026-10-06T02:16:37.143371+00:00,2026-10-06T02:16:38+00:00,2026-10-06T02:16:38+00:00,bcycle_lametro_4549,8,8,,1,1,1
2026-10-06T02:16:37.143371+00:00,2026-10-06T02:16:38+00:00,2026-10-06T02:16:38+00:00,bcycle_lametro_4552,11,1,,1,1,1
2026-10-06T02:16:37.143371+00:00,2026-10-06T02:16:38+00:00,2026-10-06T02:16:38+00:00,bcycle_lametro_4553,3,6,,1,1,1
2026-10-06T02:16:37.143371+00:00,2026-10-06T02:16:38+00:00,2026-10-06T02:16:38+00:00,bcycle_lametro_4554,0,11,,1,1,1
2026-10-06T02:16:37.143371+00:00,2026-10-06T02:16:38+00:00,2026-10-06T02:16:38+00:00,bcycle_lametro_4555,3,5,,1,1,1
2026-10-06T02:16:37.143371+00:00,2026-10-06T02:16:38+00:00,2026-10-06T02:16:38+00:00,bcycle_lametro_4556,5,8,,1,1,1
2026-10-06T02:16:37.143371+00:00,2026-10-06T02:16:38+00:00,2026-10-06T02:16:38+00:00,bcycle_lametro_4557,5,6,,1,1,1
2026-10-06T02:16:37.143371+00:00,2026-10-06T02:16:38+00:00,2026-10-06T02:16:38+00:00,bcycle_lametro_4558,2,15,,1,1,1
2026-10-06T02:16:37.143371+00:00,2026-10-06T02:16:38+00:00,2026-10-06T02:16:38+00:00,bcycle_lametro_4561,1,8,,1,1,1
2026-10-06T02:16:37.143371+00:00,2026-10-06T02:16:38+00:00,2026-10-06T02:16:38+00:00,bcycle_lametro_4562,8,6,,1,1,1
2026-10-06T02:16:37.143371+00:00,2026-10-06T02:16:38+00:00,2026-10-06T02:16:38+00:00,bcycle_lametro_4563,7,2,,1,1,1
2026-10-06T02:16:37.143371+00:00,2026-10-06T02:16:38+00:00,2026-10-06T02:16:38+00:00,bcycle_lametro_4564,7,8,,1,1,1
2026-10-06T02:16:37.143371+00:00,2026-10-06T02:16:38+00:00,2026-10-06T02:16:38+00:00,bcycle_lametro_4565,2,10,,1,1,1
2026-10-06T02:16:37.143371+00:00,2026-10-06T02:16:38+00:00,2026-10-06T02:16:38+00:00,bcycle_lametro_4566,7,7,,1,1,1
2026-10-06T02:16:37.143371+00:00,2026-10-06T02:16:38+00:00,2026-10-06T02:16:38+00:00,bcycle_lametro_4567,2,9,,1,1,1
2026-10-06T02:16:37.143371+00:00,2026-10-06T02:16:38+00:00,2026-10-06T02:16:38+00:00,bcycle_lametro_4568,1,12,,1,1,1
2026-10-06T02:16:37.143371+00:00,2026-10-06T02:16:38+00:00,2026-10-06T02:16:38+00:00,bcycle_lametro_4569,5,4,,1,1,1
2026-10-06T02:16:37.143371+00:00,2026-10-06T02:16:38+00:00,2026-10-06T02:16:38+00:00,bcycle_lametro_4570,7,8,,1,1,1
2026-10-06T02:16:37.143371+00:00,2026-10-06T02:16:38+00:00,2026-10-06T02:16:38+00:00,bcycle_lametro_4571,6,1,,1,1,1
2026-10-06T02:16:37.143371+00:00,2026-10-06T02:16:38+00:00,2026-10-06T02:16:38+00:00,bcycle_lametro_4575,4,5,,1,1,1
2026-10-06T02:16:37.143371+00:00,2026-10-06T02:16:38+00:00,2026-10-06T02:16:38+00:00,bcycle_lametro_4576,9,2,,1,1,1
2026-10-06T02:16:37.143371+00:00,2026-10-06T02:16:38+00:00,2026-10-06T02:16:38+00:00,bcycle_lametro_4578,5,2,,1,1,1
2026-10-06T02:16:37.143371+00:00,2026-10-06T02:16:38+00:00,2026-10-06T02:16:38+00:00,bcycle_lametro_4579,3,9,,1,1,1
2026-10-06T02:16:37.143371+00:00,2026-10-06T02:16:38+00:00,2026-10-06T02:16:38+00:00,bcycle_lametro_4580,1,7,,1,1,1
2026-10-06T02:16:37.143371+00:00,2026-10-06T02:16:38+00:00,2026-10-06T02:16:38+00:00,bcycle_lametro_4581,5,11,,1,1,1
2026-10-06T02:16:37.143371+00:00,2026-10-06T02:16:38+00:00,2026-10-06T02:16:38+00:00,bcycle_lametro_4583,9,9,,1,1,1
2026-10-06T02:16:37.143371+00:00,2026-10-06T02:16:38+00:00,2026-10-06T02:16:38+00:00,bcycle_lametro_4584,10,4,,0,0,1
2026-10-06T02:16:37.143371+00:00,2026-10-06T02:16:38+00:00,2026-10-06T02:16:38+00:00,bcycle_lametro_4587,0,11,,1,1,1
2026-10-06T02:16:37.143371+00:00,2026-10-06T02:16:38+00:00,2026-10-06T02:16:38+00:00,bcycle_lametro_4595,5,13,,1,1,1
2026-10-06T02:16:37.143371+00:00,2026-10-06T02:16:38+00:00,2026-10-06T02:16:38+00:00,bcycle_lametro_4596,4,11,,1,1,1
2026-10-06T02:16:37.143371+00:00,2026-10-06T02:16:38+00:00,2026-10-06T02:16:38+00:00,bcycle_lametro_4597,4,6,,1,1,1
2026-10-06T02:16:37.143371+00:00,2026-10-06T02:16:38+00:00,2026-10-06T02:16:38+00:00,bcycle_lametro_4598,2,7,,1,1,1
2026-10-06T02:16:37.143371+00:00,2026-10-06T02:16:38+00:00,2026-10-06T02:16:38+00:00,bcycle_lametro_4599,3,9,,1,1,1
2026-10-06T02:16:37.143371+00:00,2026-10-06T02:16:38+00:00,2026-10-06T02:16:38+00:00,bcycle_lametro_4600,6,4,,1,1,1
2026-10-06T02:16:37.143371+00:00,2026-10-06T02:16:38+00:00,2026-10-06T02:16:38+00:00,bcycle_lametro_4601,4,7,,1,1,1
2026-10-06T02:16:37.143371+00:00,2026-10-06T02:16:38+00:00,2026-10-06T02:16:38+00:00,bcycle_lametro_4603,8,10,,1,1,1
2026-10-06T02:16:37.143371+00:00,2026-10-06T02:16:38+00:00,2026-10-06T02:16:38+00:00,bcycle_lametro_4604,8,4,,1,1,1
2026-10-06T02:16:37.143371+00:00,2026-10-06T02:16:38+00:00,2026-10-06T02:16:38+00:00,bcycle_lametro_4605,8,5,,1,1,1
2026-10-06T02:16:37.143371+00:00,2026-10-06T02:16:38+00:00,2026-10-06T02:16:38+00:00,bcycle_lametro_4606,5,15,,1,1,1
2026-10-06T02:16:37.143371+00:00,2026-10-06T02:16:38+00:00,2026-10-06T02:16:38+00:00,bcycle_lametro_4613,1,18,,0,0,1
2026-10-06T02:16:37.143371+00:00,2026-10-06T02:16:38+00:00,2026-10-06T02:16:38+00:00,bcycle_lametro_4614,0,20,,1,1,1
2026-10-06T02:16:37.143371+00:00,2026-10-06T02:16:38+00:00,2026-10-06T02:16:38+00:00,bcycle_lametro_4627,4,13,,1,1,1
2026-10-06T02:16:37.143371+00:00,2026-10-06T02:16:38+00:00,2026-10-06T02:16:38+00:00,bcycle_lametro_4628,8,4,,1,1,1
2026-10-06T02:16:37.143371+00:00,2026-10-06T02:16:38+00:00,2026-10-06T02:16:38+00:00,bcycle_lametro_4632,6,9,,0,0,1
2026-10-06T02:16:37.143371+00:00,2026-10-06T02:16:38+00:00,2026-10-06T02:16:38+00:00,bcycle_lametro_4643,7,13,,1,1,1
2026-10-06T02:16:37.143371+00:00,2026-10-06T02:16:38+00:00,2026-10-06T02:16:38+00:00,bcycle_lametro_4644,2,10,,1,1,1
2026-10-06T02:16:37.143371+00:00,2026-10-06T02:16:38+00:00,2026-10-06T02:16:38+00:00,bcycle_lametro_4645,6,6,,1,1,1
2026-10-06T02:16:37.143371+00:00,2026-10-06T02:16:38+00:00,2026-10-06T02:16:38+00:00,bcycle_lametro_4652,6,5,,1,1,1
2026-10-06T02:16:37.143371+00:00,2026-10-06T02:16:38+00:00,2026-10-06T02:16:38+00:00,bcycle_lametro_4660,7,10,,1,1,1
2026-10-06T02:16:37.143371+00:00,2026-10-06T02:16:38+00:00,2026-10-06T02:16:38+00:00,bcycle_lametro_4664,9,10,,1,1,1
2026-10-06T02:16:37.143371+00:00,2026-10-06T02:16:38+00:00,2026-10-06T02:16:38+00:00,bcycle_lametro_4672,10,5,,1,1,1
2026-10-06T02:16:37.143371+00:00,2026-10-06T02:16:38+00:00,2026-10-06T02:16:38+00:00,bcycle_lametro_4680,5,13,,1,1,1
2026-10-06T02:16:37.143371+00:00,2026-10-06T02:16:38+00:00,2026-10-06T02:16:38+00:00,bcycle_lametro_4689,7,8,,1,1,1
2026-10-06T02:16:37.143371+00:00,2026-10-06T02:16:38+00:00,2026-10-06T02:16:38+00:00,bcycle_lametro_4690,7,7,,1,1,1
2026-10-06T02:16:37.143371+00:00,2026-10-06T02:16:38+00:00,2026-10-06T02:16:38+00:00,bcycle_lametro_4696,10,4,,1,1,1
2026-10-06T02:16:37.143371+00:00,2026-10-06T02:16:38+00:00,2026-10-06T02:16:38+00:00,bcycle_lametro_4697,7,8,,1,1,1
2026-10-06T02:16:37.143371+00:00,2026-10-06T02:16:38+00:00,2026-10-06T02:16:38+00:00,bcycle_lametro_4698,6,8,,1,1,1
2026-10-06T02:16:37.143371+00:00,2026-10-06T02:16:38+00:00,2026-10-06T02:16:38+00:00,bcycle_lametro_4699,7,8,,1,1,1
2026-10-06T02:16:37.143371+00:00,2026-10-06T02:16:38+00:00,2026-10-06T02:16:38+00:00,bcycle_lametro_4700,15,2,,1,1,1
2026-10-06T02:16:37.143371+00:00,2026-10-06T02:16:38+00:00,2026-10-06T02:16:38+00:00,bcycle_lametro_4707,8,5,,1,1,1
2026-10-06T02:16:37.143371+00:00,2026-10-06T02:16:38+00:00,2026-10-06T02:16:38+00:00,bcycle_lametro_4729,5,8,,0,0,1
2026-10-06T02:16:37.143371+00:00,2026-10-06T02:16:38+00:00,2026-10-06T02:16:38+00:00,bcycle_lametro_4730,5,8,,1,1,1
2026-10-06T02:16:37.143371+00:00,2026-10-06T02:16:38+00:00,2026-10-06T02:16:38+00:00,bcycle_lametro_4732,8,12,,1,1,1
2026-10-06T02:16:37.143371+00:00,2026-10-06T02:16:38+00:00,2026-10-06T02:16:38+00:00,bcycle_lametro_4733,1,22,,1,1,1
2026-10-06T02:16:37.143371+00:00,2026-10-06T02:16:38+00:00,2026-10-06T02:16:38+00:00,bcycle_lametro_4734,9,6,,1,1,1
2026-10-06T02:16:37.143371+00:00,2026-10-06T02:16:38+00:00,2026-10-06T02:16:38+00:00,bcycle_lametro_4735,10,2,,1,1,1
2026-10-06T02:16:37.143371+00:00,2026-10-06T02:16:38+00:00,2026-10-06T02:16:38+00:00,bcycle_lametro_4736,5,10,,1,1,1
2026-10-06T02:16:37.143371+00:00,2026-10-06T02:16:38+00:00,2026-10-06T02:16:38+00:00,bcycle_lametro_4740,11,11,,1,1,1
2026-10-06T02:16:37.143371+00:00,2026-10-06T02:16:38+00:00,2026-10-06T02:16:38+00:00,bcycle_lametro_4745,5,5,,1,1,1
2026-10-06T09:06:40.948603+00:00,2026-10-06T09:06:23+00:00,2026-10-06T09:06:23+00:00,bcycle_lametro_3005,8,21,,1,1,1
2026-10-06T09:06:40.948603+00:00,2026-10-06T09:06:23+00:00,2026-10-06T09:06:23+00:00,bcycle_lametro_3006,11,18,,1,1,1
2026-10-06T09:06:40.948603+00:00,2026-10-06T09:06:23+00:00,2026-10-06T09:06:23+00:00,bcycle_lametro_3007,4,18,,1,1,1
2026-10-06T09:06:40.948603+00:00,2026-10-06T09:06:23+00:00,2026-10-06T09:06:23+00:00,bcycle_lametro_3008,4,11,,1,1,1
2026-10-06T09:06:40.948603+00:00,2026-10-06T09:06:23+00:00,2026-10-06T09:06:23+00:00,bcycle_lametro_3010,10,4,,1,1,1
2026-10-06T09:06:40.948603+00:00,2026-10-06T09:06:23+00:00,2026-10-06T09:06:23+00:00,bcycle_lametro_3011,5,11,,1,1,1
2026-10-06T09:06:40.948603+00:00,2026-10-06T09:06:23+00:00,2026-10-06T09:06:23+00:00,bcycle_lametro_3014,13,15,,1,1,1
2026-10-06T09:06:40.948603+00:00,2026-10-06T09:06:23+00:00,2026-10-06T09:06:23+00:00,bcycle_lametro_3016,6,9,,1,1,1
2026-10-06T09:06:40.948603+00:00,2026-10-06T09:06:23+00:00,2026-10-06T09:06:23+00:00,bcycle_lametro_3018,12,6,,0,0,1
2026-10-06T09:06:40.948603+00:00,2026-10-06T09:06:23+00:00,2026-10-06T09:06:23+00:00,bcycle_lametro_3019,5,14,,1,1,1
2026-10-06T09:06:40.948603+00:00,2026-10-06T09:06:23+00:00,2026-10-06T09:06:23+00:00,bcycle_lametro_3020,4,11,,1,1,1
2026-10-06T09:06:40.948603+00:00,2026-10-06T09:06:23+00:00,2026-10-06T09:06:23+00:00,bcycle_lametro_3022,8,12,,1,1,1
2026-10-06T09:06:40.948603+00:00,2026-10-06T09:06:23+00:00,2026-10-06T09:06:23+00:00,bcycle_lametro_3024,8,7,,1,1,1
2026-10-06T09:06:40.948603+00:00,2026-10-06T09:06:23+00:00,2026-10-06T09:06:23+00:00,bcycle_lametro_3025,7,7,,1,1,1
2026-10-06T09:06:40.948603+00:00,2026-10-06T09:06:23+00:00,2026-10-06T09:06:23+00:00,bcycle_lametro_3026,6,9,,1,1,1
2026-10-06T09:06:40.948603+00:00,2026-10-06T09:06:23+00:00,2026-10-06T09:06:23+00:00,bcycle_lametro_3027,7,8,,1,1,1
2026-10-06T09:06:40.948603+00:00,2026-10-06T09:06:23+00:00,2026-10-06T09:06:23+00:00,bcycle_lametro_3030,14,15,,1,1,1
2026-10-06T09:06:40.948603+00:00,2026-10-06T09:06:23+00:00,2026-10-06T09:06:23+00:00,bcycle_lametro_3032,15,12,,1,1,1
2026-10-06T09:06:40.948603+00:00,2026-10-06T09:06:23+00:00,2026-10-06T09:06:23+00:00,bcycle_lametro_3033,4,11,,1,1,1
2026-10-06T09:06:40.948603+00:00,2026-10-06T09:06:23+00:00,2026-10-06T09:06:23+00:00,bcycle_lametro_3034,15,10,,0,0,1
2026-10-06T09:06:40.948603+00:00,2026-10-06T09:06:23+00:00,2026-10-06T09:06:23+00:00,bcycle_lametro_3035,10,13,,1,1,1
2026-10-06T09:06:40.948603+00:00,2026-10-06T09:06:23+00:00,2026-10-06T09:06:23+00:00,bcycle_lametro_3036,2,12,,1,1,1
2026-10-06T09:06:40.948603+00:00,2026-10-06T09:06:23+00:00,2026-10-06T09:06:23+00:00,bcycle_lametro_3037,10,8,,1,1,1
2026-10-06T09:06:40.948603+00:00,2026-10-06T09:06:23+00:00,2026-10-06T09:06:23+00:00,bcycle_lametro_3040,1,2,,1,1,1
2026-10-06T09:06:40.948603+00:00,2026-10-06T09:06:23+00:00,2026-10-06T09:06:23+00:00,bcycle_lametro_3042,11,17,,1,1,1
2026-10-06T09:06:40.948603+00:00,2026-10-06T09:06:23+00:00,2026-10-06T09:06:23+00:00,bcycle_lametro_3045,6,4,,1,1,1
2026-10-06T09:06:40.948603+00:00,2026-10-06T09:06:23+00:00,2026-10-06T09:06:23+00:00,bcycle_lametro_3046,13,4,,1,1,1
2026-10-06T09:06:40.948603+00:00,2026-10-06T09:06:23+00:00,2026-10-06T09:06:23+00:00,bcycle_lametro_3047,15,10,,1,1,1
2026-10-06T09:06:40.948603+00:00,2026-10-06T09:06:23+00:00,2026-10-06T09:06:23+00:00,bcycle_lametro_3048,10,6,,1,1,1
2026-10-06T09:06:40.948603+00:00,2026-10-06T09:06:23+00:00,2026-10-06T09:06:23+00:00,bcycle_lametro_3052,4,17,,1,1,1
2026-10-06T09:06:40.948603+00:00,2026-10-06T09:06:23+00:00,2026-10-06T09:06:23+00:00,bcycle_lametro_3054,5,10,,1,1,1
2026-10-06T09:06:40.948603+00:00,2026-10-06T09:06:23+00:00,2026-10-06T09:06:23+00:00,bcycle_lametro_3056,7,8,,1,1,1
2026-10-06T09:06:40.948603+00:00,2026-10-06T09:06:23+00:00,2026-10-06T09:06:23+00:00,bcycle_lametro_3058,8,7,,1,1,1
2026-10-06T09:06:40.948603+00:00,2026-10-06T09:06:23+00:00,2026-10-06T09:06:23+00:00,bcycle_lametro_3062,5,10,,1,1,1
2026-10-06T09:06:40.948603+00:00,2026-10-06T09:06:23+00:00,2026-10-06T09:06:23+00:00,bcycle_lametro_3063,0,22,,0,0,0
2026-10-06T09:06:40.948603+00:00,2026-10-06T09:06:23+00:00,2026-10-06T09:06:23+00:00,bcycle_lametro_3064,7,7,,1,1,1
2026-10-06T09:06:40.948603+00:00,2026-10-06T09:06:23+00:00,2026-10-06T09:06:23+00:00,bcycle_lametro_3065,6,9,,1,1,1
2026-10-06T09:06:40.948603+00:00,2026-10-06T09:06:23+00:00,2026-10-06T09:06:23+00:00,bcycle_lametro_3066,7,8,,0,0,1
2026-10-06T09:06:40.948603+00:00,2026-10-06T09:06:23+00:00,2026-10-06T09:06:23+00:00,bcycle_lametro_3068,3,11,,1,1,1
2026-10-06T09:06:40.948603+00:00,2026-10-06T09:06:23+00:00,2026-10-06T09:06:23+00:00,bcycle_lametro_3069,5,12,,1,1,1
2026-10-06T09:06:40.948603+00:00,2026-10-06T09:06:23+00:00,2026-10-06T09:06:23+00:00,bcycle_lametro_3074,14,8,,1,1,1
2026-10-06T09:06:40.948603+00:00,2026-10-06T09:06:23+00:00,2026-10-06T09:06:23+00:00,bcycle_lametro_3075,7,8,,1,1,1
2026-10-06T09:06:40.948603+00:00,2026-10-06T09:06:23+00:00,2026-10-06T09:06:23+00:00,bcycle_lametro_3076,7,5,,1,1,1
2026-10-06T09:06:40.948603+00:00,2026-10-06T09:06:23+00:00,2026-10-06T09:06:23+00:00,bcycle_lametro_3077,5,8,,1,1,1
2026-10-06T09:06:40.948603+00:00,2026-10-06T09:06:23+00:00,2026-10-06T09:06:23+00:00,bcycle_lametro_3078,10,5,,1,1,1
2026-10-06T09:06:40.948603+00:00,2026-10-06T09:06:23+00:00,2026-10-06T09:06:23+00:00,bcycle_lametro_3079,1,13,,1,1,1
2026-10-06T09:06:40.948603+00:00,2026-10-06T09:06:23+00:00,2026-10-06T09:06:23+00:00,bcycle_lametro_3081,6,6,,0,0,1
2026-10-06T09:06:40.948603+00:00,2026-10-06T09:06:23+00:00,2026-10-06T09:06:23+00:00,bcycle_lametro_3082,11,11,,1,1,1
2026-10-06T09:06:40.948603+00:00,2026-10-06T09:06:23+00:00,2026-10-06T09:06:23+00:00,bcycle_lametro_4202,6,14,,1,1,1
2026-10-06T09:06:40.948603+00:00,2026-10-06T09:06:23+00:00,2026-10-06T09:06:23+00:00,bcycle_lametro_4204,15,1,,1,1,1
2026-10-06T09:06:40.948603+00:00,2026-10-06T09:06:23+00:00,2026-10-06T09:06:23+00:00,bcycle_lametro_4205,2,14,,1,1,1
2026-10-06T09:06:40.948603+00:00,2026-10-06T09:06:23+00:00,2026-10-06T09:06:23+00:00,bcycle_lametro_4206,5,17,,1,1,1
2026-10-06T09:06:40.948603+00:00,2026-10-06T09:06:23+00:00,2026-10-06T09:06:23+00:00,bcycle_lametro_4207,9,10,,1,1,1
2026-10-06T09:06:40.948603+00:00,2026-10-06T09:06:23+00:00,2026-10-06T09:06:23+00:00,bcycle_lametro_4208,3,14,,1,1,1
2026-10-06T09:06:40.948603+00:00,2026-10-06T09:06:23+00:00,2026-10-06T09:06:23+00:00,bcycle_lametro_4209,8,14,,1,1,1
2026-10-06T09:06:40.948603+00:00,2026-10-06T09:06:23+00:00,2026-10-06T09:06:23+00:00,bcycle_lametro_4210,3,12,,1,1,1
2026-10-06T09:06:40.948603+00:00,2026-10-06T09:06:23+00:00,2026-10-06T09:06:23+00:00,bcycle_lametro_4211,11,3,,1,1,1
2026-10-06T09:06:40.948603+00:00,2026-10-06T09:06:23+00:00,2026-10-06T09:06:23+00:00,bcycle_lametro_4212,2,19,,1,1,1
2026-10-06T09:06:40.948603+00:00,2026-10-06T09:06:23+00:00,2026-10-06T09:06:23+00:00,bcycle_lametro_4213,1,14,,1,1,1
2026-10-06T09:06:40.948603+00:00,2026-10-06T09:06:23+00:00,2026-10-06T09:06:23+00:00,bcycle_lametro_4214,13,13,,1,1,1
2026-10-06T09:06:40.948603+00:00,2026-10-06T09:06:23+00:00,2026-10-06T09:06:23+00:00,bcycle_lametro_4215,17,23,,1,1,1
2026-10-06T09:06:40.948603+00:00,2026-10-06T09:06:23+00:00,2026-10-06T09:06:23+00:00,bcycle_lametro_4216,13,6,,1,1,1
2026-10-06T09:06:40.948603+00:00,2026-10-06T09:06:23+00:00,2026-10-06T09:06:23+00:00,bcycle_lametro_4217,6,5,,0,0,1
2026-10-06T09:06:40.948603+00:00,2026-10-06T09:06:23+00:00,2026-10-06T09:06:23+00:00,bcycle_lametro_4220,7,7,,1,1,1
2026-10-06T09:06:40.948603+00:00,2026-10-06T09:06:23+00:00,2026-10-06T09:06:23+00:00,bcycle_lametro_4227,8,8,,1,1,1
2026-10-06T09:06:40.948603+00:00,2026-10-06T09:06:23+00:00,2026-10-06T09:06:23+00:00,bcycle_lametro_4245,13,1,,0,0,1
2026-10-06T09:06:40.948603+00:00,2026-10-06T09:06:23+00:00,2026-10-06T09:06:23+00:00,bcycle_lametro_4246,10,4,,1,1,1
2026-10-06T09:06:40.948603+00:00,2026-10-06T09:06:23+00:00,2026-10-06T09:06:23+00:00,bcycle_lametro_4247,6,2,,1,1,1
2026-10-06T09:06:40.948603+00:00,2026-10-06T09:06:23+00:00,2026-10-06T09:06:23+00:00,bcycle_lametro_4248,4,14,,1,1,1
2026-10-06T09:06:40.948603+00:00,2026-10-06T09:06:23+00:00,2026-10-06T09:06:23+00:00,bcycle_lametro_4249,9,5,,1,1,1
2026-10-06T09:06:40.948603+00:00,2026-10-06T09:06:23+00:00,2026-10-06T09:06:23+00:00,bcycle_lametro_4250,10,5,,1,1,1
2026-10-06T09:06:40.948603+00:00,2026-10-06T09:06:23+00:00,2026-10-06T09:06:23+00:00,bcycle_lametro_4254,5,10,,1,1,1
2026-10-06T09:06:40.948603+00:00,2026-10-06T09:06:23+00:00,2026-10-06T09:06:23+00:00,bcycle_lametro_4255,3,7,,1,1,1
2026-10-06T09:06:40.948603+00:00,2026-10-06T09:06:23+00:00,2026-10-06T09:06:23+00:00,bcycle_lametro_4266,8,7,,1,1,1
2026-10-06T09:06:40.948603+00:00,2026-10-06T09:06:23+00:00,2026-10-06T09:06:23+00:00,bcycle_lametro_4267,1,8,,1,1,1
2026-10-06T09:06:40.948603+00:00,2026-10-06T09:06:23+00:00,2026-10-06T09:06:23+00:00,bcycle_lametro_4273,3,11,,1,1,1
2026-10-06T09:06:40.948603+00:00,2026-10-06T09:06:23+00:00,2026-10-06T09:06:23+00:00,bcycle_lametro_4275,4,11,,1,1,1
2026-10-06T09:06:40.948603+00:00,2026-10-06T09:06:23+00:00,2026-10-06T09:06:23+00:00,bcycle_lametro_4293,2,8,,1,1,1
2026-10-06T09:06:40.948603+00:00,2026-10-06T09:06:23+00:00,2026-10-06T09:06:23+00:00,bcycle_lametro_4300,5,9,,1,1,1
2026-10-06T09:06:40.948603+00:00,2026-10-06T09:06:23+00:00,2026-10-06T09:06:23+00:00,bcycle_lametro_4301,0,9,,1,1,1
2026-10-06T09:06:40.948603+00:00,2026-10-06T09:06:23+00:00,2026-10-06T09:06:23+00:00,bcycle_lametro_4303,1,9,,1,1,1
2026-10-06T09:06:40.948603+00:00,2026-10-06T09:06:23+00:00,2026-10-06T09:06:23+00:00,bcycle_lametro_4304,1,10,,1,1,1
2026-10-06T09:06:40.948603+00:00,2026-10-06T09:06:23+00:00,2026-10-06T09:06:23+00:00,bcycle_lametro_4306,6,7,,1,1,1
2026-10-06T09:06:40.948603+00:00,2026-10-06T09:06:23+00:00,2026-10-06T09:06:23+00:00,bcycle_lametro_4311,7,8,,1,1,1
2026-10-06T09:06:40.948603+00:00,2026-10-06T09:06:23+00:00,2026-10-06T09:06:23+00:00,bcycle_lametro_4312,9,5,,0,0,1
2026-10-06T09:06:40.948603+00:00,2026-10-06T09:06:23+00:00,2026-10-06T09:06:23+00:00,bcycle_lametro_4313,5,7,,1,1,1
2026-10-06T09:06:40.948603+00:00,2026-10-06T09:06:23+00:00,2026-10-06T09:06:23+00:00,bcycle_lametro_4314,4,11,,1,1,1
2026-10-06T09:06:40.948603+00:00,2026-10-06T09:06:23+00:00,2026-10-06T09:06:23+00:00,bcycle_lametro_4315,6,2,,0,0,1
2026-10-06T09:06:40.948603+00:00,2026-10-06T09:06:23+00:00,2026-10-06T09:06:23+00:00,bcycle_lametro_4387,0,15,,1,1,1
2026-10-06T09:06:40.948603+00:00,2026-10-06T09:06:23+00:00,2026-10-06T09:06:23+00:00,bcycle_lametro_4390,7,5,,1,1,1
2026-10-06T09:06:40.948603+00:00,2026-10-06T09:06:23+00:00,2026-10-06T09:06:23+00:00,bcycle_lametro_4401,2,8,,1,1,1
2026-10-06T09:06:40.948603+00:00,2026-10-06T09:06:23+00:00,2026-10-06T09:06:23+00:00,bcycle_lametro_4404,11,4,,0,0,1
2026-10-06T09:06:40.948603+00:00,2026-10-06T09:06:23+00:00,2026-10-06T09:06:23+00:00,bcycle_lametro_4405,8,5,,1,1,1
2026-10-06T09:06:40.948603+00:00,2026-10-06T09:06:23+00:00,2026-10-06T09:06:23+00:00,bcycle_lametro_4406,7,7,,1,1,1
2026-10-06T09:06:40.948603+00:00,2026-10-06T09:06:23+00:00,2026-10-06T09:06:23+00:00,bcycle_lametro_4410,7,9,,1,1,1
2026-10-06T09:06:40.948603+00:00,2026-10-06T09:06:23+00:00,2026-10-06T09:06:23+00:00,bcycle_lametro_4436,4,4,,0,0,1
2026-10-06T09:06:40.948603+00:00,2026-10-06T09:06:23+00:00,2026-10-06T09:06:23+00:00,bcycle_lametro_4437,1,12,,1,1,1
2026-10-06T09:06:40.948603+00:00,2026-10-06T09:06:23+00:00,2026-10-06T09:06:23+00:00,bcycle_lametro_4440,4,14,,1,1,1
2026-10-06T09:06:40.948603+00:00,2026-10-06T09:06:23+00:00,2026-10-06T09:06:23+00:00,bcycle_lametro_4441,1,6,,1,1,1
2026-10-06T09:06:40.948603+00:00,2026-10-06T09:06:23+00:00,2026-10-06T09:06:23+00:00,bcycle_lametro_4442,3,9,,1,1,1
2026-10-06T09:06:40.948603+00:00,2026-10-06T09:06:23+00:00,2026-10-06T09:06:23+00:00,bcycle_lametro_4443,6,1,,1,1,1
2026-10-06T09:06:40.948603+00:00,2026-10-06T09:06:23+00:00,2026-10-06T09:06:23+00:00,bcycle_lametro_4444,3,6,,1,1,1
2026-10-06T09:06:40.948603+00:00,2026-10-06T09:06:23+00:00,2026-10-06T09:06:23+00:00,bcycle_lametro_4445,9,6,,1,1,1
2026-10-06T09:06:40.948603+00:00,2026-10-06T09:06:23+00:00,2026-10-06T09:06:23+00:00,bcycle_lametro_4446,1,7,,1,1,1
2026-10-06T09:06:40.948603+00:00,2026-10-06T09:06:23+00:00,2026-10-06T09:06:23+00:00,bcycle_lametro_4447,3,9,,1,1,1
2026-10-06T09:06:40.948603+00:00,2026-10-06T09:06:23+00:00,2026-10-06T09:06:23+00:00,bcycle_lametro_4448,7,11,,1,1,1
2026-10-06T09:06:40.948603+00:00,2026-10-06T09:06:23+00:00,2026-10-06T09:06:23+00:00,bcycle_lametro_4449,7,6,,1,1,1
2026-10-06T09:06:40.948603+00:00,2026-10-06T09:06:23+00:00,2026-10-06T09:06:23+00:00,bcycle_lametro_4450,9,5,,1,1,1
2026-10-06T09:06:40.948603+00:00,2026-10-06T09:06:23+00:00,2026-10-06T09:06:23+00:00,bcycle_lametro_4451,4,5,,1,1,1
2026-10-06T09:06:40.948603+00:00,2026-10-06T09:06:23+00:00,2026-10-06T09:06:23+00:00,bcycle_lametro_4452,9,1,,1,1,1
2026-10-06T09:06:40.948603+00:00,2026-10-06T09:06:23+00:00,2026-10-06T09:06:23+00:00,bcycle_lametro_4453,6,4,,1,1,1
2026-10-06T09:06:40.948603+00:00,2026-10-06T09:06:23+00:00,2026-10-06T09:06:23+00:00,bcycle_lametro_4454,8,6,,0,0,1
2026-10-06T09:06:40.948603+00:00,2026-10-06T09:06:23+00:00,2026-10-06T09:06:23+00:00,bcycle_lametro_4455,8,7,,1,1,1
2026-10-06T09:06:40.948603+00:00,2026-10-06T09:06:23+00:00,2026-10-06T09:06:23+00:00,bcycle_lametro_4456,10,5,,1,1,1
2026-10-06T09:06:40.948603+00:00,2026-10-06T09:06:23+00:00,2026-10-06T09:06:23+00:00,bcycle_lametro_4457,3,5,,1,1,1
2026-10-06T09:06:40.948603+00:00,2026-10-06T09:06:23+00:00,2026-10-06T09:06:23+00:00,bcycle_lametro_4472,9,7,,1,1,1
2026-10-06T09:06:40.948603+00:00,2026-10-06T09:06:23+00:00,2026-10-06T09:06:23+00:00,bcycle_lametro_4473,5,3,,1,1,1
2026-10-06T09:06:40.948603+00:00,2026-10-06T09:06:23+00:00,2026-10-06T09:06:23+00:00,bcycle_lametro_4474,0,10,,1,1,1
2026-10-06T09:06:40.948603+00:00,2026-10-06T09:06:23+00:00,2026-10-06T09:06:23+00:00,bcycle_lametro_4475,5,6,,1,1,1
2026-10-06T09:06:40.948603+00:00,2026-10-06T09:06:23+00:00,2026-10-06T09:06:23+00:00,bcycle_lametro_4476,5,8,,1,1,1
2026-10-06T09:06:40.948603+00:00,2026-10-06T09:06:23+00:00,2026-10-06T09:06:23+00:00,bcycle_lametro_4477,2,11,,1,1,1
2026-10-06T09:06:40.948603+00:00,2026-10-06T09:06:23+00:00,2026-10-06T09:06:23+00:00,bcycle_lametro_4479,3,9,,1,1,1
2026-10-06T09:06:40.948603+00:00,2026-10-06T09:06:23+00:00,2026-10-06T09:06:23+00:00,bcycle_lametro_4483,5,7,,1,1,1
2026-10-06T09:06:40.948603+00:00,2026-10-06T09:06:23+00:00,2026-10-06T09:06:23+00:00,bcycle_lametro_4487,14,2,,1,1,1
2026-10-06T09:06:40.948603+00:00,2026-10-06T09:06:23+00:00,2026-10-06T09:06:23+00:00,bcycle_lametro_4490,6,9,,1,1,1
2026-10-06T09:06:40.948603+00:00,2026-10-06T09:06:23+00:00,2026-10-06T09:06:23+00:00,bcycle_lametro_4491,11,2,,1,1,1
2026-10-06T09:06:40.948603+00:00,2026-10-06T09:06:23+00:00,2026-10-06T09:06:23+00:00,bcycle_lametro_4492,9,10,,1,1,1
2026-10-06T09:06:40.948603+00:00,2026-10-06T09:06:23+00:00,2026-10-06T09:06:23+00:00,bcycle_lametro_4493,8,7,,1,1,1
2026-10-06T09:06:40.948603+00:00,2026-10-06T09:06:23+00:00,2026-10-06T09:06:23+00:00,bcycle_lametro_4494,7,2,,0,0,1
2026-10-06T09:06:40.948603+00:00,2026-10-06T09:06:23+00:00,2026-10-06T09:06:23+00:00,bcycle_lametro_4509,5,5,,1,1,1
2026-10-06T09:06:40.948603+00:00,2026-10-06T09:06:23+00:00,2026-10-06T09:06:23+00:00,bcycle_lametro_4510,2,8,,1,1,1
2026-10-06T09:06:40.948603+00:00,2026-10-06T09:06:23+00:00,2026-10-06T09:06:23+00:00,bcycle_lametro_4511,9,10,,1,1,1
2026-10-06T09:06:40.948603+00:00,2026-10-06T09:06:23+00:00,2026-10-06T09:06:23+00:00,bcycle_lametro_4512,9,7,,1,1,1
2026-10-06T09:06:40.948603+00:00,2026-10-06T09:06:23+00:00,2026-10-06T09:06:23+00:00,bcycle_lametro_4514,7,14,,1,1,1
2026-10-06T09:06:40.948603+00:00,2026-10-06T09:06:23+00:00,2026-10-06T09:06:23+00:00,bcycle_lametro_4515,3,6,,1,1,1
2026-10-06T09:06:40.948603+00:00,2026-10-06T09:06:23+00:00,2026-10-06T09:06:23+00:00,bcycle_lametro_4517,8,3,,1,1,1
2026-10-06T09:06:40.948603+00:00,2026-10-06T09:06:23+00:00,2026-10-06T09:06:23+00:00,bcycle_lametro_4521,9,3,,1,1,1
2026-10-06T09:06:40.948603+00:00,2026-10-06T09:06:23+00:00,2026-10-06T09:06:23+00:00,bcycle_lametro_4523,9,6,,1,1,1
2026-10-06T09:06:40.948603+00:00,2026-10-06T09:06:23+00:00,2026-10-06T09:06:23+00:00,bcycle_lametro_4524,2,12,,1,1,1
2026-10-06T09:06:40.948603+00:00,2026-10-06T09:06:23+00:00,2026-10-06T09:06:23+00:00,bcycle_lametro_4525,8,3,,1,1,1
2026-10-06T09:06:40.948603+00:00,2026-10-06T09:06:23+00:00,2026-10-06T09:06:23+00:00,bcycle_lametro_4526,10,11,,1,1,1
2026-10-06T09:06:40.948603+00:00,2026-10-06T09:06:23+00:00,2026-10-06T09:06:23+00:00,bcycle_lametro_4527,13,1,,1,1,1
2026-10-06T09:06:40.948603+00:00,2026-10-06T09:06:23+00:00,2026-10-06T09:06:23+00:00,bcycle_lametro_4528,14,0,,1,1,1
2026-10-06T09:06:40.948603+00:00,2026-10-06T09:06:23+00:00,2026-10-06T09:06:23+00:00,bcycle_lametro_4529,5,8,,1,1,1
2026-10-06T09:06:40.948603+00:00,2026-10-06T09:06:23+00:00,2026-10-06T09:06:23+00:00,bcycle_lametro_4534,8,7,,1,1,1
2026-10-06T09:06:40.948603+00:00,2026-10-06T09:06:23+00:00,2026-10-06T09:06:23+00:00,bcycle_lametro_4536,3,7,,1,1,1
2026-10-06T09:06:40.948603+00:00,2026-10-06T09:06:23+00:00,2026-10-06T09:06:23+00:00,bcycle_lametro_4537,3,15,,1,1,1
2026-10-06T09:06:40.948603+00:00,2026-10-06T09:06:23+00:00,2026-10-06T09:06:23+00:00,bcycle_lametro_4538,5,3,,1,1,1
2026-10-06T09:06:40.948603+00:00,2026-10-06T09:06:23+00:00,2026-10-06T09:06:23+00:00,bcycle_lametro_4540,7,7,,1,1,1
2026-10-06T09:06:40.948603+00:00,2026-10-06T09:06:23+00:00,2026-10-06T09:06:23+00:00,bcycle_lametro_4543,5,3,,1,1,1
2026-10-06T09:06:40.948603+00:00,2026-10-06T09:06:23+00:00,2026-10-06T09:06:23+00:00,bcycle_lametro_4544,8,5,,1,1,1
2026-10-06T09:06:40.948603+00:00,2026-10-06T09:06:23+00:00,2026-10-06T09:06:23+00:00,bcycle_lametro_4545,6,2,,1,1,1
2026-10-06T09:06:40.948603+00:00,2026-10-06T09:06:23+00:00,2026-10-06T09:06:23+00:00,bcycle_lametro_4546,4,15,,1,1,1
2026-10-06T09:06:40.948603+00:00,2026-10-06T09:06:23+00:00,2026-10-06T09:06:23+00:00,bcycle_lametro_4547,4,6,,1,1,1
2026-10-06T09:06:40.948603+00:00,2026-10-06T09:06:23+00:00,2026-10-06T09:06:23+00:00,bcycle_lametro_4548,0,12,,1,1,1
2026-10-06T09:06:40.948603+00:00,2026-10-06T09:06:23+00:00,2026-10-06T09:06:23+00:00,bcycle_lametro_4549,7,9,,1,1,1
2026-10-06T09:06:40.948603+00:00,2026-10-06T09:06:23+00:00,2026-10-06T09:06:23+00:00,bcycle_lametro_4552,11,1,,1,1,1
2026-10-06T09:06:40.948603+00:00,2026-10-06T09:06:23+00:00,2026-10-06T09:06:23+00:00,bcycle_lametro_4553,3,6,,1,1,1
2026-10-06T09:06:40.948603+00:00,2026-10-06T09:06:23+00:00,2026-10-06T09:06:23+00:00,bcycle_lametro_4554,4,7,,1,1,1
2026-10-06T09:06:40.948603+00:00,2026-10-06T09:06:23+00:00,2026-10-06T09:06:23+00:00,bcycle_lametro_4555,3,5,,1,1,1
2026-10-06T09:06:40.948603+00:00,2026-10-06T09:06:23+00:00,2026-10-06T09:06:23+00:00,bcycle_lametro_4556,6,7,,1,1,1
2026-10-06T09:06:40.948603+00:00,2026-10-06T09:06:23+00:00,2026-10-06T09:06:23+00:00,bcycle_lametro_4557,5,6,,0,0,1
2026-10-06T09:06:40.948603+00:00,2026-10-06T09:06:23+00:00,2026-10-06T09:06:23+00:00,bcycle_lametro_4558,1,16,,1,1,1
2026-10-06T09:06:40.948603+00:00,2026-10-06T09:06:23+00:00,2026-10-06T09:06:23+00:00,bcycle_lametro_4561,0,9,,1,1,1
2026-10-06T09:06:40.948603+00:00,2026-10-06T09:06:23+00:00,2026-10-06T09:06:23+00:00,bcycle_lametro_4562,7,7,,1,1,1
2026-10-06T09:06:40.948603+00:00,2026-10-06T09:06:23+00:00,2026-10-06T09:06:23+00:00,bcycle_lametro_4563,8,1,,1,1,1
2026-10-06T09:06:40.948603+00:00,2026-10-06T09:06:23+00:00,2026-10-06T09:06:23+00:00,bcycle_lametro_4564,7,8,,1,1,1
2026-10-06T09:06:40.948603+00:00,2026-10-06T09:06:23+00:00,2026-10-06T09:06:23+00:00,bcycle_lametro_4565,2,10,,1,1,1
2026-10-06T09:06:40.948603+00:00,2026-10-06T09:06:23+00:00,2026-10-06T09:06:23+00:00,bcycle_lametro_4566,8,6,,1,1,1
2026-10-06T09:06:40.948603+00:00,2026-10-06T09:06:23+00:00,2026-10-06T09:06:23+00:00,bcycle_lametro_4567,3,8,,1,1,1
2026-10-06T09:06:40.948603+00:00,2026-10-06T09:06:23+00:00,2026-10-06T09:06:23+00:00,bcycle_lametro_4568,0,13,,1,1,1
2026-10-06T09:06:40.948603+00:00,2026-10-06T09:06:23+00:00,2026-10-06T09:06:23+00:00,bcycle_lametro_4569,5,4,,1,1,1
2026-10-06T09:06:40.948603+00:00,2026-10-06T09:06:23+00:00,2026-10-06T09:06:23+00:00,bcycle_lametro_4570,8,7,,1,1,1
2026-10-06T09:06:40.948603+00:00,2026-10-06T09:06:23+00:00,2026-10-06T09:06:23+00:00,bcycle_lametro_4571,7,0,,1,1,1
2026-10-06T09:06:40.948603+00:00,2026-10-06T09:06:23+00:00,2026-10-06T09:06:23+00:00,bcycle_lametro_4575,5,4,,1,1,1
2026-10-06T09:06:40.948603+00:00,2026-10-06T09:06:23+00:00,2026-10-06T09:06:23+00:00,bcycle_lametro_4576,11,0,,1,1,1
2026-10-06T09:06:40.948603+00:00,2026-10-06T09:06:23+00:00,2026-10-06T09:06:23+00:00,bcycle_lametro_4578,6,1,,1,1,1
2026-10-06T09:06:40.948603+00:00,2026-10-06T09:06:23+00:00,2026-10-06T09:06:23+00:00,bcycle_lametro_4579,4,8,,1,1,1
2026-10-06T09:06:40.948603+00:00,2026-10-06T09:06:23+00:00,2026-10-06T09:06:23+00:00,bcycle_lametro_4580,0,8,,1,1,1
2026-10-06T09:06:40.948603+00:00,2026-10-06T09:06:23+00:00,2026-10-06T09:06:23+00:00,bcycle_lametro_4581,8,8,,1,1,1
2026-10-06T09:06:40.948603+00:00,2026-10-06T09:06:23+00:00,2026-10-06T09:06:23+00:00,bcycle_lametro_4583,8,10,,1,1,1
2026-10-06T09:06:40.948603+00:00,2026-10-06T09:06:23+00:00,2026-10-06T09:06:23+00:00,bcycle_lametro_4584,10,4,,0,0,1
2026-10-06T09:06:40.948603+00:00,2026-10-06T09:06:23+00:00,2026-10-06T09:06:23+00:00,bcycle_lametro_4587,0,11,,1,1,1
2026-10-06T09:06:40.948603+00:00,2026-10-06T09:06:23+00:00,2026-10-06T09:06:23+00:00,bcycle_lametro_4595,5,13,,1,1,1
2026-10-06T09:06:40.948603+00:00,2026-10-06T09:06:23+00:00,2026-10-06T09:06:23+00:00,bcycle_lametro_4596,4,11,,1,1,1
2026-10-06T09:06:40.948603+00:00,2026-10-06T09:06:23+00:00,2026-10-06T09:06:23+00:00,bcycle_lametro_4597,4,6,,1,1,1
2026-10-06T09:06:40.948603+00:00,2026-10-06T09:06:23+00:00,2026-10-06T09:06:23+00:00,bcycle_lametro_4598,2,7,,1,1,1
2026-10-06T09:06:40.948603+00:00,2026-10-06T09:06:23+00:00,2026-10-06T09:06:23+00:00,bcycle_lametro_4599,3,9,,1,1,1
2026-10-06T09:06:40.948603+00:00,2026-10-06T09:06:23+00:00,2026-10-06T09:06:23+00:00,bcycle_lametro_4600,6,4,,1,1,1
2026-10-06T09:06:40.948603+00:00,2026-10-06T09:06:23+00:00,2026-10-06T09:06:23+00:00,bcycle_lametro_4601,4,7,,1,1,1
2026-10-06T09:06:40.948603+00:00,2026-10-06T09:06:23+00:00,2026-10-06T09:06:23+00:00,bcycle_lametro_4603,8,10,,1,1,1
2026-10-06T09:06:40.948603+00:00,2026-10-06T09:06:23+00:00,2026-10-06T09:06:23+00:00,bcycle_lametro_4604,8,4,,1,1,1
2026-10-06T09:06:40.948603+00:00,2026-10-06T09:06:23+00:00,2026-10-06T09:06:23+00:00,bcycle_lametro_4605,8,5,,1,1,1
2026-10-06T09:06:40.948603+00:00,2026-10-06T09:06:23+00:00,2026-10-06T09:06:23+00:00,bcycle_lametro_4606,5,15,,1,1,1
2026-10-06T09:06:40.948603+00:00,2026-10-06T09:06:23+00:00,2026-10-06T09:06:23+00:00,bcycle_lametro_4613,1,18,,0,0,1
2026-10-06T09:06:40.948603+00:00,2026-10-06T09:06:23+00:00,2026-10-06T09:06:23+00:00,bcycle_lametro_4614,0,20,,1,1,1
2026-10-06T09:06:40.948603+00:00,2026-10-06T09:06:23+00:00,2026-10-06T09:06:23+00:00,bcycle_lametro_4627,4,13,,1,1,1
2026-10-06T09:06:40.948603+00:00,2026-10-06T09:06:23+00:00,2026-10-06T09:06:23+00:00,bcycle_lametro_4628,7,5,,1,1,1
2026-10-06T09:06:40.948603+00:00,2026-10-06T09:06:23+00:00,2026-10-06T09:06:23+00:00,bcycle_lametro_4632,6,9,,0,0,1
2026-10-06T09:06:40.948603+00:00,2026-10-06T09:06:23+00:00,2026-10-06T09:06:23+00:00,bcycle_lametro_4643,1,19,,1,1,1
2026-10-06T09:06:40.948603+00:00,2026-10-06T09:06:23+00:00,2026-10-06T09:06:23+00:00,bcycle_lametro_4644,8,4,,1,1,1
2026-10-06T09:06:40.948603+00:00,2026-10-06T09:06:23+00:00,2026-10-06T09:06:23+00:00,bcycle_lametro_4645,6,6,,1,1,1
2026-10-06T09:06:40.948603+00:00,2026-10-06T09:06:23+00:00,2026-10-06T09:06:23+00:00,bcycle_lametro_4652,6,5,,1,1,1
2026-10-06T09:06:40.948603+00:00,2026-10-06T09:06:23+00:00,2026-10-06T09:06:23+00:00,bcycle_lametro_4660,4,13,,1,1,1
2026-10-06T09:06:40.948603+00:00,2026-10-06T09:06:23+00:00,2026-10-06T09:06:23+00:00,bcycle_lametro_4664,9,10,,1,1,1
2026-10-06T09:06:40.948603+00:00,2026-10-06T09:06:23+00:00,2026-10-06T09:06:23+00:00,bcycle_lametro_4672,10,5,,1,1,1
2026-10-06T09:06:40.948603+00:00,2026-10-06T09:06:23+00:00,2026-10-06T09:06:23+00:00,bcycle_lametro_4680,5,13,,1,1,1
2026-10-06T09:06:40.948603+00:00,2026-10-06T09:06:23+00:00,2026-10-06T09:06:23+00:00,bcycle_lametro_4689,7,8,,1,1,1
2026-10-06T09:06:40.948603+00:00,2026-10-06T09:06:23+00:00,2026-10-06T09:06:23+00:00,bcycle_lametro_4690,7,7,,1,1,1
2026-10-06T09:06:40.948603+00:00,2026-10-06T09:06:23+00:00,2026-10-06T09:06:23+00:00,bcycle_lametro_4696,12,2,,1,1,1
2026-10-06T09:06:40.948603+00:00,2026-10-06T09:06:23+00:00,2026-10-06T09:06:23+00:00,bcycle_lametro_4697,7,8,,1,1,1
2026-10-06T09:06:40.948603+00:00,2026-10-06T09:06:23+00:00,2026-10-06T09:06:23+00:00,bcycle_lametro_4698,4,10,,1,1,1
2026-10-06T09:06:40.948603+00:00,2026-10-06T09:06:23+00:00,2026-10-06T09:06:23+00:00,bcycle_lametro_4699,5,10,,1,1,1
2026-10-06T09:06:40.948603+00:00,2026-10-06T09:06:23+00:00,2026-10-06T09:06:23+00:00,bcycle_lametro_4700,16,1,,1,1,1
2026-10-06T09:06:40.948603+00:00,2026-10-06T09:06:23+00:00,2026-10-06T09:06:23+00:00,bcycle_lametro_4707,8,5,,1,1,1
2026-10-06T09:06:40.948603+00:00,2026-10-06T09:06:23+00:00,2026-10-06T09:06:23+00:00,bcycle_lametro_4729,5,8,,0,0,1
2026-10-06T09:06:40.948603+00:00,2026-10-06T09:06:23+00:00,2026-10-06T09:06:23+00:00,bcycle_lametro_4730,6,7,,1,1,1
2026-10-06T09:06:40.948603+00:00,2026-10-06T09:06:23+00:00,2026-10-06T09:06:23+00:00,bcycle_lametro_4732,9,11,,1,1,1
2026-10-06T09:06:40.948603+00:00,2026-10-06T09:06:23+00:00,2026-10-06T09:06:23+00:00,bcycle_lametro_4733,2,21,,1,1,1
2026-10-06T09:06:40.948603+00:00,2026-10-06T09:06:23+00:00,2026-10-06T09:06:23+00:00,bcycle_lametro_4734,8,7,,1,1,1
2026-10-06T09:06:40.948603+00:00,2026-10-06T09:06:23+00:00,2026-10-06T09:06:23+00:00,bcycle_lametro_4735,9,3,,1,1,1
2026-10-06T09:06:40.948603+00:00,2026-10-06T09:06:23+00:00,2026-10-06T09:06:23+00:00,bcycle_lametro_4736,5,10,,1,1,1
2026-10-06T09:06:40.948603+00:00,2026-10-06T09:06:23+00:00,2026-10-06T09:06:23+00:00,bcycle_lametro_4740,14,8,,1,1,1
2026-10-06T09:06:40.948603+00:00,2026-10-06T09:06:23+00:00,2026-10-06T09:06:23+00:00,bcycle_lametro_4745,5,5,,1,1,1
2026-10-06T15:54:51.187828+00:00,2026-10-06T15:54:23+00:00,2026-10-06T15:54:23+00:00,bcycle_lametro_3005,5,23,,1,1,1
2026-10-06T15:54:51.187828+00:00,2026-10-06T15:54:23+00:00,2026-10-06T15:54:23+00:00,bcycle_lametro_3006,10,19,,1,1,1
2026-10-06T15:54:51.187828+00:00,2026-10-06T15:54:23+00:00,2026-10-06T15:54:23+00:00,bcycle_lametro_3007,5,17,,1,1,1
2026-10-06T15:54:51.187828+00:00,2026-10-06T15:54:23+00:00,2026-10-06T15:54:23+00:00,bcycle_lametro_3008,4,11,,1,1,1
2026-10-06T15:54:51.187828+00:00,2026-10-06T15:54:23+00:00,2026-10-06T15:54:23+00:00,bcycle_lametro_3010,10,4,,1,1,1
2026-10-06T15:54:51.187828+00:00,2026-10-06T15:54:23+00:00,2026-10-06T15:54:23+00:00,bcycle_lametro_3011,5,11,,1,1,1
2026-10-06T15:54:51.187828+00:00,2026-10-06T15:54:23+00:00,2026-10-06T15:54:23+00:00,bcycle_lametro_3014,1,27,,1,1,1
2026-10-06T15:54:51.187828+00:00,2026-10-06T15:54:23+00:00,2026-10-06T15:54:23+00:00,bcycle_lametro_3016,8,7,,1,1,1
2026-10-06T15:54:51.187828+00:00,2026-10-06T15:54:23+00:00,2026-10-06T15:54:23+00:00,bcycle_lametro_3018,12,6,,0,0,1
2026-10-06T15:54:51.187828+00:00,2026-10-06T15:54:23+00:00,2026-10-06T15:54:23+00:00,bcycle_lametro_3019,6,13,,1,1,1
2026-10-06T15:54:51.187828+00:00,2026-10-06T15:54:23+00:00,2026-10-06T15:54:23+00:00,bcycle_lametro_3020,4,11,,1,1,1
2026-10-06T15:54:51.187828+00:00,2026-10-06T15:54:23+00:00,2026-10-06T15:54:23+00:00,bcycle_lametro_3022,7,13,,1,1,1
2026-10-06T15:54:51.187828+00:00,2026-10-06T15:54:23+00:00,2026-10-06T15:54:23+00:00,bcycle_lametro_3024,8,7,,1,1,1
2026-10-06T15:54:51.187828+00:00,2026-10-06T15:54:23+00:00,2026-10-06T15:54:23+00:00,bcycle_lametro_3025,7,7,,1,1,1
2026-10-06T15:54:51.187828+00:00,2026-10-06T15:54:23+00:00,2026-10-06T15:54:23+00:00,bcycle_lametro_3026,4,11,,1,1,1
2026-10-06T15:54:51.187828+00:00,2026-10-06T15:54:23+00:00,2026-10-06T15:54:23+00:00,bcycle_lametro_3027,5,10,,1,1,1
2026-10-06T15:54:51.187828+00:00,2026-10-06T15:54:23+00:00,2026-10-06T15:54:23+00:00,bcycle_lametro_3030,27,2,,1,1,1
2026-10-06T15:54:51.187828+00:00,2026-10-06T15:54:23+00:00,2026-10-06T15:54:23+00:00,bcycle_lametro_3032,15,12,,1,1,1
2026-10-06T15:54:51.187828+00:00,2026-10-06T15:54:23+00:00,2026-10-06T15:54:23+00:00,bcycle_lametro_3033,4,11,,1,1,1
2026-10-06T15:54:51.187828+00:00,2026-10-06T15:54:23+00:00,2026-10-06T15:54:23+00:00,bcycle_lametro_3034,15,10,,0,0,1
2026-10-06T15:54:51.187828+00:00,2026-10-06T15:54:23+00:00,2026-10-06T15:54:23+00:00,bcycle_lametro_3035,10,13,,1,1,1
2026-10-06T15:54:51.187828+00:00,2026-10-06T15:54:23+00:00,2026-10-06T15:54:23+00:00,bcycle_lametro_3036,2,12,,1,1,1
2026-10-06T15:54:51.187828+00:00,2026-10-06T15:54:23+00:00,2026-10-06T15:54:23+00:00,bcycle_lametro_3037,11,7,,1,1,1
2026-10-06T15:54:51.187828+00:00,2026-10-06T15:54:23+00:00,2026-10-06T15:54:23+00:00,bcycle_lametro_3040,1,2,,1,1,1
2026-10-06T15:54:51.187828+00:00,2026-10-06T15:54:23+00:00,2026-10-06T15:54:23+00:00,bcycle_lametro_3042,12,16,,1,1,1
2026-10-06T15:54:51.187828+00:00,2026-10-06T15:54:23+00:00,2026-10-06T15:54:23+00:00,bcycle_lametro_3045,5,5,,1,1,1
2026-10-06T15:54:51.187828+00:00,2026-10-06T15:54:23+00:00,2026-10-06T15:54:23+00:00,bcycle_lametro_3046,12,4,,1,1,1
2026-10-06T15:54:51.187828+00:00,2026-10-06T15:54:23+00:00,2026-10-06T15:54:23+00:00,bcycle_lametro_3047,15,10,,1,1,1
2026-10-06T15:54:51.187828+00:00,2026-10-06T15:54:23+00:00,2026-10-06T15:54:23+00:00,bcycle_lametro_3048,8,8,,1,1,1
2026-10-06T15:54:51.187828+00:00,2026-10-06T15:54:23+00:00,2026-10-06T15:54:23+00:00,bcycle_lametro_3052,3,18,,1,1,1
2026-10-06T15:54:51.187828+00:00,2026-10-06T15:54:23+00:00,2026-10-06T15:54:23+00:00,bcycle_lametro_3054,5,10,,1,1,1
2026-10-06T15:54:51.187828+00:00,2026-10-06T15:54:23+00:00,2026-10-06T15:54:23+00:00,bcycle_lametro_3056,7,8,,1,1,1
2026-10-06T15:54:51.187828+00:00,2026-10-06T15:54:23+00:00,2026-10-06T15:54:23+00:00,bcycle_lametro_3058,8,7,,1,1,1
2026-10-06T15:54:51.187828+00:00,2026-10-06T15:54:23+00:00,2026-10-06T15:54:23+00:00,bcycle_lametro_3062,6,9,,1,1,1
2026-10-06T15:54:51.187828+00:00,2026-10-06T15:54:23+00:00,2026-10-06T15:54:23+00:00,bcycle_lametro_3063,0,22,,0,0,0
2026-10-06T15:54:51.187828+00:00,2026-10-06T15:54:23+00:00,2026-10-06T15:54:23+00:00,bcycle_lametro_3064,6,8,,1,1,1
2026-10-06T15:54:51.187828+00:00,2026-10-06T15:54:23+00:00,2026-10-06T15:54:23+00:00,bcycle_lametro_3065,6,9,,1,1,1
2026-10-06T15:54:51.187828+00:00,2026-10-06T15:54:23+00:00,2026-10-06T15:54:23+00:00,bcycle_lametro_3066,7,8,,0,0,1
2026-10-06T15:54:51.187828+00:00,2026-10-06T15:54:23+00:00,2026-10-06T15:54:23+00:00,bcycle_lametro_3068,4,10,,1,1,1
2026-10-06T15:54:51.187828+00:00,2026-10-06T15:54:23+00:00,2026-10-06T15:54:23+00:00,bcycle_lametro_3069,5,12,,1,1,1
2026-10-06T15:54:51.187828+00:00,2026-10-06T15:54:23+00:00,2026-10-06T15:54:23+00:00,bcycle_lametro_3074,14,8,,1,1,1
2026-10-06T15:54:51.187828+00:00,2026-10-06T15:54:23+00:00,2026-10-06T15:54:23+00:00,bcycle_lametro_3075,7,8,,1,1,1
2026-10-06T15:54:51.187828+00:00,2026-10-06T15:54:23+00:00,2026-10-06T15:54:23+00:00,bcycle_lametro_3076,8,4,,1,1,1
2026-10-06T15:54:51.187828+00:00,2026-10-06T15:54:23+00:00,2026-10-06T15:54:23+00:00,bcycle_lametro_3077,5,8,,1,1,1
2026-10-06T15:54:51.187828+00:00,2026-10-06T15:54:23+00:00,2026-10-06T15:54:23+00:00,bcycle_lametro_3078,7,8,,1,1,1
2026-10-06T15:54:51.187828+00:00,2026-10-06T15:54:23+00:00,2026-10-06T15:54:23+00:00,bcycle_lametro_3079,1,13,,1,1,1
2026-10-06T15:54:51.187828+00:00,2026-10-06T15:54:23+00:00,2026-10-06T15:54:23+00:00,bcycle_lametro_3081,7,5,,1,1,1
2026-10-06T15:54:51.187828+00:00,2026-10-06T15:54:23+00:00,2026-10-06T15:54:23+00:00,bcycle_lametro_3082,9,13,,1,1,1
2026-10-06T15:54:51.187828+00:00,2026-10-06T15:54:23+00:00,2026-10-06T15:54:23+00:00,bcycle_lametro_4202,5,15,,1,1,1
2026-10-06T15:54:51.187828+00:00,2026-10-06T15:54:23+00:00,2026-10-06T15:54:23+00:00,bcycle_lametro_4204,15,1,,1,1,1
2026-10-06T15:54:51.187828+00:00,2026-10-06T15:54:23+00:00,2026-10-06T15:54:23+00:00,bcycle_lametro_4205,2,14,,1,1,1
2026-10-06T15:54:51.187828+00:00,2026-10-06T15:54:23+00:00,2026-10-06T15:54:23+00:00,bcycle_lametro_4206,4,18,,1,1,1
2026-10-06T15:54:51.187828+00:00,2026-10-06T15:54:23+00:00,2026-10-06T15:54:23+00:00,bcycle_lametro_4207,9,10,,1,1,1
2026-10-06T15:54:51.187828+00:00,2026-10-06T15:54:23+00:00,2026-10-06T15:54:23+00:00,bcycle_lametro_4208,3,14,,1,1,1
2026-10-06T15:54:51.187828+00:00,2026-10-06T15:54:23+00:00,2026-10-06T15:54:23+00:00,bcycle_lametro_4209,8,14,,1,1,1
2026-10-06T15:54:51.187828+00:00,2026-10-06T15:54:23+00:00,2026-10-06T15:54:23+00:00,bcycle_lametro_4210,3,12,,1,1,1
2026-10-06T15:54:51.187828+00:00,2026-10-06T15:54:23+00:00,2026-10-06T15:54:23+00:00,bcycle_lametro_4211,11,3,,1,1,1
2026-10-06T15:54:51.187828+00:00,2026-10-06T15:54:23+00:00,2026-10-06T15:54:23+00:00,bcycle_lametro_4212,2,19,,1,1,1
2026-10-06T15:54:51.187828+00:00,2026-10-06T15:54:23+00:00,2026-10-06T15:54:23+00:00,bcycle_lametro_4213,1,14,,1,1,1
2026-10-06T15:54:51.187828+00:00,2026-10-06T15:54:23+00:00,2026-10-06T15:54:23+00:00,bcycle_lametro_4214,11,15,,1,1,1
2026-10-06T15:54:51.187828+00:00,2026-10-06T15:54:23+00:00,2026-10-06T15:54:23+00:00,bcycle_lametro_4215,17,23,,1,1,1
2026-10-06T15:54:51.187828+00:00,2026-10-06T15:54:23+00:00,2026-10-06T15:54:23+00:00,bcycle_lametro_4216,12,7,,1,1,1
2026-10-06T15:54:51.187828+00:00,2026-10-06T15:54:23+00:00,2026-10-06T15:54:23+00:00,bcycle_lametro_4217,7,4,,1,1,1
2026-10-06T15:54:51.187828+00:00,2026-10-06T15:54:23+00:00,2026-10-06T15:54:23+00:00,bcycle_lametro_4220,7,7,,1,1,1
2026-10-06T15:54:51.187828+00:00,2026-10-06T15:54:23+00:00,2026-10-06T15:54:23+00:00,bcycle_lametro_4227,8,8,,1,1,1
2026-10-06T15:54:51.187828+00:00,2026-10-06T15:54:23+00:00,2026-10-06T15:54:23+00:00,bcycle_lametro_4245,13,1,,0,0,1
2026-10-06T15:54:51.187828+00:00,2026-10-06T15:54:23+00:00,2026-10-06T15:54:23+00:00,bcycle_lametro_4246,10,4,,1,1,1
2026-10-06T15:54:51.187828+00:00,2026-10-06T15:54:23+00:00,2026-10-06T15:54:23+00:00,bcycle_lametro_4247,5,3,,1,1,1
2026-10-06T15:54:51.187828+00:00,2026-10-06T15:54:23+00:00,2026-10-06T15:54:23+00:00,bcycle_lametro_4248,4,14,,1,1,1
2026-10-06T15:54:51.187828+00:00,2026-10-06T15:54:23+00:00,2026-10-06T15:54:23+00:00,bcycle_lametro_4249,10,4,,1,1,1
2026-10-06T15:54:51.187828+00:00,2026-10-06T15:54:23+00:00,2026-10-06T15:54:23+00:00,bcycle_lametro_4250,10,5,,1,1,1
2026-10-06T15:54:51.187828+00:00,2026-10-06T15:54:23+00:00,2026-10-06T15:54:23+00:00,bcycle_lametro_4254,5,10,,1,1,1
2026-10-06T15:54:51.187828+00:00,2026-10-06T15:54:23+00:00,2026-10-06T15:54:23+00:00,bcycle_lametro_4255,4,6,,1,1,1
2026-10-06T15:54:51.187828+00:00,2026-10-06T15:54:23+00:00,2026-10-06T15:54:23+00:00,bcycle_lametro_4266,8,7,,1,1,1
2026-10-06T15:54:51.187828+00:00,2026-10-06T15:54:23+00:00,2026-10-06T15:54:23+00:00,bcycle_lametro_4267,1,8,,1,1,1
2026-10-06T15:54:51.187828+00:00,2026-10-06T15:54:23+00:00,2026-10-06T15:54:23+00:00,bcycle_lametro_4273,5,9,,1,1,1
2026-10-06T15:54:51.187828+00:00,2026-10-06T15:54:23+00:00,2026-10-06T15:54:23+00:00,bcycle_lametro_4275,4,11,,1,1,1
2026-10-06T15:54:51.187828+00:00,2026-10-06T15:54:23+00:00,2026-10-06T15:54:23+00:00,bcycle_lametro_4293,2,8,,1,1,1
2026-10-06T15:54:51.187828+00:00,2026-10-06T15:54:23+00:00,2026-10-06T15:54:23+00:00,bcycle_lametro_4300,5,9,,1,1,1
2026-10-06T15:54:51.187828+00:00,2026-10-06T15:54:23+00:00,2026-10-06T15:54:23+00:00,bcycle_lametro_4301,0,9,,1,1,1
2026-10-06T15:54:51.187828+00:00,2026-10-06T15:54:23+00:00,2026-10-06T15:54:23+00:00,bcycle_lametro_4303,1,9,,1,1,1
2026-10-06T15:54:51.187828+00:00,2026-10-06T15:54:23+00:00,2026-10-06T15:54:23+00:00,bcycle_lametro_4304,4,7,,1,1,1
2026-10-06T15:54:51.187828+00:00,2026-10-06T15:54:23+00:00,2026-10-06T15:54:23+00:00,bcycle_lametro_4306,5,8,,1,1,1
2026-10-06T15:54:51.187828+00:00,2026-10-06T15:54:23+00:00,2026-10-06T15:54:23+00:00,bcycle_lametro_4311,6,9,,1,1,1
2026-10-06T15:54:51.187828+00:00,2026-10-06T15:54:23+00:00,2026-10-06T15:54:23+00:00,bcycle_lametro_4312,9,5,,0,0,1
2026-10-06T15:54:51.187828+00:00,2026-10-06T15:54:23+00:00,2026-10-06T15:54:23+00:00,bcycle_lametro_4313,5,7,,1,1,1
2026-10-06T15:54:51.187828+00:00,2026-10-06T15:54:23+00:00,2026-10-06T15:54:23+00:00,bcycle_lametro_4314,4,11,,1,1,1
2026-10-06T15:54:51.187828+00:00,2026-10-06T15:54:23+00:00,2026-10-06T15:54:23+00:00,bcycle_lametro_4315,6,2,,0,0,1
2026-10-06T15:54:51.187828+00:00,2026-10-06T15:54:23+00:00,2026-10-06T15:54:23+00:00,bcycle_lametro_4387,1,14,,1,1,1
2026-10-06T15:54:51.187828+00:00,2026-10-06T15:54:23+00:00,2026-10-06T15:54:23+00:00,bcycle_lametro_4390,7,5,,0,0,1
2026-10-06T15:54:51.187828+00:00,2026-10-06T15:54:23+00:00,2026-10-06T15:54:23+00:00,bcycle_lametro_4401,2,8,,1,1,1
2026-10-06T15:54:51.187828+00:00,2026-10-06T15:54:23+00:00,2026-10-06T15:54:23+00:00,bcycle_lametro_4404,11,4,,1,1,1
2026-10-06T15:54:51.187828+00:00,2026-10-06T15:54:23+00:00,2026-10-06T15:54:23+00:00,bcycle_lametro_4405,8,5,,1,1,1
2026-10-06T15:54:51.187828+00:00,2026-10-06T15:54:23+00:00,2026-10-06T15:54:23+00:00,bcycle_lametro_4406,8,6,,1,1,1
2026-10-06T15:54:51.187828+00:00,2026-10-06T15:54:23+00:00,2026-10-06T15:54:23+00:00,bcycle_lametro_4410,7,9,,1,1,1
2026-10-06T15:54:51.187828+00:00,2026-10-06T15:54:23+00:00,2026-10-06T15:54:23+00:00,bcycle_lametro_4436,4,4,,0,0,1
2026-10-06T15:54:51.187828+00:00,2026-10-06T15:54:23+00:00,2026-10-06T15:54:23+00:00,bcycle_lametro_4437,1,12,,1,1,1
2026-10-06T15:54:51.187828+00:00,2026-10-06T15:54:23+00:00,2026-10-06T15:54:23+00:00,bcycle_lametro_4440,4,14,,1,1,1
2026-10-06T15:54:51.187828+00:00,2026-10-06T15:54:23+00:00,2026-10-06T15:54:23+00:00,bcycle_lametro_4441,0,7,,1,1,1
2026-10-06T15:54:51.187828+00:00,2026-10-06T15:54:23+00:00,2026-10-06T15:54:23+00:00,bcycle_lametro_4442,3,9,,1,1,1
2026-10-06T15:54:51.187828+00:00,2026-10-06T15:54:23+00:00,2026-10-06T15:54:23+00:00,bcycle_lametro_4443,5,2,,1,1,1
2026-10-06T15:54:51.187828+00:00,2026-10-06T15:54:23+00:00,2026-10-06T15:54:23+00:00,bcycle_lametro_4444,3,6,,1,1,1
2026-10-06T15:54:51.187828+00:00,2026-10-06T15:54:23+00:00,2026-10-06T15:54:23+00:00,bcycle_lametro_4445,9,6,,1,1,1
2026-10-06T15:54:51.187828+00:00,2026-10-06T15:54:23+00:00,2026-10-06T15:54:23+00:00,bcycle_lametro_4446,1,7,,1,1,1
2026-10-06T15:54:51.187828+00:00,2026-10-06T15:54:23+00:00,2026-10-06T15:54:23+00:00,bcycle_lametro_4447,3,9,,1,1,1
2026-10-06T15:54:51.187828+00:00,2026-10-06T15:54:23+00:00,2026-10-06T15:54:23+00:00,bcycle_lametro_4448,7,11,,1,1,1
2026-10-06T15:54:51.187828+00:00,2026-10-06T15:54:23+00:00,2026-10-06T15:54:23+00:00,bcycle_lametro_4449,7,6,,1,1,1
2026-10-06T15:54:51.187828+00:00,2026-10-06T15:54:23+00:00,2026-10-06T15:54:23+00:00,bcycle_lametro_4450,9,5,,1,1,1
2026-10-06T15:54:51.187828+00:00,2026-10-06T15:54:23+00:00,2026-10-06T15:54:23+00:00,bcycle_lametro_4451,4,5,,1,1,1
2026-10-06T15:54:51.187828+00:00,2026-10-06T15:54:23+00:00,2026-10-06T15:54:23+00:00,bcycle_lametro_4452,9,1,,1,1,1
2026-10-06T15:54:51.187828+00:00,2026-10-06T15:54:23+00:00,2026-10-06T15:54:23+00:00,bcycle_lametro_4453,6,4,,1,1,1
2026-10-06T15:54:51.187828+00:00,2026-10-06T15:54:23+00:00,2026-10-06T15:54:23+00:00,bcycle_lametro_4454,8,6,,0,0,1
2026-10-06T15:54:51.187828+00:00,2026-10-06T15:54:23+00:00,2026-10-06T15:54:23+00:00,bcycle_lametro_4455,8,7,,1,1,1
2026-10-06T15:54:51.187828+00:00,2026-10-06T15:54:23+00:00,2026-10-06T15:54:23+00:00,bcycle_lametro_4456,10,5,,1,1,1
2026-10-06T15:54:51.187828+00:00,2026-10-06T15:54:23+00:00,2026-10-06T15:54:23+00:00,bcycle_lametro_4457,3,5,,1,1,1
2026-10-06T15:54:51.187828+00:00,2026-10-06T15:54:23+00:00,2026-10-06T15:54:23+00:00,bcycle_lametro_4472,9,7,,1,1,1
2026-10-06T15:54:51.187828+00:00,2026-10-06T15:54:23+00:00,2026-10-06T15:54:23+00:00,bcycle_lametro_4473,6,2,,1,1,1
2026-10-06T15:54:51.187828+00:00,2026-10-06T15:54:23+00:00,2026-10-06T15:54:23+00:00,bcycle_lametro_4474,0,10,,1,1,1
2026-10-06T15:54:51.187828+00:00,2026-10-06T15:54:23+00:00,2026-10-06T15:54:23+00:00,bcycle_lametro_4475,7,4,,1,1,1
2026-10-06T15:54:51.187828+00:00,2026-10-06T15:54:23+00:00,2026-10-06T15:54:23+00:00,bcycle_lametro_4476,5,8,,1,1,1
2026-10-06T15:54:51.187828+00:00,2026-10-06T15:54:23+00:00,2026-10-06T15:54:23+00:00,bcycle_lametro_4477,2,11,,1,1,1
2026-10-06T15:54:51.187828+00:00,2026-10-06T15:54:23+00:00,2026-10-06T15:54:23+00:00,bcycle_lametro_4479,3,9,,1,1,1
2026-10-06T15:54:51.187828+00:00,2026-10-06T15:54:23+00:00,2026-10-06T15:54:23+00:00,bcycle_lametro_4483,5,7,,1,1,1
2026-10-06T15:54:51.187828+00:00,2026-10-06T15:54:23+00:00,2026-10-06T15:54:23+00:00,bcycle_lametro_4487,14,2,,1,1,1
2026-10-06T15:54:51.187828+00:00,2026-10-06T15:54:23+00:00,2026-10-06T15:54:23+00:00,bcycle_lametro_4490,6,9,,1,1,1
2026-10-06T15:54:51.187828+00:00,2026-10-06T15:54:23+00:00,2026-10-06T15:54:23+00:00,bcycle_lametro_4491,8,5,,1,1,1
2026-10-06T15:54:51.187828+00:00,2026-10-06T15:54:23+00:00,2026-10-06T15:54:23+00:00,bcycle_lametro_4492,7,10,,1,1,1
2026-10-06T15:54:51.187828+00:00,2026-10-06T15:54:23+00:00,2026-10-06T15:54:23+00:00,bcycle_lametro_4493,7,8,,1,1,1
2026-10-06T15:54:51.187828+00:00,2026-10-06T15:54:23+00:00,2026-10-06T15:54:23+00:00,bcycle_lametro_4494,7,2,,0,0,1
2026-10-06T15:54:51.187828+00:00,2026-10-06T15:54:23+00:00,2026-10-06T15:54:23+00:00,bcycle_lametro_4509,5,5,,1,1,1
2026-10-06T15:54:51.187828+00:00,2026-10-06T15:54:23+00:00,2026-10-06T15:54:23+00:00,bcycle_lametro_4510,2,8,,1,1,1
2026-10-06T15:54:51.187828+00:00,2026-10-06T15:54:23+00:00,2026-10-06T15:54:23+00:00,bcycle_lametro_4511,8,11,,1,1,1
2026-10-06T15:54:51.187828+00:00,2026-10-06T15:54:23+00:00,2026-10-06T15:54:23+00:00,bcycle_lametro_4512,11,5,,1,1,1
2026-10-06T15:54:51.187828+00:00,2026-10-06T15:54:23+00:00,2026-10-06T15:54:23+00:00,bcycle_lametro_4514,7,14,,1,1,1
2026-10-06T15:54:51.187828+00:00,2026-10-06T15:54:23+00:00,2026-10-06T15:54:23+00:00,bcycle_lametro_4515,3,6,,1,1,1
2026-10-06T15:54:51.187828+00:00,2026-10-06T15:54:23+00:00,2026-10-06T15:54:23+00:00,bcycle_lametro_4517,8,3,,1,1,1
2026-10-06T15:54:51.187828+00:00,2026-10-06T15:54:23+00:00,2026-10-06T15:54:23+00:00,bcycle_lametro_4521,9,3,,1,1,1
2026-10-06T15:54:51.187828+00:00,2026-10-06T15:54:23+00:00,2026-10-06T15:54:23+00:00,bcycle_lametro_4523,9,6,,1,1,1
2026-10-06T15:54:51.187828+00:00,2026-10-06T15:54:23+00:00,2026-10-06T15:54:23+00:00,bcycle_lametro_4524,2,12,,1,1,1
2026-10-06T15:54:51.187828+00:00,2026-10-06T15:54:23+00:00,2026-10-06T15:54:23+00:00,bcycle_lametro_4525,8,3,,1,1,1
2026-10-06T15:54:51.187828+00:00,2026-10-06T15:54:23+00:00,2026-10-06T15:54:23+00:00,bcycle_lametro_4526,9,12,,1,1,1
2026-10-06T15:54:51.187828+00:00,2026-10-06T15:54:23+00:00,2026-10-06T15:54:23+00:00,bcycle_lametro_4527,13,1,,1,1,1
2026-10-06T15:54:51.187828+00:00,2026-10-06T15:54:23+00:00,2026-10-06T15:54:23+00:00,bcycle_lametro_4528,14,0,,0,0,1
2026-10-06T15:54:51.187828+00:00,2026-10-06T15:54:23+00:00,2026-10-06T15:54:23+00:00,bcycle_lametro_4529,5,8,,1,1,1
2026-10-06T15:54:51.187828+00:00,2026-10-06T15:54:23+00:00,2026-10-06T15:54:23+00:00,bcycle_lametro_4534,8,7,,1,1,1
2026-10-06T15:54:51.187828+00:00,2026-10-06T15:54:23+00:00,2026-10-06T15:54:23+00:00,bcycle_lametro_4536,3,7,,1,1,1
2026-10-06T15:54:51.187828+00:00,2026-10-06T15:54:23+00:00,2026-10-06T15:54:23+00:00,bcycle_lametro_4537,3,15,,1,1,1
2026-10-06T15:54:51.187828+00:00,2026-10-06T15:54:23+00:00,2026-10-06T15:54:23+00:00,bcycle_lametro_4538,5,3,,1,1,1
2026-10-06T15:54:51.187828+00:00,2026-10-06T15:54:23+00:00,2026-10-06T15:54:23+00:00,bcycle_lametro_4540,6,8,,1,1,1
2026-10-06T15:54:51.187828+00:00,2026-10-06T15:54:23+00:00,2026-10-06T15:54:23+00:00,bcycle_lametro_4543,5,3,,1,1,1
2026-10-06T15:54:51.187828+00:00,2026-10-06T15:54:23+00:00,2026-10-06T15:54:23+00:00,bcycle_lametro_4544,8,5,,1,1,1
2026-10-06T15:54:51.187828+00:00,2026-10-06T15:54:23+00:00,2026-10-06T15:54:23+00:00,bcycle_lametro_4545,6,2,,1,1,1
2026-10-06T15:54:51.187828+00:00,2026-10-06T15:54:23+00:00,2026-10-06T15:54:23+00:00,bcycle_lametro_4546,3,14,,1,1,1
2026-10-06T15:54:51.187828+00:00,2026-10-06T15:54:23+00:00,2026-10-06T15:54:23+00:00,bcycle_lametro_4547,4,6,,1,1,1
2026-10-06T15:54:51.187828+00:00,2026-10-06T15:54:23+00:00,2026-10-06T15:54:23+00:00,bcycle_lametro_4548,0,12,,1,1,1
2026-10-06T15:54:51.187828+00:00,2026-10-06T15:54:23+00:00,2026-10-06T15:54:23+00:00,bcycle_lametro_4549,7,9,,1,1,1
2026-10-06T15:54:51.187828+00:00,2026-10-06T15:54:23+00:00,2026-10-06T15:54:23+00:00,bcycle_lametro_4552,10,2,,1,1,1
2026-10-06T15:54:51.187828+00:00,2026-10-06T15:54:23+00:00,2026-10-06T15:54:23+00:00,bcycle_lametro_4553,3,6,,1,1,1
2026-10-06T15:54:51.187828+00:00,2026-10-06T15:54:23+00:00,2026-10-06T15:54:23+00:00,bcycle_lametro_4554,1,10,,1,1,1
2026-10-06T15:54:51.187828+00:00,2026-10-06T15:54:23+00:00,2026-10-06T15:54:23+00:00,bcycle_lametro_4555,2,6,,1,1,1
2026-10-06T15:54:51.187828+00:00,2026-10-06T15:54:23+00:00,2026-10-06T15:54:23+00:00,bcycle_lametro_4556,6,7,,1,1,1
2026-10-06T15:54:51.187828+00:00,2026-10-06T15:54:23+00:00,2026-10-06T15:54:23+00:00,bcycle_lametro_4557,6,5,,1,1,1
2026-10-06T15:54:51.187828+00:00,2026-10-06T15:54:23+00:00,2026-10-06T15:54:23+00:00,bcycle_lametro_4558,1,16,,1,1,1
2026-10-06T15:54:51.187828+00:00,2026-10-06T15:54:23+00:00,2026-10-06T15:54:23+00:00,bcycle_lametro_4561,0,9,,1,1,1
2026-10-06T15:54:51.187828+00:00,2026-10-06T15:54:23+00:00,2026-10-06T15:54:23+00:00,bcycle_lametro_4562,8,6,,1,1,1
2026-10-06T15:54:51.187828+00:00,2026-10-06T15:54:23+00:00,2026-10-06T15:54:23+00:00,bcycle_lametro_4563,7,2,,1,1,1
2026-10-06T15:54:51.187828+00:00,2026-10-06T15:54:23+00:00,2026-10-06T15:54:23+00:00,bcycle_lametro_4564,7,8,,1,1,1
2026-10-06T15:54:51.187828+00:00,2026-10-06T15:54:23+00:00,2026-10-06T15:54:23+00:00,bcycle_lametro_4565,2,10,,0,0,1
2026-10-06T15:54:51.187828+00:00,2026-10-06T15:54:23+00:00,2026-10-06T15:54:23+00:00,bcycle_lametro_4566,8,6,,1,1,1
2026-10-06T15:54:51.187828+00:00,2026-10-06T15:54:23+00:00,2026-10-06T15:54:23+00:00,bcycle_lametro_4567,3,8,,1,1,1
2026-10-06T15:54:51.187828+00:00,2026-10-06T15:54:23+00:00,2026-10-06T15:54:23+00:00,bcycle_lametro_4568,2,11,,1,1,1
2026-10-06T15:54:51.187828+00:00,2026-10-06T15:54:23+00:00,2026-10-06T15:54:23+00:00,bcycle_lametro_4569,4,5,,1,1,1
2026-10-06T15:54:51.187828+00:00,2026-10-06T15:54:23+00:00,2026-10-06T15:54:23+00:00,bcycle_lametro_4570,8,7,,1,1,1
2026-10-06T15:54:51.187828+00:00,2026-10-06T15:54:23+00:00,2026-10-06T15:54:23+00:00,bcycle_lametro_4571,3,4,,1,1,1
2026-10-06T15:54:51.187828+00:00,2026-10-06T15:54:23+00:00,2026-10-06T15:54:23+00:00,bcycle_lametro_4575,6,3,,1,1,1
2026-10-06T15:54:51.187828+00:00,2026-10-06T15:54:23+00:00,2026-10-06T15:54:23+00:00,bcycle_lametro_4576,4,7,,1,1,1
2026-10-06T15:54:51.187828+00:00,2026-10-06T15:54:23+00:00,2026-10-06T15:54:23+00:00,bcycle_lametro_4578,6,1,,1,1,1
2026-10-06T15:54:51.187828+00:00,2026-10-06T15:54:23+00:00,2026-10-06T15:54:23+00:00,bcycle_lametro_4579,4,8,,1,1,1
2026-10-06T15:54:51.187828+00:00,2026-10-06T15:54:23+00:00,2026-10-06T15:54:23+00:00,bcycle_lametro_4580,0,8,,1,1,1
2026-10-06T15:54:51.187828+00:00,2026-10-06T15:54:23+00:00,2026-10-06T15:54:23+00:00,bcycle_lametro_4581,7,9,,1,1,1
2026-10-06T15:54:51.187828+00:00,2026-10-06T15:54:23+00:00,2026-10-06T15:54:23+00:00,bcycle_lametro_4583,9,9,,1,1,1
2026-10-06T15:54:51.187828+00:00,2026-10-06T15:54:23+00:00,2026-10-06T15:54:23+00:00,bcycle_lametro_4584,12,2,,0,0,1
2026-10-06T15:54:51.187828+00:00,2026-10-06T15:54:23+00:00,2026-10-06T15:54:23+00:00,bcycle_lametro_4587,0,11,,1,1,1
2026-10-06T15:54:51.187828+00:00,2026-10-06T15:54:23+00:00,2026-10-06T15:54:23+00:00,bcycle_lametro_4595,6,12,,1,1,1
2026-10-06T15:54:51.187828+00:00,2026-10-06T15:54:23+00:00,2026-10-06T15:54:23+00:00,bcycle_lametro_4596,4,11,,0,0,1
2026-10-06T15:54:51.187828+00:00,2026-10-06T15:54:23+00:00,2026-10-06T15:54:23+00:00,bcycle_lametro_4597,4,6,,1,1,1
2026-10-06T15:54:51.187828+00:00,2026-10-06T15:54:23+00:00,2026-10-06T15:54:23+00:00,bcycle_lametro_4598,2,7,,1,1,1
2026-10-06T15:54:51.187828+00:00,2026-10-06T15:54:23+00:00,2026-10-06T15:54:23+00:00,bcycle_lametro_4599,3,9,,1,1,1
2026-10-06T15:54:51.187828+00:00,2026-10-06T15:54:23+00:00,2026-10-06T15:54:23+00:00,bcycle_lametro_4600,6,4,,1,1,1
2026-10-06T15:54:51.187828+00:00,2026-10-06T15:54:23+00:00,2026-10-06T15:54:23+00:00,bcycle_lametro_4601,1,10,,1,1,1
2026-10-06T15:54:51.187828+00:00,2026-10-06T15:54:23+00:00,2026-10-06T15:54:23+00:00,bcycle_lametro_4603,8,10,,1,1,1
2026-10-06T15:54:51.187828+00:00,2026-10-06T15:54:23+00:00,2026-10-06T15:54:23+00:00,bcycle_lametro_4604,8,4,,1,1,1
2026-10-06T15:54:51.187828+00:00,2026-10-06T15:54:23+00:00,2026-10-06T15:54:23+00:00,bcycle_lametro_4605,8,5,,1,1,1
2026-10-06T15:54:51.187828+00:00,2026-10-06T15:54:23+00:00,2026-10-06T15:54:23+00:00,bcycle_lametro_4606,5,15,,1,1,1
2026-10-06T15:54:51.187828+00:00,2026-10-06T15:54:23+00:00,2026-10-06T15:54:23+00:00,bcycle_lametro_4613,5,14,,1,1,1
2026-10-06T15:54:51.187828+00:00,2026-10-06T15:54:23+00:00,2026-10-06T15:54:23+00:00,bcycle_lametro_4614,0,20,,1,1,1
2026-10-06T15:54:51.187828+00:00,2026-10-06T15:54:23+00:00,2026-10-06T15:54:23+00:00,bcycle_lametro_4627,4,13,,1,1,1
2026-10-06T15:54:51.187828+00:00,2026-10-06T15:54:23+00:00,2026-10-06T15:54:23+00:00,bcycle_lametro_4628,8,4,,1,1,1
2026-10-06T15:54:51.187828+00:00,2026-10-06T15:54:23+00:00,2026-10-06T15:54:23+00:00,bcycle_lametro_4632,6,9,,0,0,1
2026-10-06T15:54:51.187828+00:00,2026-10-06T15:54:23+00:00,2026-10-06T15:54:23+00:00,bcycle_lametro_4643,0,19,,1,1,1
2026-10-06T15:54:51.187828+00:00,2026-10-06T15:54:23+00:00,2026-10-06T15:54:23+00:00,bcycle_lametro_4644,7,5,,1,1,1
2026-10-06T15:54:51.187828+00:00,2026-10-06T15:54:23+00:00,2026-10-06T15:54:23+00:00,bcycle_lametro_4645,5,7,,1,1,1
2026-10-06T15:54:51.187828+00:00,2026-10-06T15:54:23+00:00,2026-10-06T15:54:23+00:00,bcycle_lametro_4652,7,4,,1,1,1
2026-10-06T15:54:51.187828+00:00,2026-10-06T15:54:23+00:00,2026-10-06T15:54:23+00:00,bcycle_lametro_4660,4,13,,1,1,1
2026-10-06T15:54:51.187828+00:00,2026-10-06T15:54:23+00:00,2026-10-06T15:54:23+00:00,bcycle_lametro_4664,9,10,,1,1,1
2026-10-06T15:54:51.187828+00:00,2026-10-06T15:54:23+00:00,2026-10-06T15:54:23+00:00,bcycle_lametro_4672,9,4,,1,1,1
2026-10-06T15:54:51.187828+00:00,2026-10-06T15:54:23+00:00,2026-10-06T15:54:23+00:00,bcycle_lametro_4680,6,12,,1,1,1
2026-10-06T15:54:51.187828+00:00,2026-10-06T15:54:23+00:00,2026-10-06T15:54:23+00:00,bcycle_lametro_4689,6,9,,1,1,1
2026-10-06T15:54:51.187828+00:00,2026-10-06T15:54:23+00:00,2026-10-06T15:54:23+00:00,bcycle_lametro_4690,8,6,,1,1,1
2026-10-06T15:54:51.187828+00:00,2026-10-06T15:54:23+00:00,2026-10-06T15:54:23+00:00,bcycle_lametro_4696,11,3,,0,0,1
2026-10-06T15:54:51.187828+00:00,2026-10-06T15:54:23+00:00,2026-10-06T15:54:23+00:00,bcycle_lametro_4697,7,8,,1,1,1
2026-10-06T15:54:51.187828+00:00,2026-10-06T15:54:23+00:00,2026-10-06T15:54:23+00:00,bcycle_lametro_4698,5,9,,1,1,1
2026-10-06T15:54:51.187828+00:00,2026-10-06T15:54:23+00:00,2026-10-06T15:54:23+00:00,bcycle_lametro_4699,6,9,,1,1,1
2026-10-06T15:54:51.187828+00:00,2026-10-06T15:54:23+00:00,2026-10-06T15:54:23+00:00,bcycle_lametro_4700,16,1,,1,1,1
2026-10-06T15:54:51.187828+00:00,2026-10-06T15:54:23+00:00,2026-10-06T15:54:23+00:00,bcycle_lametro_4707,8,5,,1,1,1
2026-10-06T15:54:51.187828+00:00,2026-10-06T15:54:23+00:00,2026-10-06T15:54:23+00:00,bcycle_lametro_4729,5,8,,0,0,1
2026-10-06T15:54:51.187828+00:00,2026-10-06T15:54:23+00:00,2026-10-06T15:54:23+00:00,bcycle_lametro_4730,6,7,,1,1,1
2026-10-06T15:54:51.187828+00:00,2026-10-06T15:54:23+00:00,2026-10-06T15:54:23+00:00,bcycle_lametro_4732,9,11,,1,1,1
2026-10-06T15:54:51.187828+00:00,2026-10-06T15:54:23+00:00,2026-10-06T15:54:23+00:00,bcycle_lametro_4733,3,20,,1,1,1
2026-10-06T15:54:51.187828+00:00,2026-10-06T15:54:23+00:00,2026-10-06T15:54:23+00:00,bcycle_lametro_4734,8,7,,1,1,1
2026-10-06T15:54:51.187828+00:00,2026-10-06T15:54:23+00:00,2026-10-06T15:54:23+00:00,bcycle_lametro_4735,10,2,,1,1,1
2026-10-06T15:54:51.187828+00:00,2026-10-06T15:54:23+00:00,2026-10-06T15:54:23+00:00,bcycle_lametro_4736,5,10,,1,1,1
2026-10-06T15:54:51.187828+00:00,2026-10-06T15:54:23+00:00,2026-10-06T15:54:23+00:00,bcycle_lametro_4740,15,7,,1,1,1
2026-10-06T15:54:51.187828+00:00,2026-10-06T15:54:23+00:00,2026-10-06T15:54:23+00:00,bcycle_lametro_4745,5,5,,1,1,1
2026-10-06T20:52:04.348846+00:00,2026-10-06T20:51:44+00:00,2026-10-06T20:51:44+00:00,bcycle_lametro_3005,5,23,,1,1,1
2026-10-06T20:52:04.348846+00:00,2026-10-06T20:51:44+00:00,2026-10-06T20:51:44+00:00,bcycle_lametro_3006,12,17,,1,1,1
2026-10-06T20:52:04.348846+00:00,2026-10-06T20:51:44+00:00,2026-10-06T20:51:44+00:00,bcycle_lametro_3007,2,20,,1,1,1
2026-10-06T20:52:04.348846+00:00,2026-10-06T20:51:44+00:00,2026-10-06T20:51:44+00:00,bcycle_lametro_3008,2,13,,1,1,1
2026-10-06T20:52:04.348846+00:00,2026-10-06T20:51:44+00:00,2026-10-06T20:51:44+00:00,bcycle_lametro_3010,10,4,,1,1,1
2026-10-06T20:52:04.348846+00:00,2026-10-06T20:51:44+00:00,2026-10-06T20:51:44+00:00,bcycle_lametro_3011,5,11,,1,1,1
2026-10-06T20:52:04.348846+00:00,2026-10-06T20:51:44+00:00,2026-10-06T20:51:44+00:00,bcycle_lametro_3014,2,26,,1,1,1
2026-10-06T20:52:04.348846+00:00,2026-10-06T20:51:44+00:00,2026-10-06T20:51:44+00:00,bcycle_lametro_3016,8,7,,1,1,1
2026-10-06T20:52:04.348846+00:00,2026-10-06T20:51:44+00:00,2026-10-06T20:51:44+00:00,bcycle_lametro_3018,13,5,,1,1,1
2026-10-06T20:52:04.348846+00:00,2026-10-06T20:51:44+00:00,2026-10-06T20:51:44+00:00,bcycle_lametro_3019,9,10,,1,1,1
2026-10-06T20:52:04.348846+00:00,2026-10-06T20:51:44+00:00,2026-10-06T20:51:44+00:00,bcycle_lametro_3020,3,12,,1,1,1
2026-10-06T20:52:04.348846+00:00,2026-10-06T20:51:44+00:00,2026-10-06T20:51:44+00:00,bcycle_lametro_3022,5,15,,1,1,1
2026-10-06T20:52:04.348846+00:00,2026-10-06T20:51:44+00:00,2026-10-06T20:51:44+00:00,bcycle_lametro_3024,8,7,,1,1,1
2026-10-06T20:52:04.348846+00:00,2026-10-06T20:51:44+00:00,2026-10-06T20:51:44+00:00,bcycle_lametro_3025,7,7,,0,0,1
2026-10-06T20:52:04.348846+00:00,2026-10-06T20:51:44+00:00,2026-10-06T20:51:44+00:00,bcycle_lametro_3026,3,12,,1,1,1
2026-10-06T20:52:04.348846+00:00,2026-10-06T20:51:44+00:00,2026-10-06T20:51:44+00:00,bcycle_lametro_3027,4,11,,1,1,1
2026-10-06T20:52:04.348846+00:00,2026-10-06T20:51:44+00:00,2026-10-06T20:51:44+00:00,bcycle_lametro_3030,28,1,,1,1,1
2026-10-06T20:52:04.348846+00:00,2026-10-06T20:51:44+00:00,2026-10-06T20:51:44+00:00,bcycle_lametro_3032,18,9,,1,1,1
2026-10-06T20:52:04.348846+00:00,2026-10-06T20:51:44+00:00,2026-10-06T20:51:44+00:00,bcycle_lametro_3033,4,11,,1,1,1
2026-10-06T20:52:04.348846+00:00,2026-10-06T20:51:44+00:00,2026-10-06T20:51:44+00:00,bcycle_lametro_3034,15,10,,1,1,1
2026-10-06T20:52:04.348846+00:00,2026-10-06T20:51:44+00:00,2026-10-06T20:51:44+00:00,bcycle_lametro_3035,10,13,,1,1,1
2026-10-06T20:52:04.348846+00:00,2026-10-06T20:51:44+00:00,2026-10-06T20:51:44+00:00,bcycle_lametro_3036,3,11,,1,1,1
2026-10-06T20:52:04.348846+00:00,2026-10-06T20:51:44+00:00,2026-10-06T20:51:44+00:00,bcycle_lametro_3037,13,5,,1,1,1
2026-10-06T20:52:04.348846+00:00,2026-10-06T20:51:44+00:00,2026-10-06T20:51:44+00:00,bcycle_lametro_3040,2,1,,1,1,1
2026-10-06T20:52:04.348846+00:00,2026-10-06T20:51:44+00:00,2026-10-06T20:51:44+00:00,bcycle_lametro_3042,13,15,,1,1,1
2026-10-06T20:52:04.348846+00:00,2026-10-06T20:51:44+00:00,2026-10-06T20:51:44+00:00,bcycle_lametro_3045,5,5,,1,1,1
2026-10-06T20:52:04.348846+00:00,2026-10-06T20:51:44+00:00,2026-10-06T20:51:44+00:00,bcycle_lametro_3046,12,4,,1,1,1
2026-10-06T20:52:04.348846+00:00,2026-10-06T20:51:44+00:00,2026-10-06T20:51:44+00:00,bcycle_lametro_3047,16,9,,1,1,1
2026-10-06T20:52:04.348846+00:00,2026-10-06T20:51:44+00:00,2026-10-06T20:51:44+00:00,bcycle_lametro_3048,11,5,,1,1,1
2026-10-06T20:52:04.348846+00:00,2026-10-06T20:51:44+00:00,2026-10-06T20:51:44+00:00,bcycle_lametro_3052,3,18,,1,1,1
2026-10-06T20:52:04.348846+00:00,2026-10-06T20:51:44+00:00,2026-10-06T20:51:44+00:00,bcycle_lametro_3054,6,9,,1,1,1
2026-10-06T20:52:04.348846+00:00,2026-10-06T20:51:44+00:00,2026-10-06T20:51:44+00:00,bcycle_lametro_3056,6,9,,1,1,1
2026-10-06T20:52:04.348846+00:00,2026-10-06T20:51:44+00:00,2026-10-06T20:51:44+00:00,bcycle_lametro_3058,7,8,,1,1,1
2026-10-06T20:52:04.348846+00:00,2026-10-06T20:51:44+00:00,2026-10-06T20:51:44+00:00,bcycle_lametro_3062,6,9,,1,1,1
2026-10-06T20:52:04.348846+00:00,2026-10-06T20:51:44+00:00,2026-10-06T20:51:44+00:00,bcycle_lametro_3063,0,22,,0,0,0
2026-10-06T20:52:04.348846+00:00,2026-10-06T20:51:44+00:00,2026-10-06T20:51:44+00:00,bcycle_lametro_3064,7,7,,1,1,1
2026-10-06T20:52:04.348846+00:00,2026-10-06T20:51:44+00:00,2026-10-06T20:51:44+00:00,bcycle_lametro_3065,6,9,,1,1,1
2026-10-06T20:52:04.348846+00:00,2026-10-06T20:51:44+00:00,2026-10-06T20:51:44+00:00,bcycle_lametro_3066,10,5,,1,1,1
2026-10-06T20:52:04.348846+00:00,2026-10-06T20:51:44+00:00,2026-10-06T20:51:44+00:00,bcycle_lametro_3068,2,12,,1,1,1
2026-10-06T20:52:04.348846+00:00,2026-10-06T20:51:44+00:00,2026-10-06T20:51:44+00:00,bcycle_lametro_3069,5,12,,1,1,1
2026-10-06T20:52:04.348846+00:00,2026-10-06T20:51:44+00:00,2026-10-06T20:51:44+00:00,bcycle_lametro_3074,14,8,,1,1,1
2026-10-06T20:52:04.348846+00:00,2026-10-06T20:51:44+00:00,2026-10-06T20:51:44+00:00,bcycle_lametro_3075,7,8,,1,1,1
2026-10-06T20:52:04.348846+00:00,2026-10-06T20:51:44+00:00,2026-10-06T20:51:44+00:00,bcycle_lametro_3076,8,4,,1,1,1
2026-10-06T20:52:04.348846+00:00,2026-10-06T20:51:44+00:00,2026-10-06T20:51:44+00:00,bcycle_lametro_3077,5,8,,1,1,1
2026-10-06T20:52:04.348846+00:00,2026-10-06T20:51:44+00:00,2026-10-06T20:51:44+00:00,bcycle_lametro_3078,7,8,,1,1,1
2026-10-06T20:52:04.348846+00:00,2026-10-06T20:51:44+00:00,2026-10-06T20:51:44+00:00,bcycle_lametro_3079,1,13,,1,1,1
2026-10-06T20:52:04.348846+00:00,2026-10-06T20:51:44+00:00,2026-10-06T20:51:44+00:00,bcycle_lametro_3081,7,5,,1,1,1
2026-10-06T20:52:04.348846+00:00,2026-10-06T20:51:44+00:00,2026-10-06T20:51:44+00:00,bcycle_lametro_3082,10,12,,1,1,1
2026-10-06T20:52:04.348846+00:00,2026-10-06T20:51:44+00:00,2026-10-06T20:51:44+00:00,bcycle_lametro_4202,5,15,,1,1,1
2026-10-06T20:52:04.348846+00:00,2026-10-06T20:51:44+00:00,2026-10-06T20:51:44+00:00,bcycle_lametro_4204,13,3,,1,1,1
2026-10-06T20:52:04.348846+00:00,2026-10-06T20:51:44+00:00,2026-10-06T20:51:44+00:00,bcycle_lametro_4205,3,13,,1,1,1
2026-10-06T20:52:04.348846+00:00,2026-10-06T20:51:44+00:00,2026-10-06T20:51:44+00:00,bcycle_lametro_4206,3,19,,1,1,1
2026-10-06T20:52:04.348846+00:00,2026-10-06T20:51:44+00:00,2026-10-06T20:51:44+00:00,bcycle_lametro_4207,9,10,,1,1,1
2026-10-06T20:52:04.348846+00:00,2026-10-06T20:51:44+00:00,2026-10-06T20:51:44+00:00,bcycle_lametro_4208,4,13,,1,1,1
2026-10-06T20:52:04.348846+00:00,2026-10-06T20:51:44+00:00,2026-10-06T20:51:44+00:00,bcycle_lametro_4209,10,12,,1,1,1
2026-10-06T20:52:04.348846+00:00,2026-10-06T20:51:44+00:00,2026-10-06T20:51:44+00:00,bcycle_lametro_4210,1,14,,1,1,1
2026-10-06T20:52:04.348846+00:00,2026-10-06T20:51:44+00:00,2026-10-06T20:51:44+00:00,bcycle_lametro_4211,9,4,,1,1,1
2026-10-06T20:52:04.348846+00:00,2026-10-06T20:51:44+00:00,2026-10-06T20:51:44+00:00,bcycle_lametro_4212,3,18,,1,1,1
2026-10-06T20:52:04.348846+00:00,2026-10-06T20:51:44+00:00,2026-10-06T20:51:44+00:00,bcycle_lametro_4213,1,14,,1,1,1
2026-10-06T20:52:04.348846+00:00,2026-10-06T20:51:44+00:00,2026-10-06T20:51:44+00:00,bcycle_lametro_4214,11,14,,1,1,1
2026-10-06T20:52:04.348846+00:00,2026-10-06T20:51:44+00:00,2026-10-06T20:51:44+00:00,bcycle_lametro_4215,13,27,,1,1,1
2026-10-06T20:52:04.348846+00:00,2026-10-06T20:51:44+00:00,2026-10-06T20:51:44+00:00,bcycle_lametro_4216,13,6,,1,1,1
2026-10-06T20:52:04.348846+00:00,2026-10-06T20:51:44+00:00,2026-10-06T20:51:44+00:00,bcycle_lametro_4217,7,4,,0,0,1
2026-10-06T20:52:04.348846+00:00,2026-10-06T20:51:44+00:00,2026-10-06T20:51:44+00:00,bcycle_lametro_4220,5,9,,1,1,1
2026-10-06T20:52:04.348846+00:00,2026-10-06T20:51:44+00:00,2026-10-06T20:51:44+00:00,bcycle_lametro_4227,8,8,,1,1,1
2026-10-06T20:52:04.348846+00:00,2026-10-06T20:51:44+00:00,2026-10-06T20:51:44+00:00,bcycle_lametro_4245,13,1,,0,0,1
2026-10-06T20:52:04.348846+00:00,2026-10-06T20:51:44+00:00,2026-10-06T20:51:44+00:00,bcycle_lametro_4246,10,4,,1,1,1
2026-10-06T20:52:04.348846+00:00,2026-10-06T20:51:44+00:00,2026-10-06T20:51:44+00:00,bcycle_lametro_4247,4,4,,1,1,1
2026-10-06T20:52:04.348846+00:00,2026-10-06T20:51:44+00:00,2026-10-06T20:51:44+00:00,bcycle_lametro_4248,9,10,,1,1,1
2026-10-06T20:52:04.348846+00:00,2026-10-06T20:51:44+00:00,2026-10-06T20:51:44+00:00,bcycle_lametro_4249,12,2,,1,1,1
2026-10-06T20:52:04.348846+00:00,2026-10-06T20:51:44+00:00,2026-10-06T20:51:44+00:00,bcycle_lametro_4250,10,5,,1,1,1
2026-10-06T20:52:04.348846+00:00,2026-10-06T20:51:44+00:00,2026-10-06T20:51:44+00:00,bcycle_lametro_4254,3,12,,1,1,1
2026-10-06T20:52:04.348846+00:00,2026-10-06T20:51:44+00:00,2026-10-06T20:51:44+00:00,bcycle_lametro_4255,4,6,,1,1,1
2026-10-06T20:52:04.348846+00:00,2026-10-06T20:51:44+00:00,2026-10-06T20:51:44+00:00,bcycle_lametro_4266,8,7,,1,1,1
2026-10-06T20:52:04.348846+00:00,2026-10-06T20:51:44+00:00,2026-10-06T20:51:44+00:00,bcycle_lametro_4267,3,6,,1,1,1
2026-10-06T20:52:04.348846+00:00,2026-10-06T20:51:44+00:00,2026-10-06T20:51:44+00:00,bcycle_lametro_4273,9,5,,1,1,1
2026-10-06T20:52:04.348846+00:00,2026-10-06T20:51:44+00:00,2026-10-06T20:51:44+00:00,bcycle_lametro_4275,3,12,,1,1,1
2026-10-06T20:52:04.348846+00:00,2026-10-06T20:51:44+00:00,2026-10-06T20:51:44+00:00,bcycle_lametro_4293,3,7,,1,1,1
2026-10-06T20:52:04.348846+00:00,2026-10-06T20:51:44+00:00,2026-10-06T20:51:44+00:00,bcycle_lametro_4300,6,8,,1,1,1
2026-10-06T20:52:04.348846+00:00,2026-10-06T20:51:44+00:00,2026-10-06T20:51:44+00:00,bcycle_lametro_4301,4,6,,1,1,1
2026-10-06T20:52:04.348846+00:00,2026-10-06T20:51:44+00:00,2026-10-06T20:51:44+00:00,bcycle_lametro_4303,1,9,,1,1,1
2026-10-06T20:52:04.348846+00:00,2026-10-06T20:51:44+00:00,2026-10-06T20:51:44+00:00,bcycle_lametro_4304,4,7,,1,1,1
2026-10-06T20:52:04.348846+00:00,2026-10-06T20:51:44+00:00,2026-10-06T20:51:44+00:00,bcycle_lametro_4306,5,8,,0,0,1
2026-10-06T20:52:04.348846+00:00,2026-10-06T20:51:44+00:00,2026-10-06T20:51:44+00:00,bcycle_lametro_4311,7,8,,1,1,1
2026-10-06T20:52:04.348846+00:00,2026-10-06T20:51:44+00:00,2026-10-06T20:51:44+00:00,bcycle_lametro_4312,9,5,,0,0,1
2026-10-06T20:52:04.348846+00:00,2026-10-06T20:51:44+00:00,2026-10-06T20:51:44+00:00,bcycle_lametro_4313,5,7,,1,1,1
2026-10-06T20:52:04.348846+00:00,2026-10-06T20:51:44+00:00,2026-10-06T20:51:44+00:00,bcycle_lametro_4314,4,11,,1,1,1
2026-10-06T20:52:04.348846+00:00,2026-10-06T20:51:44+00:00,2026-10-06T20:51:44+00:00,bcycle_lametro_4315,4,4,,1,1,1
2026-10-06T20:52:04.348846+00:00,2026-10-06T20:51:44+00:00,2026-10-06T20:51:44+00:00,bcycle_lametro_4387,1,14,,1,1,1
2026-10-06T20:52:04.348846+00:00,2026-10-06T20:51:44+00:00,2026-10-06T20:51:44+00:00,bcycle_lametro_4390,6,6,,1,1,1
2026-10-06T20:52:04.348846+00:00,2026-10-06T20:51:44+00:00,2026-10-06T20:51:44+00:00,bcycle_lametro_4401,2,8,,0,0,1
2026-10-06T20:52:04.348846+00:00,2026-10-06T20:51:44+00:00,2026-10-06T20:51:44+00:00,bcycle_lametro_4404,12,3,,1,1,1
2026-10-06T20:52:04.348846+00:00,2026-10-06T20:51:44+00:00,2026-10-06T20:51:44+00:00,bcycle_lametro_4405,8,5,,1,1,1
2026-10-06T20:52:04.348846+00:00,2026-10-06T20:51:44+00:00,2026-10-06T20:51:44+00:00,bcycle_lametro_4406,8,6,,1,1,1
2026-10-06T20:52:04.348846+00:00,2026-10-06T20:51:44+00:00,2026-10-06T20:51:44+00:00,bcycle_lametro_4410,7,9,,1,1,1
2026-10-06T20:52:04.348846+00:00,2026-10-06T20:51:44+00:00,2026-10-06T20:51:44+00:00,bcycle_lametro_4436,4,4,,0,0,1
2026-10-06T20:52:04.348846+00:00,2026-10-06T20:51:44+00:00,2026-10-06T20:51:44+00:00,bcycle_lametro_4437,1,12,,1,1,1
2026-10-06T20:52:04.348846+00:00,2026-10-06T20:51:44+00:00,2026-10-06T20:51:44+00:00,bcycle_lametro_4440,3,15,,1,1,1
2026-10-06T20:52:04.348846+00:00,2026-10-06T20:51:44+00:00,2026-10-06T20:51:44+00:00,bcycle_lametro_4441,0,7,,1,1,1
2026-10-06T20:52:04.348846+00:00,2026-10-06T20:51:44+00:00,2026-10-06T20:51:44+00:00,bcycle_lametro_4442,3,9,,1,1,1
2026-10-06T20:52:04.348846+00:00,2026-10-06T20:51:44+00:00,2026-10-06T20:51:44+00:00,bcycle_lametro_4443,5,2,,1,1,1
2026-10-06T20:52:04.348846+00:00,2026-10-06T20:51:44+00:00,2026-10-06T20:51:44+00:00,bcycle_lametro_4444,3,6,,1,1,1
2026-10-06T20:52:04.348846+00:00,2026-10-06T20:51:44+00:00,2026-10-06T20:51:44+00:00,bcycle_lametro_4445,9,6,,1,1,1
2026-10-06T20:52:04.348846+00:00,2026-10-06T20:51:44+00:00,2026-10-06T20:51:44+00:00,bcycle_lametro_4446,2,6,,1,1,1
2026-10-06T20:52:04.348846+00:00,2026-10-06T20:51:44+00:00,2026-10-06T20:51:44+00:00,bcycle_lametro_4447,3,9,,1,1,1
2026-10-06T20:52:04.348846+00:00,2026-10-06T20:51:44+00:00,2026-10-06T20:51:44+00:00,bcycle_lametro_4448,7,11,,1,1,1
2026-10-06T20:52:04.348846+00:00,2026-10-06T20:51:44+00:00,2026-10-06T20:51:44+00:00,bcycle_lametro_4449,6,7,,1,1,1
2026-10-06T20:52:04.348846+00:00,2026-10-06T20:51:44+00:00,2026-10-06T20:51:44+00:00,bcycle_lametro_4450,9,5,,1,1,1
2026-10-06T20:52:04.348846+00:00,2026-10-06T20:51:44+00:00,2026-10-06T20:51:44+00:00,bcycle_lametro_4451,3,6,,1,1,1
2026-10-06T20:52:04.348846+00:00,2026-10-06T20:51:44+00:00,2026-10-06T20:51:44+00:00,bcycle_lametro_4452,5,5,,1,1,1
2026-10-06T20:52:04.348846+00:00,2026-10-06T20:51:44+00:00,2026-10-06T20:51:44+00:00,bcycle_lametro_4453,6,4,,1,1,1
2026-10-06T20:52:04.348846+00:00,2026-10-06T20:51:44+00:00,2026-10-06T20:51:44+00:00,bcycle_lametro_4454,8,6,,0,0,1
2026-10-06T20:52:04.348846+00:00,2026-10-06T20:51:44+00:00,2026-10-06T20:51:44+00:00,bcycle_lametro_4455,8,7,,1,1,1
2026-10-06T20:52:04.348846+00:00,2026-10-06T20:51:44+00:00,2026-10-06T20:51:44+00:00,bcycle_lametro_4456,11,4,,1,1,1
2026-10-06T20:52:04.348846+00:00,2026-10-06T20:51:44+00:00,2026-10-06T20:51:44+00:00,bcycle_lametro_4457,3,5,,1,1,1
2026-10-06T20:52:04.348846+00:00,2026-10-06T20:51:44+00:00,2026-10-06T20:51:44+00:00,bcycle_lametro_4472,10,6,,1,1,1
2026-10-06T20:52:04.348846+00:00,2026-10-06T20:51:44+00:00,2026-10-06T20:51:44+00:00,bcycle_lametro_4473,6,2,,1,1,1
2026-10-06T20:52:04.348846+00:00,2026-10-06T20:51:44+00:00,2026-10-06T20:51:44+00:00,bcycle_lametro_4474,1,9,,1,1,1
2026-10-06T20:52:04.348846+00:00,2026-10-06T20:51:44+00:00,2026-10-06T20:51:44+00:00,bcycle_lametro_4475,8,3,,1,1,1
2026-10-06T20:52:04.348846+00:00,2026-10-06T20:51:44+00:00,2026-10-06T20:51:44+00:00,bcycle_lametro_4476,5,8,,1,1,1
2026-10-06T20:52:04.348846+00:00,2026-10-06T20:51:44+00:00,2026-10-06T20:51:44+00:00,bcycle_lametro_4477,1,12,,1,1,1
2026-10-06T20:52:04.348846+00:00,2026-10-06T20:51:44+00:00,2026-10-06T20:51:44+00:00,bcycle_lametro_4479,2,10,,1,1,1
2026-10-06T20:52:04.348846+00:00,2026-10-06T20:51:44+00:00,2026-10-06T20:51:44+00:00,bcycle_lametro_4483,5,7,,1,1,1
2026-10-06T20:52:04.348846+00:00,2026-10-06T20:51:44+00:00,2026-10-06T20:51:44+00:00,bcycle_lametro_4487,9,7,,1,1,1
2026-10-06T20:52:04.348846+00:00,2026-10-06T20:51:44+00:00,2026-10-06T20:51:44+00:00,bcycle_lametro_4490,6,9,,1,1,1
2026-10-06T20:52:04.348846+00:00,2026-10-06T20:51:44+00:00,2026-10-06T20:51:44+00:00,bcycle_lametro_4491,9,4,,1,1,1
2026-10-06T20:52:04.348846+00:00,2026-10-06T20:51:44+00:00,2026-10-06T20:51:44+00:00,bcycle_lametro_4492,7,12,,1,1,1
2026-10-06T20:52:04.348846+00:00,2026-10-06T20:51:44+00:00,2026-10-06T20:51:44+00:00,bcycle_lametro_4493,6,9,,1,1,1
2026-10-06T20:52:04.348846+00:00,2026-10-06T20:51:44+00:00,2026-10-06T20:51:44+00:00,bcycle_lametro_4494,7,2,,0,0,1
2026-10-06T20:52:04.348846+00:00,2026-10-06T20:51:44+00:00,2026-10-06T20:51:44+00:00,bcycle_lametro_4509,5,5,,1,1,1
2026-10-06T20:52:04.348846+00:00,2026-10-06T20:51:44+00:00,2026-10-06T20:51:44+00:00,bcycle_lametro_4510,1,9,,1,1,1
2026-10-06T20:52:04.348846+00:00,2026-10-06T20:51:44+00:00,2026-10-06T20:51:44+00:00,bcycle_lametro_4511,7,12,,1,1,1
2026-10-06T20:52:04.348846+00:00,2026-10-06T20:51:44+00:00,2026-10-06T20:51:44+00:00,bcycle_lametro_4512,11,5,,1,1,1
2026-10-06T20:52:04.348846+00:00,2026-10-06T20:51:44+00:00,2026-10-06T20:51:44+00:00,bcycle_lametro_4514,6,15,,1,1,1
2026-10-06T20:52:04.348846+00:00,2026-10-06T20:51:44+00:00,2026-10-06T20:51:44+00:00,bcycle_lametro_4515,5,4,,1,1,1
2026-10-06T20:52:04.348846+00:00,2026-10-06T20:51:44+00:00,2026-10-06T20:51:44+00:00,bcycle_lametro_4517,8,3,,1,1,1
2026-10-06T20:52:04.348846+00:00,2026-10-06T20:51:44+00:00,2026-10-06T20:51:44+00:00,bcycle_lametro_4521,9,3,,1,1,1
2026-10-06T20:52:04.348846+00:00,2026-10-06T20:51:44+00:00,2026-10-06T20:51:44+00:00,bcycle_lametro_4523,9,6,,1,1,1
2026-10-06T20:52:04.348846+00:00,2026-10-06T20:51:44+00:00,2026-10-06T20:51:44+00:00,bcycle_lametro_4524,2,12,,1,1,1
2026-10-06T20:52:04.348846+00:00,2026-10-06T20:51:44+00:00,2026-10-06T20:51:44+00:00,bcycle_lametro_4525,8,3,,1,1,1
2026-10-06T20:52:04.348846+00:00,2026-10-06T20:51:44+00:00,2026-10-06T20:51:44+00:00,bcycle_lametro_4526,9,12,,1,1,1
2026-10-06T20:52:04.348846+00:00,2026-10-06T20:51:44+00:00,2026-10-06T20:51:44+00:00,bcycle_lametro_4527,13,1,,1,1,1
2026-10-06T20:52:04.348846+00:00,2026-10-06T20:51:44+00:00,2026-10-06T20:51:44+00:00,bcycle_lametro_4528,5,9,,1,1,1
2026-10-06T20:52:04.348846+00:00,2026-10-06T20:51:44+00:00,2026-10-06T20:51:44+00:00,bcycle_lametro_4529,5,8,,1,1,1
2026-10-06T20:52:04.348846+00:00,2026-10-06T20:51:44+00:00,2026-10-06T20:51:44+00:00,bcycle_lametro_4534,8,7,,1,1,1
2026-10-06T20:52:04.348846+00:00,2026-10-06T20:51:44+00:00,2026-10-06T20:51:44+00:00,bcycle_lametro_4536,3,7,,1,1,1
2026-10-06T20:52:04.348846+00:00,2026-10-06T20:51:44+00:00,2026-10-06T20:51:44+00:00,bcycle_lametro_4537,2,16,,1,1,1
2026-10-06T20:52:04.348846+00:00,2026-10-06T20:51:44+00:00,2026-10-06T20:51:44+00:00,bcycle_lametro_4538,5,3,,1,1,1
2026-10-06T20:52:04.348846+00:00,2026-10-06T20:51:44+00:00,2026-10-06T20:51:44+00:00,bcycle_lametro_4540,5,9,,1,1,1
2026-10-06T20:52:04.348846+00:00,2026-10-06T20:51:44+00:00,2026-10-06T20:51:44+00:00,bcycle_lametro_4543,4,4,,1,1,1
2026-10-06T20:52:04.348846+00:00,2026-10-06T20:51:44+00:00,2026-10-06T20:51:44+00:00,bcycle_lametro_4544,2,11,,1,1,1
2026-10-06T20:52:04.348846+00:00,2026-10-06T20:51:44+00:00,2026-10-06T20:51:44+00:00,bcycle_lametro_4545,6,2,,1,1,1
2026-10-06T20:52:04.348846+00:00,2026-10-06T20:51:44+00:00,2026-10-06T20:51:44+00:00,bcycle_lametro_4546,2,17,,1,1,1
2026-10-06T20:52:04.348846+00:00,2026-10-06T20:51:44+00:00,2026-10-06T20:51:44+00:00,bcycle_lametro_4547,0,10,,1,1,1
2026-10-06T20:52:04.348846+00:00,2026-10-06T20:51:44+00:00,2026-10-06T20:51:44+00:00,bcycle_lametro_4548,1,11,,1,1,1
2026-10-06T20:52:04.348846+00:00,2026-10-06T20:51:44+00:00,2026-10-06T20:51:44+00:00,bcycle_lametro_4549,7,9,,1,1,1
2026-10-06T20:52:04.348846+00:00,2026-10-06T20:51:44+00:00,2026-10-06T20:51:44+00:00,bcycle_lametro_4552,11,1,,1,1,1
2026-10-06T20:52:04.348846+00:00,2026-10-06T20:51:44+00:00,2026-10-06T20:51:44+00:00,bcycle_lametro_4553,3,6,,1,1,1
2026-10-06T20:52:04.348846+00:00,2026-10-06T20:51:44+00:00,2026-10-06T20:51:44+00:00,bcycle_lametro_4554,1,10,,1,1,1
2026-10-06T20:52:04.348846+00:00,2026-10-06T20:51:44+00:00,2026-10-06T20:51:44+00:00,bcycle_lametro_4555,3,5,,1,1,1
2026-10-06T20:52:04.348846+00:00,2026-10-06T20:51:44+00:00,2026-10-06T20:51:44+00:00,bcycle_lametro_4556,6,7,,1,1,1
2026-10-06T20:52:04.348846+00:00,2026-10-06T20:51:44+00:00,2026-10-06T20:51:44+00:00,bcycle_lametro_4557,6,5,,1,1,1
2026-10-06T20:52:04.348846+00:00,2026-10-06T20:51:44+00:00,2026-10-06T20:51:44+00:00,bcycle_lametro_4558,1,16,,1,1,1
2026-10-06T20:52:04.348846+00:00,2026-10-06T20:51:44+00:00,2026-10-06T20:51:44+00:00,bcycle_lametro_4561,0,9,,1,1,1
2026-10-06T20:52:04.348846+00:00,2026-10-06T20:51:44+00:00,2026-10-06T20:51:44+00:00,bcycle_lametro_4562,7,7,,1,1,1
2026-10-06T20:52:04.348846+00:00,2026-10-06T20:51:44+00:00,2026-10-06T20:51:44+00:00,bcycle_lametro_4563,8,1,,1,1,1
2026-10-06T20:52:04.348846+00:00,2026-10-06T20:51:44+00:00,2026-10-06T20:51:44+00:00,bcycle_lametro_4564,6,9,,1,1,1
2026-10-06T20:52:04.348846+00:00,2026-10-06T20:51:44+00:00,2026-10-06T20:51:44+00:00,bcycle_lametro_4565,2,10,,1,1,1
2026-10-06T20:52:04.348846+00:00,2026-10-06T20:51:44+00:00,2026-10-06T20:51:44+00:00,bcycle_lametro_4566,8,6,,1,1,1
2026-10-06T20:52:04.348846+00:00,2026-10-06T20:51:44+00:00,2026-10-06T20:51:44+00:00,bcycle_lametro_4567,5,6,,1,1,1
2026-10-06T20:52:04.348846+00:00,2026-10-06T20:51:44+00:00,2026-10-06T20:51:44+00:00,bcycle_lametro_4568,3,11,,1,1,1
2026-10-06T20:52:04.348846+00:00,2026-10-06T20:51:44+00:00,2026-10-06T20:51:44+00:00,bcycle_lametro_4569,4,5,,1,1,1
2026-10-06T20:52:04.348846+00:00,2026-10-06T20:51:44+00:00,2026-10-06T20:51:44+00:00,bcycle_lametro_4570,9,6,,1,1,1
2026-10-06T20:52:04.348846+00:00,2026-10-06T20:51:44+00:00,2026-10-06T20:51:44+00:00,bcycle_lametro_4571,2,5,,1,1,1
2026-10-06T20:52:04.348846+00:00,2026-10-06T20:51:44+00:00,2026-10-06T20:51:44+00:00,bcycle_lametro_4575,6,5,,1,1,1
2026-10-06T20:52:04.348846+00:00,2026-10-06T20:51:44+00:00,2026-10-06T20:51:44+00:00,bcycle_lametro_4576,5,6,,1,1,1
2026-10-06T20:52:04.348846+00:00,2026-10-06T20:51:44+00:00,2026-10-06T20:51:44+00:00,bcycle_lametro_4578,5,2,,1,1,1
2026-10-06T20:52:04.348846+00:00,2026-10-06T20:51:44+00:00,2026-10-06T20:51:44+00:00,bcycle_lametro_4579,4,8,,1,1,1
2026-10-06T20:52:04.348846+00:00,2026-10-06T20:51:44+00:00,2026-10-06T20:51:44+00:00,bcycle_lametro_4580,0,8,,1,1,1
2026-10-06T20:52:04.348846+00:00,2026-10-06T20:51:44+00:00,2026-10-06T20:51:44+00:00,bcycle_lametro_4581,6,10,,1,1,1
2026-10-06T20:52:04.348846+00:00,2026-10-06T20:51:44+00:00,2026-10-06T20:51:44+00:00,bcycle_lametro_4583,10,8,,1,1,1
2026-10-06T20:52:04.348846+00:00,2026-10-06T20:51:44+00:00,2026-10-06T20:51:44+00:00,bcycle_lametro_4584,12,2,,1,1,1
2026-10-06T20:52:04.348846+00:00,2026-10-06T20:51:44+00:00,2026-10-06T20:51:44+00:00,bcycle_lametro_4587,0,11,,1,1,1
2026-10-06T20:52:04.348846+00:00,2026-10-06T20:51:44+00:00,2026-10-06T20:51:44+00:00,bcycle_lametro_4595,6,12,,1,1,1
2026-10-06T20:52:04.348846+00:00,2026-10-06T20:51:44+00:00,2026-10-06T20:51:44+00:00,bcycle_lametro_4596,4,11,,0,0,1
2026-10-06T20:52:04.348846+00:00,2026-10-06T20:51:44+00:00,2026-10-06T20:51:44+00:00,bcycle_lametro_4597,4,6,,1,1,1
2026-10-06T20:52:04.348846+00:00,2026-10-06T20:51:44+00:00,2026-10-06T20:51:44+00:00,bcycle_lametro_4598,2,7,,1,1,1
2026-10-06T20:52:04.348846+00:00,2026-10-06T20:51:44+00:00,2026-10-06T20:51:44+00:00,bcycle_lametro_4599,4,8,,1,1,1
2026-10-06T20:52:04.348846+00:00,2026-10-06T20:51:44+00:00,2026-10-06T20:51:44+00:00,bcycle_lametro_4600,6,4,,1,1,1
2026-10-06T20:52:04.348846+00:00,2026-10-06T20:51:44+00:00,2026-10-06T20:51:44+00:00,bcycle_lametro_4601,2,9,,1,1,1
2026-10-06T20:52:04.348846+00:00,2026-10-06T20:51:44+00:00,2026-10-06T20:51:44+00:00,bcycle_lametro_4603,8,10,,1,1,1
2026-10-06T20:52:04.348846+00:00,2026-10-06T20:51:44+00:00,2026-10-06T20:51:44+00:00,bcycle_lametro_4604,8,4,,1,1,1
2026-10-06T20:52:04.348846+00:00,2026-10-06T20:51:44+00:00,2026-10-06T20:51:44+00:00,bcycle_lametro_4605,8,5,,1,1,1
2026-10-06T20:52:04.348846+00:00,2026-10-06T20:51:44+00:00,2026-10-06T20:51:44+00:00,bcycle_lametro_4606,4,16,,1,1,1
2026-10-06T20:52:04.348846+00:00,2026-10-06T20:51:44+00:00,2026-10-06T20:51:44+00:00,bcycle_lametro_4613,5,14,,1,1,1
2026-10-06T20:52:04.348846+00:00,2026-10-06T20:51:44+00:00,2026-10-06T20:51:44+00:00,bcycle_lametro_4614,8,12,,1,1,1
2026-10-06T20:52:04.348846+00:00,2026-10-06T20:51:44+00:00,2026-10-06T20:51:44+00:00,bcycle_lametro_4627,4,12,,1,1,1
2026-10-06T20:52:04.348846+00:00,2026-10-06T20:51:44+00:00,2026-10-06T20:51:44+00:00,bcycle_lametro_4628,8,4,,1,1,1
2026-10-06T20:52:04.348846+00:00,2026-10-06T20:51:44+00:00,2026-10-06T20:51:44+00:00,bcycle_lametro_4632,9,6,,1,1,1
2026-10-06T20:52:04.348846+00:00,2026-10-06T20:51:44+00:00,2026-10-06T20:51:44+00:00,bcycle_lametro_4643,8,12,,1,1,1
2026-10-06T20:52:04.348846+00:00,2026-10-06T20:51:44+00:00,2026-10-06T20:51:44+00:00,bcycle_lametro_4644,5,7,,1,1,1
2026-10-06T20:52:04.348846+00:00,2026-10-06T20:51:44+00:00,2026-10-06T20:51:44+00:00,bcycle_lametro_4645,6,6,,0,0,1
2026-10-06T20:52:04.348846+00:00,2026-10-06T20:51:44+00:00,2026-10-06T20:51:44+00:00,bcycle_lametro_4652,7,4,,1,1,1
2026-10-06T20:52:04.348846+00:00,2026-10-06T20:51:44+00:00,2026-10-06T20:51:44+00:00,bcycle_lametro_4660,4,13,,1,1,1
2026-10-06T20:52:04.348846+00:00,2026-10-06T20:51:44+00:00,2026-10-06T20:51:44+00:00,bcycle_lametro_4664,10,9,,1,1,1
2026-10-06T20:52:04.348846+00:00,2026-10-06T20:51:44+00:00,2026-10-06T20:51:44+00:00,bcycle_lametro_4672,8,5,,1,1,1
2026-10-06T20:52:04.348846+00:00,2026-10-06T20:51:44+00:00,2026-10-06T20:51:44+00:00,bcycle_lametro_4680,6,12,,1,1,1
2026-10-06T20:52:04.348846+00:00,2026-10-06T20:51:44+00:00,2026-10-06T20:51:44+00:00,bcycle_lametro_4689,5,10,,1,1,1
2026-10-06T20:52:04.348846+00:00,2026-10-06T20:51:44+00:00,2026-10-06T20:51:44+00:00,bcycle_lametro_4690,8,6,,1,1,1
2026-10-06T20:52:04.348846+00:00,2026-10-06T20:51:44+00:00,2026-10-06T20:51:44+00:00,bcycle_lametro_4696,10,4,,1,1,1
2026-10-06T20:52:04.348846+00:00,2026-10-06T20:51:44+00:00,2026-10-06T20:51:44+00:00,bcycle_lametro_4697,7,8,,1,1,1
2026-10-06T20:52:04.348846+00:00,2026-10-06T20:51:44+00:00,2026-10-06T20:51:44+00:00,bcycle_lametro_4698,6,8,,1,1,1
2026-10-06T20:52:04.348846+00:00,2026-10-06T20:51:44+00:00,2026-10-06T20:51:44+00:00,bcycle_lametro_4699,6,9,,1,1,1
2026-10-06T20:52:04.348846+00:00,2026-10-06T20:51:44+00:00,2026-10-06T20:51:44+00:00,bcycle_lametro_4700,15,2,,1,1,1
2026-10-06T20:52:04.348846+00:00,2026-10-06T20:51:44+00:00,2026-10-06T20:51:44+00:00,bcycle_lametro_4707,8,5,,1,1,1
2026-10-06T20:52:04.348846+00:00,2026-10-06T20:51:44+00:00,2026-10-06T20:51:44+00:00,bcycle_lametro_4729,5,8,,1,1,1
2026-10-06T20:52:04.348846+00:00,2026-10-06T20:51:44+00:00,2026-10-06T20:51:44+00:00,bcycle_lametro_4730,6,7,,1,1,1
2026-10-06T20:52:04.348846+00:00,2026-10-06T20:51:44+00:00,2026-10-06T20:51:44+00:00,bcycle_lametro_4732,8,12,,1,1,1
2026-10-06T20:52:04.348846+00:00,2026-10-06T20:51:44+00:00,2026-10-06T20:51:44+00:00,bcycle_lametro_4733,4,19,,1,1,1
2026-10-06T20:52:04.348846+00:00,2026-10-06T20:51:44+00:00,2026-10-06T20:51:44+00:00,bcycle_lametro_4734,8,7,,1,1,1
2026-10-06T20:52:04.348846+00:00,2026-10-06T20:51:44+00:00,2026-10-06T20:51:44+00:00,bcycle_lametro_4735,10,2,,1,1,1
2026-10-06T20:52:04.348846+00:00,2026-10-06T20:51:44+00:00,2026-10-06T20:51:44+00:00,bcycle_lametro_4736,5,10,,1,1,1
2026-10-06T20:52:04.348846+00:00,2026-10-06T20:51:44+00:00,2026-10-06T20:51:44+00:00,bcycle_lametro_4740,18,4,,1,1,1
2026-10-06T20:52:04.348846+00:00,2026-10-06T20:51:44+00:00,2026-10-06T20:51:44+00:00,bcycle_lametro_4745,5,5,,1,1,1
