fetched_at,last_updated,last_reported,station_id,bikes_available,docks_available,ebikes_available,is_renting,is_returning,is_installed
2026-09-18T01:09:13.361082+00:00,2026-09-18T01:09:04+00:00,2026-09-18T01:09:04+00:00,bcycle_lametro_3005,22,8,,1,1,1
2026-09-18T01:09:13.361082+00:00,2026-09-18T01:09:04+00:00,2026-09-18T01:09:04+00:00,bcycle_lametro_3006,14,15,,1,1,1
2026-09-18T01:09:13.361082+00:00,2026-09-18T01:09:04+00:00,2026-09-18T01:09:04+00:00,bcycle_lametro_3007,10,12,,1,1,1
2026-09-18T01:09:13.361082+00:00,2026-09-18T01:09:04+00:00,2026-09-18T01:09:04+00:00,bcycle_lametro_3008,6,6,,1,1,1
2026-09-18T01:09:13.361082+00:00,2026-09-18T01:09:04+00:00,2026-09-18T01:09:04+00:00,bcycle_lametro_3010,6,8,,1,1,1
2026-09-18T01:09:13.361082+00:00,2026-09-18T01:09:04+00:00,2026-09-18T01:09:04+00:00,bcycle_lametro_3011,0,16,,1,1,1
2026-09-18T01:09:13.361082+00:00,2026-09-18T01:09:04+00:00,2026-09-18T01:09:04+00:00,bcycle_lametro_3014,26,1,,1,1,1
2026-09-18T01:09:13.361082+00:00,2026-09-18T01:09:04+00:00,2026-09-18T01:09:04+00:00,bcycle_lametro_3016,9,6,,1,1,1
2026-09-18T01:09:13.361082+00:00,2026-09-18T01:09:04+00:00,2026-09-18T01:09:04+00:00,bcycle_lametro_3018,5,13,,1,1,1
2026-09-18T01:09:13.361082+00:00,2026-09-18T01:09:04+00:00,2026-09-18T01:09:04+00:00,bcycle_lametro_3019,13,6,,1,1,1
2026-09-18T01:09:13.361082+00:00,2026-09-18T01:09:04+00:00,2026-09-18T01:09:04+00:00,bcycle_lametro_3020,6,9,,1,1,1
2026-09-18T01:09:13.361082+00:00,2026-09-18T01:09:04+00:00,2026-09-18T01:09:04+00:00,bcycle_lametro_3022,12,8,,1,1,1
2026-09-18T01:09:13.361082+00:00,2026-09-18T01:09:04+00:00,2026-09-18T01:09:04+00:00,bcycle_lametro_3024,9,6,,1,1,1
2026-09-18T01:09:13.361082+00:00,2026-09-18T01:09:04+00:00,2026-09-18T01:09:04+00:00,bcycle_lametro_3025,9,5,,1,1,1
2026-09-18T01:09:13.361082+00:00,2026-09-18T01:09:04+00:00,2026-09-18T01:09:04+00:00,bcycle_lametro_3026,4,11,,1,1,1
2026-09-18T01:09:13.361082+00:00,2026-09-18T01:09:04+00:00,2026-09-18T01:09:04+00:00,bcycle_lametro_3027,7,8,,1,1,1
2026-09-18T01:09:13.361082+00:00,2026-09-18T01:09:04+00:00,2026-09-18T01:09:04+00:00,bcycle_lametro_3030,4,25,,1,1,1
2026-09-18T01:09:13.361082+00:00,2026-09-18T01:09:04+00:00,2026-09-18T01:09:04+00:00,bcycle_lametro_3032,12,15,,1,1,1
2026-09-18T01:09:13.361082+00:00,2026-09-18T01:09:04+00:00,2026-09-18T01:09:04+00:00,bcycle_lametro_3033,6,6,,1,1,1
2026-09-18T01:09:13.361082+00:00,2026-09-18T01:09:04+00:00,2026-09-18T01:09:04+00:00,bcycle_lametro_3034,15,7,,1,1,1
2026-09-18T01:09:13.361082+00:00,2026-09-18T01:09:04+00:00,2026-09-18T01:09:04+00:00,bcycle_lametro_3035,8,14,,1,1,1
2026-09-18T01:09:13.361082+00:00,2026-09-18T01:09:04+00:00,2026-09-18T01:09:04+00:00,bcycle_lametro_3036,8,7,,1,1,1
2026-09-18T01:09:13.361082+00:00,2026-09-18T01:09:04+00:00,2026-09-18T01:09:04+00:00,bcycle_lametro_3037,10,7,,1,1,1
2026-09-18T01:09:13.361082+00:00,2026-09-18T01:09:04+00:00,2026-09-18T01:09:04+00:00,bcycle_lametro_3040,1,2,,1,1,1
2026-09-18T01:09:13.361082+00:00,2026-09-18T01:09:04+00:00,2026-09-18T01:09:04+00:00,bcycle_lametro_3042,9,19,,1,1,1
2026-09-18T01:09:13.361082+00:00,2026-09-18T01:09:04+00:00,2026-09-18T01:09:04+00:00,bcycle_lametro_3045,6,3,,1,1,1
2026-09-18T01:09:13.361082+00:00,2026-09-18T01:09:04+00:00,2026-09-18T01:09:04+00:00,bcycle_lametro_3046,7,10,,1,1,1
2026-09-18T01:09:13.361082+00:00,2026-09-18T01:09:04+00:00,2026-09-18T01:09:04+00:00,bcycle_lametro_3047,11,14,,1,1,1
2026-09-18T01:09:13.361082+00:00,2026-09-18T01:09:04+00:00,2026-09-18T01:09:04+00:00,bcycle_lametro_3048,5,11,,1,1,1
2026-09-18T01:09:13.361082+00:00,2026-09-18T01:09:04+00:00,2026-09-18T01:09:04+00:00,bcycle_lametro_3052,5,14,,1,1,1
2026-09-18T01:09:13.361082+00:00,2026-09-18T01:09:04+00:00,2026-09-18T01:09:04+00:00,bcycle_lametro_3054,8,7,,1,1,1
2026-09-18T01:09:13.361082+00:00,2026-09-18T01:09:04+00:00,2026-09-18T01:09:04+00:00,bcycle_lametro_3056,3,12,,1,1,1
2026-09-18T01:09:13.361082+00:00,2026-09-18T01:09:04+00:00,2026-09-18T01:09:04+00:00,bcycle_lametro_3058,7,8,,1,1,1
2026-09-18T01:09:13.361082+00:00,2026-09-18T01:09:04+00:00,2026-09-18T01:09:04+00:00,bcycle_lametro_3062,8,7,,1,1,1
2026-09-18T01:09:13.361082+00:00,2026-09-18T01:09:04+00:00,2026-09-18T01:09:04+00:00,bcycle_lametro_3063,10,12,,1,1,1
2026-09-18T01:09:13.361082+00:00,2026-09-18T01:09:04+00:00,2026-09-18T01:09:04+00:00,bcycle_lametro_3064,8,9,,1,1,1
2026-09-18T01:09:13.361082+00:00,2026-09-18T01:09:04+00:00,2026-09-18T01:09:04+00:00,bcycle_lametro_3065,6,9,,1,1,1
2026-09-18T01:09:13.361082+00:00,2026-09-18T01:09:04+00:00,2026-09-18T01:09:04+00:00,bcycle_lametro_3066,11,4,,1,1,1
2026-09-18T01:09:13.361082+00:00,2026-09-18T01:09:04+00:00,2026-09-18T01:09:04+00:00,bcycle_lametro_3068,8,6,,1,1,1
2026-09-18T01:09:13.361082+00:00,2026-09-18T01:09:04+00:00,2026-09-18T01:09:04+00:00,bcycle_lametro_3069,9,8,,1,1,1
2026-09-18T01:09:13.361082+00:00,2026-09-18T01:09:04+00:00,2026-09-18T01:09:04+00:00,bcycle_lametro_3074,8,14,,1,1,1
2026-09-18T01:09:13.361082+00:00,2026-09-18T01:09:04+00:00,2026-09-18T01:09:04+00:00,bcycle_lametro_3075,3,10,,1,1,1
2026-09-18T01:09:13.361082+00:00,2026-09-18T01:09:04+00:00,2026-09-18T01:09:04+00:00,bcycle_lametro_3076,6,5,,1,1,1
2026-09-18T01:09:13.361082+00:00,2026-09-18T01:09:04+00:00,2026-09-18T01:09:04+00:00,bcycle_lametro_3077,11,2,,1,1,1
2026-09-18T01:09:13.361082+00:00,2026-09-18T01:09:04+00:00,2026-09-18T01:09:04+00:00,bcycle_lametro_3078,11,4,,1,1,1
2026-09-18T01:09:13.361082+00:00,2026-09-18T01:09:04+00:00,2026-09-18T01:09:04+00:00,bcycle_lametro_3079,8,5,,1,1,1
2026-09-18T01:09:13.361082+00:00,2026-09-18T01:09:04+00:00,2026-09-18T01:09:04+00:00,bcycle_lametro_3081,6,6,,1,1,1
2026-09-18T01:09:13.361082+00:00,2026-09-18T01:09:04+00:00,2026-09-18T01:09:04+00:00,bcycle_lametro_3082,15,7,,1,1,1
2026-09-18T01:09:13.361082+00:00,2026-09-18T01:09:04+00:00,2026-09-18T01:09:04+00:00,bcycle_lametro_4202,9,11,,1,1,1
2026-09-18T01:09:13.361082+00:00,2026-09-18T01:09:04+00:00,2026-09-18T01:09:04+00:00,bcycle_lametro_4204,7,8,,1,1,1
2026-09-18T01:09:13.361082+00:00,2026-09-18T01:09:04+00:00,2026-09-18T01:09:04+00:00,bcycle_lametro_4205,1,15,,1,1,1
2026-09-18T01:09:13.361082+00:00,2026-09-18T01:09:04+00:00,2026-09-18T01:09:04+00:00,bcycle_lametro_4206,10,13,,1,1,1
2026-09-18T01:09:13.361082+00:00,2026-09-18T01:09:04+00:00,2026-09-18T01:09:04+00:00,bcycle_lametro_4207,3,15,,1,1,1
2026-09-18T01:09:13.361082+00:00,2026-09-18T01:09:04+00:00,2026-09-18T01:09:04+00:00,bcycle_lametro_4208,7,10,,1,1,1
2026-09-18T01:09:13.361082+00:00,2026-09-18T01:09:04+00:00,2026-09-18T01:09:04+00:00,bcycle_lametro_4209,7,16,,1,1,1
2026-09-18T01:09:13.361082+00:00,2026-09-18T01:09:04+00:00,2026-09-18T01:09:04+00:00,bcycle_lametro_4210,3,12,,1,1,1
2026-09-18T01:09:13.361082+00:00,2026-09-18T01:09:04+00:00,2026-09-18T01:09:04+00:00,bcycle_lametro_4211,4,10,,1,1,1
2026-09-18T01:09:13.361082+00:00,2026-09-18T01:09:04+00:00,2026-09-18T01:09:04+00:00,bcycle_lametro_4212,10,11,,1,1,1
2026-09-18T01:09:13.361082+00:00,2026-09-18T01:09:04+00:00,2026-09-18T01:09:04+00:00,bcycle_lametro_4213,3,12,,1,1,1
2026-09-18T01:09:13.361082+00:00,2026-09-18T01:09:04+00:00,2026-09-18T01:09:04+00:00,bcycle_lametro_4214,3,22,,1,1,1
2026-09-18T01:09:13.361082+00:00,2026-09-18T01:09:04+00:00,2026-09-18T01:09:04+00:00,bcycle_lametro_4215,18,22,,1,1,1
2026-09-18T01:09:13.361082+00:00,2026-09-18T01:09:04+00:00,2026-09-18T01:09:04+00:00,bcycle_lametro_4216,8,11,,1,1,1
2026-09-18T01:09:13.361082+00:00,2026-09-18T01:09:04+00:00,2026-09-18T01:09:04+00:00,bcycle_lametro_4217,1,10,,1,1,1
2026-09-18T01:09:13.361082+00:00,2026-09-18T01:09:04+00:00,2026-09-18T01:09:04+00:00,bcycle_lametro_4220,0,15,,1,1,1
2026-09-18T01:09:13.361082+00:00,2026-09-18T01:09:04+00:00,2026-09-18T01:09:04+00:00,bcycle_lametro_4227,8,8,,1,1,1
2026-09-18T01:09:13.361082+00:00,2026-09-18T01:09:04+00:00,2026-09-18T01:09:04+00:00,bcycle_lametro_4245,13,1,,1,1,1
2026-09-18T01:09:13.361082+00:00,2026-09-18T01:09:04+00:00,2026-09-18T01:09:04+00:00,bcycle_lametro_4246,3,11,,1,1,1
2026-09-18T01:09:13.361082+00:00,2026-09-18T01:09:04+00:00,2026-09-18T01:09:04+00:00,bcycle_lametro_4247,1,7,,1,1,1
2026-09-18T01:09:13.361082+00:00,2026-09-18T01:09:04+00:00,2026-09-18T01:09:04+00:00,bcycle_lametro_4248,5,14,,1,1,1
2026-09-18T01:09:13.361082+00:00,2026-09-18T01:09:04+00:00,2026-09-18T01:09:04+00:00,bcycle_lametro_4249,10,5,,1,1,1
2026-09-18T01:09:13.361082+00:00,2026-09-18T01:09:04+00:00,2026-09-18T01:09:04+00:00,bcycle_lametro_4250,4,11,,1,1,1
2026-09-18T01:09:13.361082+00:00,2026-09-18T01:09:04+00:00,2026-09-18T01:09:04+00:00,bcycle_lametro_4254,8,7,,1,1,1
2026-09-18T01:09:13.361082+00:00,2026-09-18T01:09:04+00:00,2026-09-18T01:09:04+00:00,bcycle_lametro_4255,3,7,,1,1,1
2026-09-18T01:09:13.361082+00:00,2026-09-18T01:09:04+00:00,2026-09-18T01:09:04+00:00,bcycle_lametro_4266,8,7,,1,1,1
2026-09-18T01:09:13.361082+00:00,2026-09-18T01:09:04+00:00,2026-09-18T01:09:04+00:00,bcycle_lametro_4267,6,3,,1,1,1
2026-09-18T01:09:13.361082+00:00,2026-09-18T01:09:04+00:00,2026-09-18T01:09:04+00:00,bcycle_lametro_4273,8,7,,1,1,1
2026-09-18T01:09:13.361082+00:00,2026-09-18T01:09:04+00:00,2026-09-18T01:09:04+00:00,bcycle_lametro_4275,7,8,,1,1,1
2026-09-18T01:09:13.361082+00:00,2026-09-18T01:09:04+00:00,2026-09-18T01:09:04+00:00,bcycle_lametro_4293,5,5,,1,1,1
2026-09-18T01:09:13.361082+00:00,2026-09-18T01:09:04+00:00,2026-09-18T01:09:04+00:00,bcycle_lametro_4300,6,7,,1,1,1
2026-09-18T01:09:13.361082+00:00,2026-09-18T01:09:04+00:00,2026-09-18T01:09:04+00:00,bcycle_lametro_4301,7,3,,1,1,1
2026-09-18T01:09:13.361082+00:00,2026-09-18T01:09:04+00:00,2026-09-18T01:09:04+00:00,bcycle_lametro_4303,3,7,,1,1,1
2026-09-18T01:09:13.361082+00:00,2026-09-18T01:09:04+00:00,2026-09-18T01:09:04+00:00,bcycle_lametro_4304,9,2,,1,1,1
2026-09-18T01:09:13.361082+00:00,2026-09-18T01:09:04+00:00,2026-09-18T01:09:04+00:00,bcycle_lametro_4306,8,5,,1,1,1
2026-09-18T01:09:13.361082+00:00,2026-09-18T01:09:04+00:00,2026-09-18T01:09:04+00:00,bcycle_lametro_4311,10,3,,1,1,1
2026-09-18T01:09:13.361082+00:00,2026-09-18T01:09:04+00:00,2026-09-18T01:09:04+00:00,bcycle_lametro_4312,6,7,,1,1,1
2026-09-18T01:09:13.361082+00:00,2026-09-18T01:09:04+00:00,2026-09-18T01:09:04+00:00,bcycle_lametro_4313,10,2,,1,1,1
2026-09-18T01:09:13.361082+00:00,2026-09-18T01:09:04+00:00,2026-09-18T01:09:04+00:00,bcycle_lametro_4314,4,11,,1,1,1
2026-09-18T01:09:13.361082+00:00,2026-09-18T01:09:04+00:00,2026-09-18T01:09:04+00:00,bcycle_lametro_4315,4,4,,1,1,1
2026-09-18T01:09:13.361082+00:00,2026-09-18T01:09:04+00:00,2026-09-18T01:09:04+00:00,bcycle_lametro_4387,11,5,,1,1,1
2026-09-18T01:09:13.361082+00:00,2026-09-18T01:09:04+00:00,2026-09-18T01:09:04+00:00,bcycle_lametro_4390,8,4,,1,1,1
2026-09-18T01:09:13.361082+00:00,2026-09-18T01:09:04+00:00,2026-09-18T01:09:04+00:00,bcycle_lametro_4401,3,7,,1,1,1
2026-09-18T01:09:13.361082+00:00,2026-09-18T01:09:04+00:00,2026-09-18T01:09:04+00:00,bcycle_lametro_4404,7,8,,1,1,1
2026-09-18T01:09:13.361082+00:00,2026-09-18T01:09:04+00:00,2026-09-18T01:09:04+00:00,bcycle_lametro_4405,7,6,,1,1,1
2026-09-18T01:09:13.361082+00:00,2026-09-18T01:09:04+00:00,2026-09-18T01:09:04+00:00,bcycle_lametro_4406,2,12,,1,1,1
2026-09-18T01:09:13.361082+00:00,2026-09-18T01:09:04+00:00,2026-09-18T01:09:04+00:00,bcycle_lametro_4410,6,6,,1,1,1
2026-09-18T01:09:13.361082+00:00,2026-09-18T01:09:04+00:00,2026-09-18T01:09:04+00:00,bcycle_lametro_4436,2,7,,1,1,1
2026-09-18T01:09:13.361082+00:00,2026-09-18T01:09:04+00:00,2026-09-18T01:09:04+00:00,bcycle_lametro_4437,3,10,,1,1,1
2026-09-18T01:09:13.361082+00:00,2026-09-18T01:09:04+00:00,2026-09-18T01:09:04+00:00,bcycle_lametro_4440,4,10,,1,1,1
2026-09-18T01:09:13.361082+00:00,2026-09-18T01:09:04+00:00,2026-09-18T01:09:04+00:00,bcycle_lametro_4441,4,3,,1,1,1
2026-09-18T01:09:13.361082+00:00,2026-09-18T01:09:04+00:00,2026-09-18T01:09:04+00:00,bcycle_lametro_4442,8,3,,1,1,1
2026-09-18T01:09:13.361082+00:00,2026-09-18T01:09:04+00:00,2026-09-18T01:09:04+00:00,bcycle_lametro_4443,4,4,,1,1,1
2026-09-18T01:09:13.361082+00:00,2026-09-18T01:09:04+00:00,2026-09-18T01:09:04+00:00,bcycle_lametro_4444,1,8,,1,1,1
2026-09-18T01:09:13.361082+00:00,2026-09-18T01:09:04+00:00,2026-09-18T01:09:04+00:00,bcycle_lametro_4445,6,9,,1,1,1
2026-09-18T01:09:13.361082+00:00,2026-09-18T01:09:04+00:00,2026-09-18T01:09:04+00:00,bcycle_lametro_4446,4,4,,1,1,1
2026-09-18T01:09:13.361082+00:00,2026-09-18T01:09:04+00:00,2026-09-18T01:09:04+00:00,bcycle_lametro_4447,9,3,,1,1,1
2026-09-18T01:09:13.361082+00:00,2026-09-18T01:09:04+00:00,2026-09-18T01:09:04+00:00,bcycle_lametro_4448,10,8,,1,1,1
2026-09-18T01:09:13.361082+00:00,2026-09-18T01:09:04+00:00,2026-09-18T01:09:04+00:00,bcycle_lametro_4449,5,8,,1,1,1
2026-09-18T01:09:13.361082+00:00,2026-09-18T01:09:04+00:00,2026-09-18T01:09:04+00:00,bcycle_lametro_4450,5,9,,1,1,1
2026-09-18T01:09:13.361082+00:00,2026-09-18T01:09:04+00:00,2026-09-18T01:09:04+00:00,bcycle_lametro_4451,3,6,,1,1,1
2026-09-18T01:09:13.361082+00:00,2026-09-18T01:09:04+00:00,2026-09-18T01:09:04+00:00,bcycle_lametro_4452,2,8,,1,1,1
2026-09-18T01:09:13.361082+00:00,2026-09-18T01:09:04+00:00,2026-09-18T01:09:04+00:00,bcycle_lametro_4453,3,7,,1,1,1
2026-09-18T01:09:13.361082+00:00,2026-09-18T01:09:04+00:00,2026-09-18T01:09:04+00:00,bcycle_lametro_4454,7,7,,1,1,1
2026-09-18T01:09:13.361082+00:00,2026-09-18T01:09:04+00:00,2026-09-18T01:09:04+00:00,bcycle_lametro_4455,3,12,,1,1,1
2026-09-18T01:09:13.361082+00:00,2026-09-18T01:09:04+00:00,2026-09-18T01:09:04+00:00,bcycle_lametro_4456,2,13,,1,1,1
2026-09-18T01:09:13.361082+00:00,2026-09-18T01:09:04+00:00,2026-09-18T01:09:04+00:00,bcycle_lametro_4457,5,3,,1,1,1
2026-09-18T01:09:13.361082+00:00,2026-09-18T01:09:04+00:00,2026-09-18T01:09:04+00:00,bcycle_lametro_4472,6,10,,1,1,1
2026-09-18T01:09:13.361082+00:00,2026-09-18T01:09:04+00:00,2026-09-18T01:09:04+00:00,bcycle_lametro_4473,4,4,,1,1,1
2026-09-18T01:09:13.361082+00:00,2026-09-18T01:09:04+00:00,2026-09-18T01:09:04+00:00,bcycle_lametro_4474,4,6,,1,1,1
2026-09-18T01:09:13.361082+00:00,2026-09-18T01:09:04+00:00,2026-09-18T01:09:04+00:00,bcycle_lametro_4475,8,3,,1,1,1
2026-09-18T01:09:13.361082+00:00,2026-09-18T01:09:04+00:00,2026-09-18T01:09:04+00:00,bcycle_lametro_4476,2,12,,1,1,1
2026-09-18T01:09:13.361082+00:00,2026-09-18T01:09:04+00:00,2026-09-18T01:09:04+00:00,bcycle_lametro_4477,3,10,,1,1,1
2026-09-18T01:09:13.361082+00:00,2026-09-18T01:09:04+00:00,2026-09-18T01:09:04+00:00,bcycle_lametro_4479,2,10,,1,1,1
2026-09-18T01:09:13.361082+00:00,2026-09-18T01:09:04+00:00,2026-09-18T01:09:04+00:00,bcycle_lametro_4483,5,7,,1,1,1
2026-09-18T01:09:13.361082+00:00,2026-09-18T01:09:04+00:00,2026-09-18T01:09:04+00:00,bcycle_lametro_4487,14,2,,1,1,1
2026-09-18T01:09:13.361082+00:00,2026-09-18T01:09:04+00:00,2026-09-18T01:09:04+00:00,bcycle_lametro_4490,6,9,,1,1,1
2026-09-18T01:09:13.361082+00:00,2026-09-18T01:09:04+00:00,2026-09-18T01:09:04+00:00,bcycle_lametro_4491,4,9,,1,1,1
2026-09-18T01:09:13.361082+00:00,2026-09-18T01:09:04+00:00,2026-09-18T01:09:04+00:00,bcycle_lametro_4492,17,2,,1,1,1
2026-09-18T01:09:13.361082+00:00,2026-09-18T01:09:04+00:00,2026-09-18T01:09:04+00:00,bcycle_lametro_4493,7,9,,1,1,1
2026-09-18T01:09:13.361082+00:00,2026-09-18T01:09:04+00:00,2026-09-18T01:09:04+00:00,bcycle_lametro_4494,1,8,,1,1,1
2026-09-18T01:09:13.361082+00:00,2026-09-18T01:09:04+00:00,2026-09-18T01:09:04+00:00,bcycle_lametro_4509,7,3,,1,1,1
2026-09-18T01:09:13.361082+00:00,2026-09-18T01:09:04+00:00,2026-09-18T01:09:04+00:00,bcycle_lametro_4510,1,9,,1,1,1
2026-09-18T01:09:13.361082+00:00,2026-09-18T01:09:04+00:00,2026-09-18T01:09:04+00:00,bcycle_lametro_4511,3,16,,1,1,1
2026-09-18T01:09:13.361082+00:00,2026-09-18T01:09:04+00:00,2026-09-18T01:09:04+00:00,bcycle_lametro_4512,9,7,,1,1,1
2026-09-18T01:09:13.361082+00:00,2026-09-18T01:09:04+00:00,2026-09-18T01:09:04+00:00,bcycle_lametro_4514,11,10,,1,1,1
2026-09-18T01:09:13.361082+00:00,2026-09-18T01:09:04+00:00,2026-09-18T01:09:04+00:00,bcycle_lametro_4515,4,5,,1,1,1
2026-09-18T01:09:13.361082+00:00,2026-09-18T01:09:04+00:00,2026-09-18T01:09:04+00:00,bcycle_lametro_4517,2,9,,1,1,1
2026-09-18T01:09:13.361082+00:00,2026-09-18T01:09:04+00:00,2026-09-18T01:09:04+00:00,bcycle_lametro_4521,6,6,,1,1,1
2026-09-18T01:09:13.361082+00:00,2026-09-18T01:09:04+00:00,2026-09-18T01:09:04+00:00,bcycle_lametro_4523,5,10,,1,1,1
2026-09-18T01:09:13.361082+00:00,2026-09-18T01:09:04+00:00,2026-09-18T01:09:04+00:00,bcycle_lametro_4524,2,12,,1,1,1
2026-09-18T01:09:13.361082+00:00,2026-09-18T01:09:04+00:00,2026-09-18T01:09:04+00:00,bcycle_lametro_4525,6,4,,1,1,1
2026-09-18T01:09:13.361082+00:00,2026-09-18T01:09:04+00:00,2026-09-18T01:09:04+00:00,bcycle_lametro_4526,3,18,,1,1,1
2026-09-18T01:09:13.361082+00:00,2026-09-18T01:09:04+00:00,2026-09-18T01:09:04+00:00,bcycle_lametro_4527,4,10,,1,1,1
2026-09-18T01:09:13.361082+00:00,2026-09-18T01:09:04+00:00,2026-09-18T01:09:04+00:00,bcycle_lametro_4528,12,2,,1,1,1
2026-09-18T01:09:13.361082+00:00,2026-09-18T01:09:04+00:00,2026-09-18T01:09:04+00:00,bcycle_lametro_4529,7,6,,1,1,1
2026-09-18T01:09:13.361082+00:00,2026-09-18T01:09:04+00:00,2026-09-18T01:09:04+00:00,bcycle_lametro_4534,5,10,,1,1,1
2026-09-18T01:09:13.361082+00:00,2026-09-18T01:09:04+00:00,2026-09-18T01:09:04+00:00,bcycle_lametro_4536,6,4,,1,1,1
2026-09-18T01:09:13.361082+00:00,2026-09-18T01:09:04+00:00,2026-09-18T01:09:04+00:00,bcycle_lametro_4537,8,8,,1,1,1
2026-09-18T01:09:13.361082+00:00,2026-09-18T01:09:04+00:00,2026-09-18T01:09:04+00:00,bcycle_lametro_4538,5,2,,1,1,1
2026-09-18T01:09:13.361082+00:00,2026-09-18T01:09:04+00:00,2026-09-18T01:09:04+00:00,bcycle_lametro_4540,7,7,,1,1,1
2026-09-18T01:09:13.361082+00:00,2026-09-18T01:09:04+00:00,2026-09-18T01:09:04+00:00,bcycle_lametro_4543,4,4,,1,1,1
2026-09-18T01:09:13.361082+00:00,2026-09-18T01:09:04+00:00,2026-09-18T01:09:04+00:00,bcycle_lametro_4544,5,9,,1,1,1
2026-09-18T01:09:13.361082+00:00,2026-09-18T01:09:04+00:00,2026-09-18T01:09:04+00:00,bcycle_lametro_4545,1,7,,1,1,1
2026-09-18T01:09:13.361082+00:00,2026-09-18T01:09:04+00:00,2026-09-18T01:09:04+00:00,bcycle_lametro_4546,9,10,,1,1,1
2026-09-18T01:09:13.361082+00:00,2026-09-18T01:09:04+00:00,2026-09-18T01:09:04+00:00,bcycle_lametro_4547,0,10,,1,1,1
2026-09-18T01:09:13.361082+00:00,2026-09-18T01:09:04+00:00,2026-09-18T01:09:04+00:00,bcycle_lametro_4548,7,4,,1,1,1
2026-09-18T01:09:13.361082+00:00,2026-09-18T01:09:04+00:00,2026-09-18T01:09:04+00:00,bcycle_lametro_4549,8,8,,1,1,1
2026-09-18T01:09:13.361082+00:00,2026-09-18T01:09:04+00:00,2026-09-18T01:09:04+00:00,bcycle_lametro_4552,8,4,,1,1,1
2026-09-18T01:09:13.361082+00:00,2026-09-18T01:09:04+00:00,2026-09-18T01:09:04+00:00,bcycle_lametro_4553,1,8,,1,1,1
2026-09-18T01:09:13.361082+00:00,2026-09-18T01:09:04+00:00,2026-09-18T01:09:04+00:00,bcycle_lametro_4554,6,5,,1,1,1
2026-09-18T01:09:13.361082+00:00,2026-09-18T01:09:04+00:00,2026-09-18T01:09:04+00:00,bcycle_lametro_4555,6,2,,1,1,1
2026-09-18T01:09:13.361082+00:00,2026-09-18T01:09:04+00:00,2026-09-18T01:09:04+00:00,bcycle_lametro_4556,1,12,,1,1,1
2026-09-18T01:09:13.361082+00:00,2026-09-18T01:09:04+00:00,2026-09-18T01:09:04+00:00,bcycle_lametro_4557,8,3,,1,1,1
2026-09-18T01:09:13.361082+00:00,2026-09-18T01:09:04+00:00,2026-09-18T01:09:04+00:00,bcycle_lametro_4558,1,16,,1,1,1
2026-09-18T01:09:13.361082+00:00,2026-09-18T01:09:04+00:00,2026-09-18T01:09:04+00:00,bcycle_lametro_4561,3,6,,1,1,1
2026-09-18T01:09:13.361082+00:00,2026-09-18T01:09:04+00:00,2026-09-18T01:09:04+00:00,bcycle_lametro_4562,7,7,,1,1,1
2026-09-18T01:09:13.361082+00:00,2026-09-18T01:09:04+00:00,2026-09-18T01:09:04+00:00,bcycle_lametro_4563,4,5,,1,1,1
2026-09-18T01:09:13.361082+00:00,2026-09-18T01:09:04+00:00,2026-09-18T01:09:04+00:00,bcycle_lametro_4564,9,6,,1,1,1
2026-09-18T01:09:13.361082+00:00,2026-09-18T01:09:04+00:00,2026-09-18T01:09:04+00:00,bcycle_lametro_4565,2,10,,1,1,1
2026-09-18T01:09:13.361082+00:00,2026-09-18T01:09:04+00:00,2026-09-18T01:09:04+00:00,bcycle_lametro_4566,9,6,,1,1,1
2026-09-18T01:09:13.361082+00:00,2026-09-18T01:09:04+00:00,2026-09-18T01:09:04+00:00,bcycle_lametro_4567,8,3,,1,1,1
2026-09-18T01:09:13.361082+00:00,2026-09-18T01:09:04+00:00,2026-09-18T01:09:04+00:00,bcycle_lametro_4568,0,14,,1,1,1
2026-09-18T01:09:13.361082+00:00,2026-09-18T01:09:04+00:00,2026-09-18T01:09:04+00:00,bcycle_lametro_4569,1,8,,1,1,1
2026-09-18T01:09:13.361082+00:00,2026-09-18T01:09:04+00:00,2026-09-18T01:09:04+00:00,bcycle_lametro_4570,8,7,,1,1,1
2026-09-18T01:09:13.361082+00:00,2026-09-18T01:09:04+00:00,2026-09-18T01:09:04+00:00,bcycle_lametro_4571,4,3,,1,1,1
2026-09-18T01:09:13.361082+00:00,2026-09-18T01:09:04+00:00,2026-09-18T01:09:04+00:00,bcycle_lametro_4575,6,5,,1,1,1
2026-09-18T01:09:13.361082+00:00,2026-09-18T01:09:04+00:00,2026-09-18T01:09:04+00:00,bcycle_lametro_4576,8,3,,1,1,1
2026-09-18T01:09:13.361082+00:00,2026-09-18T01:09:04+00:00,2026-09-18T01:09:04+00:00,bcycle_lametro_4578,1,6,,1,1,1
2026-09-18T01:09:13.361082+00:00,2026-09-18T01:09:04+00:00,2026-09-18T01:09:04+00:00,bcycle_lametro_4579,5,7,,1,1,1
2026-09-18T01:09:13.361082+00:00,2026-09-18T01:09:04+00:00,2026-09-18T01:09:04+00:00,bcycle_lametro_4580,5,3,,1,1,1
2026-09-18T01:09:13.361082+00:00,2026-09-18T01:09:04+00:00,2026-09-18T01:09:04+00:00,bcycle_lametro_4581,7,9,,1,1,1
2026-09-18T01:09:13.361082+00:00,2026-09-18T01:09:04+00:00,2026-09-18T01:09:04+00:00,bcycle_lametro_4583,8,10,,1,1,1
2026-09-18T01:09:13.361082+00:00,2026-09-18T01:09:04+00:00,2026-09-18T01:09:04+00:00,bcycle_lametro_4584,13,1,,1,1,1
2026-09-18T01:09:13.361082+00:00,2026-09-18T01:09:04+00:00,2026-09-18T01:09:04+00:00,bcycle_lametro_4587,6,5,,1,1,1
2026-09-18T01:09:13.361082+00:00,2026-09-18T01:09:04+00:00,2026-09-18T01:09:04+00:00,bcycle_lametro_4595,2,15,,1,1,1
2026-09-18T01:09:13.361082+00:00,2026-09-18T01:09:04+00:00,2026-09-18T01:09:04+00:00,bcycle_lametro_4596,4,11,,1,1,1
2026-09-18T01:09:13.361082+00:00,2026-09-18T01:09:04+00:00,2026-09-18T01:09:04+00:00,bcycle_lametro_4597,2,9,,1,1,1
2026-09-18T01:09:13.361082+00:00,2026-09-18T01:09:04+00:00,2026-09-18T01:09:04+00:00,bcycle_lametro_4598,2,7,,1,1,1
2026-09-18T01:09:13.361082+00:00,2026-09-18T01:09:04+00:00,2026-09-18T01:09:04+00:00,bcycle_lametro_4599,4,7,,1,1,1
2026-09-18T01:09:13.361082+00:00,2026-09-18T01:09:04+00:00,2026-09-18T01:09:04+00:00,bcycle_lametro_4600,5,5,,1,1,1
2026-09-18T01:09:13.361082+00:00,2026-09-18T01:09:04+00:00,2026-09-18T01:09:04+00:00,bcycle_lametro_4601,6,5,,1,1,1
2026-09-18T01:09:13.361082+00:00,2026-09-18T01:09:04+00:00,2026-09-18T01:09:04+00:00,bcycle_lametro_4603,8,10,,1,1,1
2026-09-18T01:09:13.361082+00:00,2026-09-18T01:09:04+00:00,2026-09-18T01:09:04+00:00,bcycle_lametro_4604,10,2,,1,1,1
2026-09-18T01:09:13.361082+00:00,2026-09-18T01:09:04+00:00,2026-09-18T01:09:04+00:00,bcycle_lametro_4605,5,8,,1,1,1
2026-09-18T01:09:13.361082+00:00,2026-09-18T01:09:04+00:00,2026-09-18T01:09:04+00:00,bcycle_lametro_4606,7,13,,1,1,1
2026-09-18T01:09:13.361082+00:00,2026-09-18T01:09:04+00:00,2026-09-18T01:09:04+00:00,bcycle_lametro_4613,2,15,,1,1,1
2026-09-18T01:09:13.361082+00:00,2026-09-18T01:09:04+00:00,2026-09-18T01:09:04+00:00,bcycle_lametro_4614,3,17,,1,1,1
2026-09-18T01:09:13.361082+00:00,2026-09-18T01:09:04+00:00,2026-09-18T01:09:04+00:00,bcycle_lametro_4627,4,13,,1,1,1
2026-09-18T01:09:13.361082+00:00,2026-09-18T01:09:04+00:00,2026-09-18T01:09:04+00:00,bcycle_lametro_4628,10,3,,1,1,1
2026-09-18T01:09:13.361082+00:00,2026-09-18T01:09:04+00:00,2026-09-18T01:09:04+00:00,bcycle_lametro_4632,5,10,,1,1,1
2026-09-18T01:09:13.361082+00:00,2026-09-18T01:09:04+00:00,2026-09-18T01:09:04+00:00,bcycle_lametro_4643,4,16,,1,1,1
2026-09-18T01:09:13.361082+00:00,2026-09-18T01:09:04+00:00,2026-09-18T01:09:04+00:00,bcycle_lametro_4644,6,6,,1,1,1
2026-09-18T01:09:13.361082+00:00,2026-09-18T01:09:04+00:00,2026-09-18T01:09:04+00:00,bcycle_lametro_4645,7,5,,1,1,1
2026-09-18T01:09:13.361082+00:00,2026-09-18T01:09:04+00:00,2026-09-18T01:09:04+00:00,bcycle_lametro_4652,5,6,,1,1,1
2026-09-18T01:09:13.361082+00:00,2026-09-18T01:09:04+00:00,2026-09-18T01:09:04+00:00,bcycle_lametro_4660,3,14,,1,1,1
2026-09-18T01:09:13.361082+00:00,2026-09-18T01:09:04+00:00,2026-09-18T01:09:04+00:00,bcycle_lametro_4664,15,5,,1,1,1
2026-09-18T01:09:13.361082+00:00,2026-09-18T01:09:04+00:00,2026-09-18T01:09:04+00:00,bcycle_lametro_4672,7,7,,1,1,1
2026-09-18T01:09:13.361082+00:00,2026-09-18T01:09:04+00:00,2026-09-18T01:09:04+00:00,bcycle_lametro_4680,5,13,,1,1,1
2026-09-18T01:09:13.361082+00:00,2026-09-18T01:09:04+00:00,2026-09-18T01:09:04+00:00,bcycle_lametro_4689,11,4,,1,1,1
2026-09-18T01:09:13.361082+00:00,2026-09-18T01:09:04+00:00,2026-09-18T01:09:04+00:00,bcycle_lametro_4690,11,2,,1,1,1
2026-09-18T01:09:13.361082+00:00,2026-09-18T01:09:04+00:00,2026-09-18T01:09:04+00:00,bcycle_lametro_4696,5,9,,1,1,1
2026-09-18T01:09:13.361082+00:00,2026-09-18T01:09:04+00:00,2026-09-18T01:09:04+00:00,bcycle_lametro_4697,4,11,,1,1,1
2026-09-18T01:09:13.361082+00:00,2026-09-18T01:09:04+00:00,2026-09-18T01:09:04+00:00,bcycle_lametro_4698,3,10,,1,1,1
2026-09-18T01:09:13.361082+00:00,2026-09-18T01:09:04+00:00,2026-09-18T01:09:04+00:00,bcycle_lametro_4699,11,4,,1,1,1
2026-09-18T01:09:13.361082+00:00,2026-09-18T01:09:04+00:00,2026-09-18T01:09:04+00:00,bcycle_lametro_4700,11,6,,1,1,1
2026-09-18T01:09:13.361082+00:00,2026-09-18T01:09:04+00:00,2026-09-18T01:09:04+00:00,bcycle_lametro_4707,8,5,,1,1,1
2026-09-18T01:09:13.361082+00:00,2026-09-18T01:09:04+00:00,2026-09-18T01:09:04+00:00,bcycle_lametro_4729,3,9,,1,1,1
2026-09-18T01:09:13.361082+00:00,2026-09-18T01:09:04+00:00,2026-09-18T01:09:04+00:00,bcycle_lametro_4730,9,4,,1,1,1
2026-09-18T01:09:13.361082+00:00,2026-09-18T01:09:04+00:00,2026-09-18T01:09:04+00:00,bcycle_lametro_4732,13,7,,1,1,1
2026-09-18T01:09:13.361082+00:00,2026-09-18T01:09:04+00:00,2026-09-18T01:09:04+00:00,bcycle_lametro_4733,4,19,,1,1,1
2026-09-18T01:09:13.361082+00:00,2026-09-18T01:09:04+00:00,2026-09-18T01:09:04+00:00,bcycle_lametro_4734,3,11,,1,1,1
2026-09-18T01:09:13.361082+00:00,2026-09-18T01:09:04+00:00,2026-09-18T01:09:04+00:00,bcycle_lametro_4735,4,8,,1,1,1
2026-09-18T01:09:13.361082+00:00,2026-09-18T01:09:04+00:00,2026-09-18T01:09:04+00:00,bcycle_lametro_4736,5,10,,1,1,1
2026-09-18T01:09:13.361082+00:00,2026-09-18T01:09:04+00:00,2026-09-18T01:09:04+00:00,bcycle_lametro_4740,10,11,,1,1,1
2026-09-18T01:09:13.361082+00:00,2026-09-18T01:09:04+00:00,2026-09-18T01:09:04+00:00,bcycle_lametro_4745,5,6,,1,1,1
2026-09-18T05:54:05.688462+00:00,2026-09-18T05:54:07+00:00,2026-09-18T05:54:07+00:00,bcycle_lametro_3005,23,7,,1,1,1
2026-09-18T05:54:05.688462+00:00,2026-09-18T05:54:07+00:00,2026-09-18T05:54:07+00:00,bcycle_lametro_3006,10,19,,1,1,1
2026-09-18T05:54:05.688462+00:00,2026-09-18T05:54:07+00:00,2026-09-18T05:54:07+00:00,bcycle_lametro_3007,10,12,,1,1,1
2026-09-18T05:54:05.688462+00:00,2026-09-18T05:54:07+00:00,2026-09-18T05:54:07+00:00,bcycle_lametro_3008,5,7,,1,1,1
2026-09-18T05:54:05.688462+00:00,2026-09-18T05:54:07+00:00,2026-09-18T05:54:07+00:00,bcycle_lametro_3010,6,8,,1,1,1
2026-09-18T05:54:05.688462+00:00,2026-09-18T05:54:07+00:00,2026-09-18T05:54:07+00:00,bcycle_lametro_3011,0,16,,1,1,1
2026-09-18T05:54:05.688462+00:00,2026-09-18T05:54:07+00:00,2026-09-18T05:54:07+00:00,bcycle_lametro_3014,19,9,,1,1,1
2026-09-18T05:54:05.688462+00:00,2026-09-18T05:54:07+00:00,2026-09-18T05:54:07+00:00,bcycle_lametro_3016,8,7,,1,1,1
2026-09-18T05:54:05.688462+00:00,2026-09-18T05:54:07+00:00,2026-09-18T05:54:07+00:00,bcycle_lametro_3018,6,12,,1,1,1
2026-09-18T05:54:05.688462+00:00,2026-09-18T05:54:07+00:00,2026-09-18T05:54:07+00:00,bcycle_lametro_3019,12,7,,1,1,1
2026-09-18T05:54:05.688462+00:00,2026-09-18T05:54:07+00:00,2026-09-18T05:54:07+00:00,bcycle_lametro_3020,6,9,,1,1,1
2026-09-18T05:54:05.688462+00:00,2026-09-18T05:54:07+00:00,2026-09-18T05:54:07+00:00,bcycle_lametro_3022,13,7,,1,1,1
2026-09-18T05:54:05.688462+00:00,2026-09-18T05:54:07+00:00,2026-09-18T05:54:07+00:00,bcycle_lametro_3024,9,6,,1,1,1
2026-09-18T05:54:05.688462+00:00,2026-09-18T05:54:07+00:00,2026-09-18T05:54:07+00:00,bcycle_lametro_3025,8,6,,1,1,1
2026-09-18T05:54:05.688462+00:00,2026-09-18T05:54:07+00:00,2026-09-18T05:54:07+00:00,bcycle_lametro_3026,4,11,,1,1,1
2026-09-18T05:54:05.688462+00:00,2026-09-18T05:54:07+00:00,2026-09-18T05:54:07+00:00,bcycle_lametro_3027,8,7,,1,1,1
2026-09-18T05:54:05.688462+00:00,2026-09-18T05:54:07+00:00,2026-09-18T05:54:07+00:00,bcycle_lametro_3030,4,25,,1,1,1
2026-09-18T05:54:05.688462+00:00,2026-09-18T05:54:07+00:00,2026-09-18T05:54:07+00:00,bcycle_lametro_3032,11,16,,1,1,1
2026-09-18T05:54:05.688462+00:00,2026-09-18T05:54:07+00:00,2026-09-18T05:54:07+00:00,bcycle_lametro_3033,6,6,,1,1,1
2026-09-18T05:54:05.688462+00:00,2026-09-18T05:54:07+00:00,2026-09-18T05:54:07+00:00,bcycle_lametro_3034,16,6,,1,1,1
2026-09-18T05:54:05.688462+00:00,2026-09-18T05:54:07+00:00,2026-09-18T05:54:07+00:00,bcycle_lametro_3035,9,13,,1,1,1
2026-09-18T05:54:05.688462+00:00,2026-09-18T05:54:07+00:00,2026-09-18T05:54:07+00:00,bcycle_lametro_3036,8,7,,1,1,1
2026-09-18T05:54:05.688462+00:00,2026-09-18T05:54:07+00:00,2026-09-18T05:54:07+00:00,bcycle_lametro_3037,9,8,,1,1,1
2026-09-18T05:54:05.688462+00:00,2026-09-18T05:54:07+00:00,2026-09-18T05:54:07+00:00,bcycle_lametro_3040,2,1,,1,1,1
2026-09-18T05:54:05.688462+00:00,2026-09-18T05:54:07+00:00,2026-09-18T05:54:07+00:00,bcycle_lametro_3042,7,21,,1,1,1
2026-09-18T05:54:05.688462+00:00,2026-09-18T05:54:07+00:00,2026-09-18T05:54:07+00:00,bcycle_lametro_3045,6,3,,1,1,1
2026-09-18T05:54:05.688462+00:00,2026-09-18T05:54:07+00:00,2026-09-18T05:54:07+00:00,bcycle_lametro_3046,6,11,,1,1,1
2026-09-18T05:54:05.688462+00:00,2026-09-18T05:54:07+00:00,2026-09-18T05:54:07+00:00,bcycle_lametro_3047,12,13,,1,1,1
2026-09-18T05:54:05.688462+00:00,2026-09-18T05:54:07+00:00,2026-09-18T05:54:07+00:00,bcycle_lametro_3048,6,10,,1,1,1
2026-09-18T05:54:05.688462+00:00,2026-09-18T05:54:07+00:00,2026-09-18T05:54:07+00:00,bcycle_lametro_3052,5,14,,1,1,1
2026-09-18T05:54:05.688462+00:00,2026-09-18T05:54:07+00:00,2026-09-18T05:54:07+00:00,bcycle_lametro_3054,8,7,,1,1,1
2026-09-18T05:54:05.688462+00:00,2026-09-18T05:54:07+00:00,2026-09-18T05:54:07+00:00,bcycle_lametro_3056,3,12,,1,1,1
2026-09-18T05:54:05.688462+00:00,2026-09-18T05:54:07+00:00,2026-09-18T05:54:07+00:00,bcycle_lametro_3058,7,8,,1,1,1
2026-09-18T05:54:05.688462+00:00,2026-09-18T05:54:07+00:00,2026-09-18T05:54:07+00:00,bcycle_lametro_3062,9,6,,1,1,1
2026-09-18T05:54:05.688462+00:00,2026-09-18T05:54:07+00:00,2026-09-18T05:54:07+00:00,bcycle_lametro_3063,10,12,,1,1,1
2026-09-18T05:54:05.688462+00:00,2026-09-18T05:54:07+00:00,2026-09-18T05:54:07+00:00,bcycle_lametro_3064,4,13,,1,1,1
2026-09-18T05:54:05.688462+00:00,2026-09-18T05:54:07+00:00,2026-09-18T05:54:07+00:00,bcycle_lametro_3065,6,9,,1,1,1
2026-09-18T05:54:05.688462+00:00,2026-09-18T05:54:07+00:00,2026-09-18T05:54:07+00:00,bcycle_lametro_3066,14,1,,1,1,1
2026-09-18T05:54:05.688462+00:00,2026-09-18T05:54:07+00:00,2026-09-18T05:54:07+00:00,bcycle_lametro_3068,7,7,,1,1,1
2026-09-18T05:54:05.688462+00:00,2026-09-18T05:54:07+00:00,2026-09-18T05:54:07+00:00,bcycle_lametro_3069,10,7,,1,1,1
2026-09-18T05:54:05.688462+00:00,2026-09-18T05:54:07+00:00,2026-09-18T05:54:07+00:00,bcycle_lametro_3074,8,14,,1,1,1
2026-09-18T05:54:05.688462+00:00,2026-09-18T05:54:07+00:00,2026-09-18T05:54:07+00:00,bcycle_lametro_3075,3,10,,1,1,1
2026-09-18T05:54:05.688462+00:00,2026-09-18T05:54:07+00:00,2026-09-18T05:54:07+00:00,bcycle_lametro_3076,5,6,,1,1,1
2026-09-18T05:54:05.688462+00:00,2026-09-18T05:54:07+00:00,2026-09-18T05:54:07+00:00,bcycle_lametro_3077,11,2,,1,1,1
2026-09-18T05:54:05.688462+00:00,2026-09-18T05:54:07+00:00,2026-09-18T05:54:07+00:00,bcycle_lametro_3078,9,6,,1,1,1
2026-09-18T05:54:05.688462+00:00,2026-09-18T05:54:07+00:00,2026-09-18T05:54:07+00:00,bcycle_lametro_3079,7,6,,1,1,1
2026-09-18T05:54:05.688462+00:00,2026-09-18T05:54:07+00:00,2026-09-18T05:54:07+00:00,bcycle_lametro_3081,6,6,,1,1,1
2026-09-18T05:54:05.688462+00:00,2026-09-18T05:54:07+00:00,2026-09-18T05:54:07+00:00,bcycle_lametro_3082,15,7,,1,1,1
2026-09-18T05:54:05.688462+00:00,2026-09-18T05:54:07+00:00,2026-09-18T05:54:07+00:00,bcycle_lametro_4202,8,12,,1,1,1
2026-09-18T05:54:05.688462+00:00,2026-09-18T05:54:07+00:00,2026-09-18T05:54:07+00:00,bcycle_lametro_4204,9,6,,1,1,1
2026-09-18T05:54:05.688462+00:00,2026-09-18T05:54:07+00:00,2026-09-18T05:54:07+00:00,bcycle_lametro_4205,2,14,,1,1,1
2026-09-18T05:54:05.688462+00:00,2026-09-18T05:54:07+00:00,2026-09-18T05:54:07+00:00,bcycle_lametro_4206,12,11,,1,1,1
2026-09-18T05:54:05.688462+00:00,2026-09-18T05:54:07+00:00,2026-09-18T05:54:07+00:00,bcycle_lametro_4207,5,13,,1,1,1
2026-09-18T05:54:05.688462+00:00,2026-09-18T05:54:07+00:00,2026-09-18T05:54:07+00:00,bcycle_lametro_4208,5,12,,1,1,1
2026-09-18T05:54:05.688462+00:00,2026-09-18T05:54:07+00:00,2026-09-18T05:54:07+00:00,bcycle_lametro_4209,5,18,,1,1,1
2026-09-18T05:54:05.688462+00:00,2026-09-18T05:54:07+00:00,2026-09-18T05:54:07+00:00,bcycle_lametro_4210,6,9,,1,1,1
2026-09-18T05:54:05.688462+00:00,2026-09-18T05:54:07+00:00,2026-09-18T05:54:07+00:00,bcycle_lametro_4211,6,8,,1,1,1
2026-09-18T05:54:05.688462+00:00,2026-09-18T05:54:07+00:00,2026-09-18T05:54:07+00:00,bcycle_lametro_4212,9,12,,1,1,1
2026-09-18T05:54:05.688462+00:00,2026-09-18T05:54:07+00:00,2026-09-18T05:54:07+00:00,bcycle_lametro_4213,3,12,,1,1,1
2026-09-18T05:54:05.688462+00:00,2026-09-18T05:54:07+00:00,2026-09-18T05:54:07+00:00,bcycle_lametro_4214,3,21,,1,1,1
2026-09-18T05:54:05.688462+00:00,2026-09-18T05:54:07+00:00,2026-09-18T05:54:07+00:00,bcycle_lametro_4215,23,16,,1,1,1
2026-09-18T05:54:05.688462+00:00,2026-09-18T05:54:07+00:00,2026-09-18T05:54:07+00:00,bcycle_lametro_4216,8,11,,1,1,1
2026-09-18T05:54:05.688462+00:00,2026-09-18T05:54:07+00:00,2026-09-18T05:54:07+00:00,bcycle_lametro_4217,1,10,,1,1,1
2026-09-18T05:54:05.688462+00:00,2026-09-18T05:54:07+00:00,2026-09-18T05:54:07+00:00,bcycle_lametro_4220,0,15,,1,1,1
2026-09-18T05:54:05.688462+00:00,2026-09-18T05:54:07+00:00,2026-09-18T05:54:07+00:00,bcycle_lametro_4227,8,8,,1,1,1
2026-09-18T05:54:05.688462+00:00,2026-09-18T05:54:07+00:00,2026-09-18T05:54:07+00:00,bcycle_lametro_4245,9,5,,1,1,1
2026-09-18T05:54:05.688462+00:00,2026-09-18T05:54:07+00:00,2026-09-18T05:54:07+00:00,bcycle_lametro_4246,3,11,,1,1,1
2026-09-18T05:54:05.688462+00:00,2026-09-18T05:54:07+00:00,2026-09-18T05:54:07+00:00,bcycle_lametro_4247,6,2,,1,1,1
2026-09-18T05:54:05.688462+00:00,2026-09-18T05:54:07+00:00,2026-09-18T05:54:07+00:00,bcycle_lametro_4248,7,12,,1,1,1
2026-09-18T05:54:05.688462+00:00,2026-09-18T05:54:07+00:00,2026-09-18T05:54:07+00:00,bcycle_lametro_4249,10,5,,1,1,1
2026-09-18T05:54:05.688462+00:00,2026-09-18T05:54:07+00:00,2026-09-18T05:54:07+00:00,bcycle_lametro_4250,10,5,,1,1,1
2026-09-18T05:54:05.688462+00:00,2026-09-18T05:54:07+00:00,2026-09-18T05:54:07+00:00,bcycle_lametro_4254,6,9,,1,1,1
2026-09-18T05:54:05.688462+00:00,2026-09-18T05:54:07+00:00,2026-09-18T05:54:07+00:00,bcycle_lametro_4255,3,7,,1,1,1
2026-09-18T05:54:05.688462+00:00,2026-09-18T05:54:07+00:00,2026-09-18T05:54:07+00:00,bcycle_lametro_4266,6,9,,1,1,1
2026-09-18T05:54:05.688462+00:00,2026-09-18T05:54:07+00:00,2026-09-18T05:54:07+00:00,bcycle_lametro_4267,7,2,,1,1,1
2026-09-18T05:54:05.688462+00:00,2026-09-18T05:54:07+00:00,2026-09-18T05:54:07+00:00,bcycle_lametro_4273,0,15,,1,1,1
2026-09-18T05:54:05.688462+00:00,2026-09-18T05:54:07+00:00,2026-09-18T05:54:07+00:00,bcycle_lametro_4275,9,6,,1,1,1
2026-09-18T05:54:05.688462+00:00,2026-09-18T05:54:07+00:00,2026-09-18T05:54:07+00:00,bcycle_lametro_4293,5,5,,1,1,1
2026-09-18T05:54:05.688462+00:00,2026-09-18T05:54:07+00:00,2026-09-18T05:54:07+00:00,bcycle_lametro_4300,4,9,,1,1,1
2026-09-18T05:54:05.688462+00:00,2026-09-18T05:54:07+00:00,2026-09-18T05:54:07+00:00,bcycle_lametro_4301,7,3,,1,1,1
2026-09-18T05:54:05.688462+00:00,2026-09-18T05:54:07+00:00,2026-09-18T05:54:07+00:00,bcycle_lametro_4303,3,7,,1,1,1
2026-09-18T05:54:05.688462+00:00,2026-09-18T05:54:07+00:00,2026-09-18T05:54:07+00:00,bcycle_lametro_4304,9,2,,1,1,1
2026-09-18T05:54:05.688462+00:00,2026-09-18T05:54:07+00:00,2026-09-18T05:54:07+00:00,bcycle_lametro_4306,6,7,,1,1,1
2026-09-18T05:54:05.688462+00:00,2026-09-18T05:54:07+00:00,2026-09-18T05:54:07+00:00,bcycle_lametro_4311,9,3,,1,1,1
2026-09-18T05:54:05.688462+00:00,2026-09-18T05:54:07+00:00,2026-09-18T05:54:07+00:00,bcycle_lametro_4312,6,7,,1,1,1
2026-09-18T05:54:05.688462+00:00,2026-09-18T05:54:07+00:00,2026-09-18T05:54:07+00:00,bcycle_lametro_4313,8,4,,1,1,1
2026-09-18T05:54:05.688462+00:00,2026-09-18T05:54:07+00:00,2026-09-18T05:54:07+00:00,bcycle_lametro_4314,4,11,,1,1,1
2026-09-18T05:54:05.688462+00:00,2026-09-18T05:54:07+00:00,2026-09-18T05:54:07+00:00,bcycle_lametro_4315,4,4,,1,1,1
2026-09-18T05:54:05.688462+00:00,2026-09-18T05:54:07+00:00,2026-09-18T05:54:07+00:00,bcycle_lametro_4387,10,6,,1,1,1
2026-09-18T05:54:05.688462+00:00,2026-09-18T05:54:07+00:00,2026-09-18T05:54:07+00:00,bcycle_lametro_4390,10,2,,1,1,1
2026-09-18T05:54:05.688462+00:00,2026-09-18T05:54:07+00:00,2026-09-18T05:54:07+00:00,bcycle_lametro_4401,2,8,,1,1,1
2026-09-18T05:54:05.688462+00:00,2026-09-18T05:54:07+00:00,2026-09-18T05:54:07+00:00,bcycle_lametro_4404,8,7,,1,1,1
2026-09-18T05:54:05.688462+00:00,2026-09-18T05:54:07+00:00,2026-09-18T05:54:07+00:00,bcycle_lametro_4405,8,5,,1,1,1
2026-09-18T05:54:05.688462+00:00,2026-09-18T05:54:07+00:00,2026-09-18T05:54:07+00:00,bcycle_lametro_4406,3,11,,1,1,1
2026-09-18T05:54:05.688462+00:00,2026-09-18T05:54:07+00:00,2026-09-18T05:54:07+00:00,bcycle_lametro_4410,6,6,,1,1,1
2026-09-18T05:54:05.688462+00:00,2026-09-18T05:54:07+00:00,2026-09-18T05:54:07+00:00,bcycle_lametro_4436,2,7,,1,1,1
2026-09-18T05:54:05.688462+00:00,2026-09-18T05:54:07+00:00,2026-09-18T05:54:07+00:00,bcycle_lametro_4437,4,9,,1,1,1
2026-09-18T05:54:05.688462+00:00,2026-09-18T05:54:07+00:00,2026-09-18T05:54:07+00:00,bcycle_lametro_4440,4,10,,1,1,1
2026-09-18T05:54:05.688462+00:00,2026-09-18T05:54:07+00:00,2026-09-18T05:54:07+00:00,bcycle_lametro_4441,4,3,,1,1,1
2026-09-18T05:54:05.688462+00:00,2026-09-18T05:54:07+00:00,2026-09-18T05:54:07+00:00,bcycle_lametro_4442,7,4,,1,1,1
2026-09-18T05:54:05.688462+00:00,2026-09-18T05:54:07+00:00,2026-09-18T05:54:07+00:00,bcycle_lametro_4443,3,5,,1,1,1
2026-09-18T05:54:05.688462+00:00,2026-09-18T05:54:07+00:00,2026-09-18T05:54:07+00:00,bcycle_lametro_4444,2,7,,1,1,1
2026-09-18T05:54:05.688462+00:00,2026-09-18T05:54:07+00:00,2026-09-18T05:54:07+00:00,bcycle_lametro_4445,9,6,,1,1,1
2026-09-18T05:54:05.688462+00:00,2026-09-18T05:54:07+00:00,2026-09-18T05:54:07+00:00,bcycle_lametro_4446,5,3,,1,1,1
2026-09-18T05:54:05.688462+00:00,2026-09-18T05:54:07+00:00,2026-09-18T05:54:07+00:00,bcycle_lametro_4447,8,4,,1,1,1
2026-09-18T05:54:05.688462+00:00,2026-09-18T05:54:07+00:00,2026-09-18T05:54:07+00:00,bcycle_lametro_4448,9,9,,1,1,1
2026-09-18T05:54:05.688462+00:00,2026-09-18T05:54:07+00:00,2026-09-18T05:54:07+00:00,bcycle_lametro_4449,6,7,,1,1,1
2026-09-18T05:54:05.688462+00:00,2026-09-18T05:54:07+00:00,2026-09-18T05:54:07+00:00,bcycle_lametro_4450,5,9,,1,1,1
2026-09-18T05:54:05.688462+00:00,2026-09-18T05:54:07+00:00,2026-09-18T05:54:07+00:00,bcycle_lametro_4451,3,6,,1,1,1
2026-09-18T05:54:05.688462+00:00,2026-09-18T05:54:07+00:00,2026-09-18T05:54:07+00:00,bcycle_lametro_4452,3,7,,1,1,1
2026-09-18T05:54:05.688462+00:00,2026-09-18T05:54:07+00:00,2026-09-18T05:54:07+00:00,bcycle_lametro_4453,4,6,,1,1,1
2026-09-18T05:54:05.688462+00:00,2026-09-18T05:54:07+00:00,2026-09-18T05:54:07+00:00,bcycle_lametro_4454,8,6,,1,1,1
2026-09-18T05:54:05.688462+00:00,2026-09-18T05:54:07+00:00,2026-09-18T05:54:07+00:00,bcycle_lametro_4455,3,12,,1,1,1
2026-09-18T05:54:05.688462+00:00,2026-09-18T05:54:07+00:00,2026-09-18T05:54:07+00:00,bcycle_lametro_4456,2,13,,1,1,1
2026-09-18T05:54:05.688462+00:00,2026-09-18T05:54:07+00:00,2026-09-18T05:54:07+00:00,bcycle_lametro_4457,5,3,,1,1,1
2026-09-18T05:54:05.688462+00:00,2026-09-18T05:54:07+00:00,2026-09-18T05:54:07+00:00,bcycle_lametro_4472,6,10,,1,1,1
2026-09-18T05:54:05.688462+00:00,2026-09-18T05:54:07+00:00,2026-09-18T05:54:07+00:00,bcycle_lametro_4473,4,4,,1,1,1
2026-09-18T05:54:05.688462+00:00,2026-09-18T05:54:07+00:00,2026-09-18T05:54:07+00:00,bcycle_lametro_4474,3,7,,1,1,1
2026-09-18T05:54:05.688462+00:00,2026-09-18T05:54:07+00:00,2026-09-18T05:54:07+00:00,bcycle_lametro_4475,10,1,,1,1,1
2026-09-18T05:54:05.688462+00:00,2026-09-18T05:54:07+00:00,2026-09-18T05:54:07+00:00,bcycle_lametro_4476,2,12,,1,1,1
2026-09-18T05:54:05.688462+00:00,2026-09-18T05:54:07+00:00,2026-09-18T05:54:07+00:00,bcycle_lametro_4477,3,10,,1,1,1
2026-09-18T05:54:05.688462+00:00,2026-09-18T05:54:07+00:00,2026-09-18T05:54:07+00:00,bcycle_lametro_4479,3,9,,1,1,1
2026-09-18T05:54:05.688462+00:00,2026-09-18T05:54:07+00:00,2026-09-18T05:54:07+00:00,bcycle_lametro_4483,5,7,,1,1,1
2026-09-18T05:54:05.688462+00:00,2026-09-18T05:54:07+00:00,2026-09-18T05:54:07+00:00,bcycle_lametro_4487,12,4,,1,1,1
2026-09-18T05:54:05.688462+00:00,2026-09-18T05:54:07+00:00,2026-09-18T05:54:07+00:00,bcycle_lametro_4490,6,9,,1,1,1
2026-09-18T05:54:05.688462+00:00,2026-09-18T05:54:07+00:00,2026-09-18T05:54:07+00:00,bcycle_lametro_4491,6,7,,1,1,1
2026-09-18T05:54:05.688462+00:00,2026-09-18T05:54:07+00:00,2026-09-18T05:54:07+00:00,bcycle_lametro_4492,18,1,,1,1,1
2026-09-18T05:54:05.688462+00:00,2026-09-18T05:54:07+00:00,2026-09-18T05:54:07+00:00,bcycle_lametro_4493,7,8,,1,1,1
2026-09-18T05:54:05.688462+00:00,2026-09-18T05:54:07+00:00,2026-09-18T05:54:07+00:00,bcycle_lametro_4494,2,7,,1,1,1
2026-09-18T05:54:05.688462+00:00,2026-09-18T05:54:07+00:00,2026-09-18T05:54:07+00:00,bcycle_lametro_4509,4,6,,1,1,1
2026-09-18T05:54:05.688462+00:00,2026-09-18T05:54:07+00:00,2026-09-18T05:54:07+00:00,bcycle_lametro_4510,2,8,,1,1,1
2026-09-18T05:54:05.688462+00:00,2026-09-18T05:54:07+00:00,2026-09-18T05:54:07+00:00,bcycle_lametro_4511,3,16,,1,1,1
2026-09-18T05:54:05.688462+00:00,2026-09-18T05:54:07+00:00,2026-09-18T05:54:07+00:00,bcycle_lametro_4512,8,8,,1,1,1
2026-09-18T05:54:05.688462+00:00,2026-09-18T05:54:07+00:00,2026-09-18T05:54:07+00:00,bcycle_lametro_4514,11,10,,1,1,1
2026-09-18T05:54:05.688462+00:00,2026-09-18T05:54:07+00:00,2026-09-18T05:54:07+00:00,bcycle_lametro_4515,8,1,,1,1,1
2026-09-18T05:54:05.688462+00:00,2026-09-18T05:54:07+00:00,2026-09-18T05:54:07+00:00,bcycle_lametro_4517,5,6,,1,1,1
2026-09-18T05:54:05.688462+00:00,2026-09-18T05:54:07+00:00,2026-09-18T05:54:07+00:00,bcycle_lametro_4521,6,6,,1,1,1
2026-09-18T05:54:05.688462+00:00,2026-09-18T05:54:07+00:00,2026-09-18T05:54:07+00:00,bcycle_lametro_4523,4,11,,1,1,1
2026-09-18T05:54:05.688462+00:00,2026-09-18T05:54:07+00:00,2026-09-18T05:54:07+00:00,bcycle_lametro_4524,2,12,,1,1,1
2026-09-18T05:54:05.688462+00:00,2026-09-18T05:54:07+00:00,2026-09-18T05:54:07+00:00,bcycle_lametro_4525,8,2,,1,1,1
2026-09-18T05:54:05.688462+00:00,2026-09-18T05:54:07+00:00,2026-09-18T05:54:07+00:00,bcycle_lametro_4526,1,20,,1,1,1
2026-09-18T05:54:05.688462+00:00,2026-09-18T05:54:07+00:00,2026-09-18T05:54:07+00:00,bcycle_lametro_4527,4,10,,1,1,1
2026-09-18T05:54:05.688462+00:00,2026-09-18T05:54:07+00:00,2026-09-18T05:54:07+00:00,bcycle_lametro_4528,9,5,,1,1,1
2026-09-18T05:54:05.688462+00:00,2026-09-18T05:54:07+00:00,2026-09-18T05:54:07+00:00,bcycle_lametro_4529,6,7,,1,1,1
2026-09-18T05:54:05.688462+00:00,2026-09-18T05:54:07+00:00,2026-09-18T05:54:07+00:00,bcycle_lametro_4534,8,7,,1,1,1
2026-09-18T05:54:05.688462+00:00,2026-09-18T05:54:07+00:00,2026-09-18T05:54:07+00:00,bcycle_lametro_4536,6,4,,1,1,1
2026-09-18T05:54:05.688462+00:00,2026-09-18T05:54:07+00:00,2026-09-18T05:54:07+00:00,bcycle_lametro_4537,8,8,,1,1,1
2026-09-18T05:54:05.688462+00:00,2026-09-18T05:54:07+00:00,2026-09-18T05:54:07+00:00,bcycle_lametro_4538,5,2,,1,1,1
2026-09-18T05:54:05.688462+00:00,2026-09-18T05:54:07+00:00,2026-09-18T05:54:07+00:00,bcycle_lametro_4540,7,7,,1,1,1
2026-09-18T05:54:05.688462+00:00,2026-09-18T05:54:07+00:00,2026-09-18T05:54:07+00:00,bcycle_lametro_4543,6,2,,1,1,1
2026-09-18T05:54:05.688462+00:00,2026-09-18T05:54:07+00:00,2026-09-18T05:54:07+00:00,bcycle_lametro_4544,5,9,,1,1,1
2026-09-18T05:54:05.688462+00:00,2026-09-18T05:54:07+00:00,2026-09-18T05:54:07+00:00,bcycle_lametro_4545,0,8,,1,1,1
2026-09-18T05:54:05.688462+00:00,2026-09-18T05:54:07+00:00,2026-09-18T05:54:07+00:00,bcycle_lametro_4546,8,11,,1,1,1
2026-09-18T05:54:05.688462+00:00,2026-09-18T05:54:07+00:00,2026-09-18T05:54:07+00:00,bcycle_lametro_4547,1,9,,1,1,1
2026-09-18T05:54:05.688462+00:00,2026-09-18T05:54:07+00:00,2026-09-18T05:54:07+00:00,bcycle_lametro_4548,8,3,,1,1,1
2026-09-18T05:54:05.688462+00:00,2026-09-18T05:54:07+00:00,2026-09-18T05:54:07+00:00,bcycle_lametro_4549,8,8,,1,1,1
2026-09-18T05:54:05.688462+00:00,2026-09-18T05:54:07+00:00,2026-09-18T05:54:07+00:00,bcycle_lametro_4552,8,4,,1,1,1
2026-09-18T05:54:05.688462+00:00,2026-09-18T05:54:07+00:00,2026-09-18T05:54:07+00:00,bcycle_lametro_4553,2,7,,1,1,1
2026-09-18T05:54:05.688462+00:00,2026-09-18T05:54:07+00:00,2026-09-18T05:54:07+00:00,bcycle_lametro_4554,5,6,,1,1,1
2026-09-18T05:54:05.688462+00:00,2026-09-18T05:54:07+00:00,2026-09-18T05:54:07+00:00,bcycle_lametro_4555,6,2,,1,1,1
2026-09-18T05:54:05.688462+00:00,2026-09-18T05:54:07+00:00,2026-09-18T05:54:07+00:00,bcycle_lametro_4556,1,12,,1,1,1
2026-09-18T05:54:05.688462+00:00,2026-09-18T05:54:07+00:00,2026-09-18T05:54:07+00:00,bcycle_lametro_4557,8,3,,1,1,1
2026-09-18T05:54:05.688462+00:00,2026-09-18T05:54:07+00:00,2026-09-18T05:54:07+00:00,bcycle_lametro_4558,2,15,,1,1,1
2026-09-18T05:54:05.688462+00:00,2026-09-18T05:54:07+00:00,2026-09-18T05:54:07+00:00,bcycle_lametro_4561,2,7,,1,1,1
2026-09-18T05:54:05.688462+00:00,2026-09-18T05:54:07+00:00,2026-09-18T05:54:07+00:00,bcycle_lametro_4562,7,7,,1,1,1
2026-09-18T05:54:05.688462+00:00,2026-09-18T05:54:07+00:00,2026-09-18T05:54:07+00:00,bcycle_lametro_4563,4,5,,1,1,1
2026-09-18T05:54:05.688462+00:00,2026-09-18T05:54:07+00:00,2026-09-18T05:54:07+00:00,bcycle_lametro_4564,9,6,,1,1,1
2026-09-18T05:54:05.688462+00:00,2026-09-18T05:54:07+00:00,2026-09-18T05:54:07+00:00,bcycle_lametro_4565,2,10,,1,1,1
2026-09-18T05:54:05.688462+00:00,2026-09-18T05:54:07+00:00,2026-09-18T05:54:07+00:00,bcycle_lametro_4566,8,7,,1,1,1
2026-09-18T05:54:05.688462+00:00,2026-09-18T05:54:07+00:00,2026-09-18T05:54:07+00:00,bcycle_lametro_4567,8,3,,1,1,1
2026-09-18T05:54:05.688462+00:00,2026-09-18T05:54:07+00:00,2026-09-18T05:54:07+00:00,bcycle_lametro_4568,0,14,,1,1,1
2026-09-18T05:54:05.688462+00:00,2026-09-18T05:54:07+00:00,2026-09-18T05:54:07+00:00,bcycle_lametro_4569,0,9,,1,1,1
2026-09-18T05:54:05.688462+00:00,2026-09-18T05:54:07+00:00,2026-09-18T05:54:07+00:00,bcycle_lametro_4570,11,4,,1,1,1
2026-09-18T05:54:05.688462+00:00,2026-09-18T05:54:07+00:00,2026-09-18T05:54:07+00:00,bcycle_lametro_4571,4,3,,1,1,1
2026-09-18T05:54:05.688462+00:00,2026-09-18T05:54:07+00:00,2026-09-18T05:54:07+00:00,bcycle_lametro_4575,7,4,,1,1,1
2026-09-18T05:54:05.688462+00:00,2026-09-18T05:54:07+00:00,2026-09-18T05:54:07+00:00,bcycle_lametro_4576,8,3,,1,1,1
2026-09-18T05:54:05.688462+00:00,2026-09-18T05:54:07+00:00,2026-09-18T05:54:07+00:00,bcycle_lametro_4578,3,4,,1,1,1
2026-09-18T05:54:05.688462+00:00,2026-09-18T05:54:07+00:00,2026-09-18T05:54:07+00:00,bcycle_lametro_4579,4,8,,1,1,1
2026-09-18T05:54:05.688462+00:00,2026-09-18T05:54:07+00:00,2026-09-18T05:54:07+00:00,bcycle_lametro_4580,4,4,,1,1,1
2026-09-18T05:54:05.688462+00:00,2026-09-18T05:54:07+00:00,2026-09-18T05:54:07+00:00,bcycle_lametro_4581,6,10,,1,1,1
2026-09-18T05:54:05.688462+00:00,2026-09-18T05:54:07+00:00,2026-09-18T05:54:07+00:00,bcycle_lametro_4583,7,11,,1,1,1
2026-09-18T05:54:05.688462+00:00,2026-09-18T05:54:07+00:00,2026-09-18T05:54:07+00:00,bcycle_lametro_4584,13,1,,1,1,1
2026-09-18T05:54:05.688462+00:00,2026-09-18T05:54:07+00:00,2026-09-18T05:54:07+00:00,bcycle_lametro_4587,7,4,,1,1,1
2026-09-18T05:54:05.688462+00:00,2026-09-18T05:54:07+00:00,2026-09-18T05:54:07+00:00,bcycle_lametro_4595,2,15,,1,1,1
2026-09-18T05:54:05.688462+00:00,2026-09-18T05:54:07+00:00,2026-09-18T05:54:07+00:00,bcycle_lametro_4596,4,11,,1,1,1
2026-09-18T05:54:05.688462+00:00,2026-09-18T05:54:07+00:00,2026-09-18T05:54:07+00:00,bcycle_lametro_4597,2,9,,1,1,1
2026-09-18T05:54:05.688462+00:00,2026-09-18T05:54:07+00:00,2026-09-18T05:54:07+00:00,bcycle_lametro_4598,2,7,,1,1,1
2026-09-18T05:54:05.688462+00:00,2026-09-18T05:54:07+00:00,2026-09-18T05:54:07+00:00,bcycle_lametro_4599,4,7,,1,1,1
2026-09-18T05:54:05.688462+00:00,2026-09-18T05:54:07+00:00,2026-09-18T05:54:07+00:00,bcycle_lametro_4600,5,5,,1,1,1
2026-09-18T05:54:05.688462+00:00,2026-09-18T05:54:07+00:00,2026-09-18T05:54:07+00:00,bcycle_lametro_4601,6,5,,1,1,1
2026-09-18T05:54:05.688462+00:00,2026-09-18T05:54:07+00:00,2026-09-18T05:54:07+00:00,bcycle_lametro_4603,8,10,,1,1,1
2026-09-18T05:54:05.688462+00:00,2026-09-18T05:54:07+00:00,2026-09-18T05:54:07+00:00,bcycle_lametro_4604,10,2,,1,1,1
2026-09-18T05:54:05.688462+00:00,2026-09-18T05:54:07+00:00,2026-09-18T05:54:07+00:00,bcycle_lametro_4605,5,8,,1,1,1
2026-09-18T05:54:05.688462+00:00,2026-09-18T05:54:07+00:00,2026-09-18T05:54:07+00:00,bcycle_lametro_4606,7,13,,1,1,1
2026-09-18T05:54:05.688462+00:00,2026-09-18T05:54:07+00:00,2026-09-18T05:54:07+00:00,bcycle_lametro_4613,5,12,,1,1,1
2026-09-18T05:54:05.688462+00:00,2026-09-18T05:54:07+00:00,2026-09-18T05:54:07+00:00,bcycle_lametro_4614,2,18,,1,1,1
2026-09-18T05:54:05.688462+00:00,2026-09-18T05:54:07+00:00,2026-09-18T05:54:07+00:00,bcycle_lametro_4627,5,12,,1,1,1
2026-09-18T05:54:05.688462+00:00,2026-09-18T05:54:07+00:00,2026-09-18T05:54:07+00:00,bcycle_lametro_4628,10,3,,1,1,1
2026-09-18T05:54:05.688462+00:00,2026-09-18T05:54:07+00:00,2026-09-18T05:54:07+00:00,bcycle_lametro_4632,6,9,,1,1,1
2026-09-18T05:54:05.688462+00:00,2026-09-18T05:54:07+00:00,2026-09-18T05:54:07+00:00,bcycle_lametro_4643,3,17,,1,1,1
2026-09-18T05:54:05.688462+00:00,2026-09-18T05:54:07+00:00,2026-09-18T05:54:07+00:00,bcycle_lametro_4644,4,8,,1,1,1
2026-09-18T05:54:05.688462+00:00,2026-09-18T05:54:07+00:00,2026-09-18T05:54:07+00:00,bcycle_lametro_4645,7,5,,1,1,1
2026-09-18T05:54:05.688462+00:00,2026-09-18T05:54:07+00:00,2026-09-18T05:54:07+00:00,bcycle_lametro_4652,6,5,,1,1,1
2026-09-18T05:54:05.688462+00:00,2026-09-18T05:54:07+00:00,2026-09-18T05:54:07+00:00,bcycle_lametro_4660,3,14,,1,1,1
2026-09-18T05:54:05.688462+00:00,2026-09-18T05:54:07+00:00,2026-09-18T05:54:07+00:00,bcycle_lametro_4664,17,3,,1,1,1
2026-09-18T05:54:05.688462+00:00,2026-09-18T05:54:07+00:00,2026-09-18T05:54:07+00:00,bcycle_lametro_4672,7,7,,1,1,1
2026-09-18T05:54:05.688462+00:00,2026-09-18T05:54:07+00:00,2026-09-18T05:54:07+00:00,bcycle_lametro_4680,4,14,,1,1,1
2026-09-18T05:54:05.688462+00:00,2026-09-18T05:54:07+00:00,2026-09-18T05:54:07+00:00,bcycle_lametro_4689,14,1,,1,1,1
2026-09-18T05:54:05.688462+00:00,2026-09-18T05:54:07+00:00,2026-09-18T05:54:07+00:00,bcycle_lametro_4690,11,2,,1,1,1
2026-09-18T05:54:05.688462+00:00,2026-09-18T05:54:07+00:00,2026-09-18T05:54:07+00:00,bcycle_lametro_4696,6,8,,1,1,1
2026-09-18T05:54:05.688462+00:00,2026-09-18T05:54:07+00:00,2026-09-18T05:54:07+00:00,bcycle_lametro_4697,2,13,,1,1,1
2026-09-18T05:54:05.688462+00:00,2026-09-18T05:54:07+00:00,2026-09-18T05:54:07+00:00,bcycle_lametro_4698,3,10,,0,0,1
2026-09-18T05:54:05.688462+00:00,2026-09-18T05:54:07+00:00,2026-09-18T05:54:07+00:00,bcycle_lametro_4699,11,4,,1,1,1
2026-09-18T05:54:05.688462+00:00,2026-09-18T05:54:07+00:00,2026-09-18T05:54:07+00:00,bcycle_lametro_4700,10,7,,1,1,1
2026-09-18T05:54:05.688462+00:00,2026-09-18T05:54:07+00:00,2026-09-18T05:54:07+00:00,bcycle_lametro_4707,10,3,,1,1,1
2026-09-18T05:54:05.688462+00:00,2026-09-18T05:54:07+00:00,2026-09-18T05:54:07+00:00,bcycle_lametro_4729,2,10,,1,1,1
2026-09-18T05:54:05.688462+00:00,2026-09-18T05:54:07+00:00,2026-09-18T05:54:07+00:00,bcycle_lametro_4730,10,3,,1,1,1
2026-09-18T05:54:05.688462+00:00,2026-09-18T05:54:07+00:00,2026-09-18T05:54:07+00:00,bcycle_lametro_4732,15,5,,1,1,1
2026-09-18T05:54:05.688462+00:00,2026-09-18T05:54:07+00:00,2026-09-18T05:54:07+00:00,bcycle_lametro_4733,3,20,,1,1,1
2026-09-18T05:54:05.688462+00:00,2026-09-18T05:54:07+00:00,2026-09-18T05:54:07+00:00,bcycle_lametro_4734,2,12,,1,1,1
2026-09-18T05:54:05.688462+00:00,2026-09-18T05:54:07+00:00,2026-09-18T05:54:07+00:00,bcycle_lametro_4735,4,8,,1,1,1
2026-09-18T05:54:05.688462+00:00,2026-09-18T05:54:07+00:00,2026-09-18T05:54:07+00:00,bcycle_lametro_4736,7,8,,1,1,1
2026-09-18T05:54:05.688462+00:00,2026-09-18T05:54:07+00:00,2026-09-18T05:54:07+00:00,bcycle_lametro_4740,10,11,,1,1,1
2026-09-18T05:54:05.688462+00:00,2026-09-18T05:54:07+00:00,2026-09-18T05:54:07+00:00,bcycle_lametro_4745,2,9,,1,1,1
2026-09-18T10:57:02.419607+00:00,2026-09-18T10:56:03+00:00,2026-09-18T10:56:03+00:00,bcycle_lametro_3005,21,9,,1,1,1
2026-09-18T10:57:02.419607+00:00,2026-09-18T10:56:03+00:00,2026-09-18T10:56:03+00:00,bcycle_lametro_3006,10,19,,1,1,1
2026-09-18T10:57:02.419607+00:00,2026-09-18T10:56:03+00:00,2026-09-18T10:56:03+00:00,bcycle_lametro_3007,10,12,,1,1,1
2026-09-18T10:57:02.419607+00:00,2026-09-18T10:56:03+00:00,2026-09-18T10:56:03+00:00,bcycle_lametro_3008,5,7,,1,1,1
2026-09-18T10:57:02.419607+00:00,2026-09-18T10:56:03+00:00,2026-09-18T10:56:03+00:00,bcycle_lametro_3010,6,8,,1,1,1
2026-09-18T10:57:02.419607+00:00,2026-09-18T10:56:03+00:00,2026-09-18T10:56:03+00:00,bcycle_lametro_3011,0,16,,1,1,1
2026-09-18T10:57:02.419607+00:00,2026-09-18T10:56:03+00:00,2026-09-18T10:56:03+00:00,bcycle_lametro_3014,19,9,,1,1,1
2026-09-18T10:57:02.419607+00:00,2026-09-18T10:56:03+00:00,2026-09-18T10:56:03+00:00,bcycle_lametro_3016,8,7,,1,1,1
2026-09-18T10:57:02.419607+00:00,2026-09-18T10:56:03+00:00,2026-09-18T10:56:03+00:00,bcycle_lametro_3018,6,12,,1,1,1
2026-09-18T10:57:02.419607+00:00,2026-09-18T10:56:03+00:00,2026-09-18T10:56:03+00:00,bcycle_lametro_3019,12,7,,1,1,1
2026-09-18T10:57:02.419607+00:00,2026-09-18T10:56:03+00:00,2026-09-18T10:56:03+00:00,bcycle_lametro_3020,5,10,,1,1,1
2026-09-18T10:57:02.419607+00:00,2026-09-18T10:56:03+00:00,2026-09-18T10:56:03+00:00,bcycle_lametro_3022,11,9,,1,1,1
2026-09-18T10:57:02.419607+00:00,2026-09-18T10:56:03+00:00,2026-09-18T10:56:03+00:00,bcycle_lametro_3024,9,6,,1,1,1
2026-09-18T10:57:02.419607+00:00,2026-09-18T10:56:03+00:00,2026-09-18T10:56:03+00:00,bcycle_lametro_3025,8,6,,1,1,1
2026-09-18T10:57:02.419607+00:00,2026-09-18T10:56:03+00:00,2026-09-18T10:56:03+00:00,bcycle_lametro_3026,4,11,,1,1,1
2026-09-18T10:57:02.419607+00:00,2026-09-18T10:56:03+00:00,2026-09-18T10:56:03+00:00,bcycle_lametro_3027,8,7,,1,1,1
2026-09-18T10:57:02.419607+00:00,2026-09-18T10:56:03+00:00,2026-09-18T10:56:03+00:00,bcycle_lametro_3030,4,25,,1,1,1
2026-09-18T10:57:02.419607+00:00,2026-09-18T10:56:03+00:00,2026-09-18T10:56:03+00:00,bcycle_lametro_3032,12,15,,1,1,1
2026-09-18T10:57:02.419607+00:00,2026-09-18T10:56:03+00:00,2026-09-18T10:56:03+00:00,bcycle_lametro_3033,4,8,,1,1,1
2026-09-18T10:57:02.419607+00:00,2026-09-18T10:56:03+00:00,2026-09-18T10:56:03+00:00,bcycle_lametro_3034,16,6,,1,1,1
2026-09-18T10:57:02.419607+00:00,2026-09-18T10:56:03+00:00,2026-09-18T10:56:03+00:00,bcycle_lametro_3035,8,14,,1,1,1
2026-09-18T10:57:02.419607+00:00,2026-09-18T10:56:03+00:00,2026-09-18T10:56:03+00:00,bcycle_lametro_3036,8,7,,1,1,1
2026-09-18T10:57:02.419607+00:00,2026-09-18T10:56:03+00:00,2026-09-18T10:56:03+00:00,bcycle_lametro_3037,9,8,,1,1,1
2026-09-18T10:57:02.419607+00:00,2026-09-18T10:56:03+00:00,2026-09-18T10:56:03+00:00,bcycle_lametro_3040,2,1,,1,1,1
2026-09-18T10:57:02.419607+00:00,2026-09-18T10:56:03+00:00,2026-09-18T10:56:03+00:00,bcycle_lametro_3042,7,21,,1,1,1
2026-09-18T10:57:02.419607+00:00,2026-09-18T10:56:03+00:00,2026-09-18T10:56:03+00:00,bcycle_lametro_3045,7,2,,1,1,1
2026-09-18T10:57:02.419607+00:00,2026-09-18T10:56:03+00:00,2026-09-18T10:56:03+00:00,bcycle_lametro_3046,6,11,,1,1,1
2026-09-18T10:57:02.419607+00:00,2026-09-18T10:56:03+00:00,2026-09-18T10:56:03+00:00,bcycle_lametro_3047,12,13,,1,1,1
2026-09-18T10:57:02.419607+00:00,2026-09-18T10:56:03+00:00,2026-09-18T10:56:03+00:00,bcycle_lametro_3048,6,10,,1,1,1
2026-09-18T10:57:02.419607+00:00,2026-09-18T10:56:03+00:00,2026-09-18T10:56:03+00:00,bcycle_lametro_3052,5,14,,1,1,1
2026-09-18T10:57:02.419607+00:00,2026-09-18T10:56:03+00:00,2026-09-18T10:56:03+00:00,bcycle_lametro_3054,8,7,,1,1,1
2026-09-18T10:57:02.419607+00:00,2026-09-18T10:56:03+00:00,2026-09-18T10:56:03+00:00,bcycle_lametro_3056,3,12,,1,1,1
2026-09-18T10:57:02.419607+00:00,2026-09-18T10:56:03+00:00,2026-09-18T10:56:03+00:00,bcycle_lametro_3058,8,7,,1,1,1
2026-09-18T10:57:02.419607+00:00,2026-09-18T10:56:03+00:00,2026-09-18T10:56:03+00:00,bcycle_lametro_3062,11,4,,1,1,1
2026-09-18T10:57:02.419607+00:00,2026-09-18T10:56:03+00:00,2026-09-18T10:56:03+00:00,bcycle_lametro_3063,10,12,,1,1,1
2026-09-18T10:57:02.419607+00:00,2026-09-18T10:56:03+00:00,2026-09-18T10:56:03+00:00,bcycle_lametro_3064,5,12,,1,1,1
2026-09-18T10:57:02.419607+00:00,2026-09-18T10:56:03+00:00,2026-09-18T10:56:03+00:00,bcycle_lametro_3065,6,9,,1,1,1
2026-09-18T10:57:02.419607+00:00,2026-09-18T10:56:03+00:00,2026-09-18T10:56:03+00:00,bcycle_lametro_3066,14,1,,1,1,1
2026-09-18T10:57:02.419607+00:00,2026-09-18T10:56:03+00:00,2026-09-18T10:56:03+00:00,bcycle_lametro_3068,7,7,,1,1,1
2026-09-18T10:57:02.419607+00:00,2026-09-18T10:56:03+00:00,2026-09-18T10:56:03+00:00,bcycle_lametro_3069,9,8,,1,1,1
2026-09-18T10:57:02.419607+00:00,2026-09-18T10:56:03+00:00,2026-09-18T10:56:03+00:00,bcycle_lametro_3074,7,15,,1,1,1
2026-09-18T10:57:02.419607+00:00,2026-09-18T10:56:03+00:00,2026-09-18T10:56:03+00:00,bcycle_lametro_3075,3,10,,1,1,1
2026-09-18T10:57:02.419607+00:00,2026-09-18T10:56:03+00:00,2026-09-18T10:56:03+00:00,bcycle_lametro_3076,4,7,,1,1,1
2026-09-18T10:57:02.419607+00:00,2026-09-18T10:56:03+00:00,2026-09-18T10:56:03+00:00,bcycle_lametro_3077,11,2,,1,1,1
2026-09-18T10:57:02.419607+00:00,2026-09-18T10:56:03+00:00,2026-09-18T10:56:03+00:00,bcycle_lametro_3078,10,5,,1,1,1
2026-09-18T10:57:02.419607+00:00,2026-09-18T10:56:03+00:00,2026-09-18T10:56:03+00:00,bcycle_lametro_3079,7,6,,1,1,1
2026-09-18T10:57:02.419607+00:00,2026-09-18T10:56:03+00:00,2026-09-18T10:56:03+00:00,bcycle_lametro_3081,6,6,,1,1,1
2026-09-18T10:57:02.419607+00:00,2026-09-18T10:56:03+00:00,2026-09-18T10:56:03+00:00,bcycle_lametro_3082,16,6,,1,1,1
2026-09-18T10:57:02.419607+00:00,2026-09-18T10:56:03+00:00,2026-09-18T10:56:03+00:00,bcycle_lametro_4202,8,12,,1,1,1
2026-09-18T10:57:02.419607+00:00,2026-09-18T10:56:03+00:00,2026-09-18T10:56:03+00:00,bcycle_lametro_4204,9,6,,1,1,1
2026-09-18T10:57:02.419607+00:00,2026-09-18T10:56:03+00:00,2026-09-18T10:56:03+00:00,bcycle_lametro_4205,2,14,,1,1,1
2026-09-18T10:57:02.419607+00:00,2026-09-18T10:56:03+00:00,2026-09-18T10:56:03+00:00,bcycle_lametro_4206,12,11,,1,1,1
2026-09-18T10:57:02.419607+00:00,2026-09-18T10:56:03+00:00,2026-09-18T10:56:03+00:00,bcycle_lametro_4207,5,13,,1,1,1
2026-09-18T10:57:02.419607+00:00,2026-09-18T10:56:03+00:00,2026-09-18T10:56:03+00:00,bcycle_lametro_4208,5,12,,1,1,1
2026-09-18T10:57:02.419607+00:00,2026-09-18T10:56:03+00:00,2026-09-18T10:56:03+00:00,bcycle_lametro_4209,5,18,,1,1,1
2026-09-18T10:57:02.419607+00:00,2026-09-18T10:56:03+00:00,2026-09-18T10:56:03+00:00,bcycle_lametro_4210,6,9,,1,1,1
2026-09-18T10:57:02.419607+00:00,2026-09-18T10:56:03+00:00,2026-09-18T10:56:03+00:00,bcycle_lametro_4211,6,8,,1,1,1
2026-09-18T10:57:02.419607+00:00,2026-09-18T10:56:03+00:00,2026-09-18T10:56:03+00:00,bcycle_lametro_4212,9,12,,1,1,1
2026-09-18T10:57:02.419607+00:00,2026-09-18T10:56:03+00:00,2026-09-18T10:56:03+00:00,bcycle_lametro_4213,3,12,,1,1,1
2026-09-18T10:57:02.419607+00:00,2026-09-18T10:56:03+00:00,2026-09-18T10:56:03+00:00,bcycle_lametro_4214,3,21,,1,1,1
2026-09-18T10:57:02.419607+00:00,2026-09-18T10:56:03+00:00,2026-09-18T10:56:03+00:00,bcycle_lametro_4215,24,15,,1,1,1
2026-09-18T10:57:02.419607+00:00,2026-09-18T10:56:03+00:00,2026-09-18T10:56:03+00:00,bcycle_lametro_4216,8,11,,1,1,1
2026-09-18T10:57:02.419607+00:00,2026-09-18T10:56:03+00:00,2026-09-18T10:56:03+00:00,bcycle_lametro_4217,2,9,,1,1,1
2026-09-18T10:57:02.419607+00:00,2026-09-18T10:56:03+00:00,2026-09-18T10:56:03+00:00,bcycle_lametro_4220,0,15,,1,1,1
2026-09-18T10:57:02.419607+00:00,2026-09-18T10:56:03+00:00,2026-09-18T10:56:03+00:00,bcycle_lametro_4227,8,8,,1,1,1
2026-09-18T10:57:02.419607+00:00,2026-09-18T10:56:03+00:00,2026-09-18T10:56:03+00:00,bcycle_lametro_4245,9,5,,1,1,1
2026-09-18T10:57:02.419607+00:00,2026-09-18T10:56:03+00:00,2026-09-18T10:56:03+00:00,bcycle_lametro_4246,2,12,,1,1,1
2026-09-18T10:57:02.419607+00:00,2026-09-18T10:56:03+00:00,2026-09-18T10:56:03+00:00,bcycle_lametro_4247,6,2,,1,1,1
2026-09-18T10:57:02.419607+00:00,2026-09-18T10:56:03+00:00,2026-09-18T10:56:03+00:00,bcycle_lametro_4248,7,12,,1,1,1
2026-09-18T10:57:02.419607+00:00,2026-09-18T10:56:03+00:00,2026-09-18T10:56:03+00:00,bcycle_lametro_4249,10,5,,1,1,1
2026-09-18T10:57:02.419607+00:00,2026-09-18T10:56:03+00:00,2026-09-18T10:56:03+00:00,bcycle_lametro_4250,10,5,,1,1,1
2026-09-18T10:57:02.419607+00:00,2026-09-18T10:56:03+00:00,2026-09-18T10:56:03+00:00,bcycle_lametro_4254,6,9,,1,1,1
2026-09-18T10:57:02.419607+00:00,2026-09-18T10:56:03+00:00,2026-09-18T10:56:03+00:00,bcycle_lametro_4255,2,8,,1,1,1
2026-09-18T10:57:02.419607+00:00,2026-09-18T10:56:03+00:00,2026-09-18T10:56:03+00:00,bcycle_lametro_4266,6,9,,1,1,1
2026-09-18T10:57:02.419607+00:00,2026-09-18T10:56:03+00:00,2026-09-18T10:56:03+00:00,bcycle_lametro_4267,8,1,,1,1,1
2026-09-18T10:57:02.419607+00:00,2026-09-18T10:56:03+00:00,2026-09-18T10:56:03+00:00,bcycle_lametro_4273,0,15,,1,1,1
2026-09-18T10:57:02.419607+00:00,2026-09-18T10:56:03+00:00,2026-09-18T10:56:03+00:00,bcycle_lametro_4275,9,6,,1,1,1
2026-09-18T10:57:02.419607+00:00,2026-09-18T10:56:03+00:00,2026-09-18T10:56:03+00:00,bcycle_lametro_4293,6,4,,1,1,1
2026-09-18T10:57:02.419607+00:00,2026-09-18T10:56:03+00:00,2026-09-18T10:56:03+00:00,bcycle_lametro_4300,4,9,,1,1,1
2026-09-18T10:57:02.419607+00:00,2026-09-18T10:56:03+00:00,2026-09-18T10:56:03+00:00,bcycle_lametro_4301,6,4,,1,1,1
2026-09-18T10:57:02.419607+00:00,2026-09-18T10:56:03+00:00,2026-09-18T10:56:03+00:00,bcycle_lametro_4303,3,7,,1,1,1
2026-09-18T10:57:02.419607+00:00,2026-09-18T10:56:03+00:00,2026-09-18T10:56:03+00:00,bcycle_lametro_4304,9,2,,1,1,1
2026-09-18T10:57:02.419607+00:00,2026-09-18T10:56:03+00:00,2026-09-18T10:56:03+00:00,bcycle_lametro_4306,6,7,,1,1,1
2026-09-18T10:57:02.419607+00:00,2026-09-18T10:56:03+00:00,2026-09-18T10:56:03+00:00,bcycle_lametro_4311,9,3,,1,1,1
2026-09-18T10:57:02.419607+00:00,2026-09-18T10:56:03+00:00,2026-09-18T10:56:03+00:00,bcycle_lametro_4312,6,7,,1,1,1
2026-09-18T10:57:02.419607+00:00,2026-09-18T10:56:03+00:00,2026-09-18T10:56:03+00:00,bcycle_lametro_4313,8,4,,1,1,1
2026-09-18T10:57:02.419607+00:00,2026-09-18T10:56:03+00:00,2026-09-18T10:56:03+00:00,bcycle_lametro_4314,4,11,,1,1,1
2026-09-18T10:57:02.419607+00:00,2026-09-18T10:56:03+00:00,2026-09-18T10:56:03+00:00,bcycle_lametro_4315,4,4,,1,1,1
2026-09-18T10:57:02.419607+00:00,2026-09-18T10:56:03+00:00,2026-09-18T10:56:03+00:00,bcycle_lametro_4387,10,6,,1,1,1
2026-09-18T10:57:02.419607+00:00,2026-09-18T10:56:03+00:00,2026-09-18T10:56:03+00:00,bcycle_lametro_4390,9,3,,1,1,1
2026-09-18T10:57:02.419607+00:00,2026-09-18T10:56:03+00:00,2026-09-18T10:56:03+00:00,bcycle_lametro_4401,2,8,,1,1,1
2026-09-18T10:57:02.419607+00:00,2026-09-18T10:56:03+00:00,2026-09-18T10:56:03+00:00,bcycle_lametro_4404,8,7,,1,1,1
2026-09-18T10:57:02.419607+00:00,2026-09-18T10:56:03+00:00,2026-09-18T10:56:03+00:00,bcycle_lametro_4405,8,5,,1,1,1
2026-09-18T10:57:02.419607+00:00,2026-09-18T10:56:03+00:00,2026-09-18T10:56:03+00:00,bcycle_lametro_4406,3,11,,1,1,1
2026-09-18T10:57:02.419607+00:00,2026-09-18T10:56:03+00:00,2026-09-18T10:56:03+00:00,bcycle_lametro_4410,7,5,,1,1,1
2026-09-18T10:57:02.419607+00:00,2026-09-18T10:56:03+00:00,2026-09-18T10:56:03+00:00,bcycle_lametro_4436,2,7,,1,1,1
2026-09-18T10:57:02.419607+00:00,2026-09-18T10:56:03+00:00,2026-09-18T10:56:03+00:00,bcycle_lametro_4437,4,9,,1,1,1
2026-09-18T10:57:02.419607+00:00,2026-09-18T10:56:03+00:00,2026-09-18T10:56:03+00:00,bcycle_lametro_4440,4,10,,1,1,1
2026-09-18T10:57:02.419607+00:00,2026-09-18T10:56:03+00:00,2026-09-18T10:56:03+00:00,bcycle_lametro_4441,4,3,,1,1,1
2026-09-18T10:57:02.419607+00:00,2026-09-18T10:56:03+00:00,2026-09-18T10:56:03+00:00,bcycle_lametro_4442,7,4,,1,1,1
2026-09-18T10:57:02.419607+00:00,2026-09-18T10:56:03+00:00,2026-09-18T10:56:03+00:00,bcycle_lametro_4443,3,5,,1,1,1
2026-09-18T10:57:02.419607+00:00,2026-09-18T10:56:03+00:00,2026-09-18T10:56:03+00:00,bcycle_lametro_4444,2,7,,1,1,1
2026-09-18T10:57:02.419607+00:00,2026-09-18T10:56:03+00:00,2026-09-18T10:56:03+00:00,bcycle_lametro_4445,9,6,,1,1,1
2026-09-18T10:57:02.419607+00:00,2026-09-18T10:56:03+00:00,2026-09-18T10:56:03+00:00,bcycle_lametro_4446,5,3,,1,1,1
2026-09-18T10:57:02.419607+00:00,2026-09-18T10:56:03+00:00,2026-09-18T10:56:03+00:00,bcycle_lametro_4447,8,4,,1,1,1
2026-09-18T10:57:02.419607+00:00,2026-09-18T10:56:03+00:00,2026-09-18T10:56:03+00:00,bcycle_lametro_4448,9,9,,1,1,1
2026-09-18T10:57:02.419607+00:00,2026-09-18T10:56:03+00:00,2026-09-18T10:56:03+00:00,bcycle_lametro_4449,7,6,,1,1,1
2026-09-18T10:57:02.419607+00:00,2026-09-18T10:56:03+00:00,2026-09-18T10:56:03+00:00,bcycle_lametro_4450,5,9,,1,1,1
2026-09-18T10:57:02.419607+00:00,2026-09-18T10:56:03+00:00,2026-09-18T10:56:03+00:00,bcycle_lametro_4451,3,6,,1,1,1
2026-09-18T10:57:02.419607+00:00,2026-09-18T10:56:03+00:00,2026-09-18T10:56:03+00:00,bcycle_lametro_4452,3,7,,1,1,1
2026-09-18T10:57:02.419607+00:00,2026-09-18T10:56:03+00:00,2026-09-18T10:56:03+00:00,bcycle_lametro_4453,4,6,,1,1,1
2026-09-18T10:57:02.419607+00:00,2026-09-18T10:56:03+00:00,2026-09-18T10:56:03+00:00,bcycle_lametro_4454,9,5,,1,1,1
2026-09-18T10:57:02.419607+00:00,2026-09-18T10:56:03+00:00,2026-09-18T10:56:03+00:00,bcycle_lametro_4455,3,12,,1,1,1
2026-09-18T10:57:02.419607+00:00,2026-09-18T10:56:03+00:00,2026-09-18T10:56:03+00:00,bcycle_lametro_4456,2,13,,1,1,1
2026-09-18T10:57:02.419607+00:00,2026-09-18T10:56:03+00:00,2026-09-18T10:56:03+00:00,bcycle_lametro_4457,5,3,,1,1,1
2026-09-18T10:57:02.419607+00:00,2026-09-18T10:56:03+00:00,2026-09-18T10:56:03+00:00,bcycle_lametro_4472,6,10,,1,1,1
2026-09-18T10:57:02.419607+00:00,2026-09-18T10:56:03+00:00,2026-09-18T10:56:03+00:00,bcycle_lametro_4473,4,4,,1,1,1
2026-09-18T10:57:02.419607+00:00,2026-09-18T10:56:03+00:00,2026-09-18T10:56:03+00:00,bcycle_lametro_4474,3,7,,1,1,1
2026-09-18T10:57:02.419607+00:00,2026-09-18T10:56:03+00:00,2026-09-18T10:56:03+00:00,bcycle_lametro_4475,10,1,,1,1,1
2026-09-18T10:57:02.419607+00:00,2026-09-18T10:56:03+00:00,2026-09-18T10:56:03+00:00,bcycle_lametro_4476,2,12,,1,1,1
2026-09-18T10:57:02.419607+00:00,2026-09-18T10:56:03+00:00,2026-09-18T10:56:03+00:00,bcycle_lametro_4477,3,10,,1,1,1
2026-09-18T10:57:02.419607+00:00,2026-09-18T10:56:03+00:00,2026-09-18T10:56:03+00:00,bcycle_lametro_4479,3,9,,1,1,1
2026-09-18T10:57:02.419607+00:00,2026-09-18T10:56:03+00:00,2026-09-18T10:56:03+00:00,bcycle_lametro_4483,5,7,,1,1,1
2026-09-18T10:57:02.419607+00:00,2026-09-18T10:56:03+00:00,2026-09-18T10:56:03+00:00,bcycle_lametro_4487,13,3,,1,1,1
2026-09-18T10:57:02.419607+00:00,2026-09-18T10:56:03+00:00,2026-09-18T10:56:03+00:00,bcycle_lametro_4490,6,9,,1,1,1
2026-09-18T10:57:02.419607+00:00,2026-09-18T10:56:03+00:00,2026-09-18T10:56:03+00:00,bcycle_lametro_4491,6,7,,1,1,1
2026-09-18T10:57:02.419607+00:00,2026-09-18T10:56:03+00:00,2026-09-18T10:56:03+00:00,bcycle_lametro_4492,18,1,,1,1,1
2026-09-18T10:57:02.419607+00:00,2026-09-18T10:56:03+00:00,2026-09-18T10:56:03+00:00,bcycle_lametro_4493,7,8,,1,1,1
2026-09-18T10:57:02.419607+00:00,2026-09-18T10:56:03+00:00,2026-09-18T10:56:03+00:00,bcycle_lametro_4494,2,7,,1,1,1
2026-09-18T10:57:02.419607+00:00,2026-09-18T10:56:03+00:00,2026-09-18T10:56:03+00:00,bcycle_lametro_4509,3,7,,1,1,1
2026-09-18T10:57:02.419607+00:00,2026-09-18T10:56:03+00:00,2026-09-18T10:56:03+00:00,bcycle_lametro_4510,3,7,,1,1,1
2026-09-18T10:57:02.419607+00:00,2026-09-18T10:56:03+00:00,2026-09-18T10:56:03+00:00,bcycle_lametro_4511,3,16,,1,1,1
2026-09-18T10:57:02.419607+00:00,2026-09-18T10:56:03+00:00,2026-09-18T10:56:03+00:00,bcycle_lametro_4512,7,9,,1,1,1
2026-09-18T10:57:02.419607+00:00,2026-09-18T10:56:03+00:00,2026-09-18T10:56:03+00:00,bcycle_lametro_4514,12,9,,1,1,1
2026-09-18T10:57:02.419607+00:00,2026-09-18T10:56:03+00:00,2026-09-18T10:56:03+00:00,bcycle_lametro_4515,8,1,,1,1,1
2026-09-18T10:57:02.419607+00:00,2026-09-18T10:56:03+00:00,2026-09-18T10:56:03+00:00,bcycle_lametro_4517,5,6,,1,1,1
2026-09-18T10:57:02.419607+00:00,2026-09-18T10:56:03+00:00,2026-09-18T10:56:03+00:00,bcycle_lametro_4521,6,6,,1,1,1
2026-09-18T10:57:02.419607+00:00,2026-09-18T10:56:03+00:00,2026-09-18T10:56:03+00:00,bcycle_lametro_4523,5,10,,1,1,1
2026-09-18T10:57:02.419607+00:00,2026-09-18T10:56:03+00:00,2026-09-18T10:56:03+00:00,bcycle_lametro_4524,2,12,,1,1,1
2026-09-18T10:57:02.419607+00:00,2026-09-18T10:56:03+00:00,2026-09-18T10:56:03+00:00,bcycle_lametro_4525,9,1,,1,1,1
2026-09-18T10:57:02.419607+00:00,2026-09-18T10:56:03+00:00,2026-09-18T10:56:03+00:00,bcycle_lametro_4526,1,20,,1,1,1
2026-09-18T10:57:02.419607+00:00,2026-09-18T10:56:03+00:00,2026-09-18T10:56:03+00:00,bcycle_lametro_4527,4,10,,1,1,1
2026-09-18T10:57:02.419607+00:00,2026-09-18T10:56:03+00:00,2026-09-18T10:56:03+00:00,bcycle_lametro_4528,9,5,,1,1,1
2026-09-18T10:57:02.419607+00:00,2026-09-18T10:56:03+00:00,2026-09-18T10:56:03+00:00,bcycle_lametro_4529,6,7,,1,1,1
2026-09-18T10:57:02.419607+00:00,2026-09-18T10:56:03+00:00,2026-09-18T10:56:03+00:00,bcycle_lametro_4534,8,7,,1,1,1
2026-09-18T10:57:02.419607+00:00,2026-09-18T10:56:03+00:00,2026-09-18T10:56:03+00:00,bcycle_lametro_4536,6,4,,1,1,1
2026-09-18T10:57:02.419607+00:00,2026-09-18T10:56:03+00:00,2026-09-18T10:56:03+00:00,bcycle_lametro_4537,9,7,,1,1,1
2026-09-18T10:57:02.419607+00:00,2026-09-18T10:56:03+00:00,2026-09-18T10:56:03+00:00,bcycle_lametro_4538,5,2,,1,1,1
2026-09-18T10:57:02.419607+00:00,2026-09-18T10:56:03+00:00,2026-09-18T10:56:03+00:00,bcycle_lametro_4540,7,7,,1,1,1
2026-09-18T10:57:02.419607+00:00,2026-09-18T10:56:03+00:00,2026-09-18T10:56:03+00:00,bcycle_lametro_4543,6,2,,1,1,1
2026-09-18T10:57:02.419607+00:00,2026-09-18T10:56:03+00:00,2026-09-18T10:56:03+00:00,bcycle_lametro_4544,5,9,,1,1,1
2026-09-18T10:57:02.419607+00:00,2026-09-18T10:56:03+00:00,2026-09-18T10:56:03+00:00,bcycle_lametro_4545,0,8,,1,1,1
2026-09-18T10:57:02.419607+00:00,2026-09-18T10:56:03+00:00,2026-09-18T10:56:03+00:00,bcycle_lametro_4546,10,9,,1,1,1
2026-09-18T10:57:02.419607+00:00,2026-09-18T10:56:03+00:00,2026-09-18T10:56:03+00:00,bcycle_lametro_4547,0,10,,1,1,1
2026-09-18T10:57:02.419607+00:00,2026-09-18T10:56:03+00:00,2026-09-18T10:56:03+00:00,bcycle_lametro_4548,8,3,,0,0,1
2026-09-18T10:57:02.419607+00:00,2026-09-18T10:56:03+00:00,2026-09-18T10:56:03+00:00,bcycle_lametro_4549,8,8,,1,1,1
2026-09-18T10:57:02.419607+00:00,2026-09-18T10:56:03+00:00,2026-09-18T10:56:03+00:00,bcycle_lametro_4552,9,3,,1,1,1
2026-09-18T10:57:02.419607+00:00,2026-09-18T10:56:03+00:00,2026-09-18T10:56:03+00:00,bcycle_lametro_4553,2,7,,1,1,1
2026-09-18T10:57:02.419607+00:00,2026-09-18T10:56:03+00:00,2026-09-18T10:56:03+00:00,bcycle_lametro_4554,5,6,,1,1,1
2026-09-18T10:57:02.419607+00:00,2026-09-18T10:56:03+00:00,2026-09-18T10:56:03+00:00,bcycle_lametro_4555,6,2,,1,1,1
2026-09-18T10:57:02.419607+00:00,2026-09-18T10:56:03+00:00,2026-09-18T10:56:03+00:00,bcycle_lametro_4556,1,12,,1,1,1
2026-09-18T10:57:02.419607+00:00,2026-09-18T10:56:03+00:00,2026-09-18T10:56:03+00:00,bcycle_lametro_4557,8,3,,1,1,1
2026-09-18T10:57:02.419607+00:00,2026-09-18T10:56:03+00:00,2026-09-18T10:56:03+00:00,bcycle_lametro_4558,2,15,,1,1,1
2026-09-18T10:57:02.419607+00:00,2026-09-18T10:56:03+00:00,2026-09-18T10:56:03+00:00,bcycle_lametro_4561,1,8,,1,1,1
2026-09-18T10:57:02.419607+00:00,2026-09-18T10:56:03+00:00,2026-09-18T10:56:03+00:00,bcycle_lametro_4562,7,7,,1,1,1
2026-09-18T10:57:02.419607+00:00,2026-09-18T10:56:03+00:00,2026-09-18T10:56:03+00:00,bcycle_lametro_4563,4,5,,1,1,1
2026-09-18T10:57:02.419607+00:00,2026-09-18T10:56:03+00:00,2026-09-18T10:56:03+00:00,bcycle_lametro_4564,9,6,,1,1,1
2026-09-18T10:57:02.419607+00:00,2026-09-18T10:56:03+00:00,2026-09-18T10:56:03+00:00,bcycle_lametro_4565,2,10,,1,1,1
2026-09-18T10:57:02.419607+00:00,2026-09-18T10:56:03+00:00,2026-09-18T10:56:03+00:00,bcycle_lametro_4566,8,7,,1,1,1
2026-09-18T10:57:02.419607+00:00,2026-09-18T10:56:03+00:00,2026-09-18T10:56:03+00:00,bcycle_lametro_4567,8,3,,1,1,1
2026-09-18T10:57:02.419607+00:00,2026-09-18T10:56:03+00:00,2026-09-18T10:56:03+00:00,bcycle_lametro_4568,0,14,,1,1,1
2026-09-18T10:57:02.419607+00:00,2026-09-18T10:56:03+00:00,2026-09-18T10:56:03+00:00,bcycle_lametro_4569,0,9,,1,1,1
2026-09-18T10:57:02.419607+00:00,2026-09-18T10:56:03+00:00,2026-09-18T10:56:03+00:00,bcycle_lametro_4570,11,4,,1,1,1
2026-09-18T10:57:02.419607+00:00,2026-09-18T10:56:03+00:00,2026-09-18T10:56:03+00:00,bcycle_lametro_4571,5,2,,1,1,1
2026-09-18T10:57:02.419607+00:00,2026-09-18T10:56:03+00:00,2026-09-18T10:56:03+00:00,bcycle_lametro_4575,7,4,,1,1,1
2026-09-18T10:57:02.419607+00:00,2026-09-18T10:56:03+00:00,2026-09-18T10:56:03+00:00,bcycle_lametro_4576,9,2,,1,1,1
2026-09-18T10:57:02.419607+00:00,2026-09-18T10:56:03+00:00,2026-09-18T10:56:03+00:00,bcycle_lametro_4578,4,3,,1,1,1
2026-09-18T10:57:02.419607+00:00,2026-09-18T10:56:03+00:00,2026-09-18T10:56:03+00:00,bcycle_lametro_4579,4,8,,1,1,1
2026-09-18T10:57:02.419607+00:00,2026-09-18T10:56:03+00:00,2026-09-18T10:56:03+00:00,bcycle_lametro_4580,4,4,,1,1,1
2026-09-18T10:57:02.419607+00:00,2026-09-18T10:56:03+00:00,2026-09-18T10:56:03+00:00,bcycle_lametro_4581,6,10,,1,1,1
2026-09-18T10:57:02.419607+00:00,2026-09-18T10:56:03+00:00,2026-09-18T10:56:03+00:00,bcycle_lametro_4583,8,10,,1,1,1
2026-09-18T10:57:02.419607+00:00,2026-09-18T10:56:03+00:00,2026-09-18T10:56:03+00:00,bcycle_lametro_4584,13,1,,1,1,1
2026-09-18T10:57:02.419607+00:00,2026-09-18T10:56:03+00:00,2026-09-18T10:56:03+00:00,bcycle_lametro_4587,7,4,,1,1,1
2026-09-18T10:57:02.419607+00:00,2026-09-18T10:56:03+00:00,2026-09-18T10:56:03+00:00,bcycle_lametro_4595,2,15,,1,1,1
2026-09-18T10:57:02.419607+00:00,2026-09-18T10:56:03+00:00,2026-09-18T10:56:03+00:00,bcycle_lametro_4596,4,11,,1,1,1
2026-09-18T10:57:02.419607+00:00,2026-09-18T10:56:03+00:00,2026-09-18T10:56:03+00:00,bcycle_lametro_4597,2,9,,1,1,1
2026-09-18T10:57:02.419607+00:00,2026-09-18T10:56:03+00:00,2026-09-18T10:56:03+00:00,bcycle_lametro_4598,2,7,,1,1,1
2026-09-18T10:57:02.419607+00:00,2026-09-18T10:56:03+00:00,2026-09-18T10:56:03+00:00,bcycle_lametro_4599,4,7,,1,1,1
2026-09-18T10:57:02.419607+00:00,2026-09-18T10:56:03+00:00,2026-09-18T10:56:03+00:00,bcycle_lametro_4600,5,5,,1,1,1
2026-09-18T10:57:02.419607+00:00,2026-09-18T10:56:03+00:00,2026-09-18T10:56:03+00:00,bcycle_lametro_4601,6,5,,1,1,1
2026-09-18T10:57:02.419607+00:00,2026-09-18T10:56:03+00:00,2026-09-18T10:56:03+00:00,bcycle_lametro_4603,8,10,,1,1,1
2026-09-18T10:57:02.419607+00:00,2026-09-18T10:56:03+00:00,2026-09-18T10:56:03+00:00,bcycle_lametro_4604,10,2,,1,1,1
2026-09-18T10:57:02.419607+00:00,2026-09-18T10:56:03+00:00,2026-09-18T10:56:03+00:00,bcycle_lametro_4605,5,8,,1,1,1
2026-09-18T10:57:02.419607+00:00,2026-09-18T10:56:03+00:00,2026-09-18T10:56:03+00:00,bcycle_lametro_4606,7,13,,1,1,1
2026-09-18T10:57:02.419607+00:00,2026-09-18T10:56:03+00:00,2026-09-18T10:56:03+00:00,bcycle_lametro_4613,5,12,,0,0,1
2026-09-18T10:57:02.419607+00:00,2026-09-18T10:56:03+00:00,2026-09-18T10:56:03+00:00,bcycle_lametro_4614,2,18,,1,1,1
2026-09-18T10:57:02.419607+00:00,2026-09-18T10:56:03+00:00,2026-09-18T10:56:03+00:00,bcycle_lametro_4627,6,11,,1,1,1
2026-09-18T10:57:02.419607+00:00,2026-09-18T10:56:03+00:00,2026-09-18T10:56:03+00:00,bcycle_lametro_4628,10,3,,1,1,1
2026-09-18T10:57:02.419607+00:00,2026-09-18T10:56:03+00:00,2026-09-18T10:56:03+00:00,bcycle_lametro_4632,6,9,,1,1,1
2026-09-18T10:57:02.419607+00:00,2026-09-18T10:56:03+00:00,2026-09-18T10:56:03+00:00,bcycle_lametro_4643,2,18,,1,1,1
2026-09-18T10:57:02.419607+00:00,2026-09-18T10:56:03+00:00,2026-09-18T10:56:03+00:00,bcycle_lametro_4644,4,8,,1,1,1
2026-09-18T10:57:02.419607+00:00,2026-09-18T10:56:03+00:00,2026-09-18T10:56:03+00:00,bcycle_lametro_4645,7,5,,1,1,1
2026-09-18T10:57:02.419607+00:00,2026-09-18T10:56:03+00:00,2026-09-18T10:56:03+00:00,bcycle_lametro_4652,6,5,,1,1,1
2026-09-18T10:57:02.419607+00:00,2026-09-18T10:56:03+00:00,2026-09-18T10:56:03+00:00,bcycle_lametro_4660,3,14,,1,1,1
2026-09-18T10:57:02.419607+00:00,2026-09-18T10:56:03+00:00,2026-09-18T10:56:03+00:00,bcycle_lametro_4664,17,3,,1,1,1
2026-09-18T10:57:02.419607+00:00,2026-09-18T10:56:03+00:00,2026-09-18T10:56:03+00:00,bcycle_lametro_4672,6,8,,1,1,1
2026-09-18T10:57:02.419607+00:00,2026-09-18T10:56:03+00:00,2026-09-18T10:56:03+00:00,bcycle_lametro_4680,4,14,,1,1,1
2026-09-18T10:57:02.419607+00:00,2026-09-18T10:56:03+00:00,2026-09-18T10:56:03+00:00,bcycle_lametro_4689,14,1,,1,1,1
2026-09-18T10:57:02.419607+00:00,2026-09-18T10:56:03+00:00,2026-09-18T10:56:03+00:00,bcycle_lametro_4690,11,2,,1,1,1
2026-09-18T10:57:02.419607+00:00,2026-09-18T10:56:03+00:00,2026-09-18T10:56:03+00:00,bcycle_lametro_4696,7,7,,1,1,1
2026-09-18T10:57:02.419607+00:00,2026-09-18T10:56:03+00:00,2026-09-18T10:56:03+00:00,bcycle_lametro_4697,2,13,,1,1,1
2026-09-18T10:57:02.419607+00:00,2026-09-18T10:56:03+00:00,2026-09-18T10:56:03+00:00,bcycle_lametro_4698,3,10,,0,0,1
2026-09-18T10:57:02.419607+00:00,2026-09-18T10:56:03+00:00,2026-09-18T10:56:03+00:00,bcycle_lametro_4699,11,4,,1,1,1
2026-09-18T10:57:02.419607+00:00,2026-09-18T10:56:03+00:00,2026-09-18T10:56:03+00:00,bcycle_lametro_4700,10,7,,1,1,1
2026-09-18T10:57:02.419607+00:00,2026-09-18T10:56:03+00:00,2026-09-18T10:56:03+00:00,bcycle_lametro_4707,9,4,,1,1,1
2026-09-18T10:57:02.419607+00:00,2026-09-18T10:56:03+00:00,2026-09-18T10:56:03+00:00,bcycle_lametro_4729,2,10,,1,1,1
2026-09-18T10:57:02.419607+00:00,2026-09-18T10:56:03+00:00,2026-09-18T10:56:03+00:00,bcycle_lametro_4730,10,3,,1,1,1
2026-09-18T10:57:02.419607+00:00,2026-09-18T10:56:03+00:00,2026-09-18T10:56:03+00:00,bcycle_lametro_4732,14,6,,1,1,1
2026-09-18T10:57:02.419607+00:00,2026-09-18T10:56:03+00:00,2026-09-18T10:56:03+00:00,bcycle_lametro_4733,3,20,,1,1,1
2026-09-18T10:57:02.419607+00:00,2026-09-18T10:56:03+00:00,2026-09-18T10:56:03+00:00,bcycle_lametro_4734,2,12,,1,1,1
2026-09-18T10:57:02.419607+00:00,2026-09-18T10:56:03+00:00,2026-09-18T10:56:03+00:00,bcycle_lametro_4735,5,7,,1,1,1
2026-09-18T10:57:02.419607+00:00,2026-09-18T10:56:03+00:00,2026-09-18T10:56:03+00:00,bcycle_lametro_4736,7,8,,1,1,1
2026-09-18T10:57:02.419607+00:00,2026-09-18T10:56:03+00:00,2026-09-18T10:56:03+00:00,bcycle_lametro_4740,10,11,,1,1,1
2026-09-18T10:57:02.419607+00:00,2026-09-18T10:56:03+00:00,2026-09-18T10:56:03+00:00,bcycle_lametro_4745,2,9,,1,1,1
2026-09-18T14:53:09.440421+00:00,2026-09-18T14:53:03+00:00,2026-09-18T14:53:03+00:00,bcycle_lametro_3005,21,9,,1,1,1
2026-09-18T14:53:09.440421+00:00,2026-09-18T14:53:03+00:00,2026-09-18T14:53:03+00:00,bcycle_lametro_3006,9,20,,1,1,1
2026-09-18T14:53:09.440421+00:00,2026-09-18T14:53:03+00:00,2026-09-18T14:53:03+00:00,bcycle_lametro_3007,11,11,,1,1,1
2026-09-18T14:53:09.440421+00:00,2026-09-18T14:53:03+00:00,2026-09-18T14:53:03+00:00,bcycle_lametro_3008,5,7,,1,1,1
2026-09-18T14:53:09.440421+00:00,2026-09-18T14:53:03+00:00,2026-09-18T14:53:03+00:00,bcycle_lametro_3010,6,8,,1,1,1
2026-09-18T14:53:09.440421+00:00,2026-09-18T14:53:03+00:00,2026-09-18T14:53:03+00:00,bcycle_lametro_3011,1,15,,1,1,1
2026-09-18T14:53:09.440421+00:00,2026-09-18T14:53:03+00:00,2026-09-18T14:53:03+00:00,bcycle_lametro_3014,20,8,,1,1,1
2026-09-18T14:53:09.440421+00:00,2026-09-18T14:53:03+00:00,2026-09-18T14:53:03+00:00,bcycle_lametro_3016,9,6,,1,1,1
2026-09-18T14:53:09.440421+00:00,2026-09-18T14:53:03+00:00,2026-09-18T14:53:03+00:00,bcycle_lametro_3018,6,12,,1,1,1
2026-09-18T14:53:09.440421+00:00,2026-09-18T14:53:03+00:00,2026-09-18T14:53:03+00:00,bcycle_lametro_3019,12,7,,1,1,1
2026-09-18T14:53:09.440421+00:00,2026-09-18T14:53:03+00:00,2026-09-18T14:53:03+00:00,bcycle_lametro_3020,5,10,,1,1,1
2026-09-18T14:53:09.440421+00:00,2026-09-18T14:53:03+00:00,2026-09-18T14:53:03+00:00,bcycle_lametro_3022,11,9,,1,1,1
2026-09-18T14:53:09.440421+00:00,2026-09-18T14:53:03+00:00,2026-09-18T14:53:03+00:00,bcycle_lametro_3024,9,6,,1,1,1
2026-09-18T14:53:09.440421+00:00,2026-09-18T14:53:03+00:00,2026-09-18T14:53:03+00:00,bcycle_lametro_3025,8,6,,1,1,1
2026-09-18T14:53:09.440421+00:00,2026-09-18T14:53:03+00:00,2026-09-18T14:53:03+00:00,bcycle_lametro_3026,3,12,,1,1,1
2026-09-18T14:53:09.440421+00:00,2026-09-18T14:53:03+00:00,2026-09-18T14:53:03+00:00,bcycle_lametro_3027,8,7,,1,1,1
2026-09-18T14:53:09.440421+00:00,2026-09-18T14:53:03+00:00,2026-09-18T14:53:03+00:00,bcycle_lametro_3030,5,24,,1,1,1
2026-09-18T14:53:09.440421+00:00,2026-09-18T14:53:03+00:00,2026-09-18T14:53:03+00:00,bcycle_lametro_3032,12,15,,1,1,1
2026-09-18T14:53:09.440421+00:00,2026-09-18T14:53:03+00:00,2026-09-18T14:53:03+00:00,bcycle_lametro_3033,6,6,,1,1,1
2026-09-18T14:53:09.440421+00:00,2026-09-18T14:53:03+00:00,2026-09-18T14:53:03+00:00,bcycle_lametro_3034,15,7,,1,1,1
2026-09-18T14:53:09.440421+00:00,2026-09-18T14:53:03+00:00,2026-09-18T14:53:03+00:00,bcycle_lametro_3035,9,13,,1,1,1
2026-09-18T14:53:09.440421+00:00,2026-09-18T14:53:03+00:00,2026-09-18T14:53:03+00:00,bcycle_lametro_3036,8,7,,1,1,1
2026-09-18T14:53:09.440421+00:00,2026-09-18T14:53:03+00:00,2026-09-18T14:53:03+00:00,bcycle_lametro_3037,9,8,,1,1,1
2026-09-18T14:53:09.440421+00:00,2026-09-18T14:53:03+00:00,2026-09-18T14:53:03+00:00,bcycle_lametro_3040,2,1,,1,1,1
2026-09-18T14:53:09.440421+00:00,2026-09-18T14:53:03+00:00,2026-09-18T14:53:03+00:00,bcycle_lametro_3042,7,21,,1,1,1
2026-09-18T14:53:09.440421+00:00,2026-09-18T14:53:03+00:00,2026-09-18T14:53:03+00:00,bcycle_lametro_3045,7,2,,1,1,1
2026-09-18T14:53:09.440421+00:00,2026-09-18T14:53:03+00:00,2026-09-18T14:53:03+00:00,bcycle_lametro_3046,6,11,,1,1,1
2026-09-18T14:53:09.440421+00:00,2026-09-18T14:53:03+00:00,2026-09-18T14:53:03+00:00,bcycle_lametro_3047,10,15,,1,1,1
2026-09-18T14:53:09.440421+00:00,2026-09-18T14:53:03+00:00,2026-09-18T14:53:03+00:00,bcycle_lametro_3048,5,11,,1,1,1
2026-09-18T14:53:09.440421+00:00,2026-09-18T14:53:03+00:00,2026-09-18T14:53:03+00:00,bcycle_lametro_3052,5,14,,1,1,1
2026-09-18T14:53:09.440421+00:00,2026-09-18T14:53:03+00:00,2026-09-18T14:53:03+00:00,bcycle_lametro_3054,8,7,,1,1,1
2026-09-18T14:53:09.440421+00:00,2026-09-18T14:53:03+00:00,2026-09-18T14:53:03+00:00,bcycle_lametro_3056,3,12,,1,1,1
2026-09-18T14:53:09.440421+00:00,2026-09-18T14:53:03+00:00,2026-09-18T14:53:03+00:00,bcycle_lametro_3058,8,7,,1,1,1
2026-09-18T14:53:09.440421+00:00,2026-09-18T14:53:03+00:00,2026-09-18T14:53:03+00:00,bcycle_lametro_3062,11,4,,1,1,1
2026-09-18T14:53:09.440421+00:00,2026-09-18T14:53:03+00:00,2026-09-18T14:53:03+00:00,bcycle_lametro_3063,11,11,,1,1,1
2026-09-18T14:53:09.440421+00:00,2026-09-18T14:53:03+00:00,2026-09-18T14:53:03+00:00,bcycle_lametro_3064,5,12,,1,1,1
2026-09-18T14:53:09.440421+00:00,2026-09-18T14:53:03+00:00,2026-09-18T14:53:03+00:00,bcycle_lametro_3065,6,9,,1,1,1
2026-09-18T14:53:09.440421+00:00,2026-09-18T14:53:03+00:00,2026-09-18T14:53:03+00:00,bcycle_lametro_3066,14,1,,1,1,1
2026-09-18T14:53:09.440421+00:00,2026-09-18T14:53:03+00:00,2026-09-18T14:53:03+00:00,bcycle_lametro_3068,7,7,,1,1,1
2026-09-18T14:53:09.440421+00:00,2026-09-18T14:53:03+00:00,2026-09-18T14:53:03+00:00,bcycle_lametro_3069,10,7,,1,1,1
2026-09-18T14:53:09.440421+00:00,2026-09-18T14:53:03+00:00,2026-09-18T14:53:03+00:00,bcycle_lametro_3074,6,16,,1,1,1
2026-09-18T14:53:09.440421+00:00,2026-09-18T14:53:03+00:00,2026-09-18T14:53:03+00:00,bcycle_lametro_3075,3,10,,1,1,1
2026-09-18T14:53:09.440421+00:00,2026-09-18T14:53:03+00:00,2026-09-18T14:53:03+00:00,bcycle_lametro_3076,4,7,,1,1,1
2026-09-18T14:53:09.440421+00:00,2026-09-18T14:53:03+00:00,2026-09-18T14:53:03+00:00,bcycle_lametro_3077,11,2,,1,1,1
2026-09-18T14:53:09.440421+00:00,2026-09-18T14:53:03+00:00,2026-09-18T14:53:03+00:00,bcycle_lametro_3078,10,5,,1,1,1
2026-09-18T14:53:09.440421+00:00,2026-09-18T14:53:03+00:00,2026-09-18T14:53:03+00:00,bcycle_lametro_3079,6,7,,1,1,1
2026-09-18T14:53:09.440421+00:00,2026-09-18T14:53:03+00:00,2026-09-18T14:53:03+00:00,bcycle_lametro_3081,6,6,,1,1,1
2026-09-18T14:53:09.440421+00:00,2026-09-18T14:53:03+00:00,2026-09-18T14:53:03+00:00,bcycle_lametro_3082,15,7,,1,1,1
2026-09-18T14:53:09.440421+00:00,2026-09-18T14:53:03+00:00,2026-09-18T14:53:03+00:00,bcycle_lametro_4202,8,12,,1,1,1
2026-09-18T14:53:09.440421+00:00,2026-09-18T14:53:03+00:00,2026-09-18T14:53:03+00:00,bcycle_lametro_4204,9,6,,1,1,1
2026-09-18T14:53:09.440421+00:00,2026-09-18T14:53:03+00:00,2026-09-18T14:53:03+00:00,bcycle_lametro_4205,2,14,,1,1,1
2026-09-18T14:53:09.440421+00:00,2026-09-18T14:53:03+00:00,2026-09-18T14:53:03+00:00,bcycle_lametro_4206,12,11,,1,1,1
2026-09-18T14:53:09.440421+00:00,2026-09-18T14:53:03+00:00,2026-09-18T14:53:03+00:00,bcycle_lametro_4207,5,13,,1,1,1
2026-09-18T14:53:09.440421+00:00,2026-09-18T14:53:03+00:00,2026-09-18T14:53:03+00:00,bcycle_lametro_4208,5,12,,1,1,1
2026-09-18T14:53:09.440421+00:00,2026-09-18T14:53:03+00:00,2026-09-18T14:53:03+00:00,bcycle_lametro_4209,5,18,,1,1,1
2026-09-18T14:53:09.440421+00:00,2026-09-18T14:53:03+00:00,2026-09-18T14:53:03+00:00,bcycle_lametro_4210,6,9,,1,1,1
2026-09-18T14:53:09.440421+00:00,2026-09-18T14:53:03+00:00,2026-09-18T14:53:03+00:00,bcycle_lametro_4211,6,8,,1,1,1
2026-09-18T14:53:09.440421+00:00,2026-09-18T14:53:03+00:00,2026-09-18T14:53:03+00:00,bcycle_lametro_4212,9,12,,1,1,1
2026-09-18T14:53:09.440421+00:00,2026-09-18T14:53:03+00:00,2026-09-18T14:53:03+00:00,bcycle_lametro_4213,3,12,,1,1,1
2026-09-18T14:53:09.440421+00:00,2026-09-18T14:53:03+00:00,2026-09-18T14:53:03+00:00,bcycle_lametro_4214,5,19,,1,1,1
2026-09-18T14:53:09.440421+00:00,2026-09-18T14:53:03+00:00,2026-09-18T14:53:03+00:00,bcycle_lametro_4215,24,15,,1,1,1
2026-09-18T14:53:09.440421+00:00,2026-09-18T14:53:03+00:00,2026-09-18T14:53:03+00:00,bcycle_lametro_4216,8,11,,1,1,1
2026-09-18T14:53:09.440421+00:00,2026-09-18T14:53:03+00:00,2026-09-18T14:53:03+00:00,bcycle_lametro_4217,2,9,,1,1,1
2026-09-18T14:53:09.440421+00:00,2026-09-18T14:53:03+00:00,2026-09-18T14:53:03+00:00,bcycle_lametro_4220,0,15,,1,1,1
2026-09-18T14:53:09.440421+00:00,2026-09-18T14:53:03+00:00,2026-09-18T14:53:03+00:00,bcycle_lametro_4227,8,8,,1,1,1
2026-09-18T14:53:09.440421+00:00,2026-09-18T14:53:03+00:00,2026-09-18T14:53:03+00:00,bcycle_lametro_4245,10,4,,1,1,1
2026-09-18T14:53:09.440421+00:00,2026-09-18T14:53:03+00:00,2026-09-18T14:53:03+00:00,bcycle_lametro_4246,2,12,,1,1,1
2026-09-18T14:53:09.440421+00:00,2026-09-18T14:53:03+00:00,2026-09-18T14:53:03+00:00,bcycle_lametro_4247,6,2,,1,1,1
2026-09-18T14:53:09.440421+00:00,2026-09-18T14:53:03+00:00,2026-09-18T14:53:03+00:00,bcycle_lametro_4248,7,12,,1,1,1
2026-09-18T14:53:09.440421+00:00,2026-09-18T14:53:03+00:00,2026-09-18T14:53:03+00:00,bcycle_lametro_4249,10,5,,1,1,1
2026-09-18T14:53:09.440421+00:00,2026-09-18T14:53:03+00:00,2026-09-18T14:53:03+00:00,bcycle_lametro_4250,9,6,,1,1,1
2026-09-18T14:53:09.440421+00:00,2026-09-18T14:53:03+00:00,2026-09-18T14:53:03+00:00,bcycle_lametro_4254,6,9,,1,1,1
2026-09-18T14:53:09.440421+00:00,2026-09-18T14:53:03+00:00,2026-09-18T14:53:03+00:00,bcycle_lametro_4255,2,8,,1,1,1
2026-09-18T14:53:09.440421+00:00,2026-09-18T14:53:03+00:00,2026-09-18T14:53:03+00:00,bcycle_lametro_4266,6,9,,1,1,1
2026-09-18T14:53:09.440421+00:00,2026-09-18T14:53:03+00:00,2026-09-18T14:53:03+00:00,bcycle_lametro_4267,8,1,,1,1,1
2026-09-18T14:53:09.440421+00:00,2026-09-18T14:53:03+00:00,2026-09-18T14:53:03+00:00,bcycle_lametro_4273,2,13,,1,1,1
2026-09-18T14:53:09.440421+00:00,2026-09-18T14:53:03+00:00,2026-09-18T14:53:03+00:00,bcycle_lametro_4275,9,6,,1,1,1
2026-09-18T14:53:09.440421+00:00,2026-09-18T14:53:03+00:00,2026-09-18T14:53:03+00:00,bcycle_lametro_4293,7,3,,1,1,1
2026-09-18T14:53:09.440421+00:00,2026-09-18T14:53:03+00:00,2026-09-18T14:53:03+00:00,bcycle_lametro_4300,4,9,,1,1,1
2026-09-18T14:53:09.440421+00:00,2026-09-18T14:53:03+00:00,2026-09-18T14:53:03+00:00,bcycle_lametro_4301,6,4,,1,1,1
2026-09-18T14:53:09.440421+00:00,2026-09-18T14:53:03+00:00,2026-09-18T14:53:03+00:00,bcycle_lametro_4303,3,7,,1,1,1
2026-09-18T14:53:09.440421+00:00,2026-09-18T14:53:03+00:00,2026-09-18T14:53:03+00:00,bcycle_lametro_4304,9,2,,1,1,1
2026-09-18T14:53:09.440421+00:00,2026-09-18T14:53:03+00:00,2026-09-18T14:53:03+00:00,bcycle_lametro_4306,6,7,,1,1,1
2026-09-18T14:53:09.440421+00:00,2026-09-18T14:53:03+00:00,2026-09-18T14:53:03+00:00,bcycle_lametro_4311,8,4,,1,1,1
2026-09-18T14:53:09.440421+00:00,2026-09-18T14:53:03+00:00,2026-09-18T14:53:03+00:00,bcycle_lametro_4312,6,7,,1,1,1
2026-09-18T14:53:09.440421+00:00,2026-09-18T14:53:03+00:00,2026-09-18T14:53:03+00:00,bcycle_lametro_4313,8,4,,1,1,1
2026-09-18T14:53:09.440421+00:00,2026-09-18T14:53:03+00:00,2026-09-18T14:53:03+00:00,bcycle_lametro_4314,4,11,,1,1,1
2026-09-18T14:53:09.440421+00:00,2026-09-18T14:53:03+00:00,2026-09-18T14:53:03+00:00,bcycle_lametro_4315,4,4,,1,1,1
2026-09-18T14:53:09.440421+00:00,2026-09-18T14:53:03+00:00,2026-09-18T14:53:03+00:00,bcycle_lametro_4387,10,6,,1,1,1
2026-09-18T14:53:09.440421+00:00,2026-09-18T14:53:03+00:00,2026-09-18T14:53:03+00:00,bcycle_lametro_4390,8,4,,1,1,1
2026-09-18T14:53:09.440421+00:00,2026-09-18T14:53:03+00:00,2026-09-18T14:53:03+00:00,bcycle_lametro_4401,2,8,,1,1,1
2026-09-18T14:53:09.440421+00:00,2026-09-18T14:53:03+00:00,2026-09-18T14:53:03+00:00,bcycle_lametro_4404,8,7,,1,1,1
2026-09-18T14:53:09.440421+00:00,2026-09-18T14:53:03+00:00,2026-09-18T14:53:03+00:00,bcycle_lametro_4405,7,6,,1,1,1
2026-09-18T14:53:09.440421+00:00,2026-09-18T14:53:03+00:00,2026-09-18T14:53:03+00:00,bcycle_lametro_4406,2,12,,1,1,1
2026-09-18T14:53:09.440421+00:00,2026-09-18T14:53:03+00:00,2026-09-18T14:53:03+00:00,bcycle_lametro_4410,7,5,,1,1,1
2026-09-18T14:53:09.440421+00:00,2026-09-18T14:53:03+00:00,2026-09-18T14:53:03+00:00,bcycle_lametro_4436,2,7,,1,1,1
2026-09-18T14:53:09.440421+00:00,2026-09-18T14:53:03+00:00,2026-09-18T14:53:03+00:00,bcycle_lametro_4437,4,9,,1,1,1
2026-09-18T14:53:09.440421+00:00,2026-09-18T14:53:03+00:00,2026-09-18T14:53:03+00:00,bcycle_lametro_4440,4,10,,1,1,1
2026-09-18T14:53:09.440421+00:00,2026-09-18T14:53:03+00:00,2026-09-18T14:53:03+00:00,bcycle_lametro_4441,4,3,,1,1,1
2026-09-18T14:53:09.440421+00:00,2026-09-18T14:53:03+00:00,2026-09-18T14:53:03+00:00,bcycle_lametro_4442,7,4,,1,1,1
2026-09-18T14:53:09.440421+00:00,2026-09-18T14:53:03+00:00,2026-09-18T14:53:03+00:00,bcycle_lametro_4443,4,4,,1,1,1
2026-09-18T14:53:09.440421+00:00,2026-09-18T14:53:03+00:00,2026-09-18T14:53:03+00:00,bcycle_lametro_4444,2,7,,1,1,1
2026-09-18T14:53:09.440421+00:00,2026-09-18T14:53:03+00:00,2026-09-18T14:53:03+00:00,bcycle_lametro_4445,8,7,,1,1,1
2026-09-18T14:53:09.440421+00:00,2026-09-18T14:53:03+00:00,2026-09-18T14:53:03+00:00,bcycle_lametro_4446,4,4,,1,1,1
2026-09-18T14:53:09.440421+00:00,2026-09-18T14:53:03+00:00,2026-09-18T14:53:03+00:00,bcycle_lametro_4447,8,4,,1,1,1
2026-09-18T14:53:09.440421+00:00,2026-09-18T14:53:03+00:00,2026-09-18T14:53:03+00:00,bcycle_lametro_4448,10,8,,1,1,1
2026-09-18T14:53:09.440421+00:00,2026-09-18T14:53:03+00:00,2026-09-18T14:53:03+00:00,bcycle_lametro_4449,8,5,,1,1,1
2026-09-18T14:53:09.440421+00:00,2026-09-18T14:53:03+00:00,2026-09-18T14:53:03+00:00,bcycle_lametro_4450,5,9,,1,1,1
2026-09-18T14:53:09.440421+00:00,2026-09-18T14:53:03+00:00,2026-09-18T14:53:03+00:00,bcycle_lametro_4451,3,6,,1,1,1
2026-09-18T14:53:09.440421+00:00,2026-09-18T14:53:03+00:00,2026-09-18T14:53:03+00:00,bcycle_lametro_4452,3,7,,1,1,1
2026-09-18T14:53:09.440421+00:00,2026-09-18T14:53:03+00:00,2026-09-18T14:53:03+00:00,bcycle_lametro_4453,4,6,,1,1,1
2026-09-18T14:53:09.440421+00:00,2026-09-18T14:53:03+00:00,2026-09-18T14:53:03+00:00,bcycle_lametro_4454,8,6,,1,1,1
2026-09-18T14:53:09.440421+00:00,2026-09-18T14:53:03+00:00,2026-09-18T14:53:03+00:00,bcycle_lametro_4455,3,12,,1,1,1
2026-09-18T14:53:09.440421+00:00,2026-09-18T14:53:03+00:00,2026-09-18T14:53:03+00:00,bcycle_lametro_4456,2,13,,1,1,1
2026-09-18T14:53:09.440421+00:00,2026-09-18T14:53:03+00:00,2026-09-18T14:53:03+00:00,bcycle_lametro_4457,5,3,,1,1,1
2026-09-18T14:53:09.440421+00:00,2026-09-18T14:53:03+00:00,2026-09-18T14:53:03+00:00,bcycle_lametro_4472,6,10,,1,1,1
2026-09-18T14:53:09.440421+00:00,2026-09-18T14:53:03+00:00,2026-09-18T14:53:03+00:00,bcycle_lametro_4473,4,4,,1,1,1
2026-09-18T14:53:09.440421+00:00,2026-09-18T14:53:03+00:00,2026-09-18T14:53:03+00:00,bcycle_lametro_4474,3,7,,1,1,1
2026-09-18T14:53:09.440421+00:00,2026-09-18T14:53:03+00:00,2026-09-18T14:53:03+00:00,bcycle_lametro_4475,10,1,,1,1,1
2026-09-18T14:53:09.440421+00:00,2026-09-18T14:53:03+00:00,2026-09-18T14:53:03+00:00,bcycle_lametro_4476,2,12,,1,1,1
2026-09-18T14:53:09.440421+00:00,2026-09-18T14:53:03+00:00,2026-09-18T14:53:03+00:00,bcycle_lametro_4477,3,10,,1,1,1
2026-09-18T14:53:09.440421+00:00,2026-09-18T14:53:03+00:00,2026-09-18T14:53:03+00:00,bcycle_lametro_4479,3,9,,1,1,1
2026-09-18T14:53:09.440421+00:00,2026-09-18T14:53:03+00:00,2026-09-18T14:53:03+00:00,bcycle_lametro_4483,5,7,,1,1,1
2026-09-18T14:53:09.440421+00:00,2026-09-18T14:53:03+00:00,2026-09-18T14:53:03+00:00,bcycle_lametro_4487,13,3,,1,1,1
2026-09-18T14:53:09.440421+00:00,2026-09-18T14:53:03+00:00,2026-09-18T14:53:03+00:00,bcycle_lametro_4490,7,8,,1,1,1
2026-09-18T14:53:09.440421+00:00,2026-09-18T14:53:03+00:00,2026-09-18T14:53:03+00:00,bcycle_lametro_4491,6,7,,1,1,1
2026-09-18T14:53:09.440421+00:00,2026-09-18T14:53:03+00:00,2026-09-18T14:53:03+00:00,bcycle_lametro_4492,8,11,,1,1,1
2026-09-18T14:53:09.440421+00:00,2026-09-18T14:53:03+00:00,2026-09-18T14:53:03+00:00,bcycle_lametro_4493,7,8,,1,1,1
2026-09-18T14:53:09.440421+00:00,2026-09-18T14:53:03+00:00,2026-09-18T14:53:03+00:00,bcycle_lametro_4494,2,7,,1,1,1
2026-09-18T14:53:09.440421+00:00,2026-09-18T14:53:03+00:00,2026-09-18T14:53:03+00:00,bcycle_lametro_4509,3,7,,1,1,1
2026-09-18T14:53:09.440421+00:00,2026-09-18T14:53:03+00:00,2026-09-18T14:53:03+00:00,bcycle_lametro_4510,3,7,,1,1,1
2026-09-18T14:53:09.440421+00:00,2026-09-18T14:53:03+00:00,2026-09-18T14:53:03+00:00,bcycle_lametro_4511,3,16,,1,1,1
2026-09-18T14:53:09.440421+00:00,2026-09-18T14:53:03+00:00,2026-09-18T14:53:03+00:00,bcycle_lametro_4512,8,8,,1,1,1
2026-09-18T14:53:09.440421+00:00,2026-09-18T14:53:03+00:00,2026-09-18T14:53:03+00:00,bcycle_lametro_4514,12,9,,1,1,1
2026-09-18T14:53:09.440421+00:00,2026-09-18T14:53:03+00:00,2026-09-18T14:53:03+00:00,bcycle_lametro_4515,8,1,,1,1,1
2026-09-18T14:53:09.440421+00:00,2026-09-18T14:53:03+00:00,2026-09-18T14:53:03+00:00,bcycle_lametro_4517,5,6,,1,1,1
2026-09-18T14:53:09.440421+00:00,2026-09-18T14:53:03+00:00,2026-09-18T14:53:03+00:00,bcycle_lametro_4521,6,6,,1,1,1
2026-09-18T14:53:09.440421+00:00,2026-09-18T14:53:03+00:00,2026-09-18T14:53:03+00:00,bcycle_lametro_4523,5,10,,1,1,1
2026-09-18T14:53:09.440421+00:00,2026-09-18T14:53:03+00:00,2026-09-18T14:53:03+00:00,bcycle_lametro_4524,2,12,,1,1,1
2026-09-18T14:53:09.440421+00:00,2026-09-18T14:53:03+00:00,2026-09-18T14:53:03+00:00,bcycle_lametro_4525,8,2,,1,1,1
2026-09-18T14:53:09.440421+00:00,2026-09-18T14:53:03+00:00,2026-09-18T14:53:03+00:00,bcycle_lametro_4526,1,20,,1,1,1
2026-09-18T14:53:09.440421+00:00,2026-09-18T14:53:03+00:00,2026-09-18T14:53:03+00:00,bcycle_lametro_4527,4,10,,1,1,1
2026-09-18T14:53:09.440421+00:00,2026-09-18T14:53:03+00:00,2026-09-18T14:53:03+00:00,bcycle_lametro_4528,9,5,,1,1,1
2026-09-18T14:53:09.440421+00:00,2026-09-18T14:53:03+00:00,2026-09-18T14:53:03+00:00,bcycle_lametro_4529,6,7,,1,1,1
2026-09-18T14:53:09.440421+00:00,2026-09-18T14:53:03+00:00,2026-09-18T14:53:03+00:00,bcycle_lametro_4534,7,8,,1,1,1
2026-09-18T14:53:09.440421+00:00,2026-09-18T14:53:03+00:00,2026-09-18T14:53:03+00:00,bcycle_lametro_4536,6,4,,1,1,1
2026-09-18T14:53:09.440421+00:00,2026-09-18T14:53:03+00:00,2026-09-18T14:53:03+00:00,bcycle_lametro_4537,9,7,,1,1,1
2026-09-18T14:53:09.440421+00:00,2026-09-18T14:53:03+00:00,2026-09-18T14:53:03+00:00,bcycle_lametro_4538,5,2,,1,1,1
2026-09-18T14:53:09.440421+00:00,2026-09-18T14:53:03+00:00,2026-09-18T14:53:03+00:00,bcycle_lametro_4540,7,7,,1,1,1
2026-09-18T14:53:09.440421+00:00,2026-09-18T14:53:03+00:00,2026-09-18T14:53:03+00:00,bcycle_lametro_4543,6,2,,1,1,1
2026-09-18T14:53:09.440421+00:00,2026-09-18T14:53:03+00:00,2026-09-18T14:53:03+00:00,bcycle_lametro_4544,5,9,,1,1,1
2026-09-18T14:53:09.440421+00:00,2026-09-18T14:53:03+00:00,2026-09-18T14:53:03+00:00,bcycle_lametro_4545,0,8,,1,1,1
2026-09-18T14:53:09.440421+00:00,2026-09-18T14:53:03+00:00,2026-09-18T14:53:03+00:00,bcycle_lametro_4546,10,9,,1,1,1
2026-09-18T14:53:09.440421+00:00,2026-09-18T14:53:03+00:00,2026-09-18T14:53:03+00:00,bcycle_lametro_4547,0,10,,1,1,1
2026-09-18T14:53:09.440421+00:00,2026-09-18T14:53:03+00:00,2026-09-18T14:53:03+00:00,bcycle_lametro_4548,8,3,,0,0,1
2026-09-18T14:53:09.440421+00:00,2026-09-18T14:53:03+00:00,2026-09-18T14:53:03+00:00,bcycle_lametro_4549,8,8,,1,1,1
2026-09-18T14:53:09.440421+00:00,2026-09-18T14:53:03+00:00,2026-09-18T14:53:03+00:00,bcycle_lametro_4552,9,3,,1,1,1
2026-09-18T14:53:09.440421+00:00,2026-09-18T14:53:03+00:00,2026-09-18T14:53:03+00:00,bcycle_lametro_4553,2,7,,1,1,1
2026-09-18T14:53:09.440421+00:00,2026-09-18T14:53:03+00:00,2026-09-18T14:53:03+00:00,bcycle_lametro_4554,5,6,,1,1,1
2026-09-18T14:53:09.440421+00:00,2026-09-18T14:53:03+00:00,2026-09-18T14:53:03+00:00,bcycle_lametro_4555,5,3,,1,1,1
2026-09-18T14:53:09.440421+00:00,2026-09-18T14:53:03+00:00,2026-09-18T14:53:03+00:00,bcycle_lametro_4556,1,12,,1,1,1
2026-09-18T14:53:09.440421+00:00,2026-09-18T14:53:03+00:00,2026-09-18T14:53:03+00:00,bcycle_lametro_4557,8,3,,1,1,1
2026-09-18T14:53:09.440421+00:00,2026-09-18T14:53:03+00:00,2026-09-18T14:53:03+00:00,bcycle_lametro_4558,2,15,,1,1,1
2026-09-18T14:53:09.440421+00:00,2026-09-18T14:53:03+00:00,2026-09-18T14:53:03+00:00,bcycle_lametro_4561,1,8,,1,1,1
2026-09-18T14:53:09.440421+00:00,2026-09-18T14:53:03+00:00,2026-09-18T14:53:03+00:00,bcycle_lametro_4562,7,7,,1,1,1
2026-09-18T14:53:09.440421+00:00,2026-09-18T14:53:03+00:00,2026-09-18T14:53:03+00:00,bcycle_lametro_4563,4,5,,1,1,1
2026-09-18T14:53:09.440421+00:00,2026-09-18T14:53:03+00:00,2026-09-18T14:53:03+00:00,bcycle_lametro_4564,10,5,,1,1,1
2026-09-18T14:53:09.440421+00:00,2026-09-18T14:53:03+00:00,2026-09-18T14:53:03+00:00,bcycle_lametro_4565,2,10,,1,1,1
2026-09-18T14:53:09.440421+00:00,2026-09-18T14:53:03+00:00,2026-09-18T14:53:03+00:00,bcycle_lametro_4566,8,7,,1,1,1
2026-09-18T14:53:09.440421+00:00,2026-09-18T14:53:03+00:00,2026-09-18T14:53:03+00:00,bcycle_lametro_4567,8,3,,1,1,1
2026-09-18T14:53:09.440421+00:00,2026-09-18T14:53:03+00:00,2026-09-18T14:53:03+00:00,bcycle_lametro_4568,6,8,,1,1,1
2026-09-18T14:53:09.440421+00:00,2026-09-18T14:53:03+00:00,2026-09-18T14:53:03+00:00,bcycle_lametro_4569,0,9,,1,1,1
2026-09-18T14:53:09.440421+00:00,2026-09-18T14:53:03+00:00,2026-09-18T14:53:03+00:00,bcycle_lametro_4570,11,4,,1,1,1
2026-09-18T14:53:09.440421+00:00,2026-09-18T14:53:03+00:00,2026-09-18T14:53:03+00:00,bcycle_lametro_4571,5,2,,1,1,1
2026-09-18T14:53:09.440421+00:00,2026-09-18T14:53:03+00:00,2026-09-18T14:53:03+00:00,bcycle_lametro_4575,7,4,,1,1,1
2026-09-18T14:53:09.440421+00:00,2026-09-18T14:53:03+00:00,2026-09-18T14:53:03+00:00,bcycle_lametro_4576,9,2,,1,1,1
2026-09-18T14:53:09.440421+00:00,2026-09-18T14:53:03+00:00,2026-09-18T14:53:03+00:00,bcycle_lametro_4578,5,2,,1,1,1
2026-09-18T14:53:09.440421+00:00,2026-09-18T14:53:03+00:00,2026-09-18T14:53:03+00:00,bcycle_lametro_4579,4,8,,1,1,1
2026-09-18T14:53:09.440421+00:00,2026-09-18T14:53:03+00:00,2026-09-18T14:53:03+00:00,bcycle_lametro_4580,4,4,,1,1,1
2026-09-18T14:53:09.440421+00:00,2026-09-18T14:53:03+00:00,2026-09-18T14:53:03+00:00,bcycle_lametro_4581,6,10,,1,1,1
2026-09-18T14:53:09.440421+00:00,2026-09-18T14:53:03+00:00,2026-09-18T14:53:03+00:00,bcycle_lametro_4583,9,9,,1,1,1
2026-09-18T14:53:09.440421+00:00,2026-09-18T14:53:03+00:00,2026-09-18T14:53:03+00:00,bcycle_lametro_4584,13,1,,1,1,1
2026-09-18T14:53:09.440421+00:00,2026-09-18T14:53:03+00:00,2026-09-18T14:53:03+00:00,bcycle_lametro_4587,7,4,,1,1,1
2026-09-18T14:53:09.440421+00:00,2026-09-18T14:53:03+00:00,2026-09-18T14:53:03+00:00,bcycle_lametro_4595,2,15,,1,1,1
2026-09-18T14:53:09.440421+00:00,2026-09-18T14:53:03+00:00,2026-09-18T14:53:03+00:00,bcycle_lametro_4596,4,11,,1,1,1
2026-09-18T14:53:09.440421+00:00,2026-09-18T14:53:03+00:00,2026-09-18T14:53:03+00:00,bcycle_lametro_4597,2,9,,1,1,1
2026-09-18T14:53:09.440421+00:00,2026-09-18T14:53:03+00:00,2026-09-18T14:53:03+00:00,bcycle_lametro_4598,1,8,,1,1,1
2026-09-18T14:53:09.440421+00:00,2026-09-18T14:53:03+00:00,2026-09-18T14:53:03+00:00,bcycle_lametro_4599,4,7,,1,1,1
2026-09-18T14:53:09.440421+00:00,2026-09-18T14:53:03+00:00,2026-09-18T14:53:03+00:00,bcycle_lametro_4600,4,6,,1,1,1
2026-09-18T14:53:09.440421+00:00,2026-09-18T14:53:03+00:00,2026-09-18T14:53:03+00:00,bcycle_lametro_4601,6,5,,1,1,1
2026-09-18T14:53:09.440421+00:00,2026-09-18T14:53:03+00:00,2026-09-18T14:53:03+00:00,bcycle_lametro_4603,8,10,,1,1,1
2026-09-18T14:53:09.440421+00:00,2026-09-18T14:53:03+00:00,2026-09-18T14:53:03+00:00,bcycle_lametro_4604,10,2,,1,1,1
2026-09-18T14:53:09.440421+00:00,2026-09-18T14:53:03+00:00,2026-09-18T14:53:03+00:00,bcycle_lametro_4605,6,7,,1,1,1
2026-09-18T14:53:09.440421+00:00,2026-09-18T14:53:03+00:00,2026-09-18T14:53:03+00:00,bcycle_lametro_4606,8,12,,1,1,1
2026-09-18T14:53:09.440421+00:00,2026-09-18T14:53:03+00:00,2026-09-18T14:53:03+00:00,bcycle_lametro_4613,7,12,,1,1,1
2026-09-18T14:53:09.440421+00:00,2026-09-18T14:53:03+00:00,2026-09-18T14:53:03+00:00,bcycle_lametro_4614,2,18,,1,1,1
2026-09-18T14:53:09.440421+00:00,2026-09-18T14:53:03+00:00,2026-09-18T14:53:03+00:00,bcycle_lametro_4627,5,12,,1,1,1
2026-09-18T14:53:09.440421+00:00,2026-09-18T14:53:03+00:00,2026-09-18T14:53:03+00:00,bcycle_lametro_4628,10,3,,1,1,1
2026-09-18T14:53:09.440421+00:00,2026-09-18T14:53:03+00:00,2026-09-18T14:53:03+00:00,bcycle_lametro_4632,6,9,,1,1,1
2026-09-18T14:53:09.440421+00:00,2026-09-18T14:53:03+00:00,2026-09-18T14:53:03+00:00,bcycle_lametro_4643,2,18,,1,1,1
2026-09-18T14:53:09.440421+00:00,2026-09-18T14:53:03+00:00,2026-09-18T14:53:03+00:00,bcycle_lametro_4644,4,8,,1,1,1
2026-09-18T14:53:09.440421+00:00,2026-09-18T14:53:03+00:00,2026-09-18T14:53:03+00:00,bcycle_lametro_4645,6,6,,1,1,1
2026-09-18T14:53:09.440421+00:00,2026-09-18T14:53:03+00:00,2026-09-18T14:53:03+00:00,bcycle_lametro_4652,6,5,,1,1,1
2026-09-18T14:53:09.440421+00:00,2026-09-18T14:53:03+00:00,2026-09-18T14:53:03+00:00,bcycle_lametro_4660,3,14,,1,1,1
2026-09-18T14:53:09.440421+00:00,2026-09-18T14:53:03+00:00,2026-09-18T14:53:03+00:00,bcycle_lametro_4664,17,3,,1,1,1
2026-09-18T14:53:09.440421+00:00,2026-09-18T14:53:03+00:00,2026-09-18T14:53:03+00:00,bcycle_lametro_4672,5,9,,1,1,1
2026-09-18T14:53:09.440421+00:00,2026-09-18T14:53:03+00:00,2026-09-18T14:53:03+00:00,bcycle_lametro_4680,3,15,,1,1,1
2026-09-18T14:53:09.440421+00:00,2026-09-18T14:53:03+00:00,2026-09-18T14:53:03+00:00,bcycle_lametro_4689,14,1,,1,1,1
2026-09-18T14:53:09.440421+00:00,2026-09-18T14:53:03+00:00,2026-09-18T14:53:03+00:00,bcycle_lametro_4690,11,2,,1,1,1
2026-09-18T14:53:09.440421+00:00,2026-09-18T14:53:03+00:00,2026-09-18T14:53:03+00:00,bcycle_lametro_4696,7,7,,1,1,1
2026-09-18T14:53:09.440421+00:00,2026-09-18T14:53:03+00:00,2026-09-18T14:53:03+00:00,bcycle_lametro_4697,2,13,,1,1,1
2026-09-18T14:53:09.440421+00:00,2026-09-18T14:53:03+00:00,2026-09-18T14:53:03+00:00,bcycle_lametro_4698,3,10,,0,0,1
2026-09-18T14:53:09.440421+00:00,2026-09-18T14:53:03+00:00,2026-09-18T14:53:03+00:00,bcycle_lametro_4699,11,4,,1,1,1
2026-09-18T14:53:09.440421+00:00,2026-09-18T14:53:03+00:00,2026-09-18T14:53:03+00:00,bcycle_lametro_4700,10,7,,1,1,1
2026-09-18T14:53:09.440421+00:00,2026-09-18T14:53:03+00:00,2026-09-18T14:53:03+00:00,bcycle_lametro_4707,9,4,,1,1,1
2026-09-18T14:53:09.440421+00:00,2026-09-18T14:53:03+00:00,2026-09-18T14:53:03+00:00,bcycle_lametro_4729,2,10,,1,1,1
2026-09-18T14:53:09.440421+00:00,2026-09-18T14:53:03+00:00,2026-09-18T14:53:03+00:00,bcycle_lametro_4730,10,3,,1,1,1
2026-09-18T14:53:09.440421+00:00,2026-09-18T14:53:03+00:00,2026-09-18T14:53:03+00:00,bcycle_lametro_4732,15,5,,1,1,1
2026-09-18T14:53:09.440421+00:00,2026-09-18T14:53:03+00:00,2026-09-18T14:53:03+00:00,bcycle_lametro_4733,3,20,,1,1,1
2026-09-18T14:53:09.440421+00:00,2026-09-18T14:53:03+00:00,2026-09-18T14:53:03+00:00,bcycle_lametro_4734,2,12,,1,1,1
2026-09-18T14:53:09.440421+00:00,2026-09-18T14:53:03+00:00,2026-09-18T14:53:03+00:00,bcycle_lametro_4735,5,7,,1,1,1
2026-09-18T14:53:09.440421+00:00,2026-09-18T14:53:03+00:00,2026-09-18T14:53:03+00:00,bcycle_lametro_4736,7,8,,1,1,1
2026-09-18T14:53:09.440421+00:00,2026-09-18T14:53:03+00:00,2026-09-18T14:53:03+00:00,bcycle_lametro_4740,8,13,,1,1,1
2026-09-18T14:53:09.440421+00:00,2026-09-18T14:53:03+00:00,2026-09-18T14:53:03+00:00,bcycle_lametro_4745,2,9,,1,1,1
2026-09-18T18:13:56.808457+00:00,2026-09-18T18:13:58+00:00,2026-09-18T18:13:58+00:00,bcycle_lametro_3005,10,20,,1,1,1
2026-09-18T18:13:56.808457+00:00,2026-09-18T18:13:58+00:00,2026-09-18T18:13:58+00:00,bcycle_lametro_3006,9,20,,1,1,1
2026-09-18T18:13:56.808457+00:00,2026-09-18T18:13:58+00:00,2026-09-18T18:13:58+00:00,bcycle_lametro_3007,13,9,,1,1,1
2026-09-18T18:13:56.808457+00:00,2026-09-18T18:13:58+00:00,2026-09-18T18:13:58+00:00,bcycle_lametro_3008,5,7,,1,1,1
2026-09-18T18:13:56.808457+00:00,2026-09-18T18:13:58+00:00,2026-09-18T18:13:58+00:00,bcycle_lametro_3010,6,8,,1,1,1
2026-09-18T18:13:56.808457+00:00,2026-09-18T18:13:58+00:00,2026-09-18T18:13:58+00:00,bcycle_lametro_3011,12,4,,1,1,1
2026-09-18T18:13:56.808457+00:00,2026-09-18T18:13:58+00:00,2026-09-18T18:13:58+00:00,bcycle_lametro_3014,20,8,,1,1,1
2026-09-18T18:13:56.808457+00:00,2026-09-18T18:13:58+00:00,2026-09-18T18:13:58+00:00,bcycle_lametro_3016,10,5,,1,1,1
2026-09-18T18:13:56.808457+00:00,2026-09-18T18:13:58+00:00,2026-09-18T18:13:58+00:00,bcycle_lametro_3018,6,12,,1,1,1
2026-09-18T18:13:56.808457+00:00,2026-09-18T18:13:58+00:00,2026-09-18T18:13:58+00:00,bcycle_lametro_3019,12,7,,1,1,1
2026-09-18T18:13:56.808457+00:00,2026-09-18T18:13:58+00:00,2026-09-18T18:13:58+00:00,bcycle_lametro_3020,5,10,,1,1,1
2026-09-18T18:13:56.808457+00:00,2026-09-18T18:13:58+00:00,2026-09-18T18:13:58+00:00,bcycle_lametro_3022,10,10,,1,1,1
2026-09-18T18:13:56.808457+00:00,2026-09-18T18:13:58+00:00,2026-09-18T18:13:58+00:00,bcycle_lametro_3024,7,8,,1,1,1
2026-09-18T18:13:56.808457+00:00,2026-09-18T18:13:58+00:00,2026-09-18T18:13:58+00:00,bcycle_lametro_3025,8,6,,1,1,1
2026-09-18T18:13:56.808457+00:00,2026-09-18T18:13:58+00:00,2026-09-18T18:13:58+00:00,bcycle_lametro_3026,1,14,,1,1,1
2026-09-18T18:13:56.808457+00:00,2026-09-18T18:13:58+00:00,2026-09-18T18:13:58+00:00,bcycle_lametro_3027,9,6,,1,1,1
2026-09-18T18:13:56.808457+00:00,2026-09-18T18:13:58+00:00,2026-09-18T18:13:58+00:00,bcycle_lametro_3030,6,23,,1,1,1
2026-09-18T18:13:56.808457+00:00,2026-09-18T18:13:58+00:00,2026-09-18T18:13:58+00:00,bcycle_lametro_3032,13,14,,1,1,1
2026-09-18T18:13:56.808457+00:00,2026-09-18T18:13:58+00:00,2026-09-18T18:13:58+00:00,bcycle_lametro_3033,6,6,,1,1,1
2026-09-18T18:13:56.808457+00:00,2026-09-18T18:13:58+00:00,2026-09-18T18:13:58+00:00,bcycle_lametro_3034,14,8,,1,1,1
2026-09-18T18:13:56.808457+00:00,2026-09-18T18:13:58+00:00,2026-09-18T18:13:58+00:00,bcycle_lametro_3035,7,15,,1,1,1
2026-09-18T18:13:56.808457+00:00,2026-09-18T18:13:58+00:00,2026-09-18T18:13:58+00:00,bcycle_lametro_3036,10,5,,1,1,1
2026-09-18T18:13:56.808457+00:00,2026-09-18T18:13:58+00:00,2026-09-18T18:13:58+00:00,bcycle_lametro_3037,10,7,,1,1,1
2026-09-18T18:13:56.808457+00:00,2026-09-18T18:13:58+00:00,2026-09-18T18:13:58+00:00,bcycle_lametro_3040,2,1,,1,1,1
2026-09-18T18:13:56.808457+00:00,2026-09-18T18:13:58+00:00,2026-09-18T18:13:58+00:00,bcycle_lametro_3042,6,22,,1,1,1
2026-09-18T18:13:56.808457+00:00,2026-09-18T18:13:58+00:00,2026-09-18T18:13:58+00:00,bcycle_lametro_3045,7,2,,1,1,1
2026-09-18T18:13:56.808457+00:00,2026-09-18T18:13:58+00:00,2026-09-18T18:13:58+00:00,bcycle_lametro_3046,5,12,,1,1,1
2026-09-18T18:13:56.808457+00:00,2026-09-18T18:13:58+00:00,2026-09-18T18:13:58+00:00,bcycle_lametro_3047,12,13,,1,1,1
2026-09-18T18:13:56.808457+00:00,2026-09-18T18:13:58+00:00,2026-09-18T18:13:58+00:00,bcycle_lametro_3048,5,11,,1,1,1
2026-09-18T18:13:56.808457+00:00,2026-09-18T18:13:58+00:00,2026-09-18T18:13:58+00:00,bcycle_lametro_3052,5,14,,1,1,1
2026-09-18T18:13:56.808457+00:00,2026-09-18T18:13:58+00:00,2026-09-18T18:13:58+00:00,bcycle_lametro_3054,8,7,,1,1,1
2026-09-18T18:13:56.808457+00:00,2026-09-18T18:13:58+00:00,2026-09-18T18:13:58+00:00,bcycle_lametro_3056,3,12,,1,1,1
2026-09-18T18:13:56.808457+00:00,2026-09-18T18:13:58+00:00,2026-09-18T18:13:58+00:00,bcycle_lametro_3058,7,8,,1,1,1
2026-09-18T18:13:56.808457+00:00,2026-09-18T18:13:58+00:00,2026-09-18T18:13:58+00:00,bcycle_lametro_3062,11,4,,1,1,1
2026-09-18T18:13:56.808457+00:00,2026-09-18T18:13:58+00:00,2026-09-18T18:13:58+00:00,bcycle_lametro_3063,12,10,,1,1,1
2026-09-18T18:13:56.808457+00:00,2026-09-18T18:13:58+00:00,2026-09-18T18:13:58+00:00,bcycle_lametro_3064,4,13,,1,1,1
2026-09-18T18:13:56.808457+00:00,2026-09-18T18:13:58+00:00,2026-09-18T18:13:58+00:00,bcycle_lametro_3065,6,9,,1,1,1
2026-09-18T18:13:56.808457+00:00,2026-09-18T18:13:58+00:00,2026-09-18T18:13:58+00:00,bcycle_lametro_3066,13,2,,1,1,1
2026-09-18T18:13:56.808457+00:00,2026-09-18T18:13:58+00:00,2026-09-18T18:13:58+00:00,bcycle_lametro_3068,6,8,,1,1,1
2026-09-18T18:13:56.808457+00:00,2026-09-18T18:13:58+00:00,2026-09-18T18:13:58+00:00,bcycle_lametro_3069,8,9,,1,1,1
2026-09-18T18:13:56.808457+00:00,2026-09-18T18:13:58+00:00,2026-09-18T18:13:58+00:00,bcycle_lametro_3074,7,15,,0,0,1
2026-09-18T18:13:56.808457+00:00,2026-09-18T18:13:58+00:00,2026-09-18T18:13:58+00:00,bcycle_lametro_3075,2,11,,1,1,1
2026-09-18T18:13:56.808457+00:00,2026-09-18T18:13:58+00:00,2026-09-18T18:13:58+00:00,bcycle_lametro_3076,4,7,,1,1,1
2026-09-18T18:13:56.808457+00:00,2026-09-18T18:13:58+00:00,2026-09-18T18:13:58+00:00,bcycle_lametro_3077,11,2,,1,1,1
2026-09-18T18:13:56.808457+00:00,2026-09-18T18:13:58+00:00,2026-09-18T18:13:58+00:00,bcycle_lametro_3078,10,5,,1,1,1
2026-09-18T18:13:56.808457+00:00,2026-09-18T18:13:58+00:00,2026-09-18T18:13:58+00:00,bcycle_lametro_3079,6,7,,1,1,1
2026-09-18T18:13:56.808457+00:00,2026-09-18T18:13:58+00:00,2026-09-18T18:13:58+00:00,bcycle_lametro_3081,6,6,,1,1,1
2026-09-18T18:13:56.808457+00:00,2026-09-18T18:13:58+00:00,2026-09-18T18:13:58+00:00,bcycle_lametro_3082,16,6,,1,1,1
2026-09-18T18:13:56.808457+00:00,2026-09-18T18:13:58+00:00,2026-09-18T18:13:58+00:00,bcycle_lametro_4202,8,12,,1,1,1
2026-09-18T18:13:56.808457+00:00,2026-09-18T18:13:58+00:00,2026-09-18T18:13:58+00:00,bcycle_lametro_4204,8,7,,1,1,1
2026-09-18T18:13:56.808457+00:00,2026-09-18T18:13:58+00:00,2026-09-18T18:13:58+00:00,bcycle_lametro_4205,2,14,,1,1,1
2026-09-18T18:13:56.808457+00:00,2026-09-18T18:13:58+00:00,2026-09-18T18:13:58+00:00,bcycle_lametro_4206,15,8,,1,1,1
2026-09-18T18:13:56.808457+00:00,2026-09-18T18:13:58+00:00,2026-09-18T18:13:58+00:00,bcycle_lametro_4207,5,13,,1,1,1
2026-09-18T18:13:56.808457+00:00,2026-09-18T18:13:58+00:00,2026-09-18T18:13:58+00:00,bcycle_lametro_4208,5,12,,1,1,1
2026-09-18T18:13:56.808457+00:00,2026-09-18T18:13:58+00:00,2026-09-18T18:13:58+00:00,bcycle_lametro_4209,8,15,,1,1,1
2026-09-18T18:13:56.808457+00:00,2026-09-18T18:13:58+00:00,2026-09-18T18:13:58+00:00,bcycle_lametro_4210,6,9,,1,1,1
2026-09-18T18:13:56.808457+00:00,2026-09-18T18:13:58+00:00,2026-09-18T18:13:58+00:00,bcycle_lametro_4211,5,9,,1,1,1
2026-09-18T18:13:56.808457+00:00,2026-09-18T18:13:58+00:00,2026-09-18T18:13:58+00:00,bcycle_lametro_4212,8,13,,1,1,1
2026-09-18T18:13:56.808457+00:00,2026-09-18T18:13:58+00:00,2026-09-18T18:13:58+00:00,bcycle_lametro_4213,2,13,,1,1,1
2026-09-18T18:13:56.808457+00:00,2026-09-18T18:13:58+00:00,2026-09-18T18:13:58+00:00,bcycle_lametro_4214,1,23,,1,1,1
2026-09-18T18:13:56.808457+00:00,2026-09-18T18:13:58+00:00,2026-09-18T18:13:58+00:00,bcycle_lametro_4215,18,21,,1,1,1
2026-09-18T18:13:56.808457+00:00,2026-09-18T18:13:58+00:00,2026-09-18T18:13:58+00:00,bcycle_lametro_4216,9,10,,1,1,1
2026-09-18T18:13:56.808457+00:00,2026-09-18T18:13:58+00:00,2026-09-18T18:13:58+00:00,bcycle_lametro_4217,2,9,,1,1,1
2026-09-18T18:13:56.808457+00:00,2026-09-18T18:13:58+00:00,2026-09-18T18:13:58+00:00,bcycle_lametro_4220,8,7,,1,1,1
2026-09-18T18:13:56.808457+00:00,2026-09-18T18:13:58+00:00,2026-09-18T18:13:58+00:00,bcycle_lametro_4227,8,8,,1,1,1
2026-09-18T18:13:56.808457+00:00,2026-09-18T18:13:58+00:00,2026-09-18T18:13:58+00:00,bcycle_lametro_4245,9,5,,1,1,1
2026-09-18T18:13:56.808457+00:00,2026-09-18T18:13:58+00:00,2026-09-18T18:13:58+00:00,bcycle_lametro_4246,2,12,,1,1,1
2026-09-18T18:13:56.808457+00:00,2026-09-18T18:13:58+00:00,2026-09-18T18:13:58+00:00,bcycle_lametro_4247,4,4,,1,1,1
2026-09-18T18:13:56.808457+00:00,2026-09-18T18:13:58+00:00,2026-09-18T18:13:58+00:00,bcycle_lametro_4248,6,13,,1,1,1
2026-09-18T18:13:56.808457+00:00,2026-09-18T18:13:58+00:00,2026-09-18T18:13:58+00:00,bcycle_lametro_4249,11,3,,1,1,1
2026-09-18T18:13:56.808457+00:00,2026-09-18T18:13:58+00:00,2026-09-18T18:13:58+00:00,bcycle_lametro_4250,7,8,,1,1,1
2026-09-18T18:13:56.808457+00:00,2026-09-18T18:13:58+00:00,2026-09-18T18:13:58+00:00,bcycle_lametro_4254,5,10,,1,1,1
2026-09-18T18:13:56.808457+00:00,2026-09-18T18:13:58+00:00,2026-09-18T18:13:58+00:00,bcycle_lametro_4255,2,8,,1,1,1
2026-09-18T18:13:56.808457+00:00,2026-09-18T18:13:58+00:00,2026-09-18T18:13:58+00:00,bcycle_lametro_4266,6,9,,1,1,1
2026-09-18T18:13:56.808457+00:00,2026-09-18T18:13:58+00:00,2026-09-18T18:13:58+00:00,bcycle_lametro_4267,8,1,,0,0,1
2026-09-18T18:13:56.808457+00:00,2026-09-18T18:13:58+00:00,2026-09-18T18:13:58+00:00,bcycle_lametro_4273,5,10,,1,1,1
2026-09-18T18:13:56.808457+00:00,2026-09-18T18:13:58+00:00,2026-09-18T18:13:58+00:00,bcycle_lametro_4275,8,7,,1,1,1
2026-09-18T18:13:56.808457+00:00,2026-09-18T18:13:58+00:00,2026-09-18T18:13:58+00:00,bcycle_lametro_4293,7,3,,1,1,1
2026-09-18T18:13:56.808457+00:00,2026-09-18T18:13:58+00:00,2026-09-18T18:13:58+00:00,bcycle_lametro_4300,5,8,,1,1,1
2026-09-18T18:13:56.808457+00:00,2026-09-18T18:13:58+00:00,2026-09-18T18:13:58+00:00,bcycle_lametro_4301,6,4,,1,1,1
2026-09-18T18:13:56.808457+00:00,2026-09-18T18:13:58+00:00,2026-09-18T18:13:58+00:00,bcycle_lametro_4303,4,6,,1,1,1
2026-09-18T18:13:56.808457+00:00,2026-09-18T18:13:58+00:00,2026-09-18T18:13:58+00:00,bcycle_lametro_4304,9,2,,1,1,1
2026-09-18T18:13:56.808457+00:00,2026-09-18T18:13:58+00:00,2026-09-18T18:13:58+00:00,bcycle_lametro_4306,6,7,,1,1,1
2026-09-18T18:13:56.808457+00:00,2026-09-18T18:13:58+00:00,2026-09-18T18:13:58+00:00,bcycle_lametro_4311,9,3,,1,1,1
2026-09-18T18:13:56.808457+00:00,2026-09-18T18:13:58+00:00,2026-09-18T18:13:58+00:00,bcycle_lametro_4312,6,7,,1,1,1
2026-09-18T18:13:56.808457+00:00,2026-09-18T18:13:58+00:00,2026-09-18T18:13:58+00:00,bcycle_lametro_4313,8,4,,1,1,1
2026-09-18T18:13:56.808457+00:00,2026-09-18T18:13:58+00:00,2026-09-18T18:13:58+00:00,bcycle_lametro_4314,4,11,,1,1,1
2026-09-18T18:13:56.808457+00:00,2026-09-18T18:13:58+00:00,2026-09-18T18:13:58+00:00,bcycle_lametro_4315,4,4,,1,1,1
2026-09-18T18:13:56.808457+00:00,2026-09-18T18:13:58+00:00,2026-09-18T18:13:58+00:00,bcycle_lametro_4387,10,6,,1,1,1
2026-09-18T18:13:56.808457+00:00,2026-09-18T18:13:58+00:00,2026-09-18T18:13:58+00:00,bcycle_lametro_4390,8,4,,1,1,1
2026-09-18T18:13:56.808457+00:00,2026-09-18T18:13:58+00:00,2026-09-18T18:13:58+00:00,bcycle_lametro_4401,2,8,,1,1,1
2026-09-18T18:13:56.808457+00:00,2026-09-18T18:13:58+00:00,2026-09-18T18:13:58+00:00,bcycle_lametro_4404,8,7,,1,1,1
2026-09-18T18:13:56.808457+00:00,2026-09-18T18:13:58+00:00,2026-09-18T18:13:58+00:00,bcycle_lametro_4405,7,6,,1,1,1
2026-09-18T18:13:56.808457+00:00,2026-09-18T18:13:58+00:00,2026-09-18T18:13:58+00:00,bcycle_lametro_4406,2,12,,1,1,1
2026-09-18T18:13:56.808457+00:00,2026-09-18T18:13:58+00:00,2026-09-18T18:13:58+00:00,bcycle_lametro_4410,7,5,,1,1,1
2026-09-18T18:13:56.808457+00:00,2026-09-18T18:13:58+00:00,2026-09-18T18:13:58+00:00,bcycle_lametro_4436,2,7,,1,1,1
2026-09-18T18:13:56.808457+00:00,2026-09-18T18:13:58+00:00,2026-09-18T18:13:58+00:00,bcycle_lametro_4437,1,12,,1,1,1
2026-09-18T18:13:56.808457+00:00,2026-09-18T18:13:58+00:00,2026-09-18T18:13:58+00:00,bcycle_lametro_4440,4,10,,1,1,1
2026-09-18T18:13:56.808457+00:00,2026-09-18T18:13:58+00:00,2026-09-18T18:13:58+00:00,bcycle_lametro_4441,4,3,,1,1,1
2026-09-18T18:13:56.808457+00:00,2026-09-18T18:13:58+00:00,2026-09-18T18:13:58+00:00,bcycle_lametro_4442,7,4,,1,1,1
2026-09-18T18:13:56.808457+00:00,2026-09-18T18:13:58+00:00,2026-09-18T18:13:58+00:00,bcycle_lametro_4443,3,5,,1,1,1
2026-09-18T18:13:56.808457+00:00,2026-09-18T18:13:58+00:00,2026-09-18T18:13:58+00:00,bcycle_lametro_4444,3,6,,1,1,1
2026-09-18T18:13:56.808457+00:00,2026-09-18T18:13:58+00:00,2026-09-18T18:13:58+00:00,bcycle_lametro_4445,8,7,,1,1,1
2026-09-18T18:13:56.808457+00:00,2026-09-18T18:13:58+00:00,2026-09-18T18:13:58+00:00,bcycle_lametro_4446,4,4,,1,1,1
2026-09-18T18:13:56.808457+00:00,2026-09-18T18:13:58+00:00,2026-09-18T18:13:58+00:00,bcycle_lametro_4447,8,4,,1,1,1
2026-09-18T18:13:56.808457+00:00,2026-09-18T18:13:58+00:00,2026-09-18T18:13:58+00:00,bcycle_lametro_4448,10,8,,1,1,1
2026-09-18T18:13:56.808457+00:00,2026-09-18T18:13:58+00:00,2026-09-18T18:13:58+00:00,bcycle_lametro_4449,8,5,,1,1,1
2026-09-18T18:13:56.808457+00:00,2026-09-18T18:13:58+00:00,2026-09-18T18:13:58+00:00,bcycle_lametro_4450,6,8,,1,1,1
2026-09-18T18:13:56.808457+00:00,2026-09-18T18:13:58+00:00,2026-09-18T18:13:58+00:00,bcycle_lametro_4451,3,6,,1,1,1
2026-09-18T18:13:56.808457+00:00,2026-09-18T18:13:58+00:00,2026-09-18T18:13:58+00:00,bcycle_lametro_4452,3,7,,1,1,1
2026-09-18T18:13:56.808457+00:00,2026-09-18T18:13:58+00:00,2026-09-18T18:13:58+00:00,bcycle_lametro_4453,4,6,,1,1,1
2026-09-18T18:13:56.808457+00:00,2026-09-18T18:13:58+00:00,2026-09-18T18:13:58+00:00,bcycle_lametro_4454,9,5,,1,1,1
2026-09-18T18:13:56.808457+00:00,2026-09-18T18:13:58+00:00,2026-09-18T18:13:58+00:00,bcycle_lametro_4455,3,12,,1,1,1
2026-09-18T18:13:56.808457+00:00,2026-09-18T18:13:58+00:00,2026-09-18T18:13:58+00:00,bcycle_lametro_4456,2,13,,1,1,1
2026-09-18T18:13:56.808457+00:00,2026-09-18T18:13:58+00:00,2026-09-18T18:13:58+00:00,bcycle_lametro_4457,7,1,,1,1,1
2026-09-18T18:13:56.808457+00:00,2026-09-18T18:13:58+00:00,2026-09-18T18:13:58+00:00,bcycle_lametro_4472,6,10,,1,1,1
2026-09-18T18:13:56.808457+00:00,2026-09-18T18:13:58+00:00,2026-09-18T18:13:58+00:00,bcycle_lametro_4473,4,4,,1,1,1
2026-09-18T18:13:56.808457+00:00,2026-09-18T18:13:58+00:00,2026-09-18T18:13:58+00:00,bcycle_lametro_4474,3,7,,1,1,1
2026-09-18T18:13:56.808457+00:00,2026-09-18T18:13:58+00:00,2026-09-18T18:13:58+00:00,bcycle_lametro_4475,8,3,,1,1,1
2026-09-18T18:13:56.808457+00:00,2026-09-18T18:13:58+00:00,2026-09-18T18:13:58+00:00,bcycle_lametro_4476,2,12,,1,1,1
2026-09-18T18:13:56.808457+00:00,2026-09-18T18:13:58+00:00,2026-09-18T18:13:58+00:00,bcycle_lametro_4477,3,10,,1,1,1
2026-09-18T18:13:56.808457+00:00,2026-09-18T18:13:58+00:00,2026-09-18T18:13:58+00:00,bcycle_lametro_4479,3,9,,1,1,1
2026-09-18T18:13:56.808457+00:00,2026-09-18T18:13:58+00:00,2026-09-18T18:13:58+00:00,bcycle_lametro_4483,5,7,,1,1,1
2026-09-18T18:13:56.808457+00:00,2026-09-18T18:13:58+00:00,2026-09-18T18:13:58+00:00,bcycle_lametro_4487,9,7,,1,1,1
2026-09-18T18:13:56.808457+00:00,2026-09-18T18:13:58+00:00,2026-09-18T18:13:58+00:00,bcycle_lametro_4490,9,6,,1,1,1
2026-09-18T18:13:56.808457+00:00,2026-09-18T18:13:58+00:00,2026-09-18T18:13:58+00:00,bcycle_lametro_4491,6,7,,1,1,1
2026-09-18T18:13:56.808457+00:00,2026-09-18T18:13:58+00:00,2026-09-18T18:13:58+00:00,bcycle_lametro_4492,9,10,,1,1,1
2026-09-18T18:13:56.808457+00:00,2026-09-18T18:13:58+00:00,2026-09-18T18:13:58+00:00,bcycle_lametro_4493,7,8,,1,1,1
2026-09-18T18:13:56.808457+00:00,2026-09-18T18:13:58+00:00,2026-09-18T18:13:58+00:00,bcycle_lametro_4494,2,7,,1,1,1
2026-09-18T18:13:56.808457+00:00,2026-09-18T18:13:58+00:00,2026-09-18T18:13:58+00:00,bcycle_lametro_4509,5,5,,1,1,1
2026-09-18T18:13:56.808457+00:00,2026-09-18T18:13:58+00:00,2026-09-18T18:13:58+00:00,bcycle_lametro_4510,4,6,,1,1,1
2026-09-18T18:13:56.808457+00:00,2026-09-18T18:13:58+00:00,2026-09-18T18:13:58+00:00,bcycle_lametro_4511,3,16,,1,1,1
2026-09-18T18:13:56.808457+00:00,2026-09-18T18:13:58+00:00,2026-09-18T18:13:58+00:00,bcycle_lametro_4512,9,7,,1,1,1
2026-09-18T18:13:56.808457+00:00,2026-09-18T18:13:58+00:00,2026-09-18T18:13:58+00:00,bcycle_lametro_4514,12,9,,1,1,1
2026-09-18T18:13:56.808457+00:00,2026-09-18T18:13:58+00:00,2026-09-18T18:13:58+00:00,bcycle_lametro_4515,4,5,,1,1,1
2026-09-18T18:13:56.808457+00:00,2026-09-18T18:13:58+00:00,2026-09-18T18:13:58+00:00,bcycle_lametro_4517,5,6,,1,1,1
2026-09-18T18:13:56.808457+00:00,2026-09-18T18:13:58+00:00,2026-09-18T18:13:58+00:00,bcycle_lametro_4521,6,6,,1,1,1
2026-09-18T18:13:56.808457+00:00,2026-09-18T18:13:58+00:00,2026-09-18T18:13:58+00:00,bcycle_lametro_4523,5,10,,1,1,1
2026-09-18T18:13:56.808457+00:00,2026-09-18T18:13:58+00:00,2026-09-18T18:13:58+00:00,bcycle_lametro_4524,3,11,,1,1,1
2026-09-18T18:13:56.808457+00:00,2026-09-18T18:13:58+00:00,2026-09-18T18:13:58+00:00,bcycle_lametro_4525,8,2,,1,1,1
2026-09-18T18:13:56.808457+00:00,2026-09-18T18:13:58+00:00,2026-09-18T18:13:58+00:00,bcycle_lametro_4526,1,20,,1,1,1
2026-09-18T18:13:56.808457+00:00,2026-09-18T18:13:58+00:00,2026-09-18T18:13:58+00:00,bcycle_lametro_4527,4,10,,1,1,1
2026-09-18T18:13:56.808457+00:00,2026-09-18T18:13:58+00:00,2026-09-18T18:13:58+00:00,bcycle_lametro_4528,8,6,,1,1,1
2026-09-18T18:13:56.808457+00:00,2026-09-18T18:13:58+00:00,2026-09-18T18:13:58+00:00,bcycle_lametro_4529,4,9,,1,1,1
2026-09-18T18:13:56.808457+00:00,2026-09-18T18:13:58+00:00,2026-09-18T18:13:58+00:00,bcycle_lametro_4534,7,8,,1,1,1
2026-09-18T18:13:56.808457+00:00,2026-09-18T18:13:58+00:00,2026-09-18T18:13:58+00:00,bcycle_lametro_4536,5,5,,1,1,1
2026-09-18T18:13:56.808457+00:00,2026-09-18T18:13:58+00:00,2026-09-18T18:13:58+00:00,bcycle_lametro_4537,9,7,,1,1,1
2026-09-18T18:13:56.808457+00:00,2026-09-18T18:13:58+00:00,2026-09-18T18:13:58+00:00,bcycle_lametro_4538,5,2,,1,1,1
2026-09-18T18:13:56.808457+00:00,2026-09-18T18:13:58+00:00,2026-09-18T18:13:58+00:00,bcycle_lametro_4540,7,7,,1,1,1
2026-09-18T18:13:56.808457+00:00,2026-09-18T18:13:58+00:00,2026-09-18T18:13:58+00:00,bcycle_lametro_4543,5,3,,1,1,1
2026-09-18T18:13:56.808457+00:00,2026-09-18T18:13:58+00:00,2026-09-18T18:13:58+00:00,bcycle_lametro_4544,4,10,,1,1,1
2026-09-18T18:13:56.808457+00:00,2026-09-18T18:13:58+00:00,2026-09-18T18:13:58+00:00,bcycle_lametro_4545,0,8,,1,1,1
2026-09-18T18:13:56.808457+00:00,2026-09-18T18:13:58+00:00,2026-09-18T18:13:58+00:00,bcycle_lametro_4546,10,9,,1,1,1
2026-09-18T18:13:56.808457+00:00,2026-09-18T18:13:58+00:00,2026-09-18T18:13:58+00:00,bcycle_lametro_4547,4,6,,1,1,1
2026-09-18T18:13:56.808457+00:00,2026-09-18T18:13:58+00:00,2026-09-18T18:13:58+00:00,bcycle_lametro_4548,10,2,,0,0,1
2026-09-18T18:13:56.808457+00:00,2026-09-18T18:13:58+00:00,2026-09-18T18:13:58+00:00,bcycle_lametro_4549,8,8,,1,1,1
2026-09-18T18:13:56.808457+00:00,2026-09-18T18:13:58+00:00,2026-09-18T18:13:58+00:00,bcycle_lametro_4552,9,3,,1,1,1
2026-09-18T18:13:56.808457+00:00,2026-09-18T18:13:58+00:00,2026-09-18T18:13:58+00:00,bcycle_lametro_4553,2,7,,1,1,1
2026-09-18T18:13:56.808457+00:00,2026-09-18T18:13:58+00:00,2026-09-18T18:13:58+00:00,bcycle_lametro_4554,5,6,,1,1,1
2026-09-18T18:13:56.808457+00:00,2026-09-18T18:13:58+00:00,2026-09-18T18:13:58+00:00,bcycle_lametro_4555,5,3,,1,1,1
2026-09-18T18:13:56.808457+00:00,2026-09-18T18:13:58+00:00,2026-09-18T18:13:58+00:00,bcycle_lametro_4556,1,12,,1,1,1
2026-09-18T18:13:56.808457+00:00,2026-09-18T18:13:58+00:00,2026-09-18T18:13:58+00:00,bcycle_lametro_4557,8,3,,1,1,1
2026-09-18T18:13:56.808457+00:00,2026-09-18T18:13:58+00:00,2026-09-18T18:13:58+00:00,bcycle_lametro_4558,2,15,,1,1,1
2026-09-18T18:13:56.808457+00:00,2026-09-18T18:13:58+00:00,2026-09-18T18:13:58+00:00,bcycle_lametro_4561,2,7,,1,1,1
2026-09-18T18:13:56.808457+00:00,2026-09-18T18:13:58+00:00,2026-09-18T18:13:58+00:00,bcycle_lametro_4562,7,7,,1,1,1
2026-09-18T18:13:56.808457+00:00,2026-09-18T18:13:58+00:00,2026-09-18T18:13:58+00:00,bcycle_lametro_4563,4,5,,1,1,1
2026-09-18T18:13:56.808457+00:00,2026-09-18T18:13:58+00:00,2026-09-18T18:13:58+00:00,bcycle_lametro_4564,10,5,,1,1,1
2026-09-18T18:13:56.808457+00:00,2026-09-18T18:13:58+00:00,2026-09-18T18:13:58+00:00,bcycle_lametro_4565,2,10,,1,1,1
2026-09-18T18:13:56.808457+00:00,2026-09-18T18:13:58+00:00,2026-09-18T18:13:58+00:00,bcycle_lametro_4566,9,6,,1,1,1
2026-09-18T18:13:56.808457+00:00,2026-09-18T18:13:58+00:00,2026-09-18T18:13:58+00:00,bcycle_lametro_4567,9,2,,1,1,1
2026-09-18T18:13:56.808457+00:00,2026-09-18T18:13:58+00:00,2026-09-18T18:13:58+00:00,bcycle_lametro_4568,6,8,,1,1,1
2026-09-18T18:13:56.808457+00:00,2026-09-18T18:13:58+00:00,2026-09-18T18:13:58+00:00,bcycle_lametro_4569,4,5,,1,1,1
2026-09-18T18:13:56.808457+00:00,2026-09-18T18:13:58+00:00,2026-09-18T18:13:58+00:00,bcycle_lametro_4570,11,4,,1,1,1
2026-09-18T18:13:56.808457+00:00,2026-09-18T18:13:58+00:00,2026-09-18T18:13:58+00:00,bcycle_lametro_4571,5,2,,1,1,1
2026-09-18T18:13:56.808457+00:00,2026-09-18T18:13:58+00:00,2026-09-18T18:13:58+00:00,bcycle_lametro_4575,7,4,,1,1,1
2026-09-18T18:13:56.808457+00:00,2026-09-18T18:13:58+00:00,2026-09-18T18:13:58+00:00,bcycle_lametro_4576,8,3,,1,1,1
2026-09-18T18:13:56.808457+00:00,2026-09-18T18:13:58+00:00,2026-09-18T18:13:58+00:00,bcycle_lametro_4578,4,3,,1,1,1
2026-09-18T18:13:56.808457+00:00,2026-09-18T18:13:58+00:00,2026-09-18T18:13:58+00:00,bcycle_lametro_4579,4,8,,1,1,1
2026-09-18T18:13:56.808457+00:00,2026-09-18T18:13:58+00:00,2026-09-18T18:13:58+00:00,bcycle_lametro_4580,4,4,,1,1,1
2026-09-18T18:13:56.808457+00:00,2026-09-18T18:13:58+00:00,2026-09-18T18:13:58+00:00,bcycle_lametro_4581,7,9,,1,1,1
2026-09-18T18:13:56.808457+00:00,2026-09-18T18:13:58+00:00,2026-09-18T18:13:58+00:00,bcycle_lametro_4583,8,10,,1,1,1
2026-09-18T18:13:56.808457+00:00,2026-09-18T18:13:58+00:00,2026-09-18T18:13:58+00:00,bcycle_lametro_4584,11,3,,1,1,1
2026-09-18T18:13:56.808457+00:00,2026-09-18T18:13:58+00:00,2026-09-18T18:13:58+00:00,bcycle_lametro_4587,9,2,,1,1,1
2026-09-18T18:13:56.808457+00:00,2026-09-18T18:13:58+00:00,2026-09-18T18:13:58+00:00,bcycle_lametro_4595,2,15,,1,1,1
2026-09-18T18:13:56.808457+00:00,2026-09-18T18:13:58+00:00,2026-09-18T18:13:58+00:00,bcycle_lametro_4596,4,11,,1,1,1
2026-09-18T18:13:56.808457+00:00,2026-09-18T18:13:58+00:00,2026-09-18T18:13:58+00:00,bcycle_lametro_4597,2,9,,1,1,1
2026-09-18T18:13:56.808457+00:00,2026-09-18T18:13:58+00:00,2026-09-18T18:13:58+00:00,bcycle_lametro_4598,1,8,,1,1,1
2026-09-18T18:13:56.808457+00:00,2026-09-18T18:13:58+00:00,2026-09-18T18:13:58+00:00,bcycle_lametro_4599,5,6,,1,1,1
2026-09-18T18:13:56.808457+00:00,2026-09-18T18:13:58+00:00,2026-09-18T18:13:58+00:00,bcycle_lametro_4600,4,6,,1,1,1
2026-09-18T18:13:56.808457+00:00,2026-09-18T18:13:58+00:00,2026-09-18T18:13:58+00:00,bcycle_lametro_4601,6,5,,1,1,1
2026-09-18T18:13:56.808457+00:00,2026-09-18T18:13:58+00:00,2026-09-18T18:13:58+00:00,bcycle_lametro_4603,8,10,,1,1,1
2026-09-18T18:13:56.808457+00:00,2026-09-18T18:13:58+00:00,2026-09-18T18:13:58+00:00,bcycle_lametro_4604,10,2,,1,1,1
2026-09-18T18:13:56.808457+00:00,2026-09-18T18:13:58+00:00,2026-09-18T18:13:58+00:00,bcycle_lametro_4605,6,7,,1,1,1
2026-09-18T18:13:56.808457+00:00,2026-09-18T18:13:58+00:00,2026-09-18T18:13:58+00:00,bcycle_lametro_4606,7,13,,1,1,1
2026-09-18T18:13:56.808457+00:00,2026-09-18T18:13:58+00:00,2026-09-18T18:13:58+00:00,bcycle_lametro_4613,6,13,,1,1,1
2026-09-18T18:13:56.808457+00:00,2026-09-18T18:13:58+00:00,2026-09-18T18:13:58+00:00,bcycle_lametro_4614,8,12,,1,1,1
2026-09-18T18:13:56.808457+00:00,2026-09-18T18:13:58+00:00,2026-09-18T18:13:58+00:00,bcycle_lametro_4627,6,11,,1,1,1
2026-09-18T18:13:56.808457+00:00,2026-09-18T18:13:58+00:00,2026-09-18T18:13:58+00:00,bcycle_lametro_4628,10,3,,1,1,1
2026-09-18T18:13:56.808457+00:00,2026-09-18T18:13:58+00:00,2026-09-18T18:13:58+00:00,bcycle_lametro_4632,6,9,,1,1,1
2026-09-18T18:13:56.808457+00:00,2026-09-18T18:13:58+00:00,2026-09-18T18:13:58+00:00,bcycle_lametro_4643,12,8,,1,1,1
2026-09-18T18:13:56.808457+00:00,2026-09-18T18:13:58+00:00,2026-09-18T18:13:58+00:00,bcycle_lametro_4644,3,9,,1,1,1
2026-09-18T18:13:56.808457+00:00,2026-09-18T18:13:58+00:00,2026-09-18T18:13:58+00:00,bcycle_lametro_4645,4,8,,1,1,1
2026-09-18T18:13:56.808457+00:00,2026-09-18T18:13:58+00:00,2026-09-18T18:13:58+00:00,bcycle_lametro_4652,5,6,,1,1,1
2026-09-18T18:13:56.808457+00:00,2026-09-18T18:13:58+00:00,2026-09-18T18:13:58+00:00,bcycle_lametro_4660,3,14,,1,1,1
2026-09-18T18:13:56.808457+00:00,2026-09-18T18:13:58+00:00,2026-09-18T18:13:58+00:00,bcycle_lametro_4664,17,3,,1,1,1
2026-09-18T18:13:56.808457+00:00,2026-09-18T18:13:58+00:00,2026-09-18T18:13:58+00:00,bcycle_lametro_4672,1,13,,1,1,1
2026-09-18T18:13:56.808457+00:00,2026-09-18T18:13:58+00:00,2026-09-18T18:13:58+00:00,bcycle_lametro_4680,1,17,,1,1,1
2026-09-18T18:13:56.808457+00:00,2026-09-18T18:13:58+00:00,2026-09-18T18:13:58+00:00,bcycle_lametro_4689,13,2,,1,1,1
2026-09-18T18:13:56.808457+00:00,2026-09-18T18:13:58+00:00,2026-09-18T18:13:58+00:00,bcycle_lametro_4690,11,2,,1,1,1
2026-09-18T18:13:56.808457+00:00,2026-09-18T18:13:58+00:00,2026-09-18T18:13:58+00:00,bcycle_lametro_4696,6,8,,1,1,1
2026-09-18T18:13:56.808457+00:00,2026-09-18T18:13:58+00:00,2026-09-18T18:13:58+00:00,bcycle_lametro_4697,2,13,,1,1,1
2026-09-18T18:13:56.808457+00:00,2026-09-18T18:13:58+00:00,2026-09-18T18:13:58+00:00,bcycle_lametro_4698,4,9,,1,1,1
2026-09-18T18:13:56.808457+00:00,2026-09-18T18:13:58+00:00,2026-09-18T18:13:58+00:00,bcycle_lametro_4699,11,4,,1,1,1
2026-09-18T18:13:56.808457+00:00,2026-09-18T18:13:58+00:00,2026-09-18T18:13:58+00:00,bcycle_lametro_4700,10,7,,1,1,1
2026-09-18T18:13:56.808457+00:00,2026-09-18T18:13:58+00:00,2026-09-18T18:13:58+00:00,bcycle_lametro_4707,8,5,,1,1,1
2026-09-18T18:13:56.808457+00:00,2026-09-18T18:13:58+00:00,2026-09-18T18:13:58+00:00,bcycle_lametro_4729,1,11,,1,1,1
2026-09-18T18:13:56.808457+00:00,2026-09-18T18:13:58+00:00,2026-09-18T18:13:58+00:00,bcycle_lametro_4730,11,2,,1,1,1
2026-09-18T18:13:56.808457+00:00,2026-09-18T18:13:58+00:00,2026-09-18T18:13:58+00:00,bcycle_lametro_4732,12,9,,1,1,1
2026-09-18T18:13:56.808457+00:00,2026-09-18T18:13:58+00:00,2026-09-18T18:13:58+00:00,bcycle_lametro_4733,3,20,,1,1,1
2026-09-18T18:13:56.808457+00:00,2026-09-18T18:13:58+00:00,2026-09-18T18:13:58+00:00,bcycle_lametro_4734,3,11,,1,1,1
2026-09-18T18:13:56.808457+00:00,2026-09-18T18:13:58+00:00,2026-09-18T18:13:58+00:00,bcycle_lametro_4735,5,7,,1,1,1
2026-09-18T18:13:56.808457+00:00,2026-09-18T18:13:58+00:00,2026-09-18T18:13:58+00:00,bcycle_lametro_4736,7,8,,1,1,1
2026-09-18T18:13:56.808457+00:00,2026-09-18T18:13:58+00:00,2026-09-18T18:13:58+00:00,bcycle_lametro_4740,7,14,,1,1,1
2026-09-18T18:13:56.808457+00:00,2026-09-18T18:13:58+00:00,2026-09-18T18:13:58+00:00,bcycle_lametro_4745,2,9,,1,1,1
2026-09-18T20:59:58.672468+00:00,2026-09-18T20:59:04+00:00,2026-09-18T20:59:04+00:00,bcycle_lametro_3005,9,21,,1,1,1
2026-09-18T20:59:58.672468+00:00,2026-09-18T20:59:04+00:00,2026-09-18T20:59:04+00:00,bcycle_lametro_3006,1,28,,1,1,1
2026-09-18T20:59:58.672468+00:00,2026-09-18T20:59:04+00:00,2026-09-18T20:59:04+00:00,bcycle_lametro_3007,12,10,,1,1,1
2026-09-18T20:59:58.672468+00:00,2026-09-18T20:59:04+00:00,2026-09-18T20:59:04+00:00,bcycle_lametro_3008,6,6,,1,1,1
2026-09-18T20:59:58.672468+00:00,2026-09-18T20:59:04+00:00,2026-09-18T20:59:04+00:00,bcycle_lametro_3010,6,8,,1,1,1
2026-09-18T20:59:58.672468+00:00,2026-09-18T20:59:04+00:00,2026-09-18T20:59:04+00:00,bcycle_lametro_3011,10,6,,1,1,1
2026-09-18T20:59:58.672468+00:00,2026-09-18T20:59:04+00:00,2026-09-18T20:59:04+00:00,bcycle_lametro_3014,25,3,,1,1,1
2026-09-18T20:59:58.672468+00:00,2026-09-18T20:59:04+00:00,2026-09-18T20:59:04+00:00,bcycle_lametro_3016,10,5,,1,1,1
2026-09-18T20:59:58.672468+00:00,2026-09-18T20:59:04+00:00,2026-09-18T20:59:04+00:00,bcycle_lametro_3018,5,13,,1,1,1
2026-09-18T20:59:58.672468+00:00,2026-09-18T20:59:04+00:00,2026-09-18T20:59:04+00:00,bcycle_lametro_3019,12,7,,1,1,1
2026-09-18T20:59:58.672468+00:00,2026-09-18T20:59:04+00:00,2026-09-18T20:59:04+00:00,bcycle_lametro_3020,4,11,,1,1,1
2026-09-18T20:59:58.672468+00:00,2026-09-18T20:59:04+00:00,2026-09-18T20:59:04+00:00,bcycle_lametro_3022,11,9,,1,1,1
2026-09-18T20:59:58.672468+00:00,2026-09-18T20:59:04+00:00,2026-09-18T20:59:04+00:00,bcycle_lametro_3024,8,7,,1,1,1
2026-09-18T20:59:58.672468+00:00,2026-09-18T20:59:04+00:00,2026-09-18T20:59:04+00:00,bcycle_lametro_3025,10,4,,1,1,1
2026-09-18T20:59:58.672468+00:00,2026-09-18T20:59:04+00:00,2026-09-18T20:59:04+00:00,bcycle_lametro_3026,5,10,,1,1,1
2026-09-18T20:59:58.672468+00:00,2026-09-18T20:59:04+00:00,2026-09-18T20:59:04+00:00,bcycle_lametro_3027,10,5,,1,1,1
2026-09-18T20:59:58.672468+00:00,2026-09-18T20:59:04+00:00,2026-09-18T20:59:04+00:00,bcycle_lametro_3030,4,25,,1,1,1
2026-09-18T20:59:58.672468+00:00,2026-09-18T20:59:04+00:00,2026-09-18T20:59:04+00:00,bcycle_lametro_3032,13,14,,1,1,1
2026-09-18T20:59:58.672468+00:00,2026-09-18T20:59:04+00:00,2026-09-18T20:59:04+00:00,bcycle_lametro_3033,6,6,,1,1,1
2026-09-18T20:59:58.672468+00:00,2026-09-18T20:59:04+00:00,2026-09-18T20:59:04+00:00,bcycle_lametro_3034,14,8,,1,1,1
2026-09-18T20:59:58.672468+00:00,2026-09-18T20:59:04+00:00,2026-09-18T20:59:04+00:00,bcycle_lametro_3035,8,15,,1,1,1
2026-09-18T20:59:58.672468+00:00,2026-09-18T20:59:04+00:00,2026-09-18T20:59:04+00:00,bcycle_lametro_3036,10,5,,1,1,1
2026-09-18T20:59:58.672468+00:00,2026-09-18T20:59:04+00:00,2026-09-18T20:59:04+00:00,bcycle_lametro_3037,10,7,,1,1,1
2026-09-18T20:59:58.672468+00:00,2026-09-18T20:59:04+00:00,2026-09-18T20:59:04+00:00,bcycle_lametro_3040,1,2,,1,1,1
2026-09-18T20:59:58.672468+00:00,2026-09-18T20:59:04+00:00,2026-09-18T20:59:04+00:00,bcycle_lametro_3042,6,22,,1,1,1
2026-09-18T20:59:58.672468+00:00,2026-09-18T20:59:04+00:00,2026-09-18T20:59:04+00:00,bcycle_lametro_3045,7,2,,1,1,1
2026-09-18T20:59:58.672468+00:00,2026-09-18T20:59:04+00:00,2026-09-18T20:59:04+00:00,bcycle_lametro_3046,5,12,,1,1,1
2026-09-18T20:59:58.672468+00:00,2026-09-18T20:59:04+00:00,2026-09-18T20:59:04+00:00,bcycle_lametro_3047,12,13,,1,1,1
2026-09-18T20:59:58.672468+00:00,2026-09-18T20:59:04+00:00,2026-09-18T20:59:04+00:00,bcycle_lametro_3048,5,11,,1,1,1
2026-09-18T20:59:58.672468+00:00,2026-09-18T20:59:04+00:00,2026-09-18T20:59:04+00:00,bcycle_lametro_3052,6,13,,1,1,1
2026-09-18T20:59:58.672468+00:00,2026-09-18T20:59:04+00:00,2026-09-18T20:59:04+00:00,bcycle_lametro_3054,8,7,,1,1,1
2026-09-18T20:59:58.672468+00:00,2026-09-18T20:59:04+00:00,2026-09-18T20:59:04+00:00,bcycle_lametro_3056,3,12,,1,1,1
2026-09-18T20:59:58.672468+00:00,2026-09-18T20:59:04+00:00,2026-09-18T20:59:04+00:00,bcycle_lametro_3058,7,8,,1,1,1
2026-09-18T20:59:58.672468+00:00,2026-09-18T20:59:04+00:00,2026-09-18T20:59:04+00:00,bcycle_lametro_3062,11,4,,1,1,1
2026-09-18T20:59:58.672468+00:00,2026-09-18T20:59:04+00:00,2026-09-18T20:59:04+00:00,bcycle_lametro_3063,8,14,,1,1,1
2026-09-18T20:59:58.672468+00:00,2026-09-18T20:59:04+00:00,2026-09-18T20:59:04+00:00,bcycle_lametro_3064,4,13,,1,1,1
2026-09-18T20:59:58.672468+00:00,2026-09-18T20:59:04+00:00,2026-09-18T20:59:04+00:00,bcycle_lametro_3065,7,8,,1,1,1
2026-09-18T20:59:58.672468+00:00,2026-09-18T20:59:04+00:00,2026-09-18T20:59:04+00:00,bcycle_lametro_3066,6,9,,1,1,1
2026-09-18T20:59:58.672468+00:00,2026-09-18T20:59:04+00:00,2026-09-18T20:59:04+00:00,bcycle_lametro_3068,4,10,,1,1,1
2026-09-18T20:59:58.672468+00:00,2026-09-18T20:59:04+00:00,2026-09-18T20:59:04+00:00,bcycle_lametro_3069,8,9,,1,1,1
2026-09-18T20:59:58.672468+00:00,2026-09-18T20:59:04+00:00,2026-09-18T20:59:04+00:00,bcycle_lametro_3074,7,15,,1,1,1
2026-09-18T20:59:58.672468+00:00,2026-09-18T20:59:04+00:00,2026-09-18T20:59:04+00:00,bcycle_lametro_3075,1,12,,1,1,1
2026-09-18T20:59:58.672468+00:00,2026-09-18T20:59:04+00:00,2026-09-18T20:59:04+00:00,bcycle_lametro_3076,4,7,,1,1,1
2026-09-18T20:59:58.672468+00:00,2026-09-18T20:59:04+00:00,2026-09-18T20:59:04+00:00,bcycle_lametro_3077,12,1,,1,1,1
2026-09-18T20:59:58.672468+00:00,2026-09-18T20:59:04+00:00,2026-09-18T20:59:04+00:00,bcycle_lametro_3078,11,4,,1,1,1
2026-09-18T20:59:58.672468+00:00,2026-09-18T20:59:04+00:00,2026-09-18T20:59:04+00:00,bcycle_lametro_3079,6,7,,1,1,1
2026-09-18T20:59:58.672468+00:00,2026-09-18T20:59:04+00:00,2026-09-18T20:59:04+00:00,bcycle_lametro_3081,6,6,,1,1,1
2026-09-18T20:59:58.672468+00:00,2026-09-18T20:59:04+00:00,2026-09-18T20:59:04+00:00,bcycle_lametro_3082,12,10,,1,1,1
2026-09-18T20:59:58.672468+00:00,2026-09-18T20:59:04+00:00,2026-09-18T20:59:04+00:00,bcycle_lametro_4202,7,13,,1,1,1
2026-09-18T20:59:58.672468+00:00,2026-09-18T20:59:04+00:00,2026-09-18T20:59:04+00:00,bcycle_lametro_4204,8,7,,1,1,1
2026-09-18T20:59:58.672468+00:00,2026-09-18T20:59:04+00:00,2026-09-18T20:59:04+00:00,bcycle_lametro_4205,2,14,,1,1,1
2026-09-18T20:59:58.672468+00:00,2026-09-18T20:59:04+00:00,2026-09-18T20:59:04+00:00,bcycle_lametro_4206,5,18,,1,1,1
2026-09-18T20:59:58.672468+00:00,2026-09-18T20:59:04+00:00,2026-09-18T20:59:04+00:00,bcycle_lametro_4207,3,15,,1,1,1
2026-09-18T20:59:58.672468+00:00,2026-09-18T20:59:04+00:00,2026-09-18T20:59:04+00:00,bcycle_lametro_4208,6,11,,1,1,1
2026-09-18T20:59:58.672468+00:00,2026-09-18T20:59:04+00:00,2026-09-18T20:59:04+00:00,bcycle_lametro_4209,0,23,,1,1,1
2026-09-18T20:59:58.672468+00:00,2026-09-18T20:59:04+00:00,2026-09-18T20:59:04+00:00,bcycle_lametro_4210,3,12,,1,1,1
2026-09-18T20:59:58.672468+00:00,2026-09-18T20:59:04+00:00,2026-09-18T20:59:04+00:00,bcycle_lametro_4211,5,9,,1,1,1
2026-09-18T20:59:58.672468+00:00,2026-09-18T20:59:04+00:00,2026-09-18T20:59:04+00:00,bcycle_lametro_4212,5,16,,1,1,1
2026-09-18T20:59:58.672468+00:00,2026-09-18T20:59:04+00:00,2026-09-18T20:59:04+00:00,bcycle_lametro_4213,3,12,,1,1,1
2026-09-18T20:59:58.672468+00:00,2026-09-18T20:59:04+00:00,2026-09-18T20:59:04+00:00,bcycle_lametro_4214,15,11,,1,1,1
2026-09-18T20:59:58.672468+00:00,2026-09-18T20:59:04+00:00,2026-09-18T20:59:04+00:00,bcycle_lametro_4215,22,18,,1,1,1
2026-09-18T20:59:58.672468+00:00,2026-09-18T20:59:04+00:00,2026-09-18T20:59:04+00:00,bcycle_lametro_4216,10,9,,1,1,1
2026-09-18T20:59:58.672468+00:00,2026-09-18T20:59:04+00:00,2026-09-18T20:59:04+00:00,bcycle_lametro_4217,2,9,,1,1,1
2026-09-18T20:59:58.672468+00:00,2026-09-18T20:59:04+00:00,2026-09-18T20:59:04+00:00,bcycle_lametro_4220,8,7,,1,1,1
2026-09-18T20:59:58.672468+00:00,2026-09-18T20:59:04+00:00,2026-09-18T20:59:04+00:00,bcycle_lametro_4227,8,8,,1,1,1
2026-09-18T20:59:58.672468+00:00,2026-09-18T20:59:04+00:00,2026-09-18T20:59:04+00:00,bcycle_lametro_4245,11,3,,1,1,1
2026-09-18T20:59:58.672468+00:00,2026-09-18T20:59:04+00:00,2026-09-18T20:59:04+00:00,bcycle_lametro_4246,2,12,,1,1,1
2026-09-18T20:59:58.672468+00:00,2026-09-18T20:59:04+00:00,2026-09-18T20:59:04+00:00,bcycle_lametro_4247,3,5,,1,1,1
2026-09-18T20:59:58.672468+00:00,2026-09-18T20:59:04+00:00,2026-09-18T20:59:04+00:00,bcycle_lametro_4248,7,12,,1,1,1
2026-09-18T20:59:58.672468+00:00,2026-09-18T20:59:04+00:00,2026-09-18T20:59:04+00:00,bcycle_lametro_4249,10,4,,1,1,1
2026-09-18T20:59:58.672468+00:00,2026-09-18T20:59:04+00:00,2026-09-18T20:59:04+00:00,bcycle_lametro_4250,8,7,,1,1,1
2026-09-18T20:59:58.672468+00:00,2026-09-18T20:59:04+00:00,2026-09-18T20:59:04+00:00,bcycle_lametro_4254,3,12,,1,1,1
2026-09-18T20:59:58.672468+00:00,2026-09-18T20:59:04+00:00,2026-09-18T20:59:04+00:00,bcycle_lametro_4255,2,8,,1,1,1
2026-09-18T20:59:58.672468+00:00,2026-09-18T20:59:04+00:00,2026-09-18T20:59:04+00:00,bcycle_lametro_4266,5,10,,1,1,1
2026-09-18T20:59:58.672468+00:00,2026-09-18T20:59:04+00:00,2026-09-18T20:59:04+00:00,bcycle_lametro_4267,8,1,,1,1,1
2026-09-18T20:59:58.672468+00:00,2026-09-18T20:59:04+00:00,2026-09-18T20:59:04+00:00,bcycle_lametro_4273,6,9,,1,1,1
2026-09-18T20:59:58.672468+00:00,2026-09-18T20:59:04+00:00,2026-09-18T20:59:04+00:00,bcycle_lametro_4275,8,7,,1,1,1
2026-09-18T20:59:58.672468+00:00,2026-09-18T20:59:04+00:00,2026-09-18T20:59:04+00:00,bcycle_lametro_4293,8,2,,1,1,1
2026-09-18T20:59:58.672468+00:00,2026-09-18T20:59:04+00:00,2026-09-18T20:59:04+00:00,bcycle_lametro_4300,5,8,,1,1,1
2026-09-18T20:59:58.672468+00:00,2026-09-18T20:59:04+00:00,2026-09-18T20:59:04+00:00,bcycle_lametro_4301,7,3,,1,1,1
2026-09-18T20:59:58.672468+00:00,2026-09-18T20:59:04+00:00,2026-09-18T20:59:04+00:00,bcycle_lametro_4303,4,6,,1,1,1
2026-09-18T20:59:58.672468+00:00,2026-09-18T20:59:04+00:00,2026-09-18T20:59:04+00:00,bcycle_lametro_4304,10,1,,1,1,1
2026-09-18T20:59:58.672468+00:00,2026-09-18T20:59:04+00:00,2026-09-18T20:59:04+00:00,bcycle_lametro_4306,6,7,,1,1,1
2026-09-18T20:59:58.672468+00:00,2026-09-18T20:59:04+00:00,2026-09-18T20:59:04+00:00,bcycle_lametro_4311,9,4,,1,1,1
2026-09-18T20:59:58.672468+00:00,2026-09-18T20:59:04+00:00,2026-09-18T20:59:04+00:00,bcycle_lametro_4312,6,7,,1,1,1
2026-09-18T20:59:58.672468+00:00,2026-09-18T20:59:04+00:00,2026-09-18T20:59:04+00:00,bcycle_lametro_4313,8,4,,1,1,1
2026-09-18T20:59:58.672468+00:00,2026-09-18T20:59:04+00:00,2026-09-18T20:59:04+00:00,bcycle_lametro_4314,4,11,,1,1,1
2026-09-18T20:59:58.672468+00:00,2026-09-18T20:59:04+00:00,2026-09-18T20:59:04+00:00,bcycle_lametro_4315,5,3,,1,1,1
2026-09-18T20:59:58.672468+00:00,2026-09-18T20:59:04+00:00,2026-09-18T20:59:04+00:00,bcycle_lametro_4387,10,6,,1,1,1
2026-09-18T20:59:58.672468+00:00,2026-09-18T20:59:04+00:00,2026-09-18T20:59:04+00:00,bcycle_lametro_4390,9,3,,1,1,1
2026-09-18T20:59:58.672468+00:00,2026-09-18T20:59:04+00:00,2026-09-18T20:59:04+00:00,bcycle_lametro_4401,1,9,,1,1,1
2026-09-18T20:59:58.672468+00:00,2026-09-18T20:59:04+00:00,2026-09-18T20:59:04+00:00,bcycle_lametro_4404,8,7,,1,1,1
2026-09-18T20:59:58.672468+00:00,2026-09-18T20:59:04+00:00,2026-09-18T20:59:04+00:00,bcycle_lametro_4405,8,5,,1,1,1
2026-09-18T20:59:58.672468+00:00,2026-09-18T20:59:04+00:00,2026-09-18T20:59:04+00:00,bcycle_lametro_4406,7,7,,1,1,1
2026-09-18T20:59:58.672468+00:00,2026-09-18T20:59:04+00:00,2026-09-18T20:59:04+00:00,bcycle_lametro_4410,7,5,,1,1,1
2026-09-18T20:59:58.672468+00:00,2026-09-18T20:59:04+00:00,2026-09-18T20:59:04+00:00,bcycle_lametro_4436,4,5,,1,1,1
2026-09-18T20:59:58.672468+00:00,2026-09-18T20:59:04+00:00,2026-09-18T20:59:04+00:00,bcycle_lametro_4437,3,10,,1,1,1
2026-09-18T20:59:58.672468+00:00,2026-09-18T20:59:04+00:00,2026-09-18T20:59:04+00:00,bcycle_lametro_4440,4,10,,1,1,1
2026-09-18T20:59:58.672468+00:00,2026-09-18T20:59:04+00:00,2026-09-18T20:59:04+00:00,bcycle_lametro_4441,4,3,,1,1,1
2026-09-18T20:59:58.672468+00:00,2026-09-18T20:59:04+00:00,2026-09-18T20:59:04+00:00,bcycle_lametro_4442,7,5,,1,1,1
2026-09-18T20:59:58.672468+00:00,2026-09-18T20:59:04+00:00,2026-09-18T20:59:04+00:00,bcycle_lametro_4443,3,5,,1,1,1
2026-09-18T20:59:58.672468+00:00,2026-09-18T20:59:04+00:00,2026-09-18T20:59:04+00:00,bcycle_lametro_4444,3,6,,1,1,1
2026-09-18T20:59:58.672468+00:00,2026-09-18T20:59:04+00:00,2026-09-18T20:59:04+00:00,bcycle_lametro_4445,8,7,,1,1,1
2026-09-18T20:59:58.672468+00:00,2026-09-18T20:59:04+00:00,2026-09-18T20:59:04+00:00,bcycle_lametro_4446,4,4,,1,1,1
2026-09-18T20:59:58.672468+00:00,2026-09-18T20:59:04+00:00,2026-09-18T20:59:04+00:00,bcycle_lametro_4447,8,4,,1,1,1
2026-09-18T20:59:58.672468+00:00,2026-09-18T20:59:04+00:00,2026-09-18T20:59:04+00:00,bcycle_lametro_4448,10,8,,1,1,1
2026-09-18T20:59:58.672468+00:00,2026-09-18T20:59:04+00:00,2026-09-18T20:59:04+00:00,bcycle_lametro_4449,8,5,,1,1,1
2026-09-18T20:59:58.672468+00:00,2026-09-18T20:59:04+00:00,2026-09-18T20:59:04+00:00,bcycle_lametro_4450,6,8,,1,1,1
2026-09-18T20:59:58.672468+00:00,2026-09-18T20:59:04+00:00,2026-09-18T20:59:04+00:00,bcycle_lametro_4451,3,6,,1,1,1
2026-09-18T20:59:58.672468+00:00,2026-09-18T20:59:04+00:00,2026-09-18T20:59:04+00:00,bcycle_lametro_4452,2,8,,1,1,1
2026-09-18T20:59:58.672468+00:00,2026-09-18T20:59:04+00:00,2026-09-18T20:59:04+00:00,bcycle_lametro_4453,5,5,,1,1,1
2026-09-18T20:59:58.672468+00:00,2026-09-18T20:59:04+00:00,2026-09-18T20:59:04+00:00,bcycle_lametro_4454,9,5,,1,1,1
2026-09-18T20:59:58.672468+00:00,2026-09-18T20:59:04+00:00,2026-09-18T20:59:04+00:00,bcycle_lametro_4455,3,12,,1,1,1
2026-09-18T20:59:58.672468+00:00,2026-09-18T20:59:04+00:00,2026-09-18T20:59:04+00:00,bcycle_lametro_4456,2,13,,1,1,1
2026-09-18T20:59:58.672468+00:00,2026-09-18T20:59:04+00:00,2026-09-18T20:59:04+00:00,bcycle_lametro_4457,5,3,,1,1,1
2026-09-18T20:59:58.672468+00:00,2026-09-18T20:59:04+00:00,2026-09-18T20:59:04+00:00,bcycle_lametro_4472,7,9,,1,1,1
2026-09-18T20:59:58.672468+00:00,2026-09-18T20:59:04+00:00,2026-09-18T20:59:04+00:00,bcycle_lametro_4473,4,4,,1,1,1
2026-09-18T20:59:58.672468+00:00,2026-09-18T20:59:04+00:00,2026-09-18T20:59:04+00:00,bcycle_lametro_4474,2,8,,1,1,1
2026-09-18T20:59:58.672468+00:00,2026-09-18T20:59:04+00:00,2026-09-18T20:59:04+00:00,bcycle_lametro_4475,8,3,,1,1,1
2026-09-18T20:59:58.672468+00:00,2026-09-18T20:59:04+00:00,2026-09-18T20:59:04+00:00,bcycle_lametro_4476,5,9,,1,1,1
2026-09-18T20:59:58.672468+00:00,2026-09-18T20:59:04+00:00,2026-09-18T20:59:04+00:00,bcycle_lametro_4477,3,10,,1,1,1
2026-09-18T20:59:58.672468+00:00,2026-09-18T20:59:04+00:00,2026-09-18T20:59:04+00:00,bcycle_lametro_4479,3,9,,1,1,1
2026-09-18T20:59:58.672468+00:00,2026-09-18T20:59:04+00:00,2026-09-18T20:59:04+00:00,bcycle_lametro_4483,5,7,,1,1,1
2026-09-18T20:59:58.672468+00:00,2026-09-18T20:59:04+00:00,2026-09-18T20:59:04+00:00,bcycle_lametro_4487,10,6,,1,1,1
2026-09-18T20:59:58.672468+00:00,2026-09-18T20:59:04+00:00,2026-09-18T20:59:04+00:00,bcycle_lametro_4490,8,7,,1,1,1
2026-09-18T20:59:58.672468+00:00,2026-09-18T20:59:04+00:00,2026-09-18T20:59:04+00:00,bcycle_lametro_4491,5,8,,1,1,1
2026-09-18T20:59:58.672468+00:00,2026-09-18T20:59:04+00:00,2026-09-18T20:59:04+00:00,bcycle_lametro_4492,9,10,,1,1,1
2026-09-18T20:59:58.672468+00:00,2026-09-18T20:59:04+00:00,2026-09-18T20:59:04+00:00,bcycle_lametro_4493,7,8,,1,1,1
2026-09-18T20:59:58.672468+00:00,2026-09-18T20:59:04+00:00,2026-09-18T20:59:04+00:00,bcycle_lametro_4494,5,4,,1,1,1
2026-09-18T20:59:58.672468+00:00,2026-09-18T20:59:04+00:00,2026-09-18T20:59:04+00:00,bcycle_lametro_4509,5,5,,1,1,1
2026-09-18T20:59:58.672468+00:00,2026-09-18T20:59:04+00:00,2026-09-18T20:59:04+00:00,bcycle_lametro_4510,2,8,,1,1,1
2026-09-18T20:59:58.672468+00:00,2026-09-18T20:59:04+00:00,2026-09-18T20:59:04+00:00,bcycle_lametro_4511,4,15,,1,1,1
2026-09-18T20:59:58.672468+00:00,2026-09-18T20:59:04+00:00,2026-09-18T20:59:04+00:00,bcycle_lametro_4512,8,8,,1,1,1
2026-09-18T20:59:58.672468+00:00,2026-09-18T20:59:04+00:00,2026-09-18T20:59:04+00:00,bcycle_lametro_4514,12,9,,1,1,1
2026-09-18T20:59:58.672468+00:00,2026-09-18T20:59:04+00:00,2026-09-18T20:59:04+00:00,bcycle_lametro_4515,4,5,,1,1,1
2026-09-18T20:59:58.672468+00:00,2026-09-18T20:59:04+00:00,2026-09-18T20:59:04+00:00,bcycle_lametro_4517,5,6,,1,1,1
2026-09-18T20:59:58.672468+00:00,2026-09-18T20:59:04+00:00,2026-09-18T20:59:04+00:00,bcycle_lametro_4521,6,6,,1,1,1
2026-09-18T20:59:58.672468+00:00,2026-09-18T20:59:04+00:00,2026-09-18T20:59:04+00:00,bcycle_lametro_4523,5,10,,1,1,1
2026-09-18T20:59:58.672468+00:00,2026-09-18T20:59:04+00:00,2026-09-18T20:59:04+00:00,bcycle_lametro_4524,2,12,,1,1,1
2026-09-18T20:59:58.672468+00:00,2026-09-18T20:59:04+00:00,2026-09-18T20:59:04+00:00,bcycle_lametro_4525,8,2,,1,1,1
2026-09-18T20:59:58.672468+00:00,2026-09-18T20:59:04+00:00,2026-09-18T20:59:04+00:00,bcycle_lametro_4526,1,20,,1,1,1
2026-09-18T20:59:58.672468+00:00,2026-09-18T20:59:04+00:00,2026-09-18T20:59:04+00:00,bcycle_lametro_4527,4,10,,1,1,1
2026-09-18T20:59:58.672468+00:00,2026-09-18T20:59:04+00:00,2026-09-18T20:59:04+00:00,bcycle_lametro_4528,11,3,,1,1,1
2026-09-18T20:59:58.672468+00:00,2026-09-18T20:59:04+00:00,2026-09-18T20:59:04+00:00,bcycle_lametro_4529,4,9,,1,1,1
2026-09-18T20:59:58.672468+00:00,2026-09-18T20:59:04+00:00,2026-09-18T20:59:04+00:00,bcycle_lametro_4534,7,8,,1,1,1
2026-09-18T20:59:58.672468+00:00,2026-09-18T20:59:04+00:00,2026-09-18T20:59:04+00:00,bcycle_lametro_4536,7,3,,1,1,1
2026-09-18T20:59:58.672468+00:00,2026-09-18T20:59:04+00:00,2026-09-18T20:59:04+00:00,bcycle_lametro_4537,9,7,,1,1,1
2026-09-18T20:59:58.672468+00:00,2026-09-18T20:59:04+00:00,2026-09-18T20:59:04+00:00,bcycle_lametro_4538,2,5,,1,1,1
2026-09-18T20:59:58.672468+00:00,2026-09-18T20:59:04+00:00,2026-09-18T20:59:04+00:00,bcycle_lametro_4540,7,7,,1,1,1
2026-09-18T20:59:58.672468+00:00,2026-09-18T20:59:04+00:00,2026-09-18T20:59:04+00:00,bcycle_lametro_4543,5,3,,1,1,1
2026-09-18T20:59:58.672468+00:00,2026-09-18T20:59:04+00:00,2026-09-18T20:59:04+00:00,bcycle_lametro_4544,7,7,,1,1,1
2026-09-18T20:59:58.672468+00:00,2026-09-18T20:59:04+00:00,2026-09-18T20:59:04+00:00,bcycle_lametro_4545,3,5,,1,1,1
2026-09-18T20:59:58.672468+00:00,2026-09-18T20:59:04+00:00,2026-09-18T20:59:04+00:00,bcycle_lametro_4546,10,9,,1,1,1
2026-09-18T20:59:58.672468+00:00,2026-09-18T20:59:04+00:00,2026-09-18T20:59:04+00:00,bcycle_lametro_4547,4,6,,1,1,1
2026-09-18T20:59:58.672468+00:00,2026-09-18T20:59:04+00:00,2026-09-18T20:59:04+00:00,bcycle_lametro_4548,10,2,,1,1,1
2026-09-18T20:59:58.672468+00:00,2026-09-18T20:59:04+00:00,2026-09-18T20:59:04+00:00,bcycle_lametro_4549,8,8,,1,1,1
2026-09-18T20:59:58.672468+00:00,2026-09-18T20:59:04+00:00,2026-09-18T20:59:04+00:00,bcycle_lametro_4552,9,3,,1,1,1
2026-09-18T20:59:58.672468+00:00,2026-09-18T20:59:04+00:00,2026-09-18T20:59:04+00:00,bcycle_lametro_4553,1,8,,1,1,1
2026-09-18T20:59:58.672468+00:00,2026-09-18T20:59:04+00:00,2026-09-18T20:59:04+00:00,bcycle_lametro_4554,5,6,,0,0,1
2026-09-18T20:59:58.672468+00:00,2026-09-18T20:59:04+00:00,2026-09-18T20:59:04+00:00,bcycle_lametro_4555,5,3,,1,1,1
2026-09-18T20:59:58.672468+00:00,2026-09-18T20:59:04+00:00,2026-09-18T20:59:04+00:00,bcycle_lametro_4556,1,12,,1,1,1
2026-09-18T20:59:58.672468+00:00,2026-09-18T20:59:04+00:00,2026-09-18T20:59:04+00:00,bcycle_lametro_4557,8,3,,1,1,1
2026-09-18T20:59:58.672468+00:00,2026-09-18T20:59:04+00:00,2026-09-18T20:59:04+00:00,bcycle_lametro_4558,2,15,,1,1,1
2026-09-18T20:59:58.672468+00:00,2026-09-18T20:59:04+00:00,2026-09-18T20:59:04+00:00,bcycle_lametro_4561,2,7,,1,1,1
2026-09-18T20:59:58.672468+00:00,2026-09-18T20:59:04+00:00,2026-09-18T20:59:04+00:00,bcycle_lametro_4562,7,7,,1,1,1
2026-09-18T20:59:58.672468+00:00,2026-09-18T20:59:04+00:00,2026-09-18T20:59:04+00:00,bcycle_lametro_4563,4,5,,1,1,1
2026-09-18T20:59:58.672468+00:00,2026-09-18T20:59:04+00:00,2026-09-18T20:59:04+00:00,bcycle_lametro_4564,10,5,,1,1,1
2026-09-18T20:59:58.672468+00:00,2026-09-18T20:59:04+00:00,2026-09-18T20:59:04+00:00,bcycle_lametro_4565,2,10,,1,1,1
2026-09-18T20:59:58.672468+00:00,2026-09-18T20:59:04+00:00,2026-09-18T20:59:04+00:00,bcycle_lametro_4566,9,6,,1,1,1
2026-09-18T20:59:58.672468+00:00,2026-09-18T20:59:04+00:00,2026-09-18T20:59:04+00:00,bcycle_lametro_4567,8,3,,1,1,1
2026-09-18T20:59:58.672468+00:00,2026-09-18T20:59:04+00:00,2026-09-18T20:59:04+00:00,bcycle_lametro_4568,6,8,,1,1,1
2026-09-18T20:59:58.672468+00:00,2026-09-18T20:59:04+00:00,2026-09-18T20:59:04+00:00,bcycle_lametro_4569,5,4,,1,1,1
2026-09-18T20:59:58.672468+00:00,2026-09-18T20:59:04+00:00,2026-09-18T20:59:04+00:00,bcycle_lametro_4570,11,4,,1,1,1
2026-09-18T20:59:58.672468+00:00,2026-09-18T20:59:04+00:00,2026-09-18T20:59:04+00:00,bcycle_lametro_4571,4,3,,1,1,1
2026-09-18T20:59:58.672468+00:00,2026-09-18T20:59:04+00:00,2026-09-18T20:59:04+00:00,bcycle_lametro_4575,6,5,,1,1,1
2026-09-18T20:59:58.672468+00:00,2026-09-18T20:59:04+00:00,2026-09-18T20:59:04+00:00,bcycle_lametro_4576,8,3,,1,1,1
2026-09-18T20:59:58.672468+00:00,2026-09-18T20:59:04+00:00,2026-09-18T20:59:04+00:00,bcycle_lametro_4578,4,3,,1,1,1
2026-09-18T20:59:58.672468+00:00,2026-09-18T20:59:04+00:00,2026-09-18T20:59:04+00:00,bcycle_lametro_4579,4,8,,1,1,1
2026-09-18T20:59:58.672468+00:00,2026-09-18T20:59:04+00:00,2026-09-18T20:59:04+00:00,bcycle_lametro_4580,4,4,,1,1,1
2026-09-18T20:59:58.672468+00:00,2026-09-18T20:59:04+00:00,2026-09-18T20:59:04+00:00,bcycle_lametro_4581,7,9,,1,1,1
2026-09-18T20:59:58.672468+00:00,2026-09-18T20:59:04+00:00,2026-09-18T20:59:04+00:00,bcycle_lametro_4583,9,9,,1,1,1
2026-09-18T20:59:58.672468+00:00,2026-09-18T20:59:04+00:00,2026-09-18T20:59:04+00:00,bcycle_lametro_4584,11,3,,1,1,1
2026-09-18T20:59:58.672468+00:00,2026-09-18T20:59:04+00:00,2026-09-18T20:59:04+00:00,bcycle_lametro_4587,8,3,,1,1,1
2026-09-18T20:59:58.672468+00:00,2026-09-18T20:59:04+00:00,2026-09-18T20:59:04+00:00,bcycle_lametro_4595,2,15,,1,1,1
2026-09-18T20:59:58.672468+00:00,2026-09-18T20:59:04+00:00,2026-09-18T20:59:04+00:00,bcycle_lametro_4596,4,11,,1,1,1
2026-09-18T20:59:58.672468+00:00,2026-09-18T20:59:04+00:00,2026-09-18T20:59:04+00:00,bcycle_lametro_4597,2,9,,1,1,1
2026-09-18T20:59:58.672468+00:00,2026-09-18T20:59:04+00:00,2026-09-18T20:59:04+00:00,bcycle_lametro_4598,1,8,,1,1,1
2026-09-18T20:59:58.672468+00:00,2026-09-18T20:59:04+00:00,2026-09-18T20:59:04+00:00,bcycle_lametro_4599,5,6,,1,1,1
2026-09-18T20:59:58.672468+00:00,2026-09-18T20:59:04+00:00,2026-09-18T20:59:04+00:00,bcycle_lametro_4600,4,6,,1,1,1
2026-09-18T20:59:58.672468+00:00,2026-09-18T20:59:04+00:00,2026-09-18T20:59:04+00:00,bcycle_lametro_4601,6,5,,1,1,1
2026-09-18T20:59:58.672468+00:00,2026-09-18T20:59:04+00:00,2026-09-18T20:59:04+00:00,bcycle_lametro_4603,8,10,,1,1,1
2026-09-18T20:59:58.672468+00:00,2026-09-18T20:59:04+00:00,2026-09-18T20:59:04+00:00,bcycle_lametro_4604,10,2,,1,1,1
2026-09-18T20:59:58.672468+00:00,2026-09-18T20:59:04+00:00,2026-09-18T20:59:04+00:00,bcycle_lametro_4605,6,7,,1,1,1
2026-09-18T20:59:58.672468+00:00,2026-09-18T20:59:04+00:00,2026-09-18T20:59:04+00:00,bcycle_lametro_4606,7,13,,1,1,1
2026-09-18T20:59:58.672468+00:00,2026-09-18T20:59:04+00:00,2026-09-18T20:59:04+00:00,bcycle_lametro_4613,5,14,,1,1,1
2026-09-18T20:59:58.672468+00:00,2026-09-18T20:59:04+00:00,2026-09-18T20:59:04+00:00,bcycle_lametro_4614,7,13,,1,1,1
2026-09-18T20:59:58.672468+00:00,2026-09-18T20:59:04+00:00,2026-09-18T20:59:04+00:00,bcycle_lametro_4627,5,12,,1,1,1
2026-09-18T20:59:58.672468+00:00,2026-09-18T20:59:04+00:00,2026-09-18T20:59:04+00:00,bcycle_lametro_4628,10,3,,1,1,1
2026-09-18T20:59:58.672468+00:00,2026-09-18T20:59:04+00:00,2026-09-18T20:59:04+00:00,bcycle_lametro_4632,7,8,,1,1,1
2026-09-18T20:59:58.672468+00:00,2026-09-18T20:59:04+00:00,2026-09-18T20:59:04+00:00,bcycle_lametro_4643,11,9,,1,1,1
2026-09-18T20:59:58.672468+00:00,2026-09-18T20:59:04+00:00,2026-09-18T20:59:04+00:00,bcycle_lametro_4644,1,11,,1,1,1
2026-09-18T20:59:58.672468+00:00,2026-09-18T20:59:04+00:00,2026-09-18T20:59:04+00:00,bcycle_lametro_4645,3,9,,1,1,1
2026-09-18T20:59:58.672468+00:00,2026-09-18T20:59:04+00:00,2026-09-18T20:59:04+00:00,bcycle_lametro_4652,4,7,,1,1,1
2026-09-18T20:59:58.672468+00:00,2026-09-18T20:59:04+00:00,2026-09-18T20:59:04+00:00,bcycle_lametro_4660,3,14,,1,1,1
2026-09-18T20:59:58.672468+00:00,2026-09-18T20:59:04+00:00,2026-09-18T20:59:04+00:00,bcycle_lametro_4664,17,3,,1,1,1
2026-09-18T20:59:58.672468+00:00,2026-09-18T20:59:04+00:00,2026-09-18T20:59:04+00:00,bcycle_lametro_4672,6,9,,1,1,1
2026-09-18T20:59:58.672468+00:00,2026-09-18T20:59:04+00:00,2026-09-18T20:59:04+00:00,bcycle_lametro_4680,3,15,,1,1,1
2026-09-18T20:59:58.672468+00:00,2026-09-18T20:59:04+00:00,2026-09-18T20:59:04+00:00,bcycle_lametro_4689,13,2,,1,1,1
2026-09-18T20:59:58.672468+00:00,2026-09-18T20:59:04+00:00,2026-09-18T20:59:04+00:00,bcycle_lametro_4690,11,2,,1,1,1
2026-09-18T20:59:58.672468+00:00,2026-09-18T20:59:04+00:00,2026-09-18T20:59:04+00:00,bcycle_lametro_4696,6,8,,0,0,1
2026-09-18T20:59:58.672468+00:00,2026-09-18T20:59:04+00:00,2026-09-18T20:59:04+00:00,bcycle_lametro_4697,2,13,,1,1,1
2026-09-18T20:59:58.672468+00:00,2026-09-18T20:59:04+00:00,2026-09-18T20:59:04+00:00,bcycle_lametro_4698,3,10,,1,1,1
2026-09-18T20:59:58.672468+00:00,2026-09-18T20:59:04+00:00,2026-09-18T20:59:04+00:00,bcycle_lametro_4699,11,4,,1,1,1
2026-09-18T20:59:58.672468+00:00,2026-09-18T20:59:04+00:00,2026-09-18T20:59:04+00:00,bcycle_lametro_4700,10,7,,1,1,1
2026-09-18T20:59:58.672468+00:00,2026-09-18T20:59:04+00:00,2026-09-18T20:59:04+00:00,bcycle_lametro_4707,6,7,,1,1,1
2026-09-18T20:59:58.672468+00:00,2026-09-18T20:59:04+00:00,2026-09-18T20:59:04+00:00,bcycle_lametro_4729,5,8,,1,1,1
2026-09-18T20:59:58.672468+00:00,2026-09-18T20:59:04+00:00,2026-09-18T20:59:04+00:00,bcycle_lametro_4730,6,7,,1,1,1
2026-09-18T20:59:58.672468+00:00,2026-09-18T20:59:04+00:00,2026-09-18T20:59:04+00:00,bcycle_lametro_4732,10,11,,1,1,1
2026-09-18T20:59:58.672468+00:00,2026-09-18T20:59:04+00:00,2026-09-18T20:59:04+00:00,bcycle_lametro_4733,5,18,,1,1,1
2026-09-18T20:59:58.672468+00:00,2026-09-18T20:59:04+00:00,2026-09-18T20:59:04+00:00,bcycle_lametro_4734,3,11,,1,1,1
2026-09-18T20:59:58.672468+00:00,2026-09-18T20:59:04+00:00,2026-09-18T20:59:04+00:00,bcycle_lametro_4735,5,7,,1,1,1
2026-09-18T20:59:58.672468+00:00,2026-09-18T20:59:04+00:00,2026-09-18T20:59:04+00:00,bcycle_lametro_4736,7,8,,1,1,1
2026-09-18T20:59:58.672468+00:00,2026-09-18T20:59:04+00:00,2026-09-18T20:59:04+00:00,bcycle_lametro_4740,6,15,,1,1,1
2026-09-18T20:59:58.672468+00:00,2026-09-18T20:59:04+00:00,2026-09-18T20:59:04+00:00,bcycle_lametro_4745,3,8,,1,1,1
