fetched_at,last_updated,last_reported,station_id,bikes_available,docks_available,ebikes_available,is_renting,is_returning,is_installed
2026-09-07T01:00:30.690976+00:00,2026-09-07T01:00:13+00:00,2026-09-07T01:00:13+00:00,bcycle_lametro_3005,11,19,,1,1,1
2026-09-07T01:00:30.690976+00:00,2026-09-07T01:00:13+00:00,2026-09-07T01:00:13+00:00,bcycle_lametro_3006,3,26,,1,1,1
2026-09-07T01:00:30.690976+00:00,2026-09-07T01:00:13+00:00,2026-09-07T01:00:13+00:00,bcycle_lametro_3007,7,10,,1,1,1
2026-09-07T01:00:30.690976+00:00,2026-09-07T01:00:13+00:00,2026-09-07T01:00:13+00:00,bcycle_lametro_3008,5,7,,1,1,1
2026-09-07T01:00:30.690976+00:00,2026-09-07T01:00:13+00:00,2026-09-07T01:00:13+00:00,bcycle_lametro_3010,6,8,,1,1,1
2026-09-07T01:00:30.690976+00:00,2026-09-07T01:00:13+00:00,2026-09-07T01:00:13+00:00,bcycle_lametro_3011,6,10,,1,1,1
2026-09-07T01:00:30.690976+00:00,2026-09-07T01:00:13+00:00,2026-09-07T01:00:13+00:00,bcycle_lametro_3014,13,15,,1,1,1
2026-09-07T01:00:30.690976+00:00,2026-09-07T01:00:13+00:00,2026-09-07T01:00:13+00:00,bcycle_lametro_3016,2,13,,1,1,1
2026-09-07T01:00:30.690976+00:00,2026-09-07T01:00:13+00:00,2026-09-07T01:00:13+00:00,bcycle_lametro_3018,13,5,,1,1,1
2026-09-07T01:00:30.690976+00:00,2026-09-07T01:00:13+00:00,2026-09-07T01:00:13+00:00,bcycle_lametro_3019,7,12,,1,1,1
2026-09-07T01:00:30.690976+00:00,2026-09-07T01:00:13+00:00,2026-09-07T01:00:13+00:00,bcycle_lametro_3020,3,12,,1,1,1
2026-09-07T01:00:30.690976+00:00,2026-09-07T01:00:13+00:00,2026-09-07T01:00:13+00:00,bcycle_lametro_3022,13,6,,1,1,1
2026-09-07T01:00:30.690976+00:00,2026-09-07T01:00:13+00:00,2026-09-07T01:00:13+00:00,bcycle_lametro_3024,7,8,,1,1,1
2026-09-07T01:00:30.690976+00:00,2026-09-07T01:00:13+00:00,2026-09-07T01:00:13+00:00,bcycle_lametro_3025,5,9,,1,1,1
2026-09-07T01:00:30.690976+00:00,2026-09-07T01:00:13+00:00,2026-09-07T01:00:13+00:00,bcycle_lametro_3026,2,13,,1,1,1
2026-09-07T01:00:30.690976+00:00,2026-09-07T01:00:13+00:00,2026-09-07T01:00:13+00:00,bcycle_lametro_3027,7,8,,1,1,1
2026-09-07T01:00:30.690976+00:00,2026-09-07T01:00:13+00:00,2026-09-07T01:00:13+00:00,bcycle_lametro_3030,14,14,,1,1,1
2026-09-07T01:00:30.690976+00:00,2026-09-07T01:00:13+00:00,2026-09-07T01:00:13+00:00,bcycle_lametro_3032,16,10,,1,1,1
2026-09-07T01:00:30.690976+00:00,2026-09-07T01:00:13+00:00,2026-09-07T01:00:13+00:00,bcycle_lametro_3033,7,5,,1,1,1
2026-09-07T01:00:30.690976+00:00,2026-09-07T01:00:13+00:00,2026-09-07T01:00:13+00:00,bcycle_lametro_3034,12,10,,1,1,1
2026-09-07T01:00:30.690976+00:00,2026-09-07T01:00:13+00:00,2026-09-07T01:00:13+00:00,bcycle_lametro_3035,12,11,,1,1,1
2026-09-07T01:00:30.690976+00:00,2026-09-07T01:00:13+00:00,2026-09-07T01:00:13+00:00,bcycle_lametro_3036,10,5,,1,1,1
2026-09-07T01:00:30.690976+00:00,2026-09-07T01:00:13+00:00,2026-09-07T01:00:13+00:00,bcycle_lametro_3037,5,13,,1,1,1
2026-09-07T01:00:30.690976+00:00,2026-09-07T01:00:13+00:00,2026-09-07T01:00:13+00:00,bcycle_lametro_3040,2,1,,1,1,1
2026-09-07T01:00:30.690976+00:00,2026-09-07T01:00:13+00:00,2026-09-07T01:00:13+00:00,bcycle_lametro_3042,9,19,,1,1,1
2026-09-07T01:00:30.690976+00:00,2026-09-07T01:00:13+00:00,2026-09-07T01:00:13+00:00,bcycle_lametro_3045,5,5,,1,1,1
2026-09-07T01:00:30.690976+00:00,2026-09-07T01:00:13+00:00,2026-09-07T01:00:13+00:00,bcycle_lametro_3046,2,15,,1,1,1
2026-09-07T01:00:30.690976+00:00,2026-09-07T01:00:13+00:00,2026-09-07T01:00:13+00:00,bcycle_lametro_3047,21,11,,1,1,1
2026-09-07T01:00:30.690976+00:00,2026-09-07T01:00:13+00:00,2026-09-07T01:00:13+00:00,bcycle_lametro_3048,10,5,,1,1,1
2026-09-07T01:00:30.690976+00:00,2026-09-07T01:00:13+00:00,2026-09-07T01:00:13+00:00,bcycle_lametro_3052,6,9,,1,1,1
2026-09-07T01:00:30.690976+00:00,2026-09-07T01:00:13+00:00,2026-09-07T01:00:13+00:00,bcycle_lametro_3054,5,10,,1,1,1
2026-09-07T01:00:30.690976+00:00,2026-09-07T01:00:13+00:00,2026-09-07T01:00:13+00:00,bcycle_lametro_3056,6,6,,1,1,1
2026-09-07T01:00:30.690976+00:00,2026-09-07T01:00:13+00:00,2026-09-07T01:00:13+00:00,bcycle_lametro_3058,6,9,,1,1,1
2026-09-07T01:00:30.690976+00:00,2026-09-07T01:00:13+00:00,2026-09-07T01:00:13+00:00,bcycle_lametro_3062,5,7,,1,1,1
2026-09-07T01:00:30.690976+00:00,2026-09-07T01:00:13+00:00,2026-09-07T01:00:13+00:00,bcycle_lametro_3063,0,22,,0,0,1
2026-09-07T01:00:30.690976+00:00,2026-09-07T01:00:13+00:00,2026-09-07T01:00:13+00:00,bcycle_lametro_3064,11,6,,1,1,1
2026-09-07T01:00:30.690976+00:00,2026-09-07T01:00:13+00:00,2026-09-07T01:00:13+00:00,bcycle_lametro_3065,6,9,,1,1,1
2026-09-07T01:00:30.690976+00:00,2026-09-07T01:00:13+00:00,2026-09-07T01:00:13+00:00,bcycle_lametro_3066,8,7,,1,1,1
2026-09-07T01:00:30.690976+00:00,2026-09-07T01:00:13+00:00,2026-09-07T01:00:13+00:00,bcycle_lametro_3068,4,10,,1,1,1
2026-09-07T01:00:30.690976+00:00,2026-09-07T01:00:13+00:00,2026-09-07T01:00:13+00:00,bcycle_lametro_3069,4,13,,1,1,1
2026-09-07T01:00:30.690976+00:00,2026-09-07T01:00:13+00:00,2026-09-07T01:00:13+00:00,bcycle_lametro_3074,13,9,,1,1,1
2026-09-07T01:00:30.690976+00:00,2026-09-07T01:00:13+00:00,2026-09-07T01:00:13+00:00,bcycle_lametro_3075,10,4,,1,1,1
2026-09-07T01:00:30.690976+00:00,2026-09-07T01:00:13+00:00,2026-09-07T01:00:13+00:00,bcycle_lametro_3076,5,6,,1,1,1
2026-09-07T01:00:30.690976+00:00,2026-09-07T01:00:13+00:00,2026-09-07T01:00:13+00:00,bcycle_lametro_3077,6,7,,1,1,1
2026-09-07T01:00:30.690976+00:00,2026-09-07T01:00:13+00:00,2026-09-07T01:00:13+00:00,bcycle_lametro_3078,9,6,,1,1,1
2026-09-07T01:00:30.690976+00:00,2026-09-07T01:00:13+00:00,2026-09-07T01:00:13+00:00,bcycle_lametro_3079,10,4,,1,1,1
2026-09-07T01:00:30.690976+00:00,2026-09-07T01:00:13+00:00,2026-09-07T01:00:13+00:00,bcycle_lametro_3081,7,5,,1,1,1
2026-09-07T01:00:30.690976+00:00,2026-09-07T01:00:13+00:00,2026-09-07T01:00:13+00:00,bcycle_lametro_3082,8,18,,1,1,1
2026-09-07T01:00:30.690976+00:00,2026-09-07T01:00:13+00:00,2026-09-07T01:00:13+00:00,bcycle_lametro_4202,7,13,,1,1,1
2026-09-07T01:00:30.690976+00:00,2026-09-07T01:00:13+00:00,2026-09-07T01:00:13+00:00,bcycle_lametro_4204,6,10,,1,1,1
2026-09-07T01:00:30.690976+00:00,2026-09-07T01:00:13+00:00,2026-09-07T01:00:13+00:00,bcycle_lametro_4205,4,12,,1,1,1
2026-09-07T01:00:30.690976+00:00,2026-09-07T01:00:13+00:00,2026-09-07T01:00:13+00:00,bcycle_lametro_4206,13,10,,1,1,1
2026-09-07T01:00:30.690976+00:00,2026-09-07T01:00:13+00:00,2026-09-07T01:00:13+00:00,bcycle_lametro_4207,10,8,,1,1,1
2026-09-07T01:00:30.690976+00:00,2026-09-07T01:00:13+00:00,2026-09-07T01:00:13+00:00,bcycle_lametro_4208,3,14,,1,1,1
2026-09-07T01:00:30.690976+00:00,2026-09-07T01:00:13+00:00,2026-09-07T01:00:13+00:00,bcycle_lametro_4209,6,17,,1,1,1
2026-09-07T01:00:30.690976+00:00,2026-09-07T01:00:13+00:00,2026-09-07T01:00:13+00:00,bcycle_lametro_4210,5,10,,1,1,1
2026-09-07T01:00:30.690976+00:00,2026-09-07T01:00:13+00:00,2026-09-07T01:00:13+00:00,bcycle_lametro_4211,6,8,,1,1,1
2026-09-07T01:00:30.690976+00:00,2026-09-07T01:00:13+00:00,2026-09-07T01:00:13+00:00,bcycle_lametro_4212,8,13,,1,1,1
2026-09-07T01:00:30.690976+00:00,2026-09-07T01:00:13+00:00,2026-09-07T01:00:13+00:00,bcycle_lametro_4213,7,8,,1,1,1
2026-09-07T01:00:30.690976+00:00,2026-09-07T01:00:13+00:00,2026-09-07T01:00:13+00:00,bcycle_lametro_4214,5,21,,1,1,1
2026-09-07T01:00:30.690976+00:00,2026-09-07T01:00:13+00:00,2026-09-07T01:00:13+00:00,bcycle_lametro_4215,21,19,,1,1,1
2026-09-07T01:00:30.690976+00:00,2026-09-07T01:00:13+00:00,2026-09-07T01:00:13+00:00,bcycle_lametro_4216,11,8,,1,1,1
2026-09-07T01:00:30.690976+00:00,2026-09-07T01:00:13+00:00,2026-09-07T01:00:13+00:00,bcycle_lametro_4217,6,5,,1,1,1
2026-09-07T01:00:30.690976+00:00,2026-09-07T01:00:13+00:00,2026-09-07T01:00:13+00:00,bcycle_lametro_4220,6,9,,1,1,1
2026-09-07T01:00:30.690976+00:00,2026-09-07T01:00:13+00:00,2026-09-07T01:00:13+00:00,bcycle_lametro_4227,7,9,,1,1,1
2026-09-07T01:00:30.690976+00:00,2026-09-07T01:00:13+00:00,2026-09-07T01:00:13+00:00,bcycle_lametro_4245,6,8,,1,1,1
2026-09-07T01:00:30.690976+00:00,2026-09-07T01:00:13+00:00,2026-09-07T01:00:13+00:00,bcycle_lametro_4246,5,9,,1,1,1
2026-09-07T01:00:30.690976+00:00,2026-09-07T01:00:13+00:00,2026-09-07T01:00:13+00:00,bcycle_lametro_4247,4,4,,1,1,1
2026-09-07T01:00:30.690976+00:00,2026-09-07T01:00:13+00:00,2026-09-07T01:00:13+00:00,bcycle_lametro_4248,9,10,,1,1,1
2026-09-07T01:00:30.690976+00:00,2026-09-07T01:00:13+00:00,2026-09-07T01:00:13+00:00,bcycle_lametro_4249,5,10,,1,1,1
2026-09-07T01:00:30.690976+00:00,2026-09-07T01:00:13+00:00,2026-09-07T01:00:13+00:00,bcycle_lametro_4250,7,8,,1,1,1
2026-09-07T01:00:30.690976+00:00,2026-09-07T01:00:13+00:00,2026-09-07T01:00:13+00:00,bcycle_lametro_4254,7,8,,1,1,1
2026-09-07T01:00:30.690976+00:00,2026-09-07T01:00:13+00:00,2026-09-07T01:00:13+00:00,bcycle_lametro_4255,2,8,,1,1,1
2026-09-07T01:00:30.690976+00:00,2026-09-07T01:00:13+00:00,2026-09-07T01:00:13+00:00,bcycle_lametro_4266,8,7,,1,1,1
2026-09-07T01:00:30.690976+00:00,2026-09-07T01:00:13+00:00,2026-09-07T01:00:13+00:00,bcycle_lametro_4267,5,3,,1,1,1
2026-09-07T01:00:30.690976+00:00,2026-09-07T01:00:13+00:00,2026-09-07T01:00:13+00:00,bcycle_lametro_4273,5,9,,1,1,1
2026-09-07T01:00:30.690976+00:00,2026-09-07T01:00:13+00:00,2026-09-07T01:00:13+00:00,bcycle_lametro_4275,8,7,,1,1,1
2026-09-07T01:00:30.690976+00:00,2026-09-07T01:00:13+00:00,2026-09-07T01:00:13+00:00,bcycle_lametro_4293,3,7,,1,1,1
2026-09-07T01:00:30.690976+00:00,2026-09-07T01:00:13+00:00,2026-09-07T01:00:13+00:00,bcycle_lametro_4300,6,7,,1,1,1
2026-09-07T01:00:30.690976+00:00,2026-09-07T01:00:13+00:00,2026-09-07T01:00:13+00:00,bcycle_lametro_4301,3,7,,1,1,1
2026-09-07T01:00:30.690976+00:00,2026-09-07T01:00:13+00:00,2026-09-07T01:00:13+00:00,bcycle_lametro_4303,5,5,,1,1,1
2026-09-07T01:00:30.690976+00:00,2026-09-07T01:00:13+00:00,2026-09-07T01:00:13+00:00,bcycle_lametro_4304,4,7,,1,1,1
2026-09-07T01:00:30.690976+00:00,2026-09-07T01:00:13+00:00,2026-09-07T01:00:13+00:00,bcycle_lametro_4306,4,9,,1,1,1
2026-09-07T01:00:30.690976+00:00,2026-09-07T01:00:13+00:00,2026-09-07T01:00:13+00:00,bcycle_lametro_4311,9,4,,1,1,1
2026-09-07T01:00:30.690976+00:00,2026-09-07T01:00:13+00:00,2026-09-07T01:00:13+00:00,bcycle_lametro_4312,6,7,,1,1,1
2026-09-07T01:00:30.690976+00:00,2026-09-07T01:00:13+00:00,2026-09-07T01:00:13+00:00,bcycle_lametro_4313,9,2,,1,1,1
2026-09-07T01:00:30.690976+00:00,2026-09-07T01:00:13+00:00,2026-09-07T01:00:13+00:00,bcycle_lametro_4314,4,11,,1,1,1
2026-09-07T01:00:30.690976+00:00,2026-09-07T01:00:13+00:00,2026-09-07T01:00:13+00:00,bcycle_lametro_4315,2,4,,1,1,1
2026-09-07T01:00:30.690976+00:00,2026-09-07T01:00:13+00:00,2026-09-07T01:00:13+00:00,bcycle_lametro_4387,7,9,,1,1,1
2026-09-07T01:00:30.690976+00:00,2026-09-07T01:00:13+00:00,2026-09-07T01:00:13+00:00,bcycle_lametro_4390,5,7,,1,1,1
2026-09-07T01:00:30.690976+00:00,2026-09-07T01:00:13+00:00,2026-09-07T01:00:13+00:00,bcycle_lametro_4401,7,3,,1,1,1
2026-09-07T01:00:30.690976+00:00,2026-09-07T01:00:13+00:00,2026-09-07T01:00:13+00:00,bcycle_lametro_4404,10,5,,1,1,1
2026-09-07T01:00:30.690976+00:00,2026-09-07T01:00:13+00:00,2026-09-07T01:00:13+00:00,bcycle_lametro_4405,7,6,,1,1,1
2026-09-07T01:00:30.690976+00:00,2026-09-07T01:00:13+00:00,2026-09-07T01:00:13+00:00,bcycle_lametro_4406,6,8,,1,1,1
2026-09-07T01:00:30.690976+00:00,2026-09-07T01:00:13+00:00,2026-09-07T01:00:13+00:00,bcycle_lametro_4410,10,2,,1,1,1
2026-09-07T01:00:30.690976+00:00,2026-09-07T01:00:13+00:00,2026-09-07T01:00:13+00:00,bcycle_lametro_4436,3,6,,1,1,1
2026-09-07T01:00:30.690976+00:00,2026-09-07T01:00:13+00:00,2026-09-07T01:00:13+00:00,bcycle_lametro_4437,4,9,,1,1,1
2026-09-07T01:00:30.690976+00:00,2026-09-07T01:00:13+00:00,2026-09-07T01:00:13+00:00,bcycle_lametro_4440,4,10,,1,1,1
2026-09-07T01:00:30.690976+00:00,2026-09-07T01:00:13+00:00,2026-09-07T01:00:13+00:00,bcycle_lametro_4441,1,6,,1,1,1
2026-09-07T01:00:30.690976+00:00,2026-09-07T01:00:13+00:00,2026-09-07T01:00:13+00:00,bcycle_lametro_4442,6,6,,1,1,1
2026-09-07T01:00:30.690976+00:00,2026-09-07T01:00:13+00:00,2026-09-07T01:00:13+00:00,bcycle_lametro_4443,6,2,,1,1,1
2026-09-07T01:00:30.690976+00:00,2026-09-07T01:00:13+00:00,2026-09-07T01:00:13+00:00,bcycle_lametro_4444,4,5,,1,1,1
2026-09-07T01:00:30.690976+00:00,2026-09-07T01:00:13+00:00,2026-09-07T01:00:13+00:00,bcycle_lametro_4445,8,7,,1,1,1
2026-09-07T01:00:30.690976+00:00,2026-09-07T01:00:13+00:00,2026-09-07T01:00:13+00:00,bcycle_lametro_4446,2,6,,1,1,1
2026-09-07T01:00:30.690976+00:00,2026-09-07T01:00:13+00:00,2026-09-07T01:00:13+00:00,bcycle_lametro_4447,7,5,,1,1,1
2026-09-07T01:00:30.690976+00:00,2026-09-07T01:00:13+00:00,2026-09-07T01:00:13+00:00,bcycle_lametro_4448,6,12,,1,1,1
2026-09-07T01:00:30.690976+00:00,2026-09-07T01:00:13+00:00,2026-09-07T01:00:13+00:00,bcycle_lametro_4449,6,7,,1,1,1
2026-09-07T01:00:30.690976+00:00,2026-09-07T01:00:13+00:00,2026-09-07T01:00:13+00:00,bcycle_lametro_4450,4,10,,1,1,1
2026-09-07T01:00:30.690976+00:00,2026-09-07T01:00:13+00:00,2026-09-07T01:00:13+00:00,bcycle_lametro_4451,6,3,,1,1,1
2026-09-07T01:00:30.690976+00:00,2026-09-07T01:00:13+00:00,2026-09-07T01:00:13+00:00,bcycle_lametro_4452,5,5,,1,1,1
2026-09-07T01:00:30.690976+00:00,2026-09-07T01:00:13+00:00,2026-09-07T01:00:13+00:00,bcycle_lametro_4453,2,8,,1,1,1
2026-09-07T01:00:30.690976+00:00,2026-09-07T01:00:13+00:00,2026-09-07T01:00:13+00:00,bcycle_lametro_4454,3,11,,1,1,1
2026-09-07T01:00:30.690976+00:00,2026-09-07T01:00:13+00:00,2026-09-07T01:00:13+00:00,bcycle_lametro_4455,8,7,,1,1,1
2026-09-07T01:00:30.690976+00:00,2026-09-07T01:00:13+00:00,2026-09-07T01:00:13+00:00,bcycle_lametro_4456,7,8,,1,1,1
2026-09-07T01:00:30.690976+00:00,2026-09-07T01:00:13+00:00,2026-09-07T01:00:13+00:00,bcycle_lametro_4457,6,2,,1,1,1
2026-09-07T01:00:30.690976+00:00,2026-09-07T01:00:13+00:00,2026-09-07T01:00:13+00:00,bcycle_lametro_4472,10,4,,1,1,1
2026-09-07T01:00:30.690976+00:00,2026-09-07T01:00:13+00:00,2026-09-07T01:00:13+00:00,bcycle_lametro_4473,2,6,,1,1,1
2026-09-07T01:00:30.690976+00:00,2026-09-07T01:00:13+00:00,2026-09-07T01:00:13+00:00,bcycle_lametro_4474,4,6,,1,1,1
2026-09-07T01:00:30.690976+00:00,2026-09-07T01:00:13+00:00,2026-09-07T01:00:13+00:00,bcycle_lametro_4475,7,4,,1,1,1
2026-09-07T01:00:30.690976+00:00,2026-09-07T01:00:13+00:00,2026-09-07T01:00:13+00:00,bcycle_lametro_4476,6,8,,1,1,1
2026-09-07T01:00:30.690976+00:00,2026-09-07T01:00:13+00:00,2026-09-07T01:00:13+00:00,bcycle_lametro_4477,3,10,,1,1,1
2026-09-07T01:00:30.690976+00:00,2026-09-07T01:00:13+00:00,2026-09-07T01:00:13+00:00,bcycle_lametro_4479,5,7,,1,1,1
2026-09-07T01:00:30.690976+00:00,2026-09-07T01:00:13+00:00,2026-09-07T01:00:13+00:00,bcycle_lametro_4483,2,10,,1,1,1
2026-09-07T01:00:30.690976+00:00,2026-09-07T01:00:13+00:00,2026-09-07T01:00:13+00:00,bcycle_lametro_4487,7,9,,1,1,1
2026-09-07T01:00:30.690976+00:00,2026-09-07T01:00:13+00:00,2026-09-07T01:00:13+00:00,bcycle_lametro_4490,4,10,,1,1,1
2026-09-07T01:00:30.690976+00:00,2026-09-07T01:00:13+00:00,2026-09-07T01:00:13+00:00,bcycle_lametro_4491,6,7,,1,1,1
2026-09-07T01:00:30.690976+00:00,2026-09-07T01:00:13+00:00,2026-09-07T01:00:13+00:00,bcycle_lametro_4492,12,7,,1,1,1
2026-09-07T01:00:30.690976+00:00,2026-09-07T01:00:13+00:00,2026-09-07T01:00:13+00:00,bcycle_lametro_4493,7,9,,1,1,1
2026-09-07T01:00:30.690976+00:00,2026-09-07T01:00:13+00:00,2026-09-07T01:00:13+00:00,bcycle_lametro_4494,5,4,,1,1,1
2026-09-07T01:00:30.690976+00:00,2026-09-07T01:00:13+00:00,2026-09-07T01:00:13+00:00,bcycle_lametro_4509,7,3,,1,1,1
2026-09-07T01:00:30.690976+00:00,2026-09-07T01:00:13+00:00,2026-09-07T01:00:13+00:00,bcycle_lametro_4510,4,6,,1,1,1
2026-09-07T01:00:30.690976+00:00,2026-09-07T01:00:13+00:00,2026-09-07T01:00:13+00:00,bcycle_lametro_4511,10,8,,1,1,1
2026-09-07T01:00:30.690976+00:00,2026-09-07T01:00:13+00:00,2026-09-07T01:00:13+00:00,bcycle_lametro_4512,7,9,,1,1,1
2026-09-07T01:00:30.690976+00:00,2026-09-07T01:00:13+00:00,2026-09-07T01:00:13+00:00,bcycle_lametro_4514,13,8,,1,1,1
2026-09-07T01:00:30.690976+00:00,2026-09-07T01:00:13+00:00,2026-09-07T01:00:13+00:00,bcycle_lametro_4515,3,6,,1,1,1
2026-09-07T01:00:30.690976+00:00,2026-09-07T01:00:13+00:00,2026-09-07T01:00:13+00:00,bcycle_lametro_4517,5,6,,1,1,1
2026-09-07T01:00:30.690976+00:00,2026-09-07T01:00:13+00:00,2026-09-07T01:00:13+00:00,bcycle_lametro_4521,9,3,,1,1,1
2026-09-07T01:00:30.690976+00:00,2026-09-07T01:00:13+00:00,2026-09-07T01:00:13+00:00,bcycle_lametro_4523,1,14,,1,1,1
2026-09-07T01:00:30.690976+00:00,2026-09-07T01:00:13+00:00,2026-09-07T01:00:13+00:00,bcycle_lametro_4524,5,9,,1,1,1
2026-09-07T01:00:30.690976+00:00,2026-09-07T01:00:13+00:00,2026-09-07T01:00:13+00:00,bcycle_lametro_4525,9,2,,1,1,1
2026-09-07T01:00:30.690976+00:00,2026-09-07T01:00:13+00:00,2026-09-07T01:00:13+00:00,bcycle_lametro_4526,4,17,,1,1,1
2026-09-07T01:00:30.690976+00:00,2026-09-07T01:00:13+00:00,2026-09-07T01:00:13+00:00,bcycle_lametro_4527,3,11,,1,1,1
2026-09-07T01:00:30.690976+00:00,2026-09-07T01:00:13+00:00,2026-09-07T01:00:13+00:00,bcycle_lametro_4528,11,3,,1,1,1
2026-09-07T01:00:30.690976+00:00,2026-09-07T01:00:13+00:00,2026-09-07T01:00:13+00:00,bcycle_lametro_4529,2,11,,1,1,1
2026-09-07T01:00:30.690976+00:00,2026-09-07T01:00:13+00:00,2026-09-07T01:00:13+00:00,bcycle_lametro_4534,4,11,,1,1,1
2026-09-07T01:00:30.690976+00:00,2026-09-07T01:00:13+00:00,2026-09-07T01:00:13+00:00,bcycle_lametro_4536,5,5,,1,1,1
2026-09-07T01:00:30.690976+00:00,2026-09-07T01:00:13+00:00,2026-09-07T01:00:13+00:00,bcycle_lametro_4537,4,11,,1,1,1
2026-09-07T01:00:30.690976+00:00,2026-09-07T01:00:13+00:00,2026-09-07T01:00:13+00:00,bcycle_lametro_4538,4,2,,1,1,1
2026-09-07T01:00:30.690976+00:00,2026-09-07T01:00:13+00:00,2026-09-07T01:00:13+00:00,bcycle_lametro_4540,7,7,,1,1,1
2026-09-07T01:00:30.690976+00:00,2026-09-07T01:00:13+00:00,2026-09-07T01:00:13+00:00,bcycle_lametro_4543,4,4,,1,1,1
2026-09-07T01:00:30.690976+00:00,2026-09-07T01:00:13+00:00,2026-09-07T01:00:13+00:00,bcycle_lametro_4544,7,7,,1,1,1
2026-09-07T01:00:30.690976+00:00,2026-09-07T01:00:13+00:00,2026-09-07T01:00:13+00:00,bcycle_lametro_4545,5,3,,1,1,1
2026-09-07T01:00:30.690976+00:00,2026-09-07T01:00:13+00:00,2026-09-07T01:00:13+00:00,bcycle_lametro_4546,13,6,,1,1,1
2026-09-07T01:00:30.690976+00:00,2026-09-07T01:00:13+00:00,2026-09-07T01:00:13+00:00,bcycle_lametro_4547,7,3,,1,1,1
2026-09-07T01:00:30.690976+00:00,2026-09-07T01:00:13+00:00,2026-09-07T01:00:13+00:00,bcycle_lametro_4548,6,6,,1,1,1
2026-09-07T01:00:30.690976+00:00,2026-09-07T01:00:13+00:00,2026-09-07T01:00:13+00:00,bcycle_lametro_4549,10,6,,1,1,1
2026-09-07T01:00:30.690976+00:00,2026-09-07T01:00:13+00:00,2026-09-07T01:00:13+00:00,bcycle_lametro_4552,6,6,,1,1,1
2026-09-07T01:00:30.690976+00:00,2026-09-07T01:00:13+00:00,2026-09-07T01:00:13+00:00,bcycle_lametro_4553,7,2,,1,1,1
2026-09-07T01:00:30.690976+00:00,2026-09-07T01:00:13+00:00,2026-09-07T01:00:13+00:00,bcycle_lametro_4554,7,4,,1,1,1
2026-09-07T01:00:30.690976+00:00,2026-09-07T01:00:13+00:00,2026-09-07T01:00:13+00:00,bcycle_lametro_4555,7,1,,1,1,1
2026-09-07T01:00:30.690976+00:00,2026-09-07T01:00:13+00:00,2026-09-07T01:00:13+00:00,bcycle_lametro_4556,3,10,,1,1,1
2026-09-07T01:00:30.690976+00:00,2026-09-07T01:00:13+00:00,2026-09-07T01:00:13+00:00,bcycle_lametro_4557,8,3,,1,1,1
2026-09-07T01:00:30.690976+00:00,2026-09-07T01:00:13+00:00,2026-09-07T01:00:13+00:00,bcycle_lametro_4558,6,11,,1,1,1
2026-09-07T01:00:30.690976+00:00,2026-09-07T01:00:13+00:00,2026-09-07T01:00:13+00:00,bcycle_lametro_4561,6,3,,1,1,1
2026-09-07T01:00:30.690976+00:00,2026-09-07T01:00:13+00:00,2026-09-07T01:00:13+00:00,bcycle_lametro_4562,10,4,,1,1,1
2026-09-07T01:00:30.690976+00:00,2026-09-07T01:00:13+00:00,2026-09-07T01:00:13+00:00,bcycle_lametro_4563,4,5,,1,1,1
2026-09-07T01:00:30.690976+00:00,2026-09-07T01:00:13+00:00,2026-09-07T01:00:13+00:00,bcycle_lametro_4564,6,9,,1,1,1
2026-09-07T01:00:30.690976+00:00,2026-09-07T01:00:13+00:00,2026-09-07T01:00:13+00:00,bcycle_lametro_4565,5,7,,1,1,1
2026-09-07T01:00:30.690976+00:00,2026-09-07T01:00:13+00:00,2026-09-07T01:00:13+00:00,bcycle_lametro_4566,6,8,,1,1,1
2026-09-07T01:00:30.690976+00:00,2026-09-07T01:00:13+00:00,2026-09-07T01:00:13+00:00,bcycle_lametro_4567,8,3,,1,1,1
2026-09-07T01:00:30.690976+00:00,2026-09-07T01:00:13+00:00,2026-09-07T01:00:13+00:00,bcycle_lametro_4568,7,7,,1,1,1
2026-09-07T01:00:30.690976+00:00,2026-09-07T01:00:13+00:00,2026-09-07T01:00:13+00:00,bcycle_lametro_4569,2,7,,1,1,1
2026-09-07T01:00:30.690976+00:00,2026-09-07T01:00:13+00:00,2026-09-07T01:00:13+00:00,bcycle_lametro_4570,11,4,,1,1,1
2026-09-07T01:00:30.690976+00:00,2026-09-07T01:00:13+00:00,2026-09-07T01:00:13+00:00,bcycle_lametro_4571,5,2,,1,1,1
2026-09-07T01:00:30.690976+00:00,2026-09-07T01:00:13+00:00,2026-09-07T01:00:13+00:00,bcycle_lametro_4575,5,6,,1,1,1
2026-09-07T01:00:30.690976+00:00,2026-09-07T01:00:13+00:00,2026-09-07T01:00:13+00:00,bcycle_lametro_4576,5,6,,1,1,1
2026-09-07T01:00:30.690976+00:00,2026-09-07T01:00:13+00:00,2026-09-07T01:00:13+00:00,bcycle_lametro_4578,5,2,,1,1,1
2026-09-07T01:00:30.690976+00:00,2026-09-07T01:00:13+00:00,2026-09-07T01:00:13+00:00,bcycle_lametro_4579,9,3,,1,1,1
2026-09-07T01:00:30.690976+00:00,2026-09-07T01:00:13+00:00,2026-09-07T01:00:13+00:00,bcycle_lametro_4580,3,5,,1,1,1
2026-09-07T01:00:30.690976+00:00,2026-09-07T01:00:13+00:00,2026-09-07T01:00:13+00:00,bcycle_lametro_4581,10,7,,1,1,1
2026-09-07T01:00:30.690976+00:00,2026-09-07T01:00:13+00:00,2026-09-07T01:00:13+00:00,bcycle_lametro_4583,7,11,,1,1,1
2026-09-07T01:00:30.690976+00:00,2026-09-07T01:00:13+00:00,2026-09-07T01:00:13+00:00,bcycle_lametro_4584,10,4,,1,1,1
2026-09-07T01:00:30.690976+00:00,2026-09-07T01:00:13+00:00,2026-09-07T01:00:13+00:00,bcycle_lametro_4587,3,8,,1,1,1
2026-09-07T01:00:30.690976+00:00,2026-09-07T01:00:13+00:00,2026-09-07T01:00:13+00:00,bcycle_lametro_4596,9,6,,1,1,1
2026-09-07T01:00:30.690976+00:00,2026-09-07T01:00:13+00:00,2026-09-07T01:00:13+00:00,bcycle_lametro_4597,2,9,,1,1,1
2026-09-07T01:00:30.690976+00:00,2026-09-07T01:00:13+00:00,2026-09-07T01:00:13+00:00,bcycle_lametro_4598,5,4,,1,1,1
2026-09-07T01:00:30.690976+00:00,2026-09-07T01:00:13+00:00,2026-09-07T01:00:13+00:00,bcycle_lametro_4599,5,7,,1,1,1
2026-09-07T01:00:30.690976+00:00,2026-09-07T01:00:13+00:00,2026-09-07T01:00:13+00:00,bcycle_lametro_4600,4,6,,1,1,1
2026-09-07T01:00:30.690976+00:00,2026-09-07T01:00:13+00:00,2026-09-07T01:00:13+00:00,bcycle_lametro_4601,5,6,,1,1,1
2026-09-07T01:00:30.690976+00:00,2026-09-07T01:00:13+00:00,2026-09-07T01:00:13+00:00,bcycle_lametro_4603,6,12,,1,1,1
2026-09-07T01:00:30.690976+00:00,2026-09-07T01:00:13+00:00,2026-09-07T01:00:13+00:00,bcycle_lametro_4604,8,4,,1,1,1
2026-09-07T01:00:30.690976+00:00,2026-09-07T01:00:13+00:00,2026-09-07T01:00:13+00:00,bcycle_lametro_4605,6,7,,1,1,1
2026-09-07T01:00:30.690976+00:00,2026-09-07T01:00:13+00:00,2026-09-07T01:00:13+00:00,bcycle_lametro_4606,7,13,,1,1,1
2026-09-07T01:00:30.690976+00:00,2026-09-07T01:00:13+00:00,2026-09-07T01:00:13+00:00,bcycle_lametro_4613,6,13,,1,1,1
2026-09-07T01:00:30.690976+00:00,2026-09-07T01:00:13+00:00,2026-09-07T01:00:13+00:00,bcycle_lametro_4614,6,14,,1,1,1
2026-09-07T01:00:30.690976+00:00,2026-09-07T01:00:13+00:00,2026-09-07T01:00:13+00:00,bcycle_lametro_4627,6,11,,1,1,1
2026-09-07T01:00:30.690976+00:00,2026-09-07T01:00:13+00:00,2026-09-07T01:00:13+00:00,bcycle_lametro_4628,8,5,,1,1,1
2026-09-07T01:00:30.690976+00:00,2026-09-07T01:00:13+00:00,2026-09-07T01:00:13+00:00,bcycle_lametro_4632,6,8,,1,1,1
2026-09-07T01:00:30.690976+00:00,2026-09-07T01:00:13+00:00,2026-09-07T01:00:13+00:00,bcycle_lametro_4643,11,9,,1,1,1
2026-09-07T01:00:30.690976+00:00,2026-09-07T01:00:13+00:00,2026-09-07T01:00:13+00:00,bcycle_lametro_4644,5,7,,1,1,1
2026-09-07T01:00:30.690976+00:00,2026-09-07T01:00:13+00:00,2026-09-07T01:00:13+00:00,bcycle_lametro_4645,10,2,,1,1,1
2026-09-07T01:00:30.690976+00:00,2026-09-07T01:00:13+00:00,2026-09-07T01:00:13+00:00,bcycle_lametro_4652,6,5,,1,1,1
2026-09-07T01:00:30.690976+00:00,2026-09-07T01:00:13+00:00,2026-09-07T01:00:13+00:00,bcycle_lametro_4660,5,12,,1,1,1
2026-09-07T01:00:30.690976+00:00,2026-09-07T01:00:13+00:00,2026-09-07T01:00:13+00:00,bcycle_lametro_4664,7,13,,1,1,1
2026-09-07T01:00:30.690976+00:00,2026-09-07T01:00:13+00:00,2026-09-07T01:00:13+00:00,bcycle_lametro_4672,6,9,,1,1,1
2026-09-07T01:00:30.690976+00:00,2026-09-07T01:00:13+00:00,2026-09-07T01:00:13+00:00,bcycle_lametro_4680,4,14,,1,1,1
2026-09-07T01:00:30.690976+00:00,2026-09-07T01:00:13+00:00,2026-09-07T01:00:13+00:00,bcycle_lametro_4689,6,9,,1,1,1
2026-09-07T01:00:30.690976+00:00,2026-09-07T01:00:13+00:00,2026-09-07T01:00:13+00:00,bcycle_lametro_4690,6,8,,1,1,1
2026-09-07T01:00:30.690976+00:00,2026-09-07T01:00:13+00:00,2026-09-07T01:00:13+00:00,bcycle_lametro_4696,5,9,,1,1,1
2026-09-07T01:00:30.690976+00:00,2026-09-07T01:00:13+00:00,2026-09-07T01:00:13+00:00,bcycle_lametro_4697,3,12,,1,1,1
2026-09-07T01:00:30.690976+00:00,2026-09-07T01:00:13+00:00,2026-09-07T01:00:13+00:00,bcycle_lametro_4698,7,6,,1,1,1
2026-09-07T01:00:30.690976+00:00,2026-09-07T01:00:13+00:00,2026-09-07T01:00:13+00:00,bcycle_lametro_4699,3,11,,1,1,1
2026-09-07T01:00:30.690976+00:00,2026-09-07T01:00:13+00:00,2026-09-07T01:00:13+00:00,bcycle_lametro_4700,9,8,,1,1,1
2026-09-07T01:00:30.690976+00:00,2026-09-07T01:00:13+00:00,2026-09-07T01:00:13+00:00,bcycle_lametro_4707,10,3,,1,1,1
2026-09-07T01:00:30.690976+00:00,2026-09-07T01:00:13+00:00,2026-09-07T01:00:13+00:00,bcycle_lametro_4729,3,10,,1,1,1
2026-09-07T01:00:30.690976+00:00,2026-09-07T01:00:13+00:00,2026-09-07T01:00:13+00:00,bcycle_lametro_4730,8,5,,1,1,1
2026-09-07T01:00:30.690976+00:00,2026-09-07T01:00:13+00:00,2026-09-07T01:00:13+00:00,bcycle_lametro_4732,7,14,,1,1,1
2026-09-07T01:00:30.690976+00:00,2026-09-07T01:00:13+00:00,2026-09-07T01:00:13+00:00,bcycle_lametro_4733,7,16,,1,1,1
2026-09-07T01:00:30.690976+00:00,2026-09-07T01:00:13+00:00,2026-09-07T01:00:13+00:00,bcycle_lametro_4734,6,9,,1,1,1
2026-09-07T01:00:30.690976+00:00,2026-09-07T01:00:13+00:00,2026-09-07T01:00:13+00:00,bcycle_lametro_4735,5,7,,1,1,1
2026-09-07T01:00:30.690976+00:00,2026-09-07T01:00:13+00:00,2026-09-07T01:00:13+00:00,bcycle_lametro_4736,11,4,,1,1,1
2026-09-07T01:00:30.690976+00:00,2026-09-07T01:00:13+00:00,2026-09-07T01:00:13+00:00,bcycle_lametro_4740,14,8,,1,1,1
2026-09-07T01:00:30.690976+00:00,2026-09-07T01:00:13+00:00,2026-09-07T01:00:13+00:00,bcycle_lametro_4745,3,8,,1,1,1
2026-09-07T05:57:21.336024+00:00,2026-09-07T05:57:23+00:00,2026-09-07T05:57:23+00:00,bcycle_lametro_3005,12,18,,1,1,1
2026-09-07T05:57:21.336024+00:00,2026-09-07T05:57:23+00:00,2026-09-07T05:57:23+00:00,bcycle_lametro_3006,8,21,,1,1,1
2026-09-07T05:57:21.336024+00:00,2026-09-07T05:57:23+00:00,2026-09-07T05:57:23+00:00,bcycle_lametro_3007,7,10,,1,1,1
2026-09-07T05:57:21.336024+00:00,2026-09-07T05:57:23+00:00,2026-09-07T05:57:23+00:00,bcycle_lametro_3008,5,7,,1,1,1
2026-09-07T05:57:21.336024+00:00,2026-09-07T05:57:23+00:00,2026-09-07T05:57:23+00:00,bcycle_lametro_3010,6,8,,1,1,1
2026-09-07T05:57:21.336024+00:00,2026-09-07T05:57:23+00:00,2026-09-07T05:57:23+00:00,bcycle_lametro_3011,6,10,,1,1,1
2026-09-07T05:57:21.336024+00:00,2026-09-07T05:57:23+00:00,2026-09-07T05:57:23+00:00,bcycle_lametro_3014,13,15,,1,1,1
2026-09-07T05:57:21.336024+00:00,2026-09-07T05:57:23+00:00,2026-09-07T05:57:23+00:00,bcycle_lametro_3016,6,9,,1,1,1
2026-09-07T05:57:21.336024+00:00,2026-09-07T05:57:23+00:00,2026-09-07T05:57:23+00:00,bcycle_lametro_3018,13,5,,1,1,1
2026-09-07T05:57:21.336024+00:00,2026-09-07T05:57:23+00:00,2026-09-07T05:57:23+00:00,bcycle_lametro_3019,7,12,,1,1,1
2026-09-07T05:57:21.336024+00:00,2026-09-07T05:57:23+00:00,2026-09-07T05:57:23+00:00,bcycle_lametro_3020,3,12,,1,1,1
2026-09-07T05:57:21.336024+00:00,2026-09-07T05:57:23+00:00,2026-09-07T05:57:23+00:00,bcycle_lametro_3022,14,6,,1,1,1
2026-09-07T05:57:21.336024+00:00,2026-09-07T05:57:23+00:00,2026-09-07T05:57:23+00:00,bcycle_lametro_3024,7,8,,1,1,1
2026-09-07T05:57:21.336024+00:00,2026-09-07T05:57:23+00:00,2026-09-07T05:57:23+00:00,bcycle_lametro_3025,5,9,,1,1,1
2026-09-07T05:57:21.336024+00:00,2026-09-07T05:57:23+00:00,2026-09-07T05:57:23+00:00,bcycle_lametro_3026,4,11,,1,1,1
2026-09-07T05:57:21.336024+00:00,2026-09-07T05:57:23+00:00,2026-09-07T05:57:23+00:00,bcycle_lametro_3027,7,8,,1,1,1
2026-09-07T05:57:21.336024+00:00,2026-09-07T05:57:23+00:00,2026-09-07T05:57:23+00:00,bcycle_lametro_3030,11,18,,1,1,1
2026-09-07T05:57:21.336024+00:00,2026-09-07T05:57:23+00:00,2026-09-07T05:57:23+00:00,bcycle_lametro_3032,16,10,,1,1,1
2026-09-07T05:57:21.336024+00:00,2026-09-07T05:57:23+00:00,2026-09-07T05:57:23+00:00,bcycle_lametro_3033,7,5,,1,1,1
2026-09-07T05:57:21.336024+00:00,2026-09-07T05:57:23+00:00,2026-09-07T05:57:23+00:00,bcycle_lametro_3034,12,10,,1,1,1
2026-09-07T05:57:21.336024+00:00,2026-09-07T05:57:23+00:00,2026-09-07T05:57:23+00:00,bcycle_lametro_3035,11,12,,1,1,1
2026-09-07T05:57:21.336024+00:00,2026-09-07T05:57:23+00:00,2026-09-07T05:57:23+00:00,bcycle_lametro_3036,7,8,,1,1,1
2026-09-07T05:57:21.336024+00:00,2026-09-07T05:57:23+00:00,2026-09-07T05:57:23+00:00,bcycle_lametro_3037,5,13,,1,1,1
2026-09-07T05:57:21.336024+00:00,2026-09-07T05:57:23+00:00,2026-09-07T05:57:23+00:00,bcycle_lametro_3040,2,1,,1,1,1
2026-09-07T05:57:21.336024+00:00,2026-09-07T05:57:23+00:00,2026-09-07T05:57:23+00:00,bcycle_lametro_3042,9,19,,1,1,1
2026-09-07T05:57:21.336024+00:00,2026-09-07T05:57:23+00:00,2026-09-07T05:57:23+00:00,bcycle_lametro_3045,6,4,,1,1,1
2026-09-07T05:57:21.336024+00:00,2026-09-07T05:57:23+00:00,2026-09-07T05:57:23+00:00,bcycle_lametro_3046,9,8,,1,1,1
2026-09-07T05:57:21.336024+00:00,2026-09-07T05:57:23+00:00,2026-09-07T05:57:23+00:00,bcycle_lametro_3047,21,11,,1,1,1
2026-09-07T05:57:21.336024+00:00,2026-09-07T05:57:23+00:00,2026-09-07T05:57:23+00:00,bcycle_lametro_3048,10,5,,1,1,1
2026-09-07T05:57:21.336024+00:00,2026-09-07T05:57:23+00:00,2026-09-07T05:57:23+00:00,bcycle_lametro_3052,6,9,,1,1,1
2026-09-07T05:57:21.336024+00:00,2026-09-07T05:57:23+00:00,2026-09-07T05:57:23+00:00,bcycle_lametro_3054,5,10,,1,1,1
2026-09-07T05:57:21.336024+00:00,2026-09-07T05:57:23+00:00,2026-09-07T05:57:23+00:00,bcycle_lametro_3056,6,6,,1,1,1
2026-09-07T05:57:21.336024+00:00,2026-09-07T05:57:23+00:00,2026-09-07T05:57:23+00:00,bcycle_lametro_3058,9,6,,1,1,1
2026-09-07T05:57:21.336024+00:00,2026-09-07T05:57:23+00:00,2026-09-07T05:57:23+00:00,bcycle_lametro_3062,4,8,,1,1,1
2026-09-07T05:57:21.336024+00:00,2026-09-07T05:57:23+00:00,2026-09-07T05:57:23+00:00,bcycle_lametro_3063,0,22,,0,0,1
2026-09-07T05:57:21.336024+00:00,2026-09-07T05:57:23+00:00,2026-09-07T05:57:23+00:00,bcycle_lametro_3064,11,6,,1,1,1
2026-09-07T05:57:21.336024+00:00,2026-09-07T05:57:23+00:00,2026-09-07T05:57:23+00:00,bcycle_lametro_3065,6,9,,1,1,1
2026-09-07T05:57:21.336024+00:00,2026-09-07T05:57:23+00:00,2026-09-07T05:57:23+00:00,bcycle_lametro_3066,9,6,,1,1,1
2026-09-07T05:57:21.336024+00:00,2026-09-07T05:57:23+00:00,2026-09-07T05:57:23+00:00,bcycle_lametro_3068,3,11,,1,1,1
2026-09-07T05:57:21.336024+00:00,2026-09-07T05:57:23+00:00,2026-09-07T05:57:23+00:00,bcycle_lametro_3069,7,10,,0,0,1
2026-09-07T05:57:21.336024+00:00,2026-09-07T05:57:23+00:00,2026-09-07T05:57:23+00:00,bcycle_lametro_3074,12,10,,1,1,1
2026-09-07T05:57:21.336024+00:00,2026-09-07T05:57:23+00:00,2026-09-07T05:57:23+00:00,bcycle_lametro_3075,10,4,,1,1,1
2026-09-07T05:57:21.336024+00:00,2026-09-07T05:57:23+00:00,2026-09-07T05:57:23+00:00,bcycle_lametro_3076,4,7,,1,1,1
2026-09-07T05:57:21.336024+00:00,2026-09-07T05:57:23+00:00,2026-09-07T05:57:23+00:00,bcycle_lametro_3077,7,6,,1,1,1
2026-09-07T05:57:21.336024+00:00,2026-09-07T05:57:23+00:00,2026-09-07T05:57:23+00:00,bcycle_lametro_3078,9,6,,1,1,1
2026-09-07T05:57:21.336024+00:00,2026-09-07T05:57:23+00:00,2026-09-07T05:57:23+00:00,bcycle_lametro_3079,10,4,,1,1,1
2026-09-07T05:57:21.336024+00:00,2026-09-07T05:57:23+00:00,2026-09-07T05:57:23+00:00,bcycle_lametro_3081,6,6,,1,1,1
2026-09-07T05:57:21.336024+00:00,2026-09-07T05:57:23+00:00,2026-09-07T05:57:23+00:00,bcycle_lametro_3082,8,18,,1,1,1
2026-09-07T05:57:21.336024+00:00,2026-09-07T05:57:23+00:00,2026-09-07T05:57:23+00:00,bcycle_lametro_4202,6,14,,1,1,1
2026-09-07T05:57:21.336024+00:00,2026-09-07T05:57:23+00:00,2026-09-07T05:57:23+00:00,bcycle_lametro_4204,6,10,,1,1,1
2026-09-07T05:57:21.336024+00:00,2026-09-07T05:57:23+00:00,2026-09-07T05:57:23+00:00,bcycle_lametro_4205,4,12,,1,1,1
2026-09-07T05:57:21.336024+00:00,2026-09-07T05:57:23+00:00,2026-09-07T05:57:23+00:00,bcycle_lametro_4206,12,11,,1,1,1
2026-09-07T05:57:21.336024+00:00,2026-09-07T05:57:23+00:00,2026-09-07T05:57:23+00:00,bcycle_lametro_4207,11,7,,1,1,1
2026-09-07T05:57:21.336024+00:00,2026-09-07T05:57:23+00:00,2026-09-07T05:57:23+00:00,bcycle_lametro_4208,3,14,,1,1,1
2026-09-07T05:57:21.336024+00:00,2026-09-07T05:57:23+00:00,2026-09-07T05:57:23+00:00,bcycle_lametro_4209,6,17,,1,1,1
2026-09-07T05:57:21.336024+00:00,2026-09-07T05:57:23+00:00,2026-09-07T05:57:23+00:00,bcycle_lametro_4210,10,5,,1,1,1
2026-09-07T05:57:21.336024+00:00,2026-09-07T05:57:23+00:00,2026-09-07T05:57:23+00:00,bcycle_lametro_4211,4,10,,1,1,1
2026-09-07T05:57:21.336024+00:00,2026-09-07T05:57:23+00:00,2026-09-07T05:57:23+00:00,bcycle_lametro_4212,8,13,,1,1,1
2026-09-07T05:57:21.336024+00:00,2026-09-07T05:57:23+00:00,2026-09-07T05:57:23+00:00,bcycle_lametro_4213,7,8,,1,1,1
2026-09-07T05:57:21.336024+00:00,2026-09-07T05:57:23+00:00,2026-09-07T05:57:23+00:00,bcycle_lametro_4214,7,19,,1,1,1
2026-09-07T05:57:21.336024+00:00,2026-09-07T05:57:23+00:00,2026-09-07T05:57:23+00:00,bcycle_lametro_4215,28,12,,1,1,1
2026-09-07T05:57:21.336024+00:00,2026-09-07T05:57:23+00:00,2026-09-07T05:57:23+00:00,bcycle_lametro_4216,11,8,,1,1,1
2026-09-07T05:57:21.336024+00:00,2026-09-07T05:57:23+00:00,2026-09-07T05:57:23+00:00,bcycle_lametro_4217,6,5,,1,1,1
2026-09-07T05:57:21.336024+00:00,2026-09-07T05:57:23+00:00,2026-09-07T05:57:23+00:00,bcycle_lametro_4220,6,9,,1,1,1
2026-09-07T05:57:21.336024+00:00,2026-09-07T05:57:23+00:00,2026-09-07T05:57:23+00:00,bcycle_lametro_4227,7,9,,1,1,1
2026-09-07T05:57:21.336024+00:00,2026-09-07T05:57:23+00:00,2026-09-07T05:57:23+00:00,bcycle_lametro_4245,7,7,,1,1,1
2026-09-07T05:57:21.336024+00:00,2026-09-07T05:57:23+00:00,2026-09-07T05:57:23+00:00,bcycle_lametro_4246,5,9,,1,1,1
2026-09-07T05:57:21.336024+00:00,2026-09-07T05:57:23+00:00,2026-09-07T05:57:23+00:00,bcycle_lametro_4247,4,4,,1,1,1
2026-09-07T05:57:21.336024+00:00,2026-09-07T05:57:23+00:00,2026-09-07T05:57:23+00:00,bcycle_lametro_4248,10,9,,1,1,1
2026-09-07T05:57:21.336024+00:00,2026-09-07T05:57:23+00:00,2026-09-07T05:57:23+00:00,bcycle_lametro_4249,7,8,,1,1,1
2026-09-07T05:57:21.336024+00:00,2026-09-07T05:57:23+00:00,2026-09-07T05:57:23+00:00,bcycle_lametro_4250,8,7,,1,1,1
2026-09-07T05:57:21.336024+00:00,2026-09-07T05:57:23+00:00,2026-09-07T05:57:23+00:00,bcycle_lametro_4254,5,10,,1,1,1
2026-09-07T05:57:21.336024+00:00,2026-09-07T05:57:23+00:00,2026-09-07T05:57:23+00:00,bcycle_lametro_4255,2,8,,1,1,1
2026-09-07T05:57:21.336024+00:00,2026-09-07T05:57:23+00:00,2026-09-07T05:57:23+00:00,bcycle_lametro_4266,7,8,,1,1,1
2026-09-07T05:57:21.336024+00:00,2026-09-07T05:57:23+00:00,2026-09-07T05:57:23+00:00,bcycle_lametro_4267,5,3,,1,1,1
2026-09-07T05:57:21.336024+00:00,2026-09-07T05:57:23+00:00,2026-09-07T05:57:23+00:00,bcycle_lametro_4273,4,10,,1,1,1
2026-09-07T05:57:21.336024+00:00,2026-09-07T05:57:23+00:00,2026-09-07T05:57:23+00:00,bcycle_lametro_4275,5,10,,1,1,1
2026-09-07T05:57:21.336024+00:00,2026-09-07T05:57:23+00:00,2026-09-07T05:57:23+00:00,bcycle_lametro_4293,2,8,,1,1,1
2026-09-07T05:57:21.336024+00:00,2026-09-07T05:57:23+00:00,2026-09-07T05:57:23+00:00,bcycle_lametro_4300,6,7,,1,1,1
2026-09-07T05:57:21.336024+00:00,2026-09-07T05:57:23+00:00,2026-09-07T05:57:23+00:00,bcycle_lametro_4301,1,9,,1,1,1
2026-09-07T05:57:21.336024+00:00,2026-09-07T05:57:23+00:00,2026-09-07T05:57:23+00:00,bcycle_lametro_4303,5,5,,1,1,1
2026-09-07T05:57:21.336024+00:00,2026-09-07T05:57:23+00:00,2026-09-07T05:57:23+00:00,bcycle_lametro_4304,4,7,,1,1,1
2026-09-07T05:57:21.336024+00:00,2026-09-07T05:57:23+00:00,2026-09-07T05:57:23+00:00,bcycle_lametro_4306,4,9,,1,1,1
2026-09-07T05:57:21.336024+00:00,2026-09-07T05:57:23+00:00,2026-09-07T05:57:23+00:00,bcycle_lametro_4311,9,4,,1,1,1
2026-09-07T05:57:21.336024+00:00,2026-09-07T05:57:23+00:00,2026-09-07T05:57:23+00:00,bcycle_lametro_4312,6,7,,1,1,1
2026-09-07T05:57:21.336024+00:00,2026-09-07T05:57:23+00:00,2026-09-07T05:57:23+00:00,bcycle_lametro_4313,9,2,,1,1,1
2026-09-07T05:57:21.336024+00:00,2026-09-07T05:57:23+00:00,2026-09-07T05:57:23+00:00,bcycle_lametro_4314,4,11,,1,1,1
2026-09-07T05:57:21.336024+00:00,2026-09-07T05:57:23+00:00,2026-09-07T05:57:23+00:00,bcycle_lametro_4315,2,4,,1,1,1
2026-09-07T05:57:21.336024+00:00,2026-09-07T05:57:23+00:00,2026-09-07T05:57:23+00:00,bcycle_lametro_4387,7,8,,1,1,1
2026-09-07T05:57:21.336024+00:00,2026-09-07T05:57:23+00:00,2026-09-07T05:57:23+00:00,bcycle_lametro_4390,5,7,,1,1,1
2026-09-07T05:57:21.336024+00:00,2026-09-07T05:57:23+00:00,2026-09-07T05:57:23+00:00,bcycle_lametro_4401,7,3,,1,1,1
2026-09-07T05:57:21.336024+00:00,2026-09-07T05:57:23+00:00,2026-09-07T05:57:23+00:00,bcycle_lametro_4404,10,5,,1,1,1
2026-09-07T05:57:21.336024+00:00,2026-09-07T05:57:23+00:00,2026-09-07T05:57:23+00:00,bcycle_lametro_4405,7,6,,1,1,1
2026-09-07T05:57:21.336024+00:00,2026-09-07T05:57:23+00:00,2026-09-07T05:57:23+00:00,bcycle_lametro_4406,6,8,,1,1,1
2026-09-07T05:57:21.336024+00:00,2026-09-07T05:57:23+00:00,2026-09-07T05:57:23+00:00,bcycle_lametro_4410,10,2,,1,1,1
2026-09-07T05:57:21.336024+00:00,2026-09-07T05:57:23+00:00,2026-09-07T05:57:23+00:00,bcycle_lametro_4436,3,6,,1,1,1
2026-09-07T05:57:21.336024+00:00,2026-09-07T05:57:23+00:00,2026-09-07T05:57:23+00:00,bcycle_lametro_4437,3,10,,1,1,1
2026-09-07T05:57:21.336024+00:00,2026-09-07T05:57:23+00:00,2026-09-07T05:57:23+00:00,bcycle_lametro_4440,4,10,,1,1,1
2026-09-07T05:57:21.336024+00:00,2026-09-07T05:57:23+00:00,2026-09-07T05:57:23+00:00,bcycle_lametro_4441,1,6,,1,1,1
2026-09-07T05:57:21.336024+00:00,2026-09-07T05:57:23+00:00,2026-09-07T05:57:23+00:00,bcycle_lametro_4442,6,6,,1,1,1
2026-09-07T05:57:21.336024+00:00,2026-09-07T05:57:23+00:00,2026-09-07T05:57:23+00:00,bcycle_lametro_4443,6,2,,1,1,1
2026-09-07T05:57:21.336024+00:00,2026-09-07T05:57:23+00:00,2026-09-07T05:57:23+00:00,bcycle_lametro_4444,4,5,,1,1,1
2026-09-07T05:57:21.336024+00:00,2026-09-07T05:57:23+00:00,2026-09-07T05:57:23+00:00,bcycle_lametro_4445,8,7,,1,1,1
2026-09-07T05:57:21.336024+00:00,2026-09-07T05:57:23+00:00,2026-09-07T05:57:23+00:00,bcycle_lametro_4446,2,6,,1,1,1
2026-09-07T05:57:21.336024+00:00,2026-09-07T05:57:23+00:00,2026-09-07T05:57:23+00:00,bcycle_lametro_4447,8,4,,1,1,1
2026-09-07T05:57:21.336024+00:00,2026-09-07T05:57:23+00:00,2026-09-07T05:57:23+00:00,bcycle_lametro_4448,6,12,,1,1,1
2026-09-07T05:57:21.336024+00:00,2026-09-07T05:57:23+00:00,2026-09-07T05:57:23+00:00,bcycle_lametro_4449,6,7,,1,1,1
2026-09-07T05:57:21.336024+00:00,2026-09-07T05:57:23+00:00,2026-09-07T05:57:23+00:00,bcycle_lametro_4450,4,10,,1,1,1
2026-09-07T05:57:21.336024+00:00,2026-09-07T05:57:23+00:00,2026-09-07T05:57:23+00:00,bcycle_lametro_4451,6,3,,1,1,1
2026-09-07T05:57:21.336024+00:00,2026-09-07T05:57:23+00:00,2026-09-07T05:57:23+00:00,bcycle_lametro_4452,5,5,,1,1,1
2026-09-07T05:57:21.336024+00:00,2026-09-07T05:57:23+00:00,2026-09-07T05:57:23+00:00,bcycle_lametro_4453,2,8,,1,1,1
2026-09-07T05:57:21.336024+00:00,2026-09-07T05:57:23+00:00,2026-09-07T05:57:23+00:00,bcycle_lametro_4454,4,10,,1,1,1
2026-09-07T05:57:21.336024+00:00,2026-09-07T05:57:23+00:00,2026-09-07T05:57:23+00:00,bcycle_lametro_4455,8,7,,1,1,1
2026-09-07T05:57:21.336024+00:00,2026-09-07T05:57:23+00:00,2026-09-07T05:57:23+00:00,bcycle_lametro_4456,7,8,,1,1,1
2026-09-07T05:57:21.336024+00:00,2026-09-07T05:57:23+00:00,2026-09-07T05:57:23+00:00,bcycle_lametro_4457,6,2,,1,1,1
2026-09-07T05:57:21.336024+00:00,2026-09-07T05:57:23+00:00,2026-09-07T05:57:23+00:00,bcycle_lametro_4472,12,2,,1,1,1
2026-09-07T05:57:21.336024+00:00,2026-09-07T05:57:23+00:00,2026-09-07T05:57:23+00:00,bcycle_lametro_4473,1,7,,1,1,1
2026-09-07T05:57:21.336024+00:00,2026-09-07T05:57:23+00:00,2026-09-07T05:57:23+00:00,bcycle_lametro_4474,4,6,,1,1,1
2026-09-07T05:57:21.336024+00:00,2026-09-07T05:57:23+00:00,2026-09-07T05:57:23+00:00,bcycle_lametro_4475,7,4,,1,1,1
2026-09-07T05:57:21.336024+00:00,2026-09-07T05:57:23+00:00,2026-09-07T05:57:23+00:00,bcycle_lametro_4476,6,8,,1,1,1
2026-09-07T05:57:21.336024+00:00,2026-09-07T05:57:23+00:00,2026-09-07T05:57:23+00:00,bcycle_lametro_4477,3,10,,1,1,1
2026-09-07T05:57:21.336024+00:00,2026-09-07T05:57:23+00:00,2026-09-07T05:57:23+00:00,bcycle_lametro_4479,6,6,,1,1,1
2026-09-07T05:57:21.336024+00:00,2026-09-07T05:57:23+00:00,2026-09-07T05:57:23+00:00,bcycle_lametro_4483,2,10,,1,1,1
2026-09-07T05:57:21.336024+00:00,2026-09-07T05:57:23+00:00,2026-09-07T05:57:23+00:00,bcycle_lametro_4487,7,9,,1,1,1
2026-09-07T05:57:21.336024+00:00,2026-09-07T05:57:23+00:00,2026-09-07T05:57:23+00:00,bcycle_lametro_4490,4,10,,1,1,1
2026-09-07T05:57:21.336024+00:00,2026-09-07T05:57:23+00:00,2026-09-07T05:57:23+00:00,bcycle_lametro_4491,6,7,,1,1,1
2026-09-07T05:57:21.336024+00:00,2026-09-07T05:57:23+00:00,2026-09-07T05:57:23+00:00,bcycle_lametro_4492,14,5,,1,1,1
2026-09-07T05:57:21.336024+00:00,2026-09-07T05:57:23+00:00,2026-09-07T05:57:23+00:00,bcycle_lametro_4493,7,9,,1,1,1
2026-09-07T05:57:21.336024+00:00,2026-09-07T05:57:23+00:00,2026-09-07T05:57:23+00:00,bcycle_lametro_4494,5,4,,1,1,1
2026-09-07T05:57:21.336024+00:00,2026-09-07T05:57:23+00:00,2026-09-07T05:57:23+00:00,bcycle_lametro_4509,5,5,,1,1,1
2026-09-07T05:57:21.336024+00:00,2026-09-07T05:57:23+00:00,2026-09-07T05:57:23+00:00,bcycle_lametro_4510,4,6,,1,1,1
2026-09-07T05:57:21.336024+00:00,2026-09-07T05:57:23+00:00,2026-09-07T05:57:23+00:00,bcycle_lametro_4511,10,8,,1,1,1
2026-09-07T05:57:21.336024+00:00,2026-09-07T05:57:23+00:00,2026-09-07T05:57:23+00:00,bcycle_lametro_4512,6,10,,1,1,1
2026-09-07T05:57:21.336024+00:00,2026-09-07T05:57:23+00:00,2026-09-07T05:57:23+00:00,bcycle_lametro_4514,12,9,,1,1,1
2026-09-07T05:57:21.336024+00:00,2026-09-07T05:57:23+00:00,2026-09-07T05:57:23+00:00,bcycle_lametro_4515,4,5,,1,1,1
2026-09-07T05:57:21.336024+00:00,2026-09-07T05:57:23+00:00,2026-09-07T05:57:23+00:00,bcycle_lametro_4517,4,7,,1,1,1
2026-09-07T05:57:21.336024+00:00,2026-09-07T05:57:23+00:00,2026-09-07T05:57:23+00:00,bcycle_lametro_4521,9,3,,1,1,1
2026-09-07T05:57:21.336024+00:00,2026-09-07T05:57:23+00:00,2026-09-07T05:57:23+00:00,bcycle_lametro_4523,1,14,,1,1,1
2026-09-07T05:57:21.336024+00:00,2026-09-07T05:57:23+00:00,2026-09-07T05:57:23+00:00,bcycle_lametro_4524,5,9,,1,1,1
2026-09-07T05:57:21.336024+00:00,2026-09-07T05:57:23+00:00,2026-09-07T05:57:23+00:00,bcycle_lametro_4525,9,2,,1,1,1
2026-09-07T05:57:21.336024+00:00,2026-09-07T05:57:23+00:00,2026-09-07T05:57:23+00:00,bcycle_lametro_4526,4,17,,1,1,1
2026-09-07T05:57:21.336024+00:00,2026-09-07T05:57:23+00:00,2026-09-07T05:57:23+00:00,bcycle_lametro_4527,3,11,,1,1,1
2026-09-07T05:57:21.336024+00:00,2026-09-07T05:57:23+00:00,2026-09-07T05:57:23+00:00,bcycle_lametro_4528,11,3,,1,1,1
2026-09-07T05:57:21.336024+00:00,2026-09-07T05:57:23+00:00,2026-09-07T05:57:23+00:00,bcycle_lametro_4529,2,11,,1,1,1
2026-09-07T05:57:21.336024+00:00,2026-09-07T05:57:23+00:00,2026-09-07T05:57:23+00:00,bcycle_lametro_4534,5,10,,1,1,1
2026-09-07T05:57:21.336024+00:00,2026-09-07T05:57:23+00:00,2026-09-07T05:57:23+00:00,bcycle_lametro_4536,5,5,,1,1,1
2026-09-07T05:57:21.336024+00:00,2026-09-07T05:57:23+00:00,2026-09-07T05:57:23+00:00,bcycle_lametro_4537,4,11,,1,1,1
2026-09-07T05:57:21.336024+00:00,2026-09-07T05:57:23+00:00,2026-09-07T05:57:23+00:00,bcycle_lametro_4538,4,1,,1,1,1
2026-09-07T05:57:21.336024+00:00,2026-09-07T05:57:23+00:00,2026-09-07T05:57:23+00:00,bcycle_lametro_4540,7,7,,1,1,1
2026-09-07T05:57:21.336024+00:00,2026-09-07T05:57:23+00:00,2026-09-07T05:57:23+00:00,bcycle_lametro_4543,5,3,,1,1,1
2026-09-07T05:57:21.336024+00:00,2026-09-07T05:57:23+00:00,2026-09-07T05:57:23+00:00,bcycle_lametro_4544,7,7,,1,1,1
2026-09-07T05:57:21.336024+00:00,2026-09-07T05:57:23+00:00,2026-09-07T05:57:23+00:00,bcycle_lametro_4545,4,4,,1,1,1
2026-09-07T05:57:21.336024+00:00,2026-09-07T05:57:23+00:00,2026-09-07T05:57:23+00:00,bcycle_lametro_4546,13,6,,1,1,1
2026-09-07T05:57:21.336024+00:00,2026-09-07T05:57:23+00:00,2026-09-07T05:57:23+00:00,bcycle_lametro_4547,6,4,,1,1,1
2026-09-07T05:57:21.336024+00:00,2026-09-07T05:57:23+00:00,2026-09-07T05:57:23+00:00,bcycle_lametro_4548,5,7,,1,1,1
2026-09-07T05:57:21.336024+00:00,2026-09-07T05:57:23+00:00,2026-09-07T05:57:23+00:00,bcycle_lametro_4549,10,6,,1,1,1
2026-09-07T05:57:21.336024+00:00,2026-09-07T05:57:23+00:00,2026-09-07T05:57:23+00:00,bcycle_lametro_4552,7,5,,1,1,1
2026-09-07T05:57:21.336024+00:00,2026-09-07T05:57:23+00:00,2026-09-07T05:57:23+00:00,bcycle_lametro_4553,7,2,,1,1,1
2026-09-07T05:57:21.336024+00:00,2026-09-07T05:57:23+00:00,2026-09-07T05:57:23+00:00,bcycle_lametro_4554,5,6,,1,1,1
2026-09-07T05:57:21.336024+00:00,2026-09-07T05:57:23+00:00,2026-09-07T05:57:23+00:00,bcycle_lametro_4555,8,0,,1,1,1
2026-09-07T05:57:21.336024+00:00,2026-09-07T05:57:23+00:00,2026-09-07T05:57:23+00:00,bcycle_lametro_4556,3,10,,1,1,1
2026-09-07T05:57:21.336024+00:00,2026-09-07T05:57:23+00:00,2026-09-07T05:57:23+00:00,bcycle_lametro_4557,8,3,,1,1,1
2026-09-07T05:57:21.336024+00:00,2026-09-07T05:57:23+00:00,2026-09-07T05:57:23+00:00,bcycle_lametro_4558,6,11,,1,1,1
2026-09-07T05:57:21.336024+00:00,2026-09-07T05:57:23+00:00,2026-09-07T05:57:23+00:00,bcycle_lametro_4561,5,4,,1,1,1
2026-09-07T05:57:21.336024+00:00,2026-09-07T05:57:23+00:00,2026-09-07T05:57:23+00:00,bcycle_lametro_4562,10,4,,1,1,1
2026-09-07T05:57:21.336024+00:00,2026-09-07T05:57:23+00:00,2026-09-07T05:57:23+00:00,bcycle_lametro_4563,4,5,,1,1,1
2026-09-07T05:57:21.336024+00:00,2026-09-07T05:57:23+00:00,2026-09-07T05:57:23+00:00,bcycle_lametro_4564,6,9,,1,1,1
2026-09-07T05:57:21.336024+00:00,2026-09-07T05:57:23+00:00,2026-09-07T05:57:23+00:00,bcycle_lametro_4565,5,7,,1,1,1
2026-09-07T05:57:21.336024+00:00,2026-09-07T05:57:23+00:00,2026-09-07T05:57:23+00:00,bcycle_lametro_4566,6,9,,1,1,1
2026-09-07T05:57:21.336024+00:00,2026-09-07T05:57:23+00:00,2026-09-07T05:57:23+00:00,bcycle_lametro_4567,8,3,,1,1,1
2026-09-07T05:57:21.336024+00:00,2026-09-07T05:57:23+00:00,2026-09-07T05:57:23+00:00,bcycle_lametro_4568,7,7,,1,1,1
2026-09-07T05:57:21.336024+00:00,2026-09-07T05:57:23+00:00,2026-09-07T05:57:23+00:00,bcycle_lametro_4569,2,7,,1,1,1
2026-09-07T05:57:21.336024+00:00,2026-09-07T05:57:23+00:00,2026-09-07T05:57:23+00:00,bcycle_lametro_4570,11,4,,1,1,1
2026-09-07T05:57:21.336024+00:00,2026-09-07T05:57:23+00:00,2026-09-07T05:57:23+00:00,bcycle_lametro_4571,5,2,,1,1,1
2026-09-07T05:57:21.336024+00:00,2026-09-07T05:57:23+00:00,2026-09-07T05:57:23+00:00,bcycle_lametro_4575,5,6,,1,1,1
2026-09-07T05:57:21.336024+00:00,2026-09-07T05:57:23+00:00,2026-09-07T05:57:23+00:00,bcycle_lametro_4576,5,6,,1,1,1
2026-09-07T05:57:21.336024+00:00,2026-09-07T05:57:23+00:00,2026-09-07T05:57:23+00:00,bcycle_lametro_4578,4,3,,1,1,1
2026-09-07T05:57:21.336024+00:00,2026-09-07T05:57:23+00:00,2026-09-07T05:57:23+00:00,bcycle_lametro_4579,9,3,,1,1,1
2026-09-07T05:57:21.336024+00:00,2026-09-07T05:57:23+00:00,2026-09-07T05:57:23+00:00,bcycle_lametro_4580,3,5,,1,1,1
2026-09-07T05:57:21.336024+00:00,2026-09-07T05:57:23+00:00,2026-09-07T05:57:23+00:00,bcycle_lametro_4581,9,8,,1,1,1
2026-09-07T05:57:21.336024+00:00,2026-09-07T05:57:23+00:00,2026-09-07T05:57:23+00:00,bcycle_lametro_4583,7,11,,1,1,1
2026-09-07T05:57:21.336024+00:00,2026-09-07T05:57:23+00:00,2026-09-07T05:57:23+00:00,bcycle_lametro_4584,10,4,,1,1,1
2026-09-07T05:57:21.336024+00:00,2026-09-07T05:57:23+00:00,2026-09-07T05:57:23+00:00,bcycle_lametro_4587,3,8,,1,1,1
2026-09-07T05:57:21.336024+00:00,2026-09-07T05:57:23+00:00,2026-09-07T05:57:23+00:00,bcycle_lametro_4596,9,6,,1,1,1
2026-09-07T05:57:21.336024+00:00,2026-09-07T05:57:23+00:00,2026-09-07T05:57:23+00:00,bcycle_lametro_4597,2,9,,1,1,1
2026-09-07T05:57:21.336024+00:00,2026-09-07T05:57:23+00:00,2026-09-07T05:57:23+00:00,bcycle_lametro_4598,5,4,,1,1,1
2026-09-07T05:57:21.336024+00:00,2026-09-07T05:57:23+00:00,2026-09-07T05:57:23+00:00,bcycle_lametro_4599,5,7,,1,1,1
2026-09-07T05:57:21.336024+00:00,2026-09-07T05:57:23+00:00,2026-09-07T05:57:23+00:00,bcycle_lametro_4600,4,6,,1,1,1
2026-09-07T05:57:21.336024+00:00,2026-09-07T05:57:23+00:00,2026-09-07T05:57:23+00:00,bcycle_lametro_4601,5,6,,1,1,1
2026-09-07T05:57:21.336024+00:00,2026-09-07T05:57:23+00:00,2026-09-07T05:57:23+00:00,bcycle_lametro_4603,6,12,,1,1,1
2026-09-07T05:57:21.336024+00:00,2026-09-07T05:57:23+00:00,2026-09-07T05:57:23+00:00,bcycle_lametro_4604,8,4,,1,1,1
2026-09-07T05:57:21.336024+00:00,2026-09-07T05:57:23+00:00,2026-09-07T05:57:23+00:00,bcycle_lametro_4605,6,7,,1,1,1
2026-09-07T05:57:21.336024+00:00,2026-09-07T05:57:23+00:00,2026-09-07T05:57:23+00:00,bcycle_lametro_4606,7,13,,1,1,1
2026-09-07T05:57:21.336024+00:00,2026-09-07T05:57:23+00:00,2026-09-07T05:57:23+00:00,bcycle_lametro_4613,6,13,,1,1,1
2026-09-07T05:57:21.336024+00:00,2026-09-07T05:57:23+00:00,2026-09-07T05:57:23+00:00,bcycle_lametro_4614,6,14,,1,1,1
2026-09-07T05:57:21.336024+00:00,2026-09-07T05:57:23+00:00,2026-09-07T05:57:23+00:00,bcycle_lametro_4627,5,12,,1,1,1
2026-09-07T05:57:21.336024+00:00,2026-09-07T05:57:23+00:00,2026-09-07T05:57:23+00:00,bcycle_lametro_4628,8,5,,1,1,1
2026-09-07T05:57:21.336024+00:00,2026-09-07T05:57:23+00:00,2026-09-07T05:57:23+00:00,bcycle_lametro_4632,6,8,,1,1,1
2026-09-07T05:57:21.336024+00:00,2026-09-07T05:57:23+00:00,2026-09-07T05:57:23+00:00,bcycle_lametro_4643,10,10,,1,1,1
2026-09-07T05:57:21.336024+00:00,2026-09-07T05:57:23+00:00,2026-09-07T05:57:23+00:00,bcycle_lametro_4644,6,6,,1,1,1
2026-09-07T05:57:21.336024+00:00,2026-09-07T05:57:23+00:00,2026-09-07T05:57:23+00:00,bcycle_lametro_4645,10,2,,1,1,1
2026-09-07T05:57:21.336024+00:00,2026-09-07T05:57:23+00:00,2026-09-07T05:57:23+00:00,bcycle_lametro_4652,5,6,,1,1,1
2026-09-07T05:57:21.336024+00:00,2026-09-07T05:57:23+00:00,2026-09-07T05:57:23+00:00,bcycle_lametro_4660,5,12,,1,1,1
2026-09-07T05:57:21.336024+00:00,2026-09-07T05:57:23+00:00,2026-09-07T05:57:23+00:00,bcycle_lametro_4664,7,13,,1,1,1
2026-09-07T05:57:21.336024+00:00,2026-09-07T05:57:23+00:00,2026-09-07T05:57:23+00:00,bcycle_lametro_4672,7,8,,1,1,1
2026-09-07T05:57:21.336024+00:00,2026-09-07T05:57:23+00:00,2026-09-07T05:57:23+00:00,bcycle_lametro_4680,4,14,,1,1,1
2026-09-07T05:57:21.336024+00:00,2026-09-07T05:57:23+00:00,2026-09-07T05:57:23+00:00,bcycle_lametro_4689,6,9,,1,1,1
2026-09-07T05:57:21.336024+00:00,2026-09-07T05:57:23+00:00,2026-09-07T05:57:23+00:00,bcycle_lametro_4690,5,9,,1,1,1
2026-09-07T05:57:21.336024+00:00,2026-09-07T05:57:23+00:00,2026-09-07T05:57:23+00:00,bcycle_lametro_4696,4,10,,1,1,1
2026-09-07T05:57:21.336024+00:00,2026-09-07T05:57:23+00:00,2026-09-07T05:57:23+00:00,bcycle_lametro_4697,3,12,,1,1,1
2026-09-07T05:57:21.336024+00:00,2026-09-07T05:57:23+00:00,2026-09-07T05:57:23+00:00,bcycle_lametro_4698,8,5,,1,1,1
2026-09-07T05:57:21.336024+00:00,2026-09-07T05:57:23+00:00,2026-09-07T05:57:23+00:00,bcycle_lametro_4699,2,12,,1,1,1
2026-09-07T05:57:21.336024+00:00,2026-09-07T05:57:23+00:00,2026-09-07T05:57:23+00:00,bcycle_lametro_4700,10,7,,1,1,1
2026-09-07T05:57:21.336024+00:00,2026-09-07T05:57:23+00:00,2026-09-07T05:57:23+00:00,bcycle_lametro_4707,10,3,,1,1,1
2026-09-07T05:57:21.336024+00:00,2026-09-07T05:57:23+00:00,2026-09-07T05:57:23+00:00,bcycle_lametro_4729,3,10,,1,1,1
2026-09-07T05:57:21.336024+00:00,2026-09-07T05:57:23+00:00,2026-09-07T05:57:23+00:00,bcycle_lametro_4730,9,4,,1,1,1
2026-09-07T05:57:21.336024+00:00,2026-09-07T05:57:23+00:00,2026-09-07T05:57:23+00:00,bcycle_lametro_4732,8,13,,1,1,1
2026-09-07T05:57:21.336024+00:00,2026-09-07T05:57:23+00:00,2026-09-07T05:57:23+00:00,bcycle_lametro_4733,4,19,,1,1,1
2026-09-07T05:57:21.336024+00:00,2026-09-07T05:57:23+00:00,2026-09-07T05:57:23+00:00,bcycle_lametro_4734,6,9,,1,1,1
2026-09-07T05:57:21.336024+00:00,2026-09-07T05:57:23+00:00,2026-09-07T05:57:23+00:00,bcycle_lametro_4735,5,7,,1,1,1
2026-09-07T05:57:21.336024+00:00,2026-09-07T05:57:23+00:00,2026-09-07T05:57:23+00:00,bcycle_lametro_4736,11,4,,1,1,1
2026-09-07T05:57:21.336024+00:00,2026-09-07T05:57:23+00:00,2026-09-07T05:57:23+00:00,bcycle_lametro_4740,14,8,,1,1,1
2026-09-07T05:57:21.336024+00:00,2026-09-07T05:57:23+00:00,2026-09-07T05:57:23+00:00,bcycle_lametro_4745,3,8,,1,1,1
2026-09-07T12:07:17.569966+00:00,2026-09-07T12:07:19+00:00,2026-09-07T12:07:19+00:00,bcycle_lametro_3005,11,18,,1,1,1
2026-09-07T12:07:17.569966+00:00,2026-09-07T12:07:19+00:00,2026-09-07T12:07:19+00:00,bcycle_lametro_3006,9,20,,1,1,1
2026-09-07T12:07:17.569966+00:00,2026-09-07T12:07:19+00:00,2026-09-07T12:07:19+00:00,bcycle_lametro_3007,7,10,,1,1,1
2026-09-07T12:07:17.569966+00:00,2026-09-07T12:07:19+00:00,2026-09-07T12:07:19+00:00,bcycle_lametro_3008,5,7,,1,1,1
2026-09-07T12:07:17.569966+00:00,2026-09-07T12:07:19+00:00,2026-09-07T12:07:19+00:00,bcycle_lametro_3010,6,8,,1,1,1
2026-09-07T12:07:17.569966+00:00,2026-09-07T12:07:19+00:00,2026-09-07T12:07:19+00:00,bcycle_lametro_3011,6,10,,1,1,1
2026-09-07T12:07:17.569966+00:00,2026-09-07T12:07:19+00:00,2026-09-07T12:07:19+00:00,bcycle_lametro_3014,13,15,,1,1,1
2026-09-07T12:07:17.569966+00:00,2026-09-07T12:07:19+00:00,2026-09-07T12:07:19+00:00,bcycle_lametro_3016,6,9,,1,1,1
2026-09-07T12:07:17.569966+00:00,2026-09-07T12:07:19+00:00,2026-09-07T12:07:19+00:00,bcycle_lametro_3018,13,5,,1,1,1
2026-09-07T12:07:17.569966+00:00,2026-09-07T12:07:19+00:00,2026-09-07T12:07:19+00:00,bcycle_lametro_3019,7,12,,1,1,1
2026-09-07T12:07:17.569966+00:00,2026-09-07T12:07:19+00:00,2026-09-07T12:07:19+00:00,bcycle_lametro_3020,3,12,,1,1,1
2026-09-07T12:07:17.569966+00:00,2026-09-07T12:07:19+00:00,2026-09-07T12:07:19+00:00,bcycle_lametro_3022,14,6,,1,1,1
2026-09-07T12:07:17.569966+00:00,2026-09-07T12:07:19+00:00,2026-09-07T12:07:19+00:00,bcycle_lametro_3024,7,8,,1,1,1
2026-09-07T12:07:17.569966+00:00,2026-09-07T12:07:19+00:00,2026-09-07T12:07:19+00:00,bcycle_lametro_3025,5,9,,1,1,1
2026-09-07T12:07:17.569966+00:00,2026-09-07T12:07:19+00:00,2026-09-07T12:07:19+00:00,bcycle_lametro_3026,4,11,,1,1,1
2026-09-07T12:07:17.569966+00:00,2026-09-07T12:07:19+00:00,2026-09-07T12:07:19+00:00,bcycle_lametro_3027,7,8,,1,1,1
2026-09-07T12:07:17.569966+00:00,2026-09-07T12:07:19+00:00,2026-09-07T12:07:19+00:00,bcycle_lametro_3030,11,18,,1,1,1
2026-09-07T12:07:17.569966+00:00,2026-09-07T12:07:19+00:00,2026-09-07T12:07:19+00:00,bcycle_lametro_3032,16,10,,1,1,1
2026-09-07T12:07:17.569966+00:00,2026-09-07T12:07:19+00:00,2026-09-07T12:07:19+00:00,bcycle_lametro_3033,7,5,,1,1,1
2026-09-07T12:07:17.569966+00:00,2026-09-07T12:07:19+00:00,2026-09-07T12:07:19+00:00,bcycle_lametro_3034,12,10,,1,1,1
2026-09-07T12:07:17.569966+00:00,2026-09-07T12:07:19+00:00,2026-09-07T12:07:19+00:00,bcycle_lametro_3035,11,12,,1,1,1
2026-09-07T12:07:17.569966+00:00,2026-09-07T12:07:19+00:00,2026-09-07T12:07:19+00:00,bcycle_lametro_3036,7,8,,1,1,1
2026-09-07T12:07:17.569966+00:00,2026-09-07T12:07:19+00:00,2026-09-07T12:07:19+00:00,bcycle_lametro_3037,5,13,,1,1,1
2026-09-07T12:07:17.569966+00:00,2026-09-07T12:07:19+00:00,2026-09-07T12:07:19+00:00,bcycle_lametro_3040,2,1,,1,1,1
2026-09-07T12:07:17.569966+00:00,2026-09-07T12:07:19+00:00,2026-09-07T12:07:19+00:00,bcycle_lametro_3042,8,20,,1,1,1
2026-09-07T12:07:17.569966+00:00,2026-09-07T12:07:19+00:00,2026-09-07T12:07:19+00:00,bcycle_lametro_3045,6,4,,1,1,1
2026-09-07T12:07:17.569966+00:00,2026-09-07T12:07:19+00:00,2026-09-07T12:07:19+00:00,bcycle_lametro_3046,9,8,,1,1,1
2026-09-07T12:07:17.569966+00:00,2026-09-07T12:07:19+00:00,2026-09-07T12:07:19+00:00,bcycle_lametro_3047,21,11,,1,1,1
2026-09-07T12:07:17.569966+00:00,2026-09-07T12:07:19+00:00,2026-09-07T12:07:19+00:00,bcycle_lametro_3048,11,4,,1,1,1
2026-09-07T12:07:17.569966+00:00,2026-09-07T12:07:19+00:00,2026-09-07T12:07:19+00:00,bcycle_lametro_3052,6,9,,1,1,1
2026-09-07T12:07:17.569966+00:00,2026-09-07T12:07:19+00:00,2026-09-07T12:07:19+00:00,bcycle_lametro_3054,5,10,,1,1,1
2026-09-07T12:07:17.569966+00:00,2026-09-07T12:07:19+00:00,2026-09-07T12:07:19+00:00,bcycle_lametro_3056,6,6,,1,1,1
2026-09-07T12:07:17.569966+00:00,2026-09-07T12:07:19+00:00,2026-09-07T12:07:19+00:00,bcycle_lametro_3058,10,5,,1,1,1
2026-09-07T12:07:17.569966+00:00,2026-09-07T12:07:19+00:00,2026-09-07T12:07:19+00:00,bcycle_lametro_3062,4,8,,1,1,1
2026-09-07T12:07:17.569966+00:00,2026-09-07T12:07:19+00:00,2026-09-07T12:07:19+00:00,bcycle_lametro_3063,0,22,,0,0,1
2026-09-07T12:07:17.569966+00:00,2026-09-07T12:07:19+00:00,2026-09-07T12:07:19+00:00,bcycle_lametro_3064,11,6,,1,1,1
2026-09-07T12:07:17.569966+00:00,2026-09-07T12:07:19+00:00,2026-09-07T12:07:19+00:00,bcycle_lametro_3065,6,9,,1,1,1
2026-09-07T12:07:17.569966+00:00,2026-09-07T12:07:19+00:00,2026-09-07T12:07:19+00:00,bcycle_lametro_3066,9,6,,1,1,1
2026-09-07T12:07:17.569966+00:00,2026-09-07T12:07:19+00:00,2026-09-07T12:07:19+00:00,bcycle_lametro_3068,3,11,,1,1,1
2026-09-07T12:07:17.569966+00:00,2026-09-07T12:07:19+00:00,2026-09-07T12:07:19+00:00,bcycle_lametro_3069,7,10,,0,0,1
2026-09-07T12:07:17.569966+00:00,2026-09-07T12:07:19+00:00,2026-09-07T12:07:19+00:00,bcycle_lametro_3074,12,10,,0,0,1
2026-09-07T12:07:17.569966+00:00,2026-09-07T12:07:19+00:00,2026-09-07T12:07:19+00:00,bcycle_lametro_3075,10,4,,1,1,1
2026-09-07T12:07:17.569966+00:00,2026-09-07T12:07:19+00:00,2026-09-07T12:07:19+00:00,bcycle_lametro_3076,4,7,,1,1,1
2026-09-07T12:07:17.569966+00:00,2026-09-07T12:07:19+00:00,2026-09-07T12:07:19+00:00,bcycle_lametro_3077,7,6,,1,1,1
2026-09-07T12:07:17.569966+00:00,2026-09-07T12:07:19+00:00,2026-09-07T12:07:19+00:00,bcycle_lametro_3078,9,6,,1,1,1
2026-09-07T12:07:17.569966+00:00,2026-09-07T12:07:19+00:00,2026-09-07T12:07:19+00:00,bcycle_lametro_3079,10,4,,1,1,1
2026-09-07T12:07:17.569966+00:00,2026-09-07T12:07:19+00:00,2026-09-07T12:07:19+00:00,bcycle_lametro_3081,6,6,,1,1,1
2026-09-07T12:07:17.569966+00:00,2026-09-07T12:07:19+00:00,2026-09-07T12:07:19+00:00,bcycle_lametro_3082,7,19,,1,1,1
2026-09-07T12:07:17.569966+00:00,2026-09-07T12:07:19+00:00,2026-09-07T12:07:19+00:00,bcycle_lametro_4202,6,14,,1,1,1
2026-09-07T12:07:17.569966+00:00,2026-09-07T12:07:19+00:00,2026-09-07T12:07:19+00:00,bcycle_lametro_4204,6,10,,1,1,1
2026-09-07T12:07:17.569966+00:00,2026-09-07T12:07:19+00:00,2026-09-07T12:07:19+00:00,bcycle_lametro_4205,4,12,,1,1,1
2026-09-07T12:07:17.569966+00:00,2026-09-07T12:07:19+00:00,2026-09-07T12:07:19+00:00,bcycle_lametro_4206,12,11,,1,1,1
2026-09-07T12:07:17.569966+00:00,2026-09-07T12:07:19+00:00,2026-09-07T12:07:19+00:00,bcycle_lametro_4207,11,7,,1,1,1
2026-09-07T12:07:17.569966+00:00,2026-09-07T12:07:19+00:00,2026-09-07T12:07:19+00:00,bcycle_lametro_4208,3,14,,1,1,1
2026-09-07T12:07:17.569966+00:00,2026-09-07T12:07:19+00:00,2026-09-07T12:07:19+00:00,bcycle_lametro_4209,6,17,,1,1,1
2026-09-07T12:07:17.569966+00:00,2026-09-07T12:07:19+00:00,2026-09-07T12:07:19+00:00,bcycle_lametro_4210,9,6,,1,1,1
2026-09-07T12:07:17.569966+00:00,2026-09-07T12:07:19+00:00,2026-09-07T12:07:19+00:00,bcycle_lametro_4211,6,8,,1,1,1
2026-09-07T12:07:17.569966+00:00,2026-09-07T12:07:19+00:00,2026-09-07T12:07:19+00:00,bcycle_lametro_4212,8,13,,1,1,1
2026-09-07T12:07:17.569966+00:00,2026-09-07T12:07:19+00:00,2026-09-07T12:07:19+00:00,bcycle_lametro_4213,7,8,,1,1,1
2026-09-07T12:07:17.569966+00:00,2026-09-07T12:07:19+00:00,2026-09-07T12:07:19+00:00,bcycle_lametro_4214,6,19,,1,1,1
2026-09-07T12:07:17.569966+00:00,2026-09-07T12:07:19+00:00,2026-09-07T12:07:19+00:00,bcycle_lametro_4215,27,13,,1,1,1
2026-09-07T12:07:17.569966+00:00,2026-09-07T12:07:19+00:00,2026-09-07T12:07:19+00:00,bcycle_lametro_4216,11,8,,1,1,1
2026-09-07T12:07:17.569966+00:00,2026-09-07T12:07:19+00:00,2026-09-07T12:07:19+00:00,bcycle_lametro_4217,6,5,,1,1,1
2026-09-07T12:07:17.569966+00:00,2026-09-07T12:07:19+00:00,2026-09-07T12:07:19+00:00,bcycle_lametro_4220,6,9,,1,1,1
2026-09-07T12:07:17.569966+00:00,2026-09-07T12:07:19+00:00,2026-09-07T12:07:19+00:00,bcycle_lametro_4227,7,9,,1,1,1
2026-09-07T12:07:17.569966+00:00,2026-09-07T12:07:19+00:00,2026-09-07T12:07:19+00:00,bcycle_lametro_4245,7,7,,1,1,1
2026-09-07T12:07:17.569966+00:00,2026-09-07T12:07:19+00:00,2026-09-07T12:07:19+00:00,bcycle_lametro_4246,5,9,,1,1,1
2026-09-07T12:07:17.569966+00:00,2026-09-07T12:07:19+00:00,2026-09-07T12:07:19+00:00,bcycle_lametro_4247,4,4,,1,1,1
2026-09-07T12:07:17.569966+00:00,2026-09-07T12:07:19+00:00,2026-09-07T12:07:19+00:00,bcycle_lametro_4248,10,9,,1,1,1
2026-09-07T12:07:17.569966+00:00,2026-09-07T12:07:19+00:00,2026-09-07T12:07:19+00:00,bcycle_lametro_4249,6,8,,1,1,1
2026-09-07T12:07:17.569966+00:00,2026-09-07T12:07:19+00:00,2026-09-07T12:07:19+00:00,bcycle_lametro_4250,8,7,,1,1,1
2026-09-07T12:07:17.569966+00:00,2026-09-07T12:07:19+00:00,2026-09-07T12:07:19+00:00,bcycle_lametro_4254,5,10,,1,1,1
2026-09-07T12:07:17.569966+00:00,2026-09-07T12:07:19+00:00,2026-09-07T12:07:19+00:00,bcycle_lametro_4255,2,8,,1,1,1
2026-09-07T12:07:17.569966+00:00,2026-09-07T12:07:19+00:00,2026-09-07T12:07:19+00:00,bcycle_lametro_4266,7,8,,1,1,1
2026-09-07T12:07:17.569966+00:00,2026-09-07T12:07:19+00:00,2026-09-07T12:07:19+00:00,bcycle_lametro_4267,5,3,,1,1,1
2026-09-07T12:07:17.569966+00:00,2026-09-07T12:07:19+00:00,2026-09-07T12:07:19+00:00,bcycle_lametro_4273,4,10,,1,1,1
2026-09-07T12:07:17.569966+00:00,2026-09-07T12:07:19+00:00,2026-09-07T12:07:19+00:00,bcycle_lametro_4275,5,10,,1,1,1
2026-09-07T12:07:17.569966+00:00,2026-09-07T12:07:19+00:00,2026-09-07T12:07:19+00:00,bcycle_lametro_4293,2,8,,1,1,1
2026-09-07T12:07:17.569966+00:00,2026-09-07T12:07:19+00:00,2026-09-07T12:07:19+00:00,bcycle_lametro_4300,6,7,,1,1,1
2026-09-07T12:07:17.569966+00:00,2026-09-07T12:07:19+00:00,2026-09-07T12:07:19+00:00,bcycle_lametro_4301,1,9,,1,1,1
2026-09-07T12:07:17.569966+00:00,2026-09-07T12:07:19+00:00,2026-09-07T12:07:19+00:00,bcycle_lametro_4303,5,5,,1,1,1
2026-09-07T12:07:17.569966+00:00,2026-09-07T12:07:19+00:00,2026-09-07T12:07:19+00:00,bcycle_lametro_4304,4,7,,1,1,1
2026-09-07T12:07:17.569966+00:00,2026-09-07T12:07:19+00:00,2026-09-07T12:07:19+00:00,bcycle_lametro_4306,4,9,,1,1,1
2026-09-07T12:07:17.569966+00:00,2026-09-07T12:07:19+00:00,2026-09-07T12:07:19+00:00,bcycle_lametro_4311,9,4,,1,1,1
2026-09-07T12:07:17.569966+00:00,2026-09-07T12:07:19+00:00,2026-09-07T12:07:19+00:00,bcycle_lametro_4312,6,7,,0,0,1
2026-09-07T12:07:17.569966+00:00,2026-09-07T12:07:19+00:00,2026-09-07T12:07:19+00:00,bcycle_lametro_4313,9,2,,1,1,1
2026-09-07T12:07:17.569966+00:00,2026-09-07T12:07:19+00:00,2026-09-07T12:07:19+00:00,bcycle_lametro_4314,2,13,,1,1,1
2026-09-07T12:07:17.569966+00:00,2026-09-07T12:07:19+00:00,2026-09-07T12:07:19+00:00,bcycle_lametro_4315,2,4,,1,1,1
2026-09-07T12:07:17.569966+00:00,2026-09-07T12:07:19+00:00,2026-09-07T12:07:19+00:00,bcycle_lametro_4387,7,8,,1,1,1
2026-09-07T12:07:17.569966+00:00,2026-09-07T12:07:19+00:00,2026-09-07T12:07:19+00:00,bcycle_lametro_4390,5,7,,1,1,1
2026-09-07T12:07:17.569966+00:00,2026-09-07T12:07:19+00:00,2026-09-07T12:07:19+00:00,bcycle_lametro_4401,5,5,,1,1,1
2026-09-07T12:07:17.569966+00:00,2026-09-07T12:07:19+00:00,2026-09-07T12:07:19+00:00,bcycle_lametro_4404,10,5,,1,1,1
2026-09-07T12:07:17.569966+00:00,2026-09-07T12:07:19+00:00,2026-09-07T12:07:19+00:00,bcycle_lametro_4405,7,6,,1,1,1
2026-09-07T12:07:17.569966+00:00,2026-09-07T12:07:19+00:00,2026-09-07T12:07:19+00:00,bcycle_lametro_4406,6,8,,1,1,1
2026-09-07T12:07:17.569966+00:00,2026-09-07T12:07:19+00:00,2026-09-07T12:07:19+00:00,bcycle_lametro_4410,10,2,,1,1,1
2026-09-07T12:07:17.569966+00:00,2026-09-07T12:07:19+00:00,2026-09-07T12:07:19+00:00,bcycle_lametro_4436,3,6,,1,1,1
2026-09-07T12:07:17.569966+00:00,2026-09-07T12:07:19+00:00,2026-09-07T12:07:19+00:00,bcycle_lametro_4437,3,10,,1,1,1
2026-09-07T12:07:17.569966+00:00,2026-09-07T12:07:19+00:00,2026-09-07T12:07:19+00:00,bcycle_lametro_4440,4,10,,1,1,1
2026-09-07T12:07:17.569966+00:00,2026-09-07T12:07:19+00:00,2026-09-07T12:07:19+00:00,bcycle_lametro_4441,1,6,,1,1,1
2026-09-07T12:07:17.569966+00:00,2026-09-07T12:07:19+00:00,2026-09-07T12:07:19+00:00,bcycle_lametro_4442,6,6,,1,1,1
2026-09-07T12:07:17.569966+00:00,2026-09-07T12:07:19+00:00,2026-09-07T12:07:19+00:00,bcycle_lametro_4443,7,1,,1,1,1
2026-09-07T12:07:17.569966+00:00,2026-09-07T12:07:19+00:00,2026-09-07T12:07:19+00:00,bcycle_lametro_4444,4,5,,1,1,1
2026-09-07T12:07:17.569966+00:00,2026-09-07T12:07:19+00:00,2026-09-07T12:07:19+00:00,bcycle_lametro_4445,8,7,,1,1,1
2026-09-07T12:07:17.569966+00:00,2026-09-07T12:07:19+00:00,2026-09-07T12:07:19+00:00,bcycle_lametro_4446,2,6,,1,1,1
2026-09-07T12:07:17.569966+00:00,2026-09-07T12:07:19+00:00,2026-09-07T12:07:19+00:00,bcycle_lametro_4447,8,4,,1,1,1
2026-09-07T12:07:17.569966+00:00,2026-09-07T12:07:19+00:00,2026-09-07T12:07:19+00:00,bcycle_lametro_4448,6,12,,1,1,1
2026-09-07T12:07:17.569966+00:00,2026-09-07T12:07:19+00:00,2026-09-07T12:07:19+00:00,bcycle_lametro_4449,5,8,,1,1,1
2026-09-07T12:07:17.569966+00:00,2026-09-07T12:07:19+00:00,2026-09-07T12:07:19+00:00,bcycle_lametro_4450,4,10,,1,1,1
2026-09-07T12:07:17.569966+00:00,2026-09-07T12:07:19+00:00,2026-09-07T12:07:19+00:00,bcycle_lametro_4451,6,3,,1,1,1
2026-09-07T12:07:17.569966+00:00,2026-09-07T12:07:19+00:00,2026-09-07T12:07:19+00:00,bcycle_lametro_4452,5,5,,1,1,1
2026-09-07T12:07:17.569966+00:00,2026-09-07T12:07:19+00:00,2026-09-07T12:07:19+00:00,bcycle_lametro_4453,2,8,,1,1,1
2026-09-07T12:07:17.569966+00:00,2026-09-07T12:07:19+00:00,2026-09-07T12:07:19+00:00,bcycle_lametro_4454,6,8,,1,1,1
2026-09-07T12:07:17.569966+00:00,2026-09-07T12:07:19+00:00,2026-09-07T12:07:19+00:00,bcycle_lametro_4455,8,7,,1,1,1
2026-09-07T12:07:17.569966+00:00,2026-09-07T12:07:19+00:00,2026-09-07T12:07:19+00:00,bcycle_lametro_4456,7,8,,1,1,1
2026-09-07T12:07:17.569966+00:00,2026-09-07T12:07:19+00:00,2026-09-07T12:07:19+00:00,bcycle_lametro_4457,5,3,,1,1,1
2026-09-07T12:07:17.569966+00:00,2026-09-07T12:07:19+00:00,2026-09-07T12:07:19+00:00,bcycle_lametro_4472,12,2,,1,1,1
2026-09-07T12:07:17.569966+00:00,2026-09-07T12:07:19+00:00,2026-09-07T12:07:19+00:00,bcycle_lametro_4473,1,7,,1,1,1
2026-09-07T12:07:17.569966+00:00,2026-09-07T12:07:19+00:00,2026-09-07T12:07:19+00:00,bcycle_lametro_4474,4,6,,1,1,1
2026-09-07T12:07:17.569966+00:00,2026-09-07T12:07:19+00:00,2026-09-07T12:07:19+00:00,bcycle_lametro_4475,8,3,,1,1,1
2026-09-07T12:07:17.569966+00:00,2026-09-07T12:07:19+00:00,2026-09-07T12:07:19+00:00,bcycle_lametro_4476,6,8,,1,1,1
2026-09-07T12:07:17.569966+00:00,2026-09-07T12:07:19+00:00,2026-09-07T12:07:19+00:00,bcycle_lametro_4477,3,10,,1,1,1
2026-09-07T12:07:17.569966+00:00,2026-09-07T12:07:19+00:00,2026-09-07T12:07:19+00:00,bcycle_lametro_4479,7,5,,1,1,1
2026-09-07T12:07:17.569966+00:00,2026-09-07T12:07:19+00:00,2026-09-07T12:07:19+00:00,bcycle_lametro_4483,2,10,,1,1,1
2026-09-07T12:07:17.569966+00:00,2026-09-07T12:07:19+00:00,2026-09-07T12:07:19+00:00,bcycle_lametro_4487,7,9,,1,1,1
2026-09-07T12:07:17.569966+00:00,2026-09-07T12:07:19+00:00,2026-09-07T12:07:19+00:00,bcycle_lametro_4490,4,10,,1,1,1
2026-09-07T12:07:17.569966+00:00,2026-09-07T12:07:19+00:00,2026-09-07T12:07:19+00:00,bcycle_lametro_4491,6,7,,1,1,1
2026-09-07T12:07:17.569966+00:00,2026-09-07T12:07:19+00:00,2026-09-07T12:07:19+00:00,bcycle_lametro_4492,14,5,,1,1,1
2026-09-07T12:07:17.569966+00:00,2026-09-07T12:07:19+00:00,2026-09-07T12:07:19+00:00,bcycle_lametro_4493,7,9,,1,1,1
2026-09-07T12:07:17.569966+00:00,2026-09-07T12:07:19+00:00,2026-09-07T12:07:19+00:00,bcycle_lametro_4494,5,4,,1,1,1
2026-09-07T12:07:17.569966+00:00,2026-09-07T12:07:19+00:00,2026-09-07T12:07:19+00:00,bcycle_lametro_4509,5,5,,1,1,1
2026-09-07T12:07:17.569966+00:00,2026-09-07T12:07:19+00:00,2026-09-07T12:07:19+00:00,bcycle_lametro_4510,4,6,,1,1,1
2026-09-07T12:07:17.569966+00:00,2026-09-07T12:07:19+00:00,2026-09-07T12:07:19+00:00,bcycle_lametro_4511,10,8,,1,1,1
2026-09-07T12:07:17.569966+00:00,2026-09-07T12:07:19+00:00,2026-09-07T12:07:19+00:00,bcycle_lametro_4512,6,10,,1,1,1
2026-09-07T12:07:17.569966+00:00,2026-09-07T12:07:19+00:00,2026-09-07T12:07:19+00:00,bcycle_lametro_4514,12,9,,1,1,1
2026-09-07T12:07:17.569966+00:00,2026-09-07T12:07:19+00:00,2026-09-07T12:07:19+00:00,bcycle_lametro_4515,4,5,,1,1,1
2026-09-07T12:07:17.569966+00:00,2026-09-07T12:07:19+00:00,2026-09-07T12:07:19+00:00,bcycle_lametro_4517,4,7,,1,1,1
2026-09-07T12:07:17.569966+00:00,2026-09-07T12:07:19+00:00,2026-09-07T12:07:19+00:00,bcycle_lametro_4521,9,3,,1,1,1
2026-09-07T12:07:17.569966+00:00,2026-09-07T12:07:19+00:00,2026-09-07T12:07:19+00:00,bcycle_lametro_4523,1,14,,1,1,1
2026-09-07T12:07:17.569966+00:00,2026-09-07T12:07:19+00:00,2026-09-07T12:07:19+00:00,bcycle_lametro_4524,5,9,,1,1,1
2026-09-07T12:07:17.569966+00:00,2026-09-07T12:07:19+00:00,2026-09-07T12:07:19+00:00,bcycle_lametro_4525,9,2,,1,1,1
2026-09-07T12:07:17.569966+00:00,2026-09-07T12:07:19+00:00,2026-09-07T12:07:19+00:00,bcycle_lametro_4526,4,17,,1,1,1
2026-09-07T12:07:17.569966+00:00,2026-09-07T12:07:19+00:00,2026-09-07T12:07:19+00:00,bcycle_lametro_4527,3,11,,1,1,1
2026-09-07T12:07:17.569966+00:00,2026-09-07T12:07:19+00:00,2026-09-07T12:07:19+00:00,bcycle_lametro_4528,11,3,,1,1,1
2026-09-07T12:07:17.569966+00:00,2026-09-07T12:07:19+00:00,2026-09-07T12:07:19+00:00,bcycle_lametro_4529,2,11,,1,1,1
2026-09-07T12:07:17.569966+00:00,2026-09-07T12:07:19+00:00,2026-09-07T12:07:19+00:00,bcycle_lametro_4534,5,10,,1,1,1
2026-09-07T12:07:17.569966+00:00,2026-09-07T12:07:19+00:00,2026-09-07T12:07:19+00:00,bcycle_lametro_4536,4,6,,1,1,1
2026-09-07T12:07:17.569966+00:00,2026-09-07T12:07:19+00:00,2026-09-07T12:07:19+00:00,bcycle_lametro_4537,4,11,,1,1,1
2026-09-07T12:07:17.569966+00:00,2026-09-07T12:07:19+00:00,2026-09-07T12:07:19+00:00,bcycle_lametro_4538,4,1,,1,1,1
2026-09-07T12:07:17.569966+00:00,2026-09-07T12:07:19+00:00,2026-09-07T12:07:19+00:00,bcycle_lametro_4540,7,7,,1,1,1
2026-09-07T12:07:17.569966+00:00,2026-09-07T12:07:19+00:00,2026-09-07T12:07:19+00:00,bcycle_lametro_4543,5,3,,1,1,1
2026-09-07T12:07:17.569966+00:00,2026-09-07T12:07:19+00:00,2026-09-07T12:07:19+00:00,bcycle_lametro_4544,7,7,,1,1,1
2026-09-07T12:07:17.569966+00:00,2026-09-07T12:07:19+00:00,2026-09-07T12:07:19+00:00,bcycle_lametro_4545,4,4,,1,1,1
2026-09-07T12:07:17.569966+00:00,2026-09-07T12:07:19+00:00,2026-09-07T12:07:19+00:00,bcycle_lametro_4546,13,6,,1,1,1
2026-09-07T12:07:17.569966+00:00,2026-09-07T12:07:19+00:00,2026-09-07T12:07:19+00:00,bcycle_lametro_4547,6,4,,1,1,1
2026-09-07T12:07:17.569966+00:00,2026-09-07T12:07:19+00:00,2026-09-07T12:07:19+00:00,bcycle_lametro_4548,5,7,,1,1,1
2026-09-07T12:07:17.569966+00:00,2026-09-07T12:07:19+00:00,2026-09-07T12:07:19+00:00,bcycle_lametro_4549,10,6,,1,1,1
2026-09-07T12:07:17.569966+00:00,2026-09-07T12:07:19+00:00,2026-09-07T12:07:19+00:00,bcycle_lametro_4552,7,5,,1,1,1
2026-09-07T12:07:17.569966+00:00,2026-09-07T12:07:19+00:00,2026-09-07T12:07:19+00:00,bcycle_lametro_4553,7,2,,1,1,1
2026-09-07T12:07:17.569966+00:00,2026-09-07T12:07:19+00:00,2026-09-07T12:07:19+00:00,bcycle_lametro_4554,5,6,,1,1,1
2026-09-07T12:07:17.569966+00:00,2026-09-07T12:07:19+00:00,2026-09-07T12:07:19+00:00,bcycle_lametro_4555,8,0,,1,1,1
2026-09-07T12:07:17.569966+00:00,2026-09-07T12:07:19+00:00,2026-09-07T12:07:19+00:00,bcycle_lametro_4556,3,10,,1,1,1
2026-09-07T12:07:17.569966+00:00,2026-09-07T12:07:19+00:00,2026-09-07T12:07:19+00:00,bcycle_lametro_4557,8,3,,1,1,1
2026-09-07T12:07:17.569966+00:00,2026-09-07T12:07:19+00:00,2026-09-07T12:07:19+00:00,bcycle_lametro_4558,6,11,,1,1,1
2026-09-07T12:07:17.569966+00:00,2026-09-07T12:07:19+00:00,2026-09-07T12:07:19+00:00,bcycle_lametro_4561,6,3,,1,1,1
2026-09-07T12:07:17.569966+00:00,2026-09-07T12:07:19+00:00,2026-09-07T12:07:19+00:00,bcycle_lametro_4562,10,4,,1,1,1
2026-09-07T12:07:17.569966+00:00,2026-09-07T12:07:19+00:00,2026-09-07T12:07:19+00:00,bcycle_lametro_4563,6,3,,1,1,1
2026-09-07T12:07:17.569966+00:00,2026-09-07T12:07:19+00:00,2026-09-07T12:07:19+00:00,bcycle_lametro_4564,5,10,,1,1,1
2026-09-07T12:07:17.569966+00:00,2026-09-07T12:07:19+00:00,2026-09-07T12:07:19+00:00,bcycle_lametro_4565,5,7,,1,1,1
2026-09-07T12:07:17.569966+00:00,2026-09-07T12:07:19+00:00,2026-09-07T12:07:19+00:00,bcycle_lametro_4566,6,9,,1,1,1
2026-09-07T12:07:17.569966+00:00,2026-09-07T12:07:19+00:00,2026-09-07T12:07:19+00:00,bcycle_lametro_4567,8,3,,1,1,1
2026-09-07T12:07:17.569966+00:00,2026-09-07T12:07:19+00:00,2026-09-07T12:07:19+00:00,bcycle_lametro_4568,6,8,,1,1,1
2026-09-07T12:07:17.569966+00:00,2026-09-07T12:07:19+00:00,2026-09-07T12:07:19+00:00,bcycle_lametro_4569,2,7,,1,1,1
2026-09-07T12:07:17.569966+00:00,2026-09-07T12:07:19+00:00,2026-09-07T12:07:19+00:00,bcycle_lametro_4570,12,3,,1,1,1
2026-09-07T12:07:17.569966+00:00,2026-09-07T12:07:19+00:00,2026-09-07T12:07:19+00:00,bcycle_lametro_4571,5,2,,1,1,1
2026-09-07T12:07:17.569966+00:00,2026-09-07T12:07:19+00:00,2026-09-07T12:07:19+00:00,bcycle_lametro_4575,5,6,,1,1,1
2026-09-07T12:07:17.569966+00:00,2026-09-07T12:07:19+00:00,2026-09-07T12:07:19+00:00,bcycle_lametro_4576,5,6,,1,1,1
2026-09-07T12:07:17.569966+00:00,2026-09-07T12:07:19+00:00,2026-09-07T12:07:19+00:00,bcycle_lametro_4578,4,3,,1,1,1
2026-09-07T12:07:17.569966+00:00,2026-09-07T12:07:19+00:00,2026-09-07T12:07:19+00:00,bcycle_lametro_4579,9,3,,1,1,1
2026-09-07T12:07:17.569966+00:00,2026-09-07T12:07:19+00:00,2026-09-07T12:07:19+00:00,bcycle_lametro_4580,3,5,,1,1,1
2026-09-07T12:07:17.569966+00:00,2026-09-07T12:07:19+00:00,2026-09-07T12:07:19+00:00,bcycle_lametro_4581,9,8,,1,1,1
2026-09-07T12:07:17.569966+00:00,2026-09-07T12:07:19+00:00,2026-09-07T12:07:19+00:00,bcycle_lametro_4583,7,11,,1,1,1
2026-09-07T12:07:17.569966+00:00,2026-09-07T12:07:19+00:00,2026-09-07T12:07:19+00:00,bcycle_lametro_4584,10,4,,1,1,1
2026-09-07T12:07:17.569966+00:00,2026-09-07T12:07:19+00:00,2026-09-07T12:07:19+00:00,bcycle_lametro_4587,3,8,,1,1,1
2026-09-07T12:07:17.569966+00:00,2026-09-07T12:07:19+00:00,2026-09-07T12:07:19+00:00,bcycle_lametro_4596,9,6,,1,1,1
2026-09-07T12:07:17.569966+00:00,2026-09-07T12:07:19+00:00,2026-09-07T12:07:19+00:00,bcycle_lametro_4597,2,9,,1,1,1
2026-09-07T12:07:17.569966+00:00,2026-09-07T12:07:19+00:00,2026-09-07T12:07:19+00:00,bcycle_lametro_4598,5,4,,1,1,1
2026-09-07T12:07:17.569966+00:00,2026-09-07T12:07:19+00:00,2026-09-07T12:07:19+00:00,bcycle_lametro_4599,5,7,,1,1,1
2026-09-07T12:07:17.569966+00:00,2026-09-07T12:07:19+00:00,2026-09-07T12:07:19+00:00,bcycle_lametro_4600,4,6,,1,1,1
2026-09-07T12:07:17.569966+00:00,2026-09-07T12:07:19+00:00,2026-09-07T12:07:19+00:00,bcycle_lametro_4601,5,6,,1,1,1
2026-09-07T12:07:17.569966+00:00,2026-09-07T12:07:19+00:00,2026-09-07T12:07:19+00:00,bcycle_lametro_4603,6,12,,1,1,1
2026-09-07T12:07:17.569966+00:00,2026-09-07T12:07:19+00:00,2026-09-07T12:07:19+00:00,bcycle_lametro_4604,8,4,,1,1,1
2026-09-07T12:07:17.569966+00:00,2026-09-07T12:07:19+00:00,2026-09-07T12:07:19+00:00,bcycle_lametro_4605,6,7,,1,1,1
2026-09-07T12:07:17.569966+00:00,2026-09-07T12:07:19+00:00,2026-09-07T12:07:19+00:00,bcycle_lametro_4606,8,12,,1,1,1
2026-09-07T12:07:17.569966+00:00,2026-09-07T12:07:19+00:00,2026-09-07T12:07:19+00:00,bcycle_lametro_4613,5,14,,1,1,1
2026-09-07T12:07:17.569966+00:00,2026-09-07T12:07:19+00:00,2026-09-07T12:07:19+00:00,bcycle_lametro_4614,6,14,,1,1,1
2026-09-07T12:07:17.569966+00:00,2026-09-07T12:07:19+00:00,2026-09-07T12:07:19+00:00,bcycle_lametro_4627,5,12,,1,1,1
2026-09-07T12:07:17.569966+00:00,2026-09-07T12:07:19+00:00,2026-09-07T12:07:19+00:00,bcycle_lametro_4628,8,5,,1,1,1
2026-09-07T12:07:17.569966+00:00,2026-09-07T12:07:19+00:00,2026-09-07T12:07:19+00:00,bcycle_lametro_4632,6,8,,1,1,1
2026-09-07T12:07:17.569966+00:00,2026-09-07T12:07:19+00:00,2026-09-07T12:07:19+00:00,bcycle_lametro_4643,10,10,,1,1,1
2026-09-07T12:07:17.569966+00:00,2026-09-07T12:07:19+00:00,2026-09-07T12:07:19+00:00,bcycle_lametro_4644,6,6,,1,1,1
2026-09-07T12:07:17.569966+00:00,2026-09-07T12:07:19+00:00,2026-09-07T12:07:19+00:00,bcycle_lametro_4645,10,2,,0,0,1
2026-09-07T12:07:17.569966+00:00,2026-09-07T12:07:19+00:00,2026-09-07T12:07:19+00:00,bcycle_lametro_4652,5,6,,1,1,1
2026-09-07T12:07:17.569966+00:00,2026-09-07T12:07:19+00:00,2026-09-07T12:07:19+00:00,bcycle_lametro_4660,5,12,,1,1,1
2026-09-07T12:07:17.569966+00:00,2026-09-07T12:07:19+00:00,2026-09-07T12:07:19+00:00,bcycle_lametro_4664,7,13,,1,1,1
2026-09-07T12:07:17.569966+00:00,2026-09-07T12:07:19+00:00,2026-09-07T12:07:19+00:00,bcycle_lametro_4672,7,8,,1,1,1
2026-09-07T12:07:17.569966+00:00,2026-09-07T12:07:19+00:00,2026-09-07T12:07:19+00:00,bcycle_lametro_4680,4,14,,1,1,1
2026-09-07T12:07:17.569966+00:00,2026-09-07T12:07:19+00:00,2026-09-07T12:07:19+00:00,bcycle_lametro_4689,6,9,,1,1,1
2026-09-07T12:07:17.569966+00:00,2026-09-07T12:07:19+00:00,2026-09-07T12:07:19+00:00,bcycle_lametro_4690,5,9,,1,1,1
2026-09-07T12:07:17.569966+00:00,2026-09-07T12:07:19+00:00,2026-09-07T12:07:19+00:00,bcycle_lametro_4696,4,10,,1,1,1
2026-09-07T12:07:17.569966+00:00,2026-09-07T12:07:19+00:00,2026-09-07T12:07:19+00:00,bcycle_lametro_4697,3,12,,1,1,1
2026-09-07T12:07:17.569966+00:00,2026-09-07T12:07:19+00:00,2026-09-07T12:07:19+00:00,bcycle_lametro_4698,8,5,,1,1,1
2026-09-07T12:07:17.569966+00:00,2026-09-07T12:07:19+00:00,2026-09-07T12:07:19+00:00,bcycle_lametro_4699,2,12,,1,1,1
2026-09-07T12:07:17.569966+00:00,2026-09-07T12:07:19+00:00,2026-09-07T12:07:19+00:00,bcycle_lametro_4700,10,7,,1,1,1
2026-09-07T12:07:17.569966+00:00,2026-09-07T12:07:19+00:00,2026-09-07T12:07:19+00:00,bcycle_lametro_4707,10,3,,1,1,1
2026-09-07T12:07:17.569966+00:00,2026-09-07T12:07:19+00:00,2026-09-07T12:07:19+00:00,bcycle_lametro_4729,3,10,,1,1,1
2026-09-07T12:07:17.569966+00:00,2026-09-07T12:07:19+00:00,2026-09-07T12:07:19+00:00,bcycle_lametro_4730,9,4,,1,1,1
2026-09-07T12:07:17.569966+00:00,2026-09-07T12:07:19+00:00,2026-09-07T12:07:19+00:00,bcycle_lametro_4732,8,13,,1,1,1
2026-09-07T12:07:17.569966+00:00,2026-09-07T12:07:19+00:00,2026-09-07T12:07:19+00:00,bcycle_lametro_4733,5,18,,1,1,1
2026-09-07T12:07:17.569966+00:00,2026-09-07T12:07:19+00:00,2026-09-07T12:07:19+00:00,bcycle_lametro_4734,6,9,,1,1,1
2026-09-07T12:07:17.569966+00:00,2026-09-07T12:07:19+00:00,2026-09-07T12:07:19+00:00,bcycle_lametro_4735,5,7,,1,1,1
2026-09-07T12:07:17.569966+00:00,2026-09-07T12:07:19+00:00,2026-09-07T12:07:19+00:00,bcycle_lametro_4736,11,4,,1,1,1
2026-09-07T12:07:17.569966+00:00,2026-09-07T12:07:19+00:00,2026-09-07T12:07:19+00:00,bcycle_lametro_4740,14,8,,1,1,1
2026-09-07T12:07:17.569966+00:00,2026-09-07T12:07:19+00:00,2026-09-07T12:07:19+00:00,bcycle_lametro_4745,3,8,,1,1,1
2026-09-07T17:44:01.681083+00:00,2026-09-07T17:44:03+00:00,2026-09-07T17:44:03+00:00,bcycle_lametro_3005,12,18,,1,1,1
2026-09-07T17:44:01.681083+00:00,2026-09-07T17:44:03+00:00,2026-09-07T17:44:03+00:00,bcycle_lametro_3006,9,20,,1,1,1
2026-09-07T17:44:01.681083+00:00,2026-09-07T17:44:03+00:00,2026-09-07T17:44:03+00:00,bcycle_lametro_3007,4,13,,1,1,1
2026-09-07T17:44:01.681083+00:00,2026-09-07T17:44:03+00:00,2026-09-07T17:44:03+00:00,bcycle_lametro_3008,5,7,,1,1,1
2026-09-07T17:44:01.681083+00:00,2026-09-07T17:44:03+00:00,2026-09-07T17:44:03+00:00,bcycle_lametro_3010,6,8,,1,1,1
2026-09-07T17:44:01.681083+00:00,2026-09-07T17:44:03+00:00,2026-09-07T17:44:03+00:00,bcycle_lametro_3011,6,10,,1,1,1
2026-09-07T17:44:01.681083+00:00,2026-09-07T17:44:03+00:00,2026-09-07T17:44:03+00:00,bcycle_lametro_3014,13,15,,1,1,1
2026-09-07T17:44:01.681083+00:00,2026-09-07T17:44:03+00:00,2026-09-07T17:44:03+00:00,bcycle_lametro_3016,6,9,,1,1,1
2026-09-07T17:44:01.681083+00:00,2026-09-07T17:44:03+00:00,2026-09-07T17:44:03+00:00,bcycle_lametro_3018,13,5,,1,1,1
2026-09-07T17:44:01.681083+00:00,2026-09-07T17:44:03+00:00,2026-09-07T17:44:03+00:00,bcycle_lametro_3019,7,12,,1,1,1
2026-09-07T17:44:01.681083+00:00,2026-09-07T17:44:03+00:00,2026-09-07T17:44:03+00:00,bcycle_lametro_3020,3,12,,1,1,1
2026-09-07T17:44:01.681083+00:00,2026-09-07T17:44:03+00:00,2026-09-07T17:44:03+00:00,bcycle_lametro_3022,15,5,,1,1,1
2026-09-07T17:44:01.681083+00:00,2026-09-07T17:44:03+00:00,2026-09-07T17:44:03+00:00,bcycle_lametro_3024,7,8,,1,1,1
2026-09-07T17:44:01.681083+00:00,2026-09-07T17:44:03+00:00,2026-09-07T17:44:03+00:00,bcycle_lametro_3025,4,10,,1,1,1
2026-09-07T17:44:01.681083+00:00,2026-09-07T17:44:03+00:00,2026-09-07T17:44:03+00:00,bcycle_lametro_3026,3,12,,1,1,1
2026-09-07T17:44:01.681083+00:00,2026-09-07T17:44:03+00:00,2026-09-07T17:44:03+00:00,bcycle_lametro_3027,6,9,,1,1,1
2026-09-07T17:44:01.681083+00:00,2026-09-07T17:44:03+00:00,2026-09-07T17:44:03+00:00,bcycle_lametro_3030,11,18,,1,1,1
2026-09-07T17:44:01.681083+00:00,2026-09-07T17:44:03+00:00,2026-09-07T17:44:03+00:00,bcycle_lametro_3032,16,10,,1,1,1
2026-09-07T17:44:01.681083+00:00,2026-09-07T17:44:03+00:00,2026-09-07T17:44:03+00:00,bcycle_lametro_3033,7,5,,1,1,1
2026-09-07T17:44:01.681083+00:00,2026-09-07T17:44:03+00:00,2026-09-07T17:44:03+00:00,bcycle_lametro_3034,12,10,,1,1,1
2026-09-07T17:44:01.681083+00:00,2026-09-07T17:44:03+00:00,2026-09-07T17:44:03+00:00,bcycle_lametro_3035,10,13,,1,1,1
2026-09-07T17:44:01.681083+00:00,2026-09-07T17:44:03+00:00,2026-09-07T17:44:03+00:00,bcycle_lametro_3036,8,7,,1,1,1
2026-09-07T17:44:01.681083+00:00,2026-09-07T17:44:03+00:00,2026-09-07T17:44:03+00:00,bcycle_lametro_3037,6,12,,1,1,1
2026-09-07T17:44:01.681083+00:00,2026-09-07T17:44:03+00:00,2026-09-07T17:44:03+00:00,bcycle_lametro_3040,2,1,,1,1,1
2026-09-07T17:44:01.681083+00:00,2026-09-07T17:44:03+00:00,2026-09-07T17:44:03+00:00,bcycle_lametro_3042,8,20,,1,1,1
2026-09-07T17:44:01.681083+00:00,2026-09-07T17:44:03+00:00,2026-09-07T17:44:03+00:00,bcycle_lametro_3045,6,4,,1,1,1
2026-09-07T17:44:01.681083+00:00,2026-09-07T17:44:03+00:00,2026-09-07T17:44:03+00:00,bcycle_lametro_3046,9,8,,1,1,1
2026-09-07T17:44:01.681083+00:00,2026-09-07T17:44:03+00:00,2026-09-07T17:44:03+00:00,bcycle_lametro_3047,21,11,,1,1,1
2026-09-07T17:44:01.681083+00:00,2026-09-07T17:44:03+00:00,2026-09-07T17:44:03+00:00,bcycle_lametro_3048,11,4,,1,1,1
2026-09-07T17:44:01.681083+00:00,2026-09-07T17:44:03+00:00,2026-09-07T17:44:03+00:00,bcycle_lametro_3052,6,9,,1,1,1
2026-09-07T17:44:01.681083+00:00,2026-09-07T17:44:03+00:00,2026-09-07T17:44:03+00:00,bcycle_lametro_3054,5,10,,1,1,1
2026-09-07T17:44:01.681083+00:00,2026-09-07T17:44:03+00:00,2026-09-07T17:44:03+00:00,bcycle_lametro_3056,7,5,,1,1,1
2026-09-07T17:44:01.681083+00:00,2026-09-07T17:44:03+00:00,2026-09-07T17:44:03+00:00,bcycle_lametro_3058,8,7,,1,1,1
2026-09-07T17:44:01.681083+00:00,2026-09-07T17:44:03+00:00,2026-09-07T17:44:03+00:00,bcycle_lametro_3062,4,8,,1,1,1
2026-09-07T17:44:01.681083+00:00,2026-09-07T17:44:03+00:00,2026-09-07T17:44:03+00:00,bcycle_lametro_3063,0,22,,0,0,1
2026-09-07T17:44:01.681083+00:00,2026-09-07T17:44:03+00:00,2026-09-07T17:44:03+00:00,bcycle_lametro_3064,11,6,,1,1,1
2026-09-07T17:44:01.681083+00:00,2026-09-07T17:44:03+00:00,2026-09-07T17:44:03+00:00,bcycle_lametro_3065,6,9,,1,1,1
2026-09-07T17:44:01.681083+00:00,2026-09-07T17:44:03+00:00,2026-09-07T17:44:03+00:00,bcycle_lametro_3066,9,6,,1,1,1
2026-09-07T17:44:01.681083+00:00,2026-09-07T17:44:03+00:00,2026-09-07T17:44:03+00:00,bcycle_lametro_3068,3,11,,1,1,1
2026-09-07T17:44:01.681083+00:00,2026-09-07T17:44:03+00:00,2026-09-07T17:44:03+00:00,bcycle_lametro_3069,7,10,,0,0,1
2026-09-07T17:44:01.681083+00:00,2026-09-07T17:44:03+00:00,2026-09-07T17:44:03+00:00,bcycle_lametro_3074,12,10,,1,1,1
2026-09-07T17:44:01.681083+00:00,2026-09-07T17:44:03+00:00,2026-09-07T17:44:03+00:00,bcycle_lametro_3075,10,4,,1,1,1
2026-09-07T17:44:01.681083+00:00,2026-09-07T17:44:03+00:00,2026-09-07T17:44:03+00:00,bcycle_lametro_3076,4,7,,1,1,1
2026-09-07T17:44:01.681083+00:00,2026-09-07T17:44:03+00:00,2026-09-07T17:44:03+00:00,bcycle_lametro_3077,7,6,,1,1,1
2026-09-07T17:44:01.681083+00:00,2026-09-07T17:44:03+00:00,2026-09-07T17:44:03+00:00,bcycle_lametro_3078,9,6,,1,1,1
2026-09-07T17:44:01.681083+00:00,2026-09-07T17:44:03+00:00,2026-09-07T17:44:03+00:00,bcycle_lametro_3079,10,4,,1,1,1
2026-09-07T17:44:01.681083+00:00,2026-09-07T17:44:03+00:00,2026-09-07T17:44:03+00:00,bcycle_lametro_3081,6,6,,1,1,1
2026-09-07T17:44:01.681083+00:00,2026-09-07T17:44:03+00:00,2026-09-07T17:44:03+00:00,bcycle_lametro_3082,7,19,,1,1,1
2026-09-07T17:44:01.681083+00:00,2026-09-07T17:44:03+00:00,2026-09-07T17:44:03+00:00,bcycle_lametro_4202,6,14,,1,1,1
2026-09-07T17:44:01.681083+00:00,2026-09-07T17:44:03+00:00,2026-09-07T17:44:03+00:00,bcycle_lametro_4204,5,11,,1,1,1
2026-09-07T17:44:01.681083+00:00,2026-09-07T17:44:03+00:00,2026-09-07T17:44:03+00:00,bcycle_lametro_4205,4,12,,1,1,1
2026-09-07T17:44:01.681083+00:00,2026-09-07T17:44:03+00:00,2026-09-07T17:44:03+00:00,bcycle_lametro_4206,12,11,,1,1,1
2026-09-07T17:44:01.681083+00:00,2026-09-07T17:44:03+00:00,2026-09-07T17:44:03+00:00,bcycle_lametro_4207,11,7,,1,1,1
2026-09-07T17:44:01.681083+00:00,2026-09-07T17:44:03+00:00,2026-09-07T17:44:03+00:00,bcycle_lametro_4208,3,14,,1,1,1
2026-09-07T17:44:01.681083+00:00,2026-09-07T17:44:03+00:00,2026-09-07T17:44:03+00:00,bcycle_lametro_4209,6,17,,1,1,1
2026-09-07T17:44:01.681083+00:00,2026-09-07T17:44:03+00:00,2026-09-07T17:44:03+00:00,bcycle_lametro_4210,7,8,,1,1,1
2026-09-07T17:44:01.681083+00:00,2026-09-07T17:44:03+00:00,2026-09-07T17:44:03+00:00,bcycle_lametro_4211,3,11,,1,1,1
2026-09-07T17:44:01.681083+00:00,2026-09-07T17:44:03+00:00,2026-09-07T17:44:03+00:00,bcycle_lametro_4212,7,14,,1,1,1
2026-09-07T17:44:01.681083+00:00,2026-09-07T17:44:03+00:00,2026-09-07T17:44:03+00:00,bcycle_lametro_4213,7,8,,1,1,1
2026-09-07T17:44:01.681083+00:00,2026-09-07T17:44:03+00:00,2026-09-07T17:44:03+00:00,bcycle_lametro_4214,8,18,,1,1,1
2026-09-07T17:44:01.681083+00:00,2026-09-07T17:44:03+00:00,2026-09-07T17:44:03+00:00,bcycle_lametro_4215,14,26,,1,1,1
2026-09-07T17:44:01.681083+00:00,2026-09-07T17:44:03+00:00,2026-09-07T17:44:03+00:00,bcycle_lametro_4216,10,9,,1,1,1
2026-09-07T17:44:01.681083+00:00,2026-09-07T17:44:03+00:00,2026-09-07T17:44:03+00:00,bcycle_lametro_4217,6,5,,1,1,1
2026-09-07T17:44:01.681083+00:00,2026-09-07T17:44:03+00:00,2026-09-07T17:44:03+00:00,bcycle_lametro_4220,5,10,,1,1,1
2026-09-07T17:44:01.681083+00:00,2026-09-07T17:44:03+00:00,2026-09-07T17:44:03+00:00,bcycle_lametro_4227,6,10,,1,1,1
2026-09-07T17:44:01.681083+00:00,2026-09-07T17:44:03+00:00,2026-09-07T17:44:03+00:00,bcycle_lametro_4245,8,6,,1,1,1
2026-09-07T17:44:01.681083+00:00,2026-09-07T17:44:03+00:00,2026-09-07T17:44:03+00:00,bcycle_lametro_4246,5,9,,1,1,1
2026-09-07T17:44:01.681083+00:00,2026-09-07T17:44:03+00:00,2026-09-07T17:44:03+00:00,bcycle_lametro_4247,4,4,,1,1,1
2026-09-07T17:44:01.681083+00:00,2026-09-07T17:44:03+00:00,2026-09-07T17:44:03+00:00,bcycle_lametro_4248,10,9,,1,1,1
2026-09-07T17:44:01.681083+00:00,2026-09-07T17:44:03+00:00,2026-09-07T17:44:03+00:00,bcycle_lametro_4249,8,7,,1,1,1
2026-09-07T17:44:01.681083+00:00,2026-09-07T17:44:03+00:00,2026-09-07T17:44:03+00:00,bcycle_lametro_4250,8,7,,1,1,1
2026-09-07T17:44:01.681083+00:00,2026-09-07T17:44:03+00:00,2026-09-07T17:44:03+00:00,bcycle_lametro_4254,5,10,,1,1,1
2026-09-07T17:44:01.681083+00:00,2026-09-07T17:44:03+00:00,2026-09-07T17:44:03+00:00,bcycle_lametro_4255,2,8,,1,1,1
2026-09-07T17:44:01.681083+00:00,2026-09-07T17:44:03+00:00,2026-09-07T17:44:03+00:00,bcycle_lametro_4266,6,9,,1,1,1
2026-09-07T17:44:01.681083+00:00,2026-09-07T17:44:03+00:00,2026-09-07T17:44:03+00:00,bcycle_lametro_4267,4,4,,1,1,1
2026-09-07T17:44:01.681083+00:00,2026-09-07T17:44:03+00:00,2026-09-07T17:44:03+00:00,bcycle_lametro_4273,6,8,,1,1,1
2026-09-07T17:44:01.681083+00:00,2026-09-07T17:44:03+00:00,2026-09-07T17:44:03+00:00,bcycle_lametro_4275,4,11,,1,1,1
2026-09-07T17:44:01.681083+00:00,2026-09-07T17:44:03+00:00,2026-09-07T17:44:03+00:00,bcycle_lametro_4293,7,3,,1,1,1
2026-09-07T17:44:01.681083+00:00,2026-09-07T17:44:03+00:00,2026-09-07T17:44:03+00:00,bcycle_lametro_4300,6,7,,1,1,1
2026-09-07T17:44:01.681083+00:00,2026-09-07T17:44:03+00:00,2026-09-07T17:44:03+00:00,bcycle_lametro_4301,4,6,,1,1,1
2026-09-07T17:44:01.681083+00:00,2026-09-07T17:44:03+00:00,2026-09-07T17:44:03+00:00,bcycle_lametro_4303,5,5,,1,1,1
2026-09-07T17:44:01.681083+00:00,2026-09-07T17:44:03+00:00,2026-09-07T17:44:03+00:00,bcycle_lametro_4304,4,7,,1,1,1
2026-09-07T17:44:01.681083+00:00,2026-09-07T17:44:03+00:00,2026-09-07T17:44:03+00:00,bcycle_lametro_4306,4,9,,1,1,1
2026-09-07T17:44:01.681083+00:00,2026-09-07T17:44:03+00:00,2026-09-07T17:44:03+00:00,bcycle_lametro_4311,9,4,,1,1,1
2026-09-07T17:44:01.681083+00:00,2026-09-07T17:44:03+00:00,2026-09-07T17:44:03+00:00,bcycle_lametro_4312,6,7,,1,1,1
2026-09-07T17:44:01.681083+00:00,2026-09-07T17:44:03+00:00,2026-09-07T17:44:03+00:00,bcycle_lametro_4313,9,2,,1,1,1
2026-09-07T17:44:01.681083+00:00,2026-09-07T17:44:03+00:00,2026-09-07T17:44:03+00:00,bcycle_lametro_4314,3,12,,1,1,1
2026-09-07T17:44:01.681083+00:00,2026-09-07T17:44:03+00:00,2026-09-07T17:44:03+00:00,bcycle_lametro_4315,2,4,,1,1,1
2026-09-07T17:44:01.681083+00:00,2026-09-07T17:44:03+00:00,2026-09-07T17:44:03+00:00,bcycle_lametro_4387,8,8,,1,1,1
2026-09-07T17:44:01.681083+00:00,2026-09-07T17:44:03+00:00,2026-09-07T17:44:03+00:00,bcycle_lametro_4390,4,8,,1,1,1
2026-09-07T17:44:01.681083+00:00,2026-09-07T17:44:03+00:00,2026-09-07T17:44:03+00:00,bcycle_lametro_4401,6,4,,1,1,1
2026-09-07T17:44:01.681083+00:00,2026-09-07T17:44:03+00:00,2026-09-07T17:44:03+00:00,bcycle_lametro_4404,10,5,,1,1,1
2026-09-07T17:44:01.681083+00:00,2026-09-07T17:44:03+00:00,2026-09-07T17:44:03+00:00,bcycle_lametro_4405,7,6,,1,1,1
2026-09-07T17:44:01.681083+00:00,2026-09-07T17:44:03+00:00,2026-09-07T17:44:03+00:00,bcycle_lametro_4406,5,8,,1,1,1
2026-09-07T17:44:01.681083+00:00,2026-09-07T17:44:03+00:00,2026-09-07T17:44:03+00:00,bcycle_lametro_4410,6,6,,1,1,1
2026-09-07T17:44:01.681083+00:00,2026-09-07T17:44:03+00:00,2026-09-07T17:44:03+00:00,bcycle_lametro_4436,3,6,,1,1,1
2026-09-07T17:44:01.681083+00:00,2026-09-07T17:44:03+00:00,2026-09-07T17:44:03+00:00,bcycle_lametro_4437,4,9,,1,1,1
2026-09-07T17:44:01.681083+00:00,2026-09-07T17:44:03+00:00,2026-09-07T17:44:03+00:00,bcycle_lametro_4440,6,8,,1,1,1
2026-09-07T17:44:01.681083+00:00,2026-09-07T17:44:03+00:00,2026-09-07T17:44:03+00:00,bcycle_lametro_4441,1,6,,1,1,1
2026-09-07T17:44:01.681083+00:00,2026-09-07T17:44:03+00:00,2026-09-07T17:44:03+00:00,bcycle_lametro_4442,6,6,,1,1,1
2026-09-07T17:44:01.681083+00:00,2026-09-07T17:44:03+00:00,2026-09-07T17:44:03+00:00,bcycle_lametro_4443,8,0,,1,1,1
2026-09-07T17:44:01.681083+00:00,2026-09-07T17:44:03+00:00,2026-09-07T17:44:03+00:00,bcycle_lametro_4444,4,5,,1,1,1
2026-09-07T17:44:01.681083+00:00,2026-09-07T17:44:03+00:00,2026-09-07T17:44:03+00:00,bcycle_lametro_4445,8,7,,1,1,1
2026-09-07T17:44:01.681083+00:00,2026-09-07T17:44:03+00:00,2026-09-07T17:44:03+00:00,bcycle_lametro_4446,2,6,,1,1,1
2026-09-07T17:44:01.681083+00:00,2026-09-07T17:44:03+00:00,2026-09-07T17:44:03+00:00,bcycle_lametro_4447,8,4,,1,1,1
2026-09-07T17:44:01.681083+00:00,2026-09-07T17:44:03+00:00,2026-09-07T17:44:03+00:00,bcycle_lametro_4448,6,12,,1,1,1
2026-09-07T17:44:01.681083+00:00,2026-09-07T17:44:03+00:00,2026-09-07T17:44:03+00:00,bcycle_lametro_4449,5,8,,1,1,1
2026-09-07T17:44:01.681083+00:00,2026-09-07T17:44:03+00:00,2026-09-07T17:44:03+00:00,bcycle_lametro_4450,4,10,,1,1,1
2026-09-07T17:44:01.681083+00:00,2026-09-07T17:44:03+00:00,2026-09-07T17:44:03+00:00,bcycle_lametro_4451,6,3,,1,1,1
2026-09-07T17:44:01.681083+00:00,2026-09-07T17:44:03+00:00,2026-09-07T17:44:03+00:00,bcycle_lametro_4452,4,6,,1,1,1
2026-09-07T17:44:01.681083+00:00,2026-09-07T17:44:03+00:00,2026-09-07T17:44:03+00:00,bcycle_lametro_4453,2,8,,1,1,1
2026-09-07T17:44:01.681083+00:00,2026-09-07T17:44:03+00:00,2026-09-07T17:44:03+00:00,bcycle_lametro_4454,5,9,,1,1,1
2026-09-07T17:44:01.681083+00:00,2026-09-07T17:44:03+00:00,2026-09-07T17:44:03+00:00,bcycle_lametro_4455,6,9,,1,1,1
2026-09-07T17:44:01.681083+00:00,2026-09-07T17:44:03+00:00,2026-09-07T17:44:03+00:00,bcycle_lametro_4456,6,9,,1,1,1
2026-09-07T17:44:01.681083+00:00,2026-09-07T17:44:03+00:00,2026-09-07T17:44:03+00:00,bcycle_lametro_4457,6,2,,1,1,1
2026-09-07T17:44:01.681083+00:00,2026-09-07T17:44:03+00:00,2026-09-07T17:44:03+00:00,bcycle_lametro_4472,13,1,,1,1,1
2026-09-07T17:44:01.681083+00:00,2026-09-07T17:44:03+00:00,2026-09-07T17:44:03+00:00,bcycle_lametro_4473,2,6,,1,1,1
2026-09-07T17:44:01.681083+00:00,2026-09-07T17:44:03+00:00,2026-09-07T17:44:03+00:00,bcycle_lametro_4474,4,6,,1,1,1
2026-09-07T17:44:01.681083+00:00,2026-09-07T17:44:03+00:00,2026-09-07T17:44:03+00:00,bcycle_lametro_4475,7,4,,1,1,1
2026-09-07T17:44:01.681083+00:00,2026-09-07T17:44:03+00:00,2026-09-07T17:44:03+00:00,bcycle_lametro_4476,6,8,,1,1,1
2026-09-07T17:44:01.681083+00:00,2026-09-07T17:44:03+00:00,2026-09-07T17:44:03+00:00,bcycle_lametro_4477,2,11,,1,1,1
2026-09-07T17:44:01.681083+00:00,2026-09-07T17:44:03+00:00,2026-09-07T17:44:03+00:00,bcycle_lametro_4479,7,5,,1,1,1
2026-09-07T17:44:01.681083+00:00,2026-09-07T17:44:03+00:00,2026-09-07T17:44:03+00:00,bcycle_lametro_4483,2,10,,1,1,1
2026-09-07T17:44:01.681083+00:00,2026-09-07T17:44:03+00:00,2026-09-07T17:44:03+00:00,bcycle_lametro_4487,6,10,,1,1,1
2026-09-07T17:44:01.681083+00:00,2026-09-07T17:44:03+00:00,2026-09-07T17:44:03+00:00,bcycle_lametro_4490,4,10,,1,1,1
2026-09-07T17:44:01.681083+00:00,2026-09-07T17:44:03+00:00,2026-09-07T17:44:03+00:00,bcycle_lametro_4491,7,6,,1,1,1
2026-09-07T17:44:01.681083+00:00,2026-09-07T17:44:03+00:00,2026-09-07T17:44:03+00:00,bcycle_lametro_4492,14,5,,1,1,1
2026-09-07T17:44:01.681083+00:00,2026-09-07T17:44:03+00:00,2026-09-07T17:44:03+00:00,bcycle_lametro_4493,9,7,,1,1,1
2026-09-07T17:44:01.681083+00:00,2026-09-07T17:44:03+00:00,2026-09-07T17:44:03+00:00,bcycle_lametro_4494,5,4,,1,1,1
2026-09-07T17:44:01.681083+00:00,2026-09-07T17:44:03+00:00,2026-09-07T17:44:03+00:00,bcycle_lametro_4509,5,5,,1,1,1
2026-09-07T17:44:01.681083+00:00,2026-09-07T17:44:03+00:00,2026-09-07T17:44:03+00:00,bcycle_lametro_4510,4,6,,1,1,1
2026-09-07T17:44:01.681083+00:00,2026-09-07T17:44:03+00:00,2026-09-07T17:44:03+00:00,bcycle_lametro_4511,10,8,,1,1,1
2026-09-07T17:44:01.681083+00:00,2026-09-07T17:44:03+00:00,2026-09-07T17:44:03+00:00,bcycle_lametro_4512,6,10,,1,1,1
2026-09-07T17:44:01.681083+00:00,2026-09-07T17:44:03+00:00,2026-09-07T17:44:03+00:00,bcycle_lametro_4514,12,9,,1,1,1
2026-09-07T17:44:01.681083+00:00,2026-09-07T17:44:03+00:00,2026-09-07T17:44:03+00:00,bcycle_lametro_4515,4,5,,1,1,1
2026-09-07T17:44:01.681083+00:00,2026-09-07T17:44:03+00:00,2026-09-07T17:44:03+00:00,bcycle_lametro_4517,4,7,,1,1,1
2026-09-07T17:44:01.681083+00:00,2026-09-07T17:44:03+00:00,2026-09-07T17:44:03+00:00,bcycle_lametro_4521,8,4,,1,1,1
2026-09-07T17:44:01.681083+00:00,2026-09-07T17:44:03+00:00,2026-09-07T17:44:03+00:00,bcycle_lametro_4523,8,7,,1,1,1
2026-09-07T17:44:01.681083+00:00,2026-09-07T17:44:03+00:00,2026-09-07T17:44:03+00:00,bcycle_lametro_4524,3,11,,1,1,1
2026-09-07T17:44:01.681083+00:00,2026-09-07T17:44:03+00:00,2026-09-07T17:44:03+00:00,bcycle_lametro_4525,9,2,,1,1,1
2026-09-07T17:44:01.681083+00:00,2026-09-07T17:44:03+00:00,2026-09-07T17:44:03+00:00,bcycle_lametro_4526,4,17,,1,1,1
2026-09-07T17:44:01.681083+00:00,2026-09-07T17:44:03+00:00,2026-09-07T17:44:03+00:00,bcycle_lametro_4527,3,11,,1,1,1
2026-09-07T17:44:01.681083+00:00,2026-09-07T17:44:03+00:00,2026-09-07T17:44:03+00:00,bcycle_lametro_4528,11,3,,1,1,1
2026-09-07T17:44:01.681083+00:00,2026-09-07T17:44:03+00:00,2026-09-07T17:44:03+00:00,bcycle_lametro_4529,2,11,,1,1,1
2026-09-07T17:44:01.681083+00:00,2026-09-07T17:44:03+00:00,2026-09-07T17:44:03+00:00,bcycle_lametro_4534,5,10,,1,1,1
2026-09-07T17:44:01.681083+00:00,2026-09-07T17:44:03+00:00,2026-09-07T17:44:03+00:00,bcycle_lametro_4536,4,6,,1,1,1
2026-09-07T17:44:01.681083+00:00,2026-09-07T17:44:03+00:00,2026-09-07T17:44:03+00:00,bcycle_lametro_4537,4,11,,1,1,1
2026-09-07T17:44:01.681083+00:00,2026-09-07T17:44:03+00:00,2026-09-07T17:44:03+00:00,bcycle_lametro_4538,3,4,,1,1,1
2026-09-07T17:44:01.681083+00:00,2026-09-07T17:44:03+00:00,2026-09-07T17:44:03+00:00,bcycle_lametro_4540,7,7,,1,1,1
2026-09-07T17:44:01.681083+00:00,2026-09-07T17:44:03+00:00,2026-09-07T17:44:03+00:00,bcycle_lametro_4543,4,4,,1,1,1
2026-09-07T17:44:01.681083+00:00,2026-09-07T17:44:03+00:00,2026-09-07T17:44:03+00:00,bcycle_lametro_4544,2,12,,1,1,1
2026-09-07T17:44:01.681083+00:00,2026-09-07T17:44:03+00:00,2026-09-07T17:44:03+00:00,bcycle_lametro_4545,2,6,,1,1,1
2026-09-07T17:44:01.681083+00:00,2026-09-07T17:44:03+00:00,2026-09-07T17:44:03+00:00,bcycle_lametro_4546,12,7,,1,1,1
2026-09-07T17:44:01.681083+00:00,2026-09-07T17:44:03+00:00,2026-09-07T17:44:03+00:00,bcycle_lametro_4547,6,4,,1,1,1
2026-09-07T17:44:01.681083+00:00,2026-09-07T17:44:03+00:00,2026-09-07T17:44:03+00:00,bcycle_lametro_4548,6,6,,1,1,1
2026-09-07T17:44:01.681083+00:00,2026-09-07T17:44:03+00:00,2026-09-07T17:44:03+00:00,bcycle_lametro_4549,10,6,,1,1,1
2026-09-07T17:44:01.681083+00:00,2026-09-07T17:44:03+00:00,2026-09-07T17:44:03+00:00,bcycle_lametro_4552,6,6,,1,1,1
2026-09-07T17:44:01.681083+00:00,2026-09-07T17:44:03+00:00,2026-09-07T17:44:03+00:00,bcycle_lametro_4553,7,2,,1,1,1
2026-09-07T17:44:01.681083+00:00,2026-09-07T17:44:03+00:00,2026-09-07T17:44:03+00:00,bcycle_lametro_4554,5,6,,1,1,1
2026-09-07T17:44:01.681083+00:00,2026-09-07T17:44:03+00:00,2026-09-07T17:44:03+00:00,bcycle_lametro_4555,4,4,,1,1,1
2026-09-07T17:44:01.681083+00:00,2026-09-07T17:44:03+00:00,2026-09-07T17:44:03+00:00,bcycle_lametro_4556,3,10,,1,1,1
2026-09-07T17:44:01.681083+00:00,2026-09-07T17:44:03+00:00,2026-09-07T17:44:03+00:00,bcycle_lametro_4557,8,3,,1,1,1
2026-09-07T17:44:01.681083+00:00,2026-09-07T17:44:03+00:00,2026-09-07T17:44:03+00:00,bcycle_lametro_4558,6,11,,1,1,1
2026-09-07T17:44:01.681083+00:00,2026-09-07T17:44:03+00:00,2026-09-07T17:44:03+00:00,bcycle_lametro_4561,6,3,,1,1,1
2026-09-07T17:44:01.681083+00:00,2026-09-07T17:44:03+00:00,2026-09-07T17:44:03+00:00,bcycle_lametro_4562,10,4,,1,1,1
2026-09-07T17:44:01.681083+00:00,2026-09-07T17:44:03+00:00,2026-09-07T17:44:03+00:00,bcycle_lametro_4563,6,3,,1,1,1
2026-09-07T17:44:01.681083+00:00,2026-09-07T17:44:03+00:00,2026-09-07T17:44:03+00:00,bcycle_lametro_4564,5,10,,1,1,1
2026-09-07T17:44:01.681083+00:00,2026-09-07T17:44:03+00:00,2026-09-07T17:44:03+00:00,bcycle_lametro_4565,5,7,,1,1,1
2026-09-07T17:44:01.681083+00:00,2026-09-07T17:44:03+00:00,2026-09-07T17:44:03+00:00,bcycle_lametro_4566,6,9,,1,1,1
2026-09-07T17:44:01.681083+00:00,2026-09-07T17:44:03+00:00,2026-09-07T17:44:03+00:00,bcycle_lametro_4567,8,3,,1,1,1
2026-09-07T17:44:01.681083+00:00,2026-09-07T17:44:03+00:00,2026-09-07T17:44:03+00:00,bcycle_lametro_4568,5,9,,1,1,1
2026-09-07T17:44:01.681083+00:00,2026-09-07T17:44:03+00:00,2026-09-07T17:44:03+00:00,bcycle_lametro_4569,2,7,,1,1,1
2026-09-07T17:44:01.681083+00:00,2026-09-07T17:44:03+00:00,2026-09-07T17:44:03+00:00,bcycle_lametro_4570,12,3,,1,1,1
2026-09-07T17:44:01.681083+00:00,2026-09-07T17:44:03+00:00,2026-09-07T17:44:03+00:00,bcycle_lametro_4571,4,3,,1,1,1
2026-09-07T17:44:01.681083+00:00,2026-09-07T17:44:03+00:00,2026-09-07T17:44:03+00:00,bcycle_lametro_4575,5,6,,1,1,1
2026-09-07T17:44:01.681083+00:00,2026-09-07T17:44:03+00:00,2026-09-07T17:44:03+00:00,bcycle_lametro_4576,5,6,,1,1,1
2026-09-07T17:44:01.681083+00:00,2026-09-07T17:44:03+00:00,2026-09-07T17:44:03+00:00,bcycle_lametro_4578,4,3,,1,1,1
2026-09-07T17:44:01.681083+00:00,2026-09-07T17:44:03+00:00,2026-09-07T17:44:03+00:00,bcycle_lametro_4579,9,3,,0,0,1
2026-09-07T17:44:01.681083+00:00,2026-09-07T17:44:03+00:00,2026-09-07T17:44:03+00:00,bcycle_lametro_4580,3,5,,1,1,1
2026-09-07T17:44:01.681083+00:00,2026-09-07T17:44:03+00:00,2026-09-07T17:44:03+00:00,bcycle_lametro_4581,10,7,,1,1,1
2026-09-07T17:44:01.681083+00:00,2026-09-07T17:44:03+00:00,2026-09-07T17:44:03+00:00,bcycle_lametro_4583,7,11,,1,1,1
2026-09-07T17:44:01.681083+00:00,2026-09-07T17:44:03+00:00,2026-09-07T17:44:03+00:00,bcycle_lametro_4584,10,4,,1,1,1
2026-09-07T17:44:01.681083+00:00,2026-09-07T17:44:03+00:00,2026-09-07T17:44:03+00:00,bcycle_lametro_4587,5,6,,1,1,1
2026-09-07T17:44:01.681083+00:00,2026-09-07T17:44:03+00:00,2026-09-07T17:44:03+00:00,bcycle_lametro_4596,9,6,,1,1,1
2026-09-07T17:44:01.681083+00:00,2026-09-07T17:44:03+00:00,2026-09-07T17:44:03+00:00,bcycle_lametro_4597,2,9,,1,1,1
2026-09-07T17:44:01.681083+00:00,2026-09-07T17:44:03+00:00,2026-09-07T17:44:03+00:00,bcycle_lametro_4598,5,4,,1,1,1
2026-09-07T17:44:01.681083+00:00,2026-09-07T17:44:03+00:00,2026-09-07T17:44:03+00:00,bcycle_lametro_4599,5,7,,1,1,1
2026-09-07T17:44:01.681083+00:00,2026-09-07T17:44:03+00:00,2026-09-07T17:44:03+00:00,bcycle_lametro_4600,4,6,,1,1,1
2026-09-07T17:44:01.681083+00:00,2026-09-07T17:44:03+00:00,2026-09-07T17:44:03+00:00,bcycle_lametro_4601,5,6,,1,1,1
2026-09-07T17:44:01.681083+00:00,2026-09-07T17:44:03+00:00,2026-09-07T17:44:03+00:00,bcycle_lametro_4603,6,12,,1,1,1
2026-09-07T17:44:01.681083+00:00,2026-09-07T17:44:03+00:00,2026-09-07T17:44:03+00:00,bcycle_lametro_4604,8,4,,1,1,1
2026-09-07T17:44:01.681083+00:00,2026-09-07T17:44:03+00:00,2026-09-07T17:44:03+00:00,bcycle_lametro_4605,5,8,,1,1,1
2026-09-07T17:44:01.681083+00:00,2026-09-07T17:44:03+00:00,2026-09-07T17:44:03+00:00,bcycle_lametro_4606,8,12,,1,1,1
2026-09-07T17:44:01.681083+00:00,2026-09-07T17:44:03+00:00,2026-09-07T17:44:03+00:00,bcycle_lametro_4613,6,13,,1,1,1
2026-09-07T17:44:01.681083+00:00,2026-09-07T17:44:03+00:00,2026-09-07T17:44:03+00:00,bcycle_lametro_4614,6,14,,1,1,1
2026-09-07T17:44:01.681083+00:00,2026-09-07T17:44:03+00:00,2026-09-07T17:44:03+00:00,bcycle_lametro_4627,5,12,,1,1,1
2026-09-07T17:44:01.681083+00:00,2026-09-07T17:44:03+00:00,2026-09-07T17:44:03+00:00,bcycle_lametro_4628,8,5,,1,1,1
2026-09-07T17:44:01.681083+00:00,2026-09-07T17:44:03+00:00,2026-09-07T17:44:03+00:00,bcycle_lametro_4632,5,9,,1,1,1
2026-09-07T17:44:01.681083+00:00,2026-09-07T17:44:03+00:00,2026-09-07T17:44:03+00:00,bcycle_lametro_4643,10,10,,1,1,1
2026-09-07T17:44:01.681083+00:00,2026-09-07T17:44:03+00:00,2026-09-07T17:44:03+00:00,bcycle_lametro_4644,5,7,,1,1,1
2026-09-07T17:44:01.681083+00:00,2026-09-07T17:44:03+00:00,2026-09-07T17:44:03+00:00,bcycle_lametro_4645,10,2,,1,1,1
2026-09-07T17:44:01.681083+00:00,2026-09-07T17:44:03+00:00,2026-09-07T17:44:03+00:00,bcycle_lametro_4652,7,4,,1,1,1
2026-09-07T17:44:01.681083+00:00,2026-09-07T17:44:03+00:00,2026-09-07T17:44:03+00:00,bcycle_lametro_4660,5,12,,1,1,1
2026-09-07T17:44:01.681083+00:00,2026-09-07T17:44:03+00:00,2026-09-07T17:44:03+00:00,bcycle_lametro_4664,7,13,,1,1,1
2026-09-07T17:44:01.681083+00:00,2026-09-07T17:44:03+00:00,2026-09-07T17:44:03+00:00,bcycle_lametro_4672,7,7,,1,1,1
2026-09-07T17:44:01.681083+00:00,2026-09-07T17:44:03+00:00,2026-09-07T17:44:03+00:00,bcycle_lametro_4680,4,14,,1,1,1
2026-09-07T17:44:01.681083+00:00,2026-09-07T17:44:03+00:00,2026-09-07T17:44:03+00:00,bcycle_lametro_4689,6,9,,1,1,1
2026-09-07T17:44:01.681083+00:00,2026-09-07T17:44:03+00:00,2026-09-07T17:44:03+00:00,bcycle_lametro_4690,5,9,,1,1,1
2026-09-07T17:44:01.681083+00:00,2026-09-07T17:44:03+00:00,2026-09-07T17:44:03+00:00,bcycle_lametro_4696,4,10,,1,1,1
2026-09-07T17:44:01.681083+00:00,2026-09-07T17:44:03+00:00,2026-09-07T17:44:03+00:00,bcycle_lametro_4697,3,12,,1,1,1
2026-09-07T17:44:01.681083+00:00,2026-09-07T17:44:03+00:00,2026-09-07T17:44:03+00:00,bcycle_lametro_4698,7,6,,1,1,1
2026-09-07T17:44:01.681083+00:00,2026-09-07T17:44:03+00:00,2026-09-07T17:44:03+00:00,bcycle_lametro_4699,3,11,,1,1,1
2026-09-07T17:44:01.681083+00:00,2026-09-07T17:44:03+00:00,2026-09-07T17:44:03+00:00,bcycle_lametro_4700,10,7,,1,1,1
2026-09-07T17:44:01.681083+00:00,2026-09-07T17:44:03+00:00,2026-09-07T17:44:03+00:00,bcycle_lametro_4707,6,7,,1,1,1
2026-09-07T17:44:01.681083+00:00,2026-09-07T17:44:03+00:00,2026-09-07T17:44:03+00:00,bcycle_lametro_4729,3,10,,1,1,1
2026-09-07T17:44:01.681083+00:00,2026-09-07T17:44:03+00:00,2026-09-07T17:44:03+00:00,bcycle_lametro_4730,9,4,,1,1,1
2026-09-07T17:44:01.681083+00:00,2026-09-07T17:44:03+00:00,2026-09-07T17:44:03+00:00,bcycle_lametro_4732,8,13,,1,1,1
2026-09-07T17:44:01.681083+00:00,2026-09-07T17:44:03+00:00,2026-09-07T17:44:03+00:00,bcycle_lametro_4733,5,18,,1,1,1
2026-09-07T17:44:01.681083+00:00,2026-09-07T17:44:03+00:00,2026-09-07T17:44:03+00:00,bcycle_lametro_4734,6,9,,1,1,1
2026-09-07T17:44:01.681083+00:00,2026-09-07T17:44:03+00:00,2026-09-07T17:44:03+00:00,bcycle_lametro_4735,5,7,,1,1,1
2026-09-07T17:44:01.681083+00:00,2026-09-07T17:44:03+00:00,2026-09-07T17:44:03+00:00,bcycle_lametro_4736,11,4,,1,1,1
2026-09-07T17:44:01.681083+00:00,2026-09-07T17:44:03+00:00,2026-09-07T17:44:03+00:00,bcycle_lametro_4740,10,12,,1,1,1
2026-09-07T17:44:01.681083+00:00,2026-09-07T17:44:03+00:00,2026-09-07T17:44:03+00:00,bcycle_lametro_4745,3,8,,1,1,1
2026-09-07T20:48:16.463116+00:00,2026-09-07T20:48:18+00:00,2026-09-07T20:48:18+00:00,bcycle_lametro_3005,15,15,,1,1,1
2026-09-07T20:48:16.463116+00:00,2026-09-07T20:48:18+00:00,2026-09-07T20:48:18+00:00,bcycle_lametro_3006,10,19,,1,1,1
2026-09-07T20:48:16.463116+00:00,2026-09-07T20:48:18+00:00,2026-09-07T20:48:18+00:00,bcycle_lametro_3007,4,13,,1,1,1
2026-09-07T20:48:16.463116+00:00,2026-09-07T20:48:18+00:00,2026-09-07T20:48:18+00:00,bcycle_lametro_3008,5,7,,1,1,1
2026-09-07T20:48:16.463116+00:00,2026-09-07T20:48:18+00:00,2026-09-07T20:48:18+00:00,bcycle_lametro_3010,6,8,,1,1,1
2026-09-07T20:48:16.463116+00:00,2026-09-07T20:48:18+00:00,2026-09-07T20:48:18+00:00,bcycle_lametro_3011,6,10,,1,1,1
2026-09-07T20:48:16.463116+00:00,2026-09-07T20:48:18+00:00,2026-09-07T20:48:18+00:00,bcycle_lametro_3014,13,15,,1,1,1
2026-09-07T20:48:16.463116+00:00,2026-09-07T20:48:18+00:00,2026-09-07T20:48:18+00:00,bcycle_lametro_3016,6,9,,1,1,1
2026-09-07T20:48:16.463116+00:00,2026-09-07T20:48:18+00:00,2026-09-07T20:48:18+00:00,bcycle_lametro_3018,13,5,,1,1,1
2026-09-07T20:48:16.463116+00:00,2026-09-07T20:48:18+00:00,2026-09-07T20:48:18+00:00,bcycle_lametro_3019,7,12,,1,1,1
2026-09-07T20:48:16.463116+00:00,2026-09-07T20:48:18+00:00,2026-09-07T20:48:18+00:00,bcycle_lametro_3020,7,8,,1,1,1
2026-09-07T20:48:16.463116+00:00,2026-09-07T20:48:18+00:00,2026-09-07T20:48:18+00:00,bcycle_lametro_3022,15,5,,1,1,1
2026-09-07T20:48:16.463116+00:00,2026-09-07T20:48:18+00:00,2026-09-07T20:48:18+00:00,bcycle_lametro_3024,7,8,,1,1,1
2026-09-07T20:48:16.463116+00:00,2026-09-07T20:48:18+00:00,2026-09-07T20:48:18+00:00,bcycle_lametro_3025,4,10,,1,1,1
2026-09-07T20:48:16.463116+00:00,2026-09-07T20:48:18+00:00,2026-09-07T20:48:18+00:00,bcycle_lametro_3026,3,12,,1,1,1
2026-09-07T20:48:16.463116+00:00,2026-09-07T20:48:18+00:00,2026-09-07T20:48:18+00:00,bcycle_lametro_3027,6,9,,1,1,1
2026-09-07T20:48:16.463116+00:00,2026-09-07T20:48:18+00:00,2026-09-07T20:48:18+00:00,bcycle_lametro_3030,11,18,,1,1,1
2026-09-07T20:48:16.463116+00:00,2026-09-07T20:48:18+00:00,2026-09-07T20:48:18+00:00,bcycle_lametro_3032,16,10,,1,1,1
2026-09-07T20:48:16.463116+00:00,2026-09-07T20:48:18+00:00,2026-09-07T20:48:18+00:00,bcycle_lametro_3033,7,5,,1,1,1
2026-09-07T20:48:16.463116+00:00,2026-09-07T20:48:18+00:00,2026-09-07T20:48:18+00:00,bcycle_lametro_3034,12,10,,1,1,1
2026-09-07T20:48:16.463116+00:00,2026-09-07T20:48:18+00:00,2026-09-07T20:48:18+00:00,bcycle_lametro_3035,10,13,,1,1,1
2026-09-07T20:48:16.463116+00:00,2026-09-07T20:48:18+00:00,2026-09-07T20:48:18+00:00,bcycle_lametro_3036,8,7,,1,1,1
2026-09-07T20:48:16.463116+00:00,2026-09-07T20:48:18+00:00,2026-09-07T20:48:18+00:00,bcycle_lametro_3037,6,12,,1,1,1
2026-09-07T20:48:16.463116+00:00,2026-09-07T20:48:18+00:00,2026-09-07T20:48:18+00:00,bcycle_lametro_3040,2,1,,1,1,1
2026-09-07T20:48:16.463116+00:00,2026-09-07T20:48:18+00:00,2026-09-07T20:48:18+00:00,bcycle_lametro_3042,10,18,,1,1,1
2026-09-07T20:48:16.463116+00:00,2026-09-07T20:48:18+00:00,2026-09-07T20:48:18+00:00,bcycle_lametro_3045,6,4,,1,1,1
2026-09-07T20:48:16.463116+00:00,2026-09-07T20:48:18+00:00,2026-09-07T20:48:18+00:00,bcycle_lametro_3046,9,8,,1,1,1
2026-09-07T20:48:16.463116+00:00,2026-09-07T20:48:18+00:00,2026-09-07T20:48:18+00:00,bcycle_lametro_3047,15,17,,1,1,1
2026-09-07T20:48:16.463116+00:00,2026-09-07T20:48:18+00:00,2026-09-07T20:48:18+00:00,bcycle_lametro_3048,11,4,,1,1,1
2026-09-07T20:48:16.463116+00:00,2026-09-07T20:48:18+00:00,2026-09-07T20:48:18+00:00,bcycle_lametro_3052,6,9,,1,1,1
2026-09-07T20:48:16.463116+00:00,2026-09-07T20:48:18+00:00,2026-09-07T20:48:18+00:00,bcycle_lametro_3054,5,10,,1,1,1
2026-09-07T20:48:16.463116+00:00,2026-09-07T20:48:18+00:00,2026-09-07T20:48:18+00:00,bcycle_lametro_3056,4,8,,1,1,1
2026-09-07T20:48:16.463116+00:00,2026-09-07T20:48:18+00:00,2026-09-07T20:48:18+00:00,bcycle_lametro_3058,8,7,,1,1,1
2026-09-07T20:48:16.463116+00:00,2026-09-07T20:48:18+00:00,2026-09-07T20:48:18+00:00,bcycle_lametro_3062,4,8,,1,1,1
2026-09-07T20:48:16.463116+00:00,2026-09-07T20:48:18+00:00,2026-09-07T20:48:18+00:00,bcycle_lametro_3063,0,22,,0,0,1
2026-09-07T20:48:16.463116+00:00,2026-09-07T20:48:18+00:00,2026-09-07T20:48:18+00:00,bcycle_lametro_3064,11,6,,1,1,1
2026-09-07T20:48:16.463116+00:00,2026-09-07T20:48:18+00:00,2026-09-07T20:48:18+00:00,bcycle_lametro_3065,6,9,,1,1,1
2026-09-07T20:48:16.463116+00:00,2026-09-07T20:48:18+00:00,2026-09-07T20:48:18+00:00,bcycle_lametro_3066,9,6,,1,1,1
2026-09-07T20:48:16.463116+00:00,2026-09-07T20:48:18+00:00,2026-09-07T20:48:18+00:00,bcycle_lametro_3068,8,6,,1,1,1
2026-09-07T20:48:16.463116+00:00,2026-09-07T20:48:18+00:00,2026-09-07T20:48:18+00:00,bcycle_lametro_3069,6,11,,1,1,1
2026-09-07T20:48:16.463116+00:00,2026-09-07T20:48:18+00:00,2026-09-07T20:48:18+00:00,bcycle_lametro_3074,12,10,,1,1,1
2026-09-07T20:48:16.463116+00:00,2026-09-07T20:48:18+00:00,2026-09-07T20:48:18+00:00,bcycle_lametro_3075,10,4,,1,1,1
2026-09-07T20:48:16.463116+00:00,2026-09-07T20:48:18+00:00,2026-09-07T20:48:18+00:00,bcycle_lametro_3076,4,7,,1,1,1
2026-09-07T20:48:16.463116+00:00,2026-09-07T20:48:18+00:00,2026-09-07T20:48:18+00:00,bcycle_lametro_3077,7,6,,1,1,1
2026-09-07T20:48:16.463116+00:00,2026-09-07T20:48:18+00:00,2026-09-07T20:48:18+00:00,bcycle_lametro_3078,8,7,,1,1,1
2026-09-07T20:48:16.463116+00:00,2026-09-07T20:48:18+00:00,2026-09-07T20:48:18+00:00,bcycle_lametro_3079,10,4,,1,1,1
2026-09-07T20:48:16.463116+00:00,2026-09-07T20:48:18+00:00,2026-09-07T20:48:18+00:00,bcycle_lametro_3081,6,6,,1,1,1
2026-09-07T20:48:16.463116+00:00,2026-09-07T20:48:18+00:00,2026-09-07T20:48:18+00:00,bcycle_lametro_3082,7,19,,1,1,1
2026-09-07T20:48:16.463116+00:00,2026-09-07T20:48:18+00:00,2026-09-07T20:48:18+00:00,bcycle_lametro_4202,4,16,,1,1,1
2026-09-07T20:48:16.463116+00:00,2026-09-07T20:48:18+00:00,2026-09-07T20:48:18+00:00,bcycle_lametro_4204,5,11,,1,1,1
2026-09-07T20:48:16.463116+00:00,2026-09-07T20:48:18+00:00,2026-09-07T20:48:18+00:00,bcycle_lametro_4205,5,11,,1,1,1
2026-09-07T20:48:16.463116+00:00,2026-09-07T20:48:18+00:00,2026-09-07T20:48:18+00:00,bcycle_lametro_4206,13,10,,1,1,1
2026-09-07T20:48:16.463116+00:00,2026-09-07T20:48:18+00:00,2026-09-07T20:48:18+00:00,bcycle_lametro_4207,10,8,,1,1,1
2026-09-07T20:48:16.463116+00:00,2026-09-07T20:48:18+00:00,2026-09-07T20:48:18+00:00,bcycle_lametro_4208,3,14,,1,1,1
2026-09-07T20:48:16.463116+00:00,2026-09-07T20:48:18+00:00,2026-09-07T20:48:18+00:00,bcycle_lametro_4209,8,15,,1,1,1
2026-09-07T20:48:16.463116+00:00,2026-09-07T20:48:18+00:00,2026-09-07T20:48:18+00:00,bcycle_lametro_4210,4,11,,1,1,1
2026-09-07T20:48:16.463116+00:00,2026-09-07T20:48:18+00:00,2026-09-07T20:48:18+00:00,bcycle_lametro_4211,0,14,,1,1,1
2026-09-07T20:48:16.463116+00:00,2026-09-07T20:48:18+00:00,2026-09-07T20:48:18+00:00,bcycle_lametro_4212,3,18,,1,1,1
2026-09-07T20:48:16.463116+00:00,2026-09-07T20:48:18+00:00,2026-09-07T20:48:18+00:00,bcycle_lametro_4213,5,10,,1,1,1
2026-09-07T20:48:16.463116+00:00,2026-09-07T20:48:18+00:00,2026-09-07T20:48:18+00:00,bcycle_lametro_4214,14,12,,1,1,1
2026-09-07T20:48:16.463116+00:00,2026-09-07T20:48:18+00:00,2026-09-07T20:48:18+00:00,bcycle_lametro_4215,17,21,,1,1,1
2026-09-07T20:48:16.463116+00:00,2026-09-07T20:48:18+00:00,2026-09-07T20:48:18+00:00,bcycle_lametro_4216,10,9,,1,1,1
2026-09-07T20:48:16.463116+00:00,2026-09-07T20:48:18+00:00,2026-09-07T20:48:18+00:00,bcycle_lametro_4217,6,5,,1,1,1
2026-09-07T20:48:16.463116+00:00,2026-09-07T20:48:18+00:00,2026-09-07T20:48:18+00:00,bcycle_lametro_4220,5,10,,1,1,1
2026-09-07T20:48:16.463116+00:00,2026-09-07T20:48:18+00:00,2026-09-07T20:48:18+00:00,bcycle_lametro_4227,5,11,,1,1,1
2026-09-07T20:48:16.463116+00:00,2026-09-07T20:48:18+00:00,2026-09-07T20:48:18+00:00,bcycle_lametro_4245,8,6,,1,1,1
2026-09-07T20:48:16.463116+00:00,2026-09-07T20:48:18+00:00,2026-09-07T20:48:18+00:00,bcycle_lametro_4246,5,9,,1,1,1
2026-09-07T20:48:16.463116+00:00,2026-09-07T20:48:18+00:00,2026-09-07T20:48:18+00:00,bcycle_lametro_4247,4,4,,1,1,1
2026-09-07T20:48:16.463116+00:00,2026-09-07T20:48:18+00:00,2026-09-07T20:48:18+00:00,bcycle_lametro_4248,8,11,,1,1,1
2026-09-07T20:48:16.463116+00:00,2026-09-07T20:48:18+00:00,2026-09-07T20:48:18+00:00,bcycle_lametro_4249,8,7,,1,1,1
2026-09-07T20:48:16.463116+00:00,2026-09-07T20:48:18+00:00,2026-09-07T20:48:18+00:00,bcycle_lametro_4250,9,6,,1,1,1
2026-09-07T20:48:16.463116+00:00,2026-09-07T20:48:18+00:00,2026-09-07T20:48:18+00:00,bcycle_lametro_4254,5,10,,1,1,1
2026-09-07T20:48:16.463116+00:00,2026-09-07T20:48:18+00:00,2026-09-07T20:48:18+00:00,bcycle_lametro_4255,1,9,,1,1,1
2026-09-07T20:48:16.463116+00:00,2026-09-07T20:48:18+00:00,2026-09-07T20:48:18+00:00,bcycle_lametro_4266,6,9,,1,1,1
2026-09-07T20:48:16.463116+00:00,2026-09-07T20:48:18+00:00,2026-09-07T20:48:18+00:00,bcycle_lametro_4267,5,3,,1,1,1
2026-09-07T20:48:16.463116+00:00,2026-09-07T20:48:18+00:00,2026-09-07T20:48:18+00:00,bcycle_lametro_4273,5,9,,1,1,1
2026-09-07T20:48:16.463116+00:00,2026-09-07T20:48:18+00:00,2026-09-07T20:48:18+00:00,bcycle_lametro_4275,4,11,,1,1,1
2026-09-07T20:48:16.463116+00:00,2026-09-07T20:48:18+00:00,2026-09-07T20:48:18+00:00,bcycle_lametro_4293,5,5,,1,1,1
2026-09-07T20:48:16.463116+00:00,2026-09-07T20:48:18+00:00,2026-09-07T20:48:18+00:00,bcycle_lametro_4300,6,7,,1,1,1
2026-09-07T20:48:16.463116+00:00,2026-09-07T20:48:18+00:00,2026-09-07T20:48:18+00:00,bcycle_lametro_4301,4,6,,1,1,1
2026-09-07T20:48:16.463116+00:00,2026-09-07T20:48:18+00:00,2026-09-07T20:48:18+00:00,bcycle_lametro_4303,5,5,,1,1,1
2026-09-07T20:48:16.463116+00:00,2026-09-07T20:48:18+00:00,2026-09-07T20:48:18+00:00,bcycle_lametro_4304,5,6,,1,1,1
2026-09-07T20:48:16.463116+00:00,2026-09-07T20:48:18+00:00,2026-09-07T20:48:18+00:00,bcycle_lametro_4306,4,9,,1,1,1
2026-09-07T20:48:16.463116+00:00,2026-09-07T20:48:18+00:00,2026-09-07T20:48:18+00:00,bcycle_lametro_4311,9,4,,1,1,1
2026-09-07T20:48:16.463116+00:00,2026-09-07T20:48:18+00:00,2026-09-07T20:48:18+00:00,bcycle_lametro_4312,6,7,,1,1,1
2026-09-07T20:48:16.463116+00:00,2026-09-07T20:48:18+00:00,2026-09-07T20:48:18+00:00,bcycle_lametro_4313,9,2,,1,1,1
2026-09-07T20:48:16.463116+00:00,2026-09-07T20:48:18+00:00,2026-09-07T20:48:18+00:00,bcycle_lametro_4314,3,12,,1,1,1
2026-09-07T20:48:16.463116+00:00,2026-09-07T20:48:18+00:00,2026-09-07T20:48:18+00:00,bcycle_lametro_4315,1,5,,1,1,1
2026-09-07T20:48:16.463116+00:00,2026-09-07T20:48:18+00:00,2026-09-07T20:48:18+00:00,bcycle_lametro_4387,8,8,,1,1,1
2026-09-07T20:48:16.463116+00:00,2026-09-07T20:48:18+00:00,2026-09-07T20:48:18+00:00,bcycle_lametro_4390,3,9,,1,1,1
2026-09-07T20:48:16.463116+00:00,2026-09-07T20:48:18+00:00,2026-09-07T20:48:18+00:00,bcycle_lametro_4401,6,4,,1,1,1
2026-09-07T20:48:16.463116+00:00,2026-09-07T20:48:18+00:00,2026-09-07T20:48:18+00:00,bcycle_lametro_4404,10,5,,1,1,1
2026-09-07T20:48:16.463116+00:00,2026-09-07T20:48:18+00:00,2026-09-07T20:48:18+00:00,bcycle_lametro_4405,7,6,,0,0,1
2026-09-07T20:48:16.463116+00:00,2026-09-07T20:48:18+00:00,2026-09-07T20:48:18+00:00,bcycle_lametro_4406,5,8,,1,1,1
2026-09-07T20:48:16.463116+00:00,2026-09-07T20:48:18+00:00,2026-09-07T20:48:18+00:00,bcycle_lametro_4410,6,6,,1,1,1
2026-09-07T20:48:16.463116+00:00,2026-09-07T20:48:18+00:00,2026-09-07T20:48:18+00:00,bcycle_lametro_4436,3,6,,1,1,1
2026-09-07T20:48:16.463116+00:00,2026-09-07T20:48:18+00:00,2026-09-07T20:48:18+00:00,bcycle_lametro_4437,4,9,,1,1,1
2026-09-07T20:48:16.463116+00:00,2026-09-07T20:48:18+00:00,2026-09-07T20:48:18+00:00,bcycle_lametro_4440,6,8,,1,1,1
2026-09-07T20:48:16.463116+00:00,2026-09-07T20:48:18+00:00,2026-09-07T20:48:18+00:00,bcycle_lametro_4441,1,6,,1,1,1
2026-09-07T20:48:16.463116+00:00,2026-09-07T20:48:18+00:00,2026-09-07T20:48:18+00:00,bcycle_lametro_4442,5,7,,1,1,1
2026-09-07T20:48:16.463116+00:00,2026-09-07T20:48:18+00:00,2026-09-07T20:48:18+00:00,bcycle_lametro_4443,4,3,,1,1,1
2026-09-07T20:48:16.463116+00:00,2026-09-07T20:48:18+00:00,2026-09-07T20:48:18+00:00,bcycle_lametro_4444,4,5,,1,1,1
2026-09-07T20:48:16.463116+00:00,2026-09-07T20:48:18+00:00,2026-09-07T20:48:18+00:00,bcycle_lametro_4445,9,6,,1,1,1
2026-09-07T20:48:16.463116+00:00,2026-09-07T20:48:18+00:00,2026-09-07T20:48:18+00:00,bcycle_lametro_4446,2,6,,1,1,1
2026-09-07T20:48:16.463116+00:00,2026-09-07T20:48:18+00:00,2026-09-07T20:48:18+00:00,bcycle_lametro_4447,7,5,,1,1,1
2026-09-07T20:48:16.463116+00:00,2026-09-07T20:48:18+00:00,2026-09-07T20:48:18+00:00,bcycle_lametro_4448,5,13,,1,1,1
2026-09-07T20:48:16.463116+00:00,2026-09-07T20:48:18+00:00,2026-09-07T20:48:18+00:00,bcycle_lametro_4449,6,7,,1,1,1
2026-09-07T20:48:16.463116+00:00,2026-09-07T20:48:18+00:00,2026-09-07T20:48:18+00:00,bcycle_lametro_4450,4,10,,1,1,1
2026-09-07T20:48:16.463116+00:00,2026-09-07T20:48:18+00:00,2026-09-07T20:48:18+00:00,bcycle_lametro_4451,6,3,,1,1,1
2026-09-07T20:48:16.463116+00:00,2026-09-07T20:48:18+00:00,2026-09-07T20:48:18+00:00,bcycle_lametro_4452,4,6,,1,1,1
2026-09-07T20:48:16.463116+00:00,2026-09-07T20:48:18+00:00,2026-09-07T20:48:18+00:00,bcycle_lametro_4453,2,8,,1,1,1
2026-09-07T20:48:16.463116+00:00,2026-09-07T20:48:18+00:00,2026-09-07T20:48:18+00:00,bcycle_lametro_4454,5,9,,1,1,1
2026-09-07T20:48:16.463116+00:00,2026-09-07T20:48:18+00:00,2026-09-07T20:48:18+00:00,bcycle_lametro_4455,6,9,,1,1,1
2026-09-07T20:48:16.463116+00:00,2026-09-07T20:48:18+00:00,2026-09-07T20:48:18+00:00,bcycle_lametro_4456,7,8,,1,1,1
2026-09-07T20:48:16.463116+00:00,2026-09-07T20:48:18+00:00,2026-09-07T20:48:18+00:00,bcycle_lametro_4457,6,2,,1,1,1
2026-09-07T20:48:16.463116+00:00,2026-09-07T20:48:18+00:00,2026-09-07T20:48:18+00:00,bcycle_lametro_4472,5,9,,1,1,1
2026-09-07T20:48:16.463116+00:00,2026-09-07T20:48:18+00:00,2026-09-07T20:48:18+00:00,bcycle_lametro_4473,3,5,,1,1,1
2026-09-07T20:48:16.463116+00:00,2026-09-07T20:48:18+00:00,2026-09-07T20:48:18+00:00,bcycle_lametro_4474,6,4,,1,1,1
2026-09-07T20:48:16.463116+00:00,2026-09-07T20:48:18+00:00,2026-09-07T20:48:18+00:00,bcycle_lametro_4475,8,3,,1,1,1
2026-09-07T20:48:16.463116+00:00,2026-09-07T20:48:18+00:00,2026-09-07T20:48:18+00:00,bcycle_lametro_4476,6,8,,1,1,1
2026-09-07T20:48:16.463116+00:00,2026-09-07T20:48:18+00:00,2026-09-07T20:48:18+00:00,bcycle_lametro_4477,2,11,,1,1,1
2026-09-07T20:48:16.463116+00:00,2026-09-07T20:48:18+00:00,2026-09-07T20:48:18+00:00,bcycle_lametro_4479,8,4,,1,1,1
2026-09-07T20:48:16.463116+00:00,2026-09-07T20:48:18+00:00,2026-09-07T20:48:18+00:00,bcycle_lametro_4483,6,6,,1,1,1
2026-09-07T20:48:16.463116+00:00,2026-09-07T20:48:18+00:00,2026-09-07T20:48:18+00:00,bcycle_lametro_4487,5,11,,1,1,1
2026-09-07T20:48:16.463116+00:00,2026-09-07T20:48:18+00:00,2026-09-07T20:48:18+00:00,bcycle_lametro_4490,4,10,,1,1,1
2026-09-07T20:48:16.463116+00:00,2026-09-07T20:48:18+00:00,2026-09-07T20:48:18+00:00,bcycle_lametro_4491,6,7,,1,1,1
2026-09-07T20:48:16.463116+00:00,2026-09-07T20:48:18+00:00,2026-09-07T20:48:18+00:00,bcycle_lametro_4492,14,5,,1,1,1
2026-09-07T20:48:16.463116+00:00,2026-09-07T20:48:18+00:00,2026-09-07T20:48:18+00:00,bcycle_lametro_4493,10,6,,1,1,1
2026-09-07T20:48:16.463116+00:00,2026-09-07T20:48:18+00:00,2026-09-07T20:48:18+00:00,bcycle_lametro_4494,5,4,,1,1,1
2026-09-07T20:48:16.463116+00:00,2026-09-07T20:48:18+00:00,2026-09-07T20:48:18+00:00,bcycle_lametro_4509,5,5,,1,1,1
2026-09-07T20:48:16.463116+00:00,2026-09-07T20:48:18+00:00,2026-09-07T20:48:18+00:00,bcycle_lametro_4510,4,6,,1,1,1
2026-09-07T20:48:16.463116+00:00,2026-09-07T20:48:18+00:00,2026-09-07T20:48:18+00:00,bcycle_lametro_4511,10,8,,1,1,1
2026-09-07T20:48:16.463116+00:00,2026-09-07T20:48:18+00:00,2026-09-07T20:48:18+00:00,bcycle_lametro_4512,6,10,,1,1,1
2026-09-07T20:48:16.463116+00:00,2026-09-07T20:48:18+00:00,2026-09-07T20:48:18+00:00,bcycle_lametro_4514,12,9,,1,1,1
2026-09-07T20:48:16.463116+00:00,2026-09-07T20:48:18+00:00,2026-09-07T20:48:18+00:00,bcycle_lametro_4515,4,5,,1,1,1
2026-09-07T20:48:16.463116+00:00,2026-09-07T20:48:18+00:00,2026-09-07T20:48:18+00:00,bcycle_lametro_4517,3,8,,1,1,1
2026-09-07T20:48:16.463116+00:00,2026-09-07T20:48:18+00:00,2026-09-07T20:48:18+00:00,bcycle_lametro_4521,8,4,,1,1,1
2026-09-07T20:48:16.463116+00:00,2026-09-07T20:48:18+00:00,2026-09-07T20:48:18+00:00,bcycle_lametro_4523,8,7,,1,1,1
2026-09-07T20:48:16.463116+00:00,2026-09-07T20:48:18+00:00,2026-09-07T20:48:18+00:00,bcycle_lametro_4524,3,11,,1,1,1
2026-09-07T20:48:16.463116+00:00,2026-09-07T20:48:18+00:00,2026-09-07T20:48:18+00:00,bcycle_lametro_4525,6,5,,1,1,1
2026-09-07T20:48:16.463116+00:00,2026-09-07T20:48:18+00:00,2026-09-07T20:48:18+00:00,bcycle_lametro_4526,4,17,,1,1,1
2026-09-07T20:48:16.463116+00:00,2026-09-07T20:48:18+00:00,2026-09-07T20:48:18+00:00,bcycle_lametro_4527,3,11,,1,1,1
2026-09-07T20:48:16.463116+00:00,2026-09-07T20:48:18+00:00,2026-09-07T20:48:18+00:00,bcycle_lametro_4528,9,5,,1,1,1
2026-09-07T20:48:16.463116+00:00,2026-09-07T20:48:18+00:00,2026-09-07T20:48:18+00:00,bcycle_lametro_4529,1,12,,1,1,1
2026-09-07T20:48:16.463116+00:00,2026-09-07T20:48:18+00:00,2026-09-07T20:48:18+00:00,bcycle_lametro_4534,4,11,,1,1,1
2026-09-07T20:48:16.463116+00:00,2026-09-07T20:48:18+00:00,2026-09-07T20:48:18+00:00,bcycle_lametro_4536,2,8,,1,1,1
2026-09-07T20:48:16.463116+00:00,2026-09-07T20:48:18+00:00,2026-09-07T20:48:18+00:00,bcycle_lametro_4537,4,11,,1,1,1
2026-09-07T20:48:16.463116+00:00,2026-09-07T20:48:18+00:00,2026-09-07T20:48:18+00:00,bcycle_lametro_4538,2,5,,1,1,1
2026-09-07T20:48:16.463116+00:00,2026-09-07T20:48:18+00:00,2026-09-07T20:48:18+00:00,bcycle_lametro_4540,7,7,,1,1,1
2026-09-07T20:48:16.463116+00:00,2026-09-07T20:48:18+00:00,2026-09-07T20:48:18+00:00,bcycle_lametro_4543,1,7,,1,1,1
2026-09-07T20:48:16.463116+00:00,2026-09-07T20:48:18+00:00,2026-09-07T20:48:18+00:00,bcycle_lametro_4544,6,8,,1,1,1
2026-09-07T20:48:16.463116+00:00,2026-09-07T20:48:18+00:00,2026-09-07T20:48:18+00:00,bcycle_lametro_4545,0,8,,1,1,1
2026-09-07T20:48:16.463116+00:00,2026-09-07T20:48:18+00:00,2026-09-07T20:48:18+00:00,bcycle_lametro_4546,10,9,,1,1,1
2026-09-07T20:48:16.463116+00:00,2026-09-07T20:48:18+00:00,2026-09-07T20:48:18+00:00,bcycle_lametro_4547,5,5,,1,1,1
2026-09-07T20:48:16.463116+00:00,2026-09-07T20:48:18+00:00,2026-09-07T20:48:18+00:00,bcycle_lametro_4548,7,5,,1,1,1
2026-09-07T20:48:16.463116+00:00,2026-09-07T20:48:18+00:00,2026-09-07T20:48:18+00:00,bcycle_lametro_4549,10,6,,1,1,1
2026-09-07T20:48:16.463116+00:00,2026-09-07T20:48:18+00:00,2026-09-07T20:48:18+00:00,bcycle_lametro_4552,6,6,,1,1,1
2026-09-07T20:48:16.463116+00:00,2026-09-07T20:48:18+00:00,2026-09-07T20:48:18+00:00,bcycle_lametro_4553,7,2,,1,1,1
2026-09-07T20:48:16.463116+00:00,2026-09-07T20:48:18+00:00,2026-09-07T20:48:18+00:00,bcycle_lametro_4554,4,7,,1,1,1
2026-09-07T20:48:16.463116+00:00,2026-09-07T20:48:18+00:00,2026-09-07T20:48:18+00:00,bcycle_lametro_4555,4,4,,1,1,1
2026-09-07T20:48:16.463116+00:00,2026-09-07T20:48:18+00:00,2026-09-07T20:48:18+00:00,bcycle_lametro_4556,2,11,,1,1,1
2026-09-07T20:48:16.463116+00:00,2026-09-07T20:48:18+00:00,2026-09-07T20:48:18+00:00,bcycle_lametro_4557,5,6,,1,1,1
2026-09-07T20:48:16.463116+00:00,2026-09-07T20:48:18+00:00,2026-09-07T20:48:18+00:00,bcycle_lametro_4558,6,11,,1,1,1
2026-09-07T20:48:16.463116+00:00,2026-09-07T20:48:18+00:00,2026-09-07T20:48:18+00:00,bcycle_lametro_4561,6,3,,1,1,1
2026-09-07T20:48:16.463116+00:00,2026-09-07T20:48:18+00:00,2026-09-07T20:48:18+00:00,bcycle_lametro_4562,10,4,,1,1,1
2026-09-07T20:48:16.463116+00:00,2026-09-07T20:48:18+00:00,2026-09-07T20:48:18+00:00,bcycle_lametro_4563,8,1,,1,1,1
2026-09-07T20:48:16.463116+00:00,2026-09-07T20:48:18+00:00,2026-09-07T20:48:18+00:00,bcycle_lametro_4564,5,10,,1,1,1
2026-09-07T20:48:16.463116+00:00,2026-09-07T20:48:18+00:00,2026-09-07T20:48:18+00:00,bcycle_lametro_4565,5,7,,1,1,1
2026-09-07T20:48:16.463116+00:00,2026-09-07T20:48:18+00:00,2026-09-07T20:48:18+00:00,bcycle_lametro_4566,6,9,,1,1,1
2026-09-07T20:48:16.463116+00:00,2026-09-07T20:48:18+00:00,2026-09-07T20:48:18+00:00,bcycle_lametro_4567,8,3,,1,1,1
2026-09-07T20:48:16.463116+00:00,2026-09-07T20:48:18+00:00,2026-09-07T20:48:18+00:00,bcycle_lametro_4568,6,8,,1,1,1
2026-09-07T20:48:16.463116+00:00,2026-09-07T20:48:18+00:00,2026-09-07T20:48:18+00:00,bcycle_lametro_4569,5,4,,1,1,1
2026-09-07T20:48:16.463116+00:00,2026-09-07T20:48:18+00:00,2026-09-07T20:48:18+00:00,bcycle_lametro_4570,12,3,,1,1,1
2026-09-07T20:48:16.463116+00:00,2026-09-07T20:48:18+00:00,2026-09-07T20:48:18+00:00,bcycle_lametro_4571,4,3,,1,1,1
2026-09-07T20:48:16.463116+00:00,2026-09-07T20:48:18+00:00,2026-09-07T20:48:18+00:00,bcycle_lametro_4575,5,6,,1,1,1
2026-09-07T20:48:16.463116+00:00,2026-09-07T20:48:18+00:00,2026-09-07T20:48:18+00:00,bcycle_lametro_4576,5,6,,1,1,1
2026-09-07T20:48:16.463116+00:00,2026-09-07T20:48:18+00:00,2026-09-07T20:48:18+00:00,bcycle_lametro_4578,4,3,,1,1,1
2026-09-07T20:48:16.463116+00:00,2026-09-07T20:48:18+00:00,2026-09-07T20:48:18+00:00,bcycle_lametro_4579,10,2,,1,1,1
2026-09-07T20:48:16.463116+00:00,2026-09-07T20:48:18+00:00,2026-09-07T20:48:18+00:00,bcycle_lametro_4580,3,5,,1,1,1
2026-09-07T20:48:16.463116+00:00,2026-09-07T20:48:18+00:00,2026-09-07T20:48:18+00:00,bcycle_lametro_4581,10,7,,1,1,1
2026-09-07T20:48:16.463116+00:00,2026-09-07T20:48:18+00:00,2026-09-07T20:48:18+00:00,bcycle_lametro_4583,7,11,,1,1,1
2026-09-07T20:48:16.463116+00:00,2026-09-07T20:48:18+00:00,2026-09-07T20:48:18+00:00,bcycle_lametro_4584,10,4,,1,1,1
2026-09-07T20:48:16.463116+00:00,2026-09-07T20:48:18+00:00,2026-09-07T20:48:18+00:00,bcycle_lametro_4587,4,7,,1,1,1
2026-09-07T20:48:16.463116+00:00,2026-09-07T20:48:18+00:00,2026-09-07T20:48:18+00:00,bcycle_lametro_4596,9,6,,1,1,1
2026-09-07T20:48:16.463116+00:00,2026-09-07T20:48:18+00:00,2026-09-07T20:48:18+00:00,bcycle_lametro_4597,2,9,,1,1,1
2026-09-07T20:48:16.463116+00:00,2026-09-07T20:48:18+00:00,2026-09-07T20:48:18+00:00,bcycle_lametro_4598,5,4,,1,1,1
2026-09-07T20:48:16.463116+00:00,2026-09-07T20:48:18+00:00,2026-09-07T20:48:18+00:00,bcycle_lametro_4599,5,7,,1,1,1
2026-09-07T20:48:16.463116+00:00,2026-09-07T20:48:18+00:00,2026-09-07T20:48:18+00:00,bcycle_lametro_4600,4,6,,1,1,1
2026-09-07T20:48:16.463116+00:00,2026-09-07T20:48:18+00:00,2026-09-07T20:48:18+00:00,bcycle_lametro_4601,6,5,,1,1,1
2026-09-07T20:48:16.463116+00:00,2026-09-07T20:48:18+00:00,2026-09-07T20:48:18+00:00,bcycle_lametro_4603,6,12,,1,1,1
2026-09-07T20:48:16.463116+00:00,2026-09-07T20:48:18+00:00,2026-09-07T20:48:18+00:00,bcycle_lametro_4604,7,5,,1,1,1
2026-09-07T20:48:16.463116+00:00,2026-09-07T20:48:18+00:00,2026-09-07T20:48:18+00:00,bcycle_lametro_4605,6,7,,1,1,1
2026-09-07T20:48:16.463116+00:00,2026-09-07T20:48:18+00:00,2026-09-07T20:48:18+00:00,bcycle_lametro_4606,8,12,,1,1,1
2026-09-07T20:48:16.463116+00:00,2026-09-07T20:48:18+00:00,2026-09-07T20:48:18+00:00,bcycle_lametro_4613,7,12,,1,1,1
2026-09-07T20:48:16.463116+00:00,2026-09-07T20:48:18+00:00,2026-09-07T20:48:18+00:00,bcycle_lametro_4614,1,19,,1,1,1
2026-09-07T20:48:16.463116+00:00,2026-09-07T20:48:18+00:00,2026-09-07T20:48:18+00:00,bcycle_lametro_4627,5,12,,1,1,1
2026-09-07T20:48:16.463116+00:00,2026-09-07T20:48:18+00:00,2026-09-07T20:48:18+00:00,bcycle_lametro_4628,8,5,,1,1,1
2026-09-07T20:48:16.463116+00:00,2026-09-07T20:48:18+00:00,2026-09-07T20:48:18+00:00,bcycle_lametro_4632,2,12,,1,1,1
2026-09-07T20:48:16.463116+00:00,2026-09-07T20:48:18+00:00,2026-09-07T20:48:18+00:00,bcycle_lametro_4643,5,15,,1,1,1
2026-09-07T20:48:16.463116+00:00,2026-09-07T20:48:18+00:00,2026-09-07T20:48:18+00:00,bcycle_lametro_4644,6,6,,1,1,1
2026-09-07T20:48:16.463116+00:00,2026-09-07T20:48:18+00:00,2026-09-07T20:48:18+00:00,bcycle_lametro_4645,10,2,,1,1,1
2026-09-07T20:48:16.463116+00:00,2026-09-07T20:48:18+00:00,2026-09-07T20:48:18+00:00,bcycle_lametro_4652,3,8,,1,1,1
2026-09-07T20:48:16.463116+00:00,2026-09-07T20:48:18+00:00,2026-09-07T20:48:18+00:00,bcycle_lametro_4660,4,13,,1,1,1
2026-09-07T20:48:16.463116+00:00,2026-09-07T20:48:18+00:00,2026-09-07T20:48:18+00:00,bcycle_lametro_4664,7,13,,1,1,1
2026-09-07T20:48:16.463116+00:00,2026-09-07T20:48:18+00:00,2026-09-07T20:48:18+00:00,bcycle_lametro_4672,7,7,,1,1,1
2026-09-07T20:48:16.463116+00:00,2026-09-07T20:48:18+00:00,2026-09-07T20:48:18+00:00,bcycle_lametro_4680,4,14,,1,1,1
2026-09-07T20:48:16.463116+00:00,2026-09-07T20:48:18+00:00,2026-09-07T20:48:18+00:00,bcycle_lametro_4689,7,8,,1,1,1
2026-09-07T20:48:16.463116+00:00,2026-09-07T20:48:18+00:00,2026-09-07T20:48:18+00:00,bcycle_lametro_4690,5,9,,1,1,1
2026-09-07T20:48:16.463116+00:00,2026-09-07T20:48:18+00:00,2026-09-07T20:48:18+00:00,bcycle_lametro_4696,3,11,,1,1,1
2026-09-07T20:48:16.463116+00:00,2026-09-07T20:48:18+00:00,2026-09-07T20:48:18+00:00,bcycle_lametro_4697,4,11,,1,1,1
2026-09-07T20:48:16.463116+00:00,2026-09-07T20:48:18+00:00,2026-09-07T20:48:18+00:00,bcycle_lametro_4698,7,6,,1,1,1
2026-09-07T20:48:16.463116+00:00,2026-09-07T20:48:18+00:00,2026-09-07T20:48:18+00:00,bcycle_lametro_4699,3,11,,1,1,1
2026-09-07T20:48:16.463116+00:00,2026-09-07T20:48:18+00:00,2026-09-07T20:48:18+00:00,bcycle_lametro_4700,10,7,,1,1,1
2026-09-07T20:48:16.463116+00:00,2026-09-07T20:48:18+00:00,2026-09-07T20:48:18+00:00,bcycle_lametro_4707,5,8,,1,1,1
2026-09-07T20:48:16.463116+00:00,2026-09-07T20:48:18+00:00,2026-09-07T20:48:18+00:00,bcycle_lametro_4729,3,10,,1,1,1
2026-09-07T20:48:16.463116+00:00,2026-09-07T20:48:18+00:00,2026-09-07T20:48:18+00:00,bcycle_lametro_4730,10,3,,1,1,1
2026-09-07T20:48:16.463116+00:00,2026-09-07T20:48:18+00:00,2026-09-07T20:48:18+00:00,bcycle_lametro_4732,5,16,,1,1,1
2026-09-07T20:48:16.463116+00:00,2026-09-07T20:48:18+00:00,2026-09-07T20:48:18+00:00,bcycle_lametro_4733,7,16,,1,1,1
2026-09-07T20:48:16.463116+00:00,2026-09-07T20:48:18+00:00,2026-09-07T20:48:18+00:00,bcycle_lametro_4734,8,7,,1,1,1
2026-09-07T20:48:16.463116+00:00,2026-09-07T20:48:18+00:00,2026-09-07T20:48:18+00:00,bcycle_lametro_4735,5,7,,1,1,1
2026-09-07T20:48:16.463116+00:00,2026-09-07T20:48:18+00:00,2026-09-07T20:48:18+00:00,bcycle_lametro_4736,12,3,,1,1,1
2026-09-07T20:48:16.463116+00:00,2026-09-07T20:48:18+00:00,2026-09-07T20:48:18+00:00,bcycle_lametro_4740,16,6,,1,1,1
2026-09-07T20:48:16.463116+00:00,2026-09-07T20:48:18+00:00,2026-09-07T20:48:18+00:00,bcycle_lametro_4745,3,8,,1,1,1
2026-09-07T23:02:04.970635+00:00,2026-09-07T23:02:07+00:00,2026-09-07T23:02:07+00:00,bcycle_lametro_3005,11,19,,1,1,1
2026-09-07T23:02:04.970635+00:00,2026-09-07T23:02:07+00:00,2026-09-07T23:02:07+00:00,bcycle_lametro_3006,10,19,,1,1,1
2026-09-07T23:02:04.970635+00:00,2026-09-07T23:02:07+00:00,2026-09-07T23:02:07+00:00,bcycle_lametro_3007,5,12,,1,1,1
2026-09-07T23:02:04.970635+00:00,2026-09-07T23:02:07+00:00,2026-09-07T23:02:07+00:00,bcycle_lametro_3008,5,7,,1,1,1
2026-09-07T23:02:04.970635+00:00,2026-09-07T23:02:07+00:00,2026-09-07T23:02:07+00:00,bcycle_lametro_3010,6,8,,1,1,1
2026-09-07T23:02:04.970635+00:00,2026-09-07T23:02:07+00:00,2026-09-07T23:02:07+00:00,bcycle_lametro_3011,6,10,,1,1,1
2026-09-07T23:02:04.970635+00:00,2026-09-07T23:02:07+00:00,2026-09-07T23:02:07+00:00,bcycle_lametro_3014,13,15,,1,1,1
2026-09-07T23:02:04.970635+00:00,2026-09-07T23:02:07+00:00,2026-09-07T23:02:07+00:00,bcycle_lametro_3016,6,9,,1,1,1
2026-09-07T23:02:04.970635+00:00,2026-09-07T23:02:07+00:00,2026-09-07T23:02:07+00:00,bcycle_lametro_3018,13,5,,1,1,1
2026-09-07T23:02:04.970635+00:00,2026-09-07T23:02:07+00:00,2026-09-07T23:02:07+00:00,bcycle_lametro_3019,7,12,,1,1,1
2026-09-07T23:02:04.970635+00:00,2026-09-07T23:02:07+00:00,2026-09-07T23:02:07+00:00,bcycle_lametro_3020,7,8,,1,1,1
2026-09-07T23:02:04.970635+00:00,2026-09-07T23:02:07+00:00,2026-09-07T23:02:07+00:00,bcycle_lametro_3022,8,12,,1,1,1
2026-09-07T23:02:04.970635+00:00,2026-09-07T23:02:07+00:00,2026-09-07T23:02:07+00:00,bcycle_lametro_3024,9,6,,1,1,1
2026-09-07T23:02:04.970635+00:00,2026-09-07T23:02:07+00:00,2026-09-07T23:02:07+00:00,bcycle_lametro_3025,4,10,,1,1,1
2026-09-07T23:02:04.970635+00:00,2026-09-07T23:02:07+00:00,2026-09-07T23:02:07+00:00,bcycle_lametro_3026,3,12,,1,1,1
2026-09-07T23:02:04.970635+00:00,2026-09-07T23:02:07+00:00,2026-09-07T23:02:07+00:00,bcycle_lametro_3027,6,9,,1,1,1
2026-09-07T23:02:04.970635+00:00,2026-09-07T23:02:07+00:00,2026-09-07T23:02:07+00:00,bcycle_lametro_3030,11,18,,1,1,1
2026-09-07T23:02:04.970635+00:00,2026-09-07T23:02:07+00:00,2026-09-07T23:02:07+00:00,bcycle_lametro_3032,17,9,,1,1,1
2026-09-07T23:02:04.970635+00:00,2026-09-07T23:02:07+00:00,2026-09-07T23:02:07+00:00,bcycle_lametro_3033,7,5,,1,1,1
2026-09-07T23:02:04.970635+00:00,2026-09-07T23:02:07+00:00,2026-09-07T23:02:07+00:00,bcycle_lametro_3034,14,8,,1,1,1
2026-09-07T23:02:04.970635+00:00,2026-09-07T23:02:07+00:00,2026-09-07T23:02:07+00:00,bcycle_lametro_3035,10,13,,1,1,1
2026-09-07T23:02:04.970635+00:00,2026-09-07T23:02:07+00:00,2026-09-07T23:02:07+00:00,bcycle_lametro_3036,8,7,,1,1,1
2026-09-07T23:02:04.970635+00:00,2026-09-07T23:02:07+00:00,2026-09-07T23:02:07+00:00,bcycle_lametro_3037,6,12,,1,1,1
2026-09-07T23:02:04.970635+00:00,2026-09-07T23:02:07+00:00,2026-09-07T23:02:07+00:00,bcycle_lametro_3040,2,1,,1,1,1
2026-09-07T23:02:04.970635+00:00,2026-09-07T23:02:07+00:00,2026-09-07T23:02:07+00:00,bcycle_lametro_3042,8,20,,1,1,1
2026-09-07T23:02:04.970635+00:00,2026-09-07T23:02:07+00:00,2026-09-07T23:02:07+00:00,bcycle_lametro_3045,6,4,,1,1,1
2026-09-07T23:02:04.970635+00:00,2026-09-07T23:02:07+00:00,2026-09-07T23:02:07+00:00,bcycle_lametro_3046,9,8,,1,1,1
2026-09-07T23:02:04.970635+00:00,2026-09-07T23:02:07+00:00,2026-09-07T23:02:07+00:00,bcycle_lametro_3047,15,17,,1,1,1
2026-09-07T23:02:04.970635+00:00,2026-09-07T23:02:07+00:00,2026-09-07T23:02:07+00:00,bcycle_lametro_3048,11,4,,1,1,1
2026-09-07T23:02:04.970635+00:00,2026-09-07T23:02:07+00:00,2026-09-07T23:02:07+00:00,bcycle_lametro_3052,7,8,,1,1,1
2026-09-07T23:02:04.970635+00:00,2026-09-07T23:02:07+00:00,2026-09-07T23:02:07+00:00,bcycle_lametro_3054,5,10,,1,1,1
2026-09-07T23:02:04.970635+00:00,2026-09-07T23:02:07+00:00,2026-09-07T23:02:07+00:00,bcycle_lametro_3056,4,8,,1,1,1
2026-09-07T23:02:04.970635+00:00,2026-09-07T23:02:07+00:00,2026-09-07T23:02:07+00:00,bcycle_lametro_3058,8,7,,1,1,1
2026-09-07T23:02:04.970635+00:00,2026-09-07T23:02:07+00:00,2026-09-07T23:02:07+00:00,bcycle_lametro_3062,4,8,,1,1,1
2026-09-07T23:02:04.970635+00:00,2026-09-07T23:02:07+00:00,2026-09-07T23:02:07+00:00,bcycle_lametro_3063,0,22,,0,0,1
2026-09-07T23:02:04.970635+00:00,2026-09-07T23:02:07+00:00,2026-09-07T23:02:07+00:00,bcycle_lametro_3064,11,6,,1,1,1
2026-09-07T23:02:04.970635+00:00,2026-09-07T23:02:07+00:00,2026-09-07T23:02:07+00:00,bcycle_lametro_3065,6,9,,1,1,1
2026-09-07T23:02:04.970635+00:00,2026-09-07T23:02:07+00:00,2026-09-07T23:02:07+00:00,bcycle_lametro_3066,10,5,,1,1,1
2026-09-07T23:02:04.970635+00:00,2026-09-07T23:02:07+00:00,2026-09-07T23:02:07+00:00,bcycle_lametro_3068,8,6,,1,1,1
2026-09-07T23:02:04.970635+00:00,2026-09-07T23:02:07+00:00,2026-09-07T23:02:07+00:00,bcycle_lametro_3069,8,9,,1,1,1
2026-09-07T23:02:04.970635+00:00,2026-09-07T23:02:07+00:00,2026-09-07T23:02:07+00:00,bcycle_lametro_3074,13,9,,1,1,1
2026-09-07T23:02:04.970635+00:00,2026-09-07T23:02:07+00:00,2026-09-07T23:02:07+00:00,bcycle_lametro_3075,10,4,,1,1,1
2026-09-07T23:02:04.970635+00:00,2026-09-07T23:02:07+00:00,2026-09-07T23:02:07+00:00,bcycle_lametro_3076,4,7,,1,1,1
2026-09-07T23:02:04.970635+00:00,2026-09-07T23:02:07+00:00,2026-09-07T23:02:07+00:00,bcycle_lametro_3077,7,6,,1,1,1
2026-09-07T23:02:04.970635+00:00,2026-09-07T23:02:07+00:00,2026-09-07T23:02:07+00:00,bcycle_lametro_3078,8,7,,1,1,1
2026-09-07T23:02:04.970635+00:00,2026-09-07T23:02:07+00:00,2026-09-07T23:02:07+00:00,bcycle_lametro_3079,10,4,,1,1,1
2026-09-07T23:02:04.970635+00:00,2026-09-07T23:02:07+00:00,2026-09-07T23:02:07+00:00,bcycle_lametro_3081,6,6,,1,1,1
2026-09-07T23:02:04.970635+00:00,2026-09-07T23:02:07+00:00,2026-09-07T23:02:07+00:00,bcycle_lametro_3082,12,14,,1,1,1
2026-09-07T23:02:04.970635+00:00,2026-09-07T23:02:07+00:00,2026-09-07T23:02:07+00:00,bcycle_lametro_4202,5,15,,1,1,1
2026-09-07T23:02:04.970635+00:00,2026-09-07T23:02:07+00:00,2026-09-07T23:02:07+00:00,bcycle_lametro_4204,10,6,,1,1,1
2026-09-07T23:02:04.970635+00:00,2026-09-07T23:02:07+00:00,2026-09-07T23:02:07+00:00,bcycle_lametro_4205,5,11,,1,1,1
2026-09-07T23:02:04.970635+00:00,2026-09-07T23:02:07+00:00,2026-09-07T23:02:07+00:00,bcycle_lametro_4206,13,10,,1,1,1
2026-09-07T23:02:04.970635+00:00,2026-09-07T23:02:07+00:00,2026-09-07T23:02:07+00:00,bcycle_lametro_4207,9,9,,1,1,1
2026-09-07T23:02:04.970635+00:00,2026-09-07T23:02:07+00:00,2026-09-07T23:02:07+00:00,bcycle_lametro_4208,3,14,,1,1,1
2026-09-07T23:02:04.970635+00:00,2026-09-07T23:02:07+00:00,2026-09-07T23:02:07+00:00,bcycle_lametro_4209,4,19,,1,1,1
2026-09-07T23:02:04.970635+00:00,2026-09-07T23:02:07+00:00,2026-09-07T23:02:07+00:00,bcycle_lametro_4210,8,7,,1,1,1
2026-09-07T23:02:04.970635+00:00,2026-09-07T23:02:07+00:00,2026-09-07T23:02:07+00:00,bcycle_lametro_4211,4,10,,1,1,1
2026-09-07T23:02:04.970635+00:00,2026-09-07T23:02:07+00:00,2026-09-07T23:02:07+00:00,bcycle_lametro_4212,1,20,,1,1,1
2026-09-07T23:02:04.970635+00:00,2026-09-07T23:02:07+00:00,2026-09-07T23:02:07+00:00,bcycle_lametro_4213,5,10,,1,1,1
2026-09-07T23:02:04.970635+00:00,2026-09-07T23:02:07+00:00,2026-09-07T23:02:07+00:00,bcycle_lametro_4214,8,18,,1,1,1
2026-09-07T23:02:04.970635+00:00,2026-09-07T23:02:07+00:00,2026-09-07T23:02:07+00:00,bcycle_lametro_4215,20,20,,1,1,1
2026-09-07T23:02:04.970635+00:00,2026-09-07T23:02:07+00:00,2026-09-07T23:02:07+00:00,bcycle_lametro_4216,10,9,,1,1,1
2026-09-07T23:02:04.970635+00:00,2026-09-07T23:02:07+00:00,2026-09-07T23:02:07+00:00,bcycle_lametro_4217,7,4,,1,1,1
2026-09-07T23:02:04.970635+00:00,2026-09-07T23:02:07+00:00,2026-09-07T23:02:07+00:00,bcycle_lametro_4220,5,10,,1,1,1
2026-09-07T23:02:04.970635+00:00,2026-09-07T23:02:07+00:00,2026-09-07T23:02:07+00:00,bcycle_lametro_4227,4,12,,1,1,1
2026-09-07T23:02:04.970635+00:00,2026-09-07T23:02:07+00:00,2026-09-07T23:02:07+00:00,bcycle_lametro_4245,8,6,,1,1,1
2026-09-07T23:02:04.970635+00:00,2026-09-07T23:02:07+00:00,2026-09-07T23:02:07+00:00,bcycle_lametro_4246,5,9,,1,1,1
2026-09-07T23:02:04.970635+00:00,2026-09-07T23:02:07+00:00,2026-09-07T23:02:07+00:00,bcycle_lametro_4247,4,4,,1,1,1
2026-09-07T23:02:04.970635+00:00,2026-09-07T23:02:07+00:00,2026-09-07T23:02:07+00:00,bcycle_lametro_4248,8,11,,1,1,1
2026-09-07T23:02:04.970635+00:00,2026-09-07T23:02:07+00:00,2026-09-07T23:02:07+00:00,bcycle_lametro_4249,7,8,,1,1,1
2026-09-07T23:02:04.970635+00:00,2026-09-07T23:02:07+00:00,2026-09-07T23:02:07+00:00,bcycle_lametro_4250,9,6,,1,1,1
2026-09-07T23:02:04.970635+00:00,2026-09-07T23:02:07+00:00,2026-09-07T23:02:07+00:00,bcycle_lametro_4254,3,12,,1,1,1
2026-09-07T23:02:04.970635+00:00,2026-09-07T23:02:07+00:00,2026-09-07T23:02:07+00:00,bcycle_lametro_4255,2,8,,1,1,1
2026-09-07T23:02:04.970635+00:00,2026-09-07T23:02:07+00:00,2026-09-07T23:02:07+00:00,bcycle_lametro_4266,5,10,,1,1,1
2026-09-07T23:02:04.970635+00:00,2026-09-07T23:02:07+00:00,2026-09-07T23:02:07+00:00,bcycle_lametro_4267,5,3,,1,1,1
2026-09-07T23:02:04.970635+00:00,2026-09-07T23:02:07+00:00,2026-09-07T23:02:07+00:00,bcycle_lametro_4273,6,8,,1,1,1
2026-09-07T23:02:04.970635+00:00,2026-09-07T23:02:07+00:00,2026-09-07T23:02:07+00:00,bcycle_lametro_4275,4,11,,1,1,1
2026-09-07T23:02:04.970635+00:00,2026-09-07T23:02:07+00:00,2026-09-07T23:02:07+00:00,bcycle_lametro_4293,6,4,,1,1,1
2026-09-07T23:02:04.970635+00:00,2026-09-07T23:02:07+00:00,2026-09-07T23:02:07+00:00,bcycle_lametro_4300,6,7,,1,1,1
2026-09-07T23:02:04.970635+00:00,2026-09-07T23:02:07+00:00,2026-09-07T23:02:07+00:00,bcycle_lametro_4301,5,5,,1,1,1
2026-09-07T23:02:04.970635+00:00,2026-09-07T23:02:07+00:00,2026-09-07T23:02:07+00:00,bcycle_lametro_4303,6,4,,1,1,1
2026-09-07T23:02:04.970635+00:00,2026-09-07T23:02:07+00:00,2026-09-07T23:02:07+00:00,bcycle_lametro_4304,5,6,,1,1,1
2026-09-07T23:02:04.970635+00:00,2026-09-07T23:02:07+00:00,2026-09-07T23:02:07+00:00,bcycle_lametro_4306,4,9,,1,1,1
2026-09-07T23:02:04.970635+00:00,2026-09-07T23:02:07+00:00,2026-09-07T23:02:07+00:00,bcycle_lametro_4311,10,3,,1,1,1
2026-09-07T23:02:04.970635+00:00,2026-09-07T23:02:07+00:00,2026-09-07T23:02:07+00:00,bcycle_lametro_4312,6,7,,1,1,1
2026-09-07T23:02:04.970635+00:00,2026-09-07T23:02:07+00:00,2026-09-07T23:02:07+00:00,bcycle_lametro_4313,9,2,,1,1,1
2026-09-07T23:02:04.970635+00:00,2026-09-07T23:02:07+00:00,2026-09-07T23:02:07+00:00,bcycle_lametro_4314,3,12,,1,1,1
2026-09-07T23:02:04.970635+00:00,2026-09-07T23:02:07+00:00,2026-09-07T23:02:07+00:00,bcycle_lametro_4315,2,4,,1,1,1
2026-09-07T23:02:04.970635+00:00,2026-09-07T23:02:07+00:00,2026-09-07T23:02:07+00:00,bcycle_lametro_4387,9,7,,1,1,1
2026-09-07T23:02:04.970635+00:00,2026-09-07T23:02:07+00:00,2026-09-07T23:02:07+00:00,bcycle_lametro_4390,3,9,,1,1,1
2026-09-07T23:02:04.970635+00:00,2026-09-07T23:02:07+00:00,2026-09-07T23:02:07+00:00,bcycle_lametro_4401,6,4,,1,1,1
2026-09-07T23:02:04.970635+00:00,2026-09-07T23:02:07+00:00,2026-09-07T23:02:07+00:00,bcycle_lametro_4404,7,8,,1,1,1
2026-09-07T23:02:04.970635+00:00,2026-09-07T23:02:07+00:00,2026-09-07T23:02:07+00:00,bcycle_lametro_4405,7,6,,1,1,1
2026-09-07T23:02:04.970635+00:00,2026-09-07T23:02:07+00:00,2026-09-07T23:02:07+00:00,bcycle_lametro_4406,6,8,,1,1,1
2026-09-07T23:02:04.970635+00:00,2026-09-07T23:02:07+00:00,2026-09-07T23:02:07+00:00,bcycle_lametro_4410,6,6,,1,1,1
2026-09-07T23:02:04.970635+00:00,2026-09-07T23:02:07+00:00,2026-09-07T23:02:07+00:00,bcycle_lametro_4436,2,7,,1,1,1
2026-09-07T23:02:04.970635+00:00,2026-09-07T23:02:07+00:00,2026-09-07T23:02:07+00:00,bcycle_lametro_4437,4,9,,1,1,1
2026-09-07T23:02:04.970635+00:00,2026-09-07T23:02:07+00:00,2026-09-07T23:02:07+00:00,bcycle_lametro_4440,6,8,,1,1,1
2026-09-07T23:02:04.970635+00:00,2026-09-07T23:02:07+00:00,2026-09-07T23:02:07+00:00,bcycle_lametro_4441,1,6,,1,1,1
2026-09-07T23:02:04.970635+00:00,2026-09-07T23:02:07+00:00,2026-09-07T23:02:07+00:00,bcycle_lametro_4442,6,6,,1,1,1
2026-09-07T23:02:04.970635+00:00,2026-09-07T23:02:07+00:00,2026-09-07T23:02:07+00:00,bcycle_lametro_4443,3,5,,1,1,1
2026-09-07T23:02:04.970635+00:00,2026-09-07T23:02:07+00:00,2026-09-07T23:02:07+00:00,bcycle_lametro_4444,4,5,,1,1,1
2026-09-07T23:02:04.970635+00:00,2026-09-07T23:02:07+00:00,2026-09-07T23:02:07+00:00,bcycle_lametro_4445,9,6,,1,1,1
2026-09-07T23:02:04.970635+00:00,2026-09-07T23:02:07+00:00,2026-09-07T23:02:07+00:00,bcycle_lametro_4446,2,6,,1,1,1
2026-09-07T23:02:04.970635+00:00,2026-09-07T23:02:07+00:00,2026-09-07T23:02:07+00:00,bcycle_lametro_4447,7,5,,1,1,1
2026-09-07T23:02:04.970635+00:00,2026-09-07T23:02:07+00:00,2026-09-07T23:02:07+00:00,bcycle_lametro_4448,5,13,,1,1,1
2026-09-07T23:02:04.970635+00:00,2026-09-07T23:02:07+00:00,2026-09-07T23:02:07+00:00,bcycle_lametro_4449,4,9,,1,1,1
2026-09-07T23:02:04.970635+00:00,2026-09-07T23:02:07+00:00,2026-09-07T23:02:07+00:00,bcycle_lametro_4450,4,10,,1,1,1
2026-09-07T23:02:04.970635+00:00,2026-09-07T23:02:07+00:00,2026-09-07T23:02:07+00:00,bcycle_lametro_4451,6,3,,1,1,1
2026-09-07T23:02:04.970635+00:00,2026-09-07T23:02:07+00:00,2026-09-07T23:02:07+00:00,bcycle_lametro_4452,4,6,,1,1,1
2026-09-07T23:02:04.970635+00:00,2026-09-07T23:02:07+00:00,2026-09-07T23:02:07+00:00,bcycle_lametro_4453,2,8,,1,1,1
2026-09-07T23:02:04.970635+00:00,2026-09-07T23:02:07+00:00,2026-09-07T23:02:07+00:00,bcycle_lametro_4454,5,9,,1,1,1
2026-09-07T23:02:04.970635+00:00,2026-09-07T23:02:07+00:00,2026-09-07T23:02:07+00:00,bcycle_lametro_4455,6,9,,1,1,1
2026-09-07T23:02:04.970635+00:00,2026-09-07T23:02:07+00:00,2026-09-07T23:02:07+00:00,bcycle_lametro_4456,8,7,,1,1,1
2026-09-07T23:02:04.970635+00:00,2026-09-07T23:02:07+00:00,2026-09-07T23:02:07+00:00,bcycle_lametro_4457,6,2,,1,1,1
2026-09-07T23:02:04.970635+00:00,2026-09-07T23:02:07+00:00,2026-09-07T23:02:07+00:00,bcycle_lametro_4472,3,11,,1,1,1
2026-09-07T23:02:04.970635+00:00,2026-09-07T23:02:07+00:00,2026-09-07T23:02:07+00:00,bcycle_lametro_4473,3,5,,1,1,1
2026-09-07T23:02:04.970635+00:00,2026-09-07T23:02:07+00:00,2026-09-07T23:02:07+00:00,bcycle_lametro_4474,6,4,,1,1,1
2026-09-07T23:02:04.970635+00:00,2026-09-07T23:02:07+00:00,2026-09-07T23:02:07+00:00,bcycle_lametro_4475,8,3,,1,1,1
2026-09-07T23:02:04.970635+00:00,2026-09-07T23:02:07+00:00,2026-09-07T23:02:07+00:00,bcycle_lametro_4476,6,8,,1,1,1
2026-09-07T23:02:04.970635+00:00,2026-09-07T23:02:07+00:00,2026-09-07T23:02:07+00:00,bcycle_lametro_4477,2,11,,1,1,1
2026-09-07T23:02:04.970635+00:00,2026-09-07T23:02:07+00:00,2026-09-07T23:02:07+00:00,bcycle_lametro_4479,8,4,,1,1,1
2026-09-07T23:02:04.970635+00:00,2026-09-07T23:02:07+00:00,2026-09-07T23:02:07+00:00,bcycle_lametro_4483,6,6,,1,1,1
2026-09-07T23:02:04.970635+00:00,2026-09-07T23:02:07+00:00,2026-09-07T23:02:07+00:00,bcycle_lametro_4487,5,11,,1,1,1
2026-09-07T23:02:04.970635+00:00,2026-09-07T23:02:07+00:00,2026-09-07T23:02:07+00:00,bcycle_lametro_4490,4,10,,1,1,1
2026-09-07T23:02:04.970635+00:00,2026-09-07T23:02:07+00:00,2026-09-07T23:02:07+00:00,bcycle_lametro_4491,6,7,,1,1,1
2026-09-07T23:02:04.970635+00:00,2026-09-07T23:02:07+00:00,2026-09-07T23:02:07+00:00,bcycle_lametro_4492,14,5,,1,1,1
2026-09-07T23:02:04.970635+00:00,2026-09-07T23:02:07+00:00,2026-09-07T23:02:07+00:00,bcycle_lametro_4493,12,4,,1,1,1
2026-09-07T23:02:04.970635+00:00,2026-09-07T23:02:07+00:00,2026-09-07T23:02:07+00:00,bcycle_lametro_4494,6,3,,1,1,1
2026-09-07T23:02:04.970635+00:00,2026-09-07T23:02:07+00:00,2026-09-07T23:02:07+00:00,bcycle_lametro_4509,4,6,,1,1,1
2026-09-07T23:02:04.970635+00:00,2026-09-07T23:02:07+00:00,2026-09-07T23:02:07+00:00,bcycle_lametro_4510,4,6,,1,1,1
2026-09-07T23:02:04.970635+00:00,2026-09-07T23:02:07+00:00,2026-09-07T23:02:07+00:00,bcycle_lametro_4511,10,8,,1,1,1
2026-09-07T23:02:04.970635+00:00,2026-09-07T23:02:07+00:00,2026-09-07T23:02:07+00:00,bcycle_lametro_4512,6,10,,1,1,1
2026-09-07T23:02:04.970635+00:00,2026-09-07T23:02:07+00:00,2026-09-07T23:02:07+00:00,bcycle_lametro_4514,8,12,,1,1,1
2026-09-07T23:02:04.970635+00:00,2026-09-07T23:02:07+00:00,2026-09-07T23:02:07+00:00,bcycle_lametro_4515,4,5,,1,1,1
2026-09-07T23:02:04.970635+00:00,2026-09-07T23:02:07+00:00,2026-09-07T23:02:07+00:00,bcycle_lametro_4517,3,8,,1,1,1
2026-09-07T23:02:04.970635+00:00,2026-09-07T23:02:07+00:00,2026-09-07T23:02:07+00:00,bcycle_lametro_4521,8,4,,1,1,1
2026-09-07T23:02:04.970635+00:00,2026-09-07T23:02:07+00:00,2026-09-07T23:02:07+00:00,bcycle_lametro_4523,8,7,,1,1,1
2026-09-07T23:02:04.970635+00:00,2026-09-07T23:02:07+00:00,2026-09-07T23:02:07+00:00,bcycle_lametro_4524,3,11,,1,1,1
2026-09-07T23:02:04.970635+00:00,2026-09-07T23:02:07+00:00,2026-09-07T23:02:07+00:00,bcycle_lametro_4525,6,5,,1,1,1
2026-09-07T23:02:04.970635+00:00,2026-09-07T23:02:07+00:00,2026-09-07T23:02:07+00:00,bcycle_lametro_4526,4,17,,1,1,1
2026-09-07T23:02:04.970635+00:00,2026-09-07T23:02:07+00:00,2026-09-07T23:02:07+00:00,bcycle_lametro_4527,3,11,,1,1,1
2026-09-07T23:02:04.970635+00:00,2026-09-07T23:02:07+00:00,2026-09-07T23:02:07+00:00,bcycle_lametro_4528,12,2,,1,1,1
2026-09-07T23:02:04.970635+00:00,2026-09-07T23:02:07+00:00,2026-09-07T23:02:07+00:00,bcycle_lametro_4529,5,8,,1,1,1
2026-09-07T23:02:04.970635+00:00,2026-09-07T23:02:07+00:00,2026-09-07T23:02:07+00:00,bcycle_lametro_4534,2,13,,1,1,1
2026-09-07T23:02:04.970635+00:00,2026-09-07T23:02:07+00:00,2026-09-07T23:02:07+00:00,bcycle_lametro_4536,0,10,,1,1,1
2026-09-07T23:02:04.970635+00:00,2026-09-07T23:02:07+00:00,2026-09-07T23:02:07+00:00,bcycle_lametro_4537,4,11,,1,1,1
2026-09-07T23:02:04.970635+00:00,2026-09-07T23:02:07+00:00,2026-09-07T23:02:07+00:00,bcycle_lametro_4538,2,5,,1,1,1
2026-09-07T23:02:04.970635+00:00,2026-09-07T23:02:07+00:00,2026-09-07T23:02:07+00:00,bcycle_lametro_4540,7,7,,1,1,1
2026-09-07T23:02:04.970635+00:00,2026-09-07T23:02:07+00:00,2026-09-07T23:02:07+00:00,bcycle_lametro_4543,1,7,,1,1,1
2026-09-07T23:02:04.970635+00:00,2026-09-07T23:02:07+00:00,2026-09-07T23:02:07+00:00,bcycle_lametro_4544,1,13,,1,1,1
2026-09-07T23:02:04.970635+00:00,2026-09-07T23:02:07+00:00,2026-09-07T23:02:07+00:00,bcycle_lametro_4545,1,7,,1,1,1
2026-09-07T23:02:04.970635+00:00,2026-09-07T23:02:07+00:00,2026-09-07T23:02:07+00:00,bcycle_lametro_4546,9,9,,1,1,1
2026-09-07T23:02:04.970635+00:00,2026-09-07T23:02:07+00:00,2026-09-07T23:02:07+00:00,bcycle_lametro_4547,6,4,,1,1,1
2026-09-07T23:02:04.970635+00:00,2026-09-07T23:02:07+00:00,2026-09-07T23:02:07+00:00,bcycle_lametro_4548,7,5,,1,1,1
2026-09-07T23:02:04.970635+00:00,2026-09-07T23:02:07+00:00,2026-09-07T23:02:07+00:00,bcycle_lametro_4549,10,6,,1,1,1
2026-09-07T23:02:04.970635+00:00,2026-09-07T23:02:07+00:00,2026-09-07T23:02:07+00:00,bcycle_lametro_4552,6,6,,1,1,1
2026-09-07T23:02:04.970635+00:00,2026-09-07T23:02:07+00:00,2026-09-07T23:02:07+00:00,bcycle_lametro_4553,7,2,,1,1,1
2026-09-07T23:02:04.970635+00:00,2026-09-07T23:02:07+00:00,2026-09-07T23:02:07+00:00,bcycle_lametro_4554,4,7,,1,1,1
2026-09-07T23:02:04.970635+00:00,2026-09-07T23:02:07+00:00,2026-09-07T23:02:07+00:00,bcycle_lametro_4555,3,5,,1,1,1
2026-09-07T23:02:04.970635+00:00,2026-09-07T23:02:07+00:00,2026-09-07T23:02:07+00:00,bcycle_lametro_4556,4,9,,1,1,1
2026-09-07T23:02:04.970635+00:00,2026-09-07T23:02:07+00:00,2026-09-07T23:02:07+00:00,bcycle_lametro_4557,4,7,,1,1,1
2026-09-07T23:02:04.970635+00:00,2026-09-07T23:02:07+00:00,2026-09-07T23:02:07+00:00,bcycle_lametro_4558,4,13,,1,1,1
2026-09-07T23:02:04.970635+00:00,2026-09-07T23:02:07+00:00,2026-09-07T23:02:07+00:00,bcycle_lametro_4561,6,3,,1,1,1
2026-09-07T23:02:04.970635+00:00,2026-09-07T23:02:07+00:00,2026-09-07T23:02:07+00:00,bcycle_lametro_4562,10,4,,1,1,1
2026-09-07T23:02:04.970635+00:00,2026-09-07T23:02:07+00:00,2026-09-07T23:02:07+00:00,bcycle_lametro_4563,8,1,,1,1,1
2026-09-07T23:02:04.970635+00:00,2026-09-07T23:02:07+00:00,2026-09-07T23:02:07+00:00,bcycle_lametro_4564,6,9,,1,1,1
2026-09-07T23:02:04.970635+00:00,2026-09-07T23:02:07+00:00,2026-09-07T23:02:07+00:00,bcycle_lametro_4565,5,7,,1,1,1
2026-09-07T23:02:04.970635+00:00,2026-09-07T23:02:07+00:00,2026-09-07T23:02:07+00:00,bcycle_lametro_4566,6,9,,1,1,1
2026-09-07T23:02:04.970635+00:00,2026-09-07T23:02:07+00:00,2026-09-07T23:02:07+00:00,bcycle_lametro_4567,8,3,,1,1,1
2026-09-07T23:02:04.970635+00:00,2026-09-07T23:02:07+00:00,2026-09-07T23:02:07+00:00,bcycle_lametro_4568,7,7,,1,1,1
2026-09-07T23:02:04.970635+00:00,2026-09-07T23:02:07+00:00,2026-09-07T23:02:07+00:00,bcycle_lametro_4569,5,4,,1,1,1
2026-09-07T23:02:04.970635+00:00,2026-09-07T23:02:07+00:00,2026-09-07T23:02:07+00:00,bcycle_lametro_4570,9,6,,1,1,1
2026-09-07T23:02:04.970635+00:00,2026-09-07T23:02:07+00:00,2026-09-07T23:02:07+00:00,bcycle_lametro_4571,5,2,,1,1,1
2026-09-07T23:02:04.970635+00:00,2026-09-07T23:02:07+00:00,2026-09-07T23:02:07+00:00,bcycle_lametro_4575,5,6,,1,1,1
2026-09-07T23:02:04.970635+00:00,2026-09-07T23:02:07+00:00,2026-09-07T23:02:07+00:00,bcycle_lametro_4576,5,6,,1,1,1
2026-09-07T23:02:04.970635+00:00,2026-09-07T23:02:07+00:00,2026-09-07T23:02:07+00:00,bcycle_lametro_4578,4,3,,1,1,1
2026-09-07T23:02:04.970635+00:00,2026-09-07T23:02:07+00:00,2026-09-07T23:02:07+00:00,bcycle_lametro_4579,8,4,,1,1,1
2026-09-07T23:02:04.970635+00:00,2026-09-07T23:02:07+00:00,2026-09-07T23:02:07+00:00,bcycle_lametro_4580,3,5,,1,1,1
2026-09-07T23:02:04.970635+00:00,2026-09-07T23:02:07+00:00,2026-09-07T23:02:07+00:00,bcycle_lametro_4581,9,8,,1,1,1
2026-09-07T23:02:04.970635+00:00,2026-09-07T23:02:07+00:00,2026-09-07T23:02:07+00:00,bcycle_lametro_4583,7,11,,1,1,1
2026-09-07T23:02:04.970635+00:00,2026-09-07T23:02:07+00:00,2026-09-07T23:02:07+00:00,bcycle_lametro_4584,9,5,,1,1,1
2026-09-07T23:02:04.970635+00:00,2026-09-07T23:02:07+00:00,2026-09-07T23:02:07+00:00,bcycle_lametro_4587,4,7,,1,1,1
2026-09-07T23:02:04.970635+00:00,2026-09-07T23:02:07+00:00,2026-09-07T23:02:07+00:00,bcycle_lametro_4596,9,6,,1,1,1
2026-09-07T23:02:04.970635+00:00,2026-09-07T23:02:07+00:00,2026-09-07T23:02:07+00:00,bcycle_lametro_4597,2,9,,1,1,1
2026-09-07T23:02:04.970635+00:00,2026-09-07T23:02:07+00:00,2026-09-07T23:02:07+00:00,bcycle_lametro_4598,5,4,,1,1,1
2026-09-07T23:02:04.970635+00:00,2026-09-07T23:02:07+00:00,2026-09-07T23:02:07+00:00,bcycle_lametro_4599,5,7,,1,1,1
2026-09-07T23:02:04.970635+00:00,2026-09-07T23:02:07+00:00,2026-09-07T23:02:07+00:00,bcycle_lametro_4600,4,6,,1,1,1
2026-09-07T23:02:04.970635+00:00,2026-09-07T23:02:07+00:00,2026-09-07T23:02:07+00:00,bcycle_lametro_4601,6,5,,1,1,1
2026-09-07T23:02:04.970635+00:00,2026-09-07T23:02:07+00:00,2026-09-07T23:02:07+00:00,bcycle_lametro_4603,6,12,,1,1,1
2026-09-07T23:02:04.970635+00:00,2026-09-07T23:02:07+00:00,2026-09-07T23:02:07+00:00,bcycle_lametro_4604,7,5,,1,1,1
2026-09-07T23:02:04.970635+00:00,2026-09-07T23:02:07+00:00,2026-09-07T23:02:07+00:00,bcycle_lametro_4605,6,7,,1,1,1
2026-09-07T23:02:04.970635+00:00,2026-09-07T23:02:07+00:00,2026-09-07T23:02:07+00:00,bcycle_lametro_4606,8,12,,1,1,1
2026-09-07T23:02:04.970635+00:00,2026-09-07T23:02:07+00:00,2026-09-07T23:02:07+00:00,bcycle_lametro_4613,8,11,,1,1,1
2026-09-07T23:02:04.970635+00:00,2026-09-07T23:02:07+00:00,2026-09-07T23:02:07+00:00,bcycle_lametro_4614,9,11,,1,1,1
2026-09-07T23:02:04.970635+00:00,2026-09-07T23:02:07+00:00,2026-09-07T23:02:07+00:00,bcycle_lametro_4627,5,12,,1,1,1
2026-09-07T23:02:04.970635+00:00,2026-09-07T23:02:07+00:00,2026-09-07T23:02:07+00:00,bcycle_lametro_4628,8,5,,1,1,1
2026-09-07T23:02:04.970635+00:00,2026-09-07T23:02:07+00:00,2026-09-07T23:02:07+00:00,bcycle_lametro_4632,4,10,,1,1,1
2026-09-07T23:02:04.970635+00:00,2026-09-07T23:02:07+00:00,2026-09-07T23:02:07+00:00,bcycle_lametro_4643,6,14,,1,1,1
2026-09-07T23:02:04.970635+00:00,2026-09-07T23:02:07+00:00,2026-09-07T23:02:07+00:00,bcycle_lametro_4644,3,9,,1,1,1
2026-09-07T23:02:04.970635+00:00,2026-09-07T23:02:07+00:00,2026-09-07T23:02:07+00:00,bcycle_lametro_4645,10,2,,1,1,1
2026-09-07T23:02:04.970635+00:00,2026-09-07T23:02:07+00:00,2026-09-07T23:02:07+00:00,bcycle_lametro_4652,2,9,,1,1,1
2026-09-07T23:02:04.970635+00:00,2026-09-07T23:02:07+00:00,2026-09-07T23:02:07+00:00,bcycle_lametro_4660,5,12,,1,1,1
2026-09-07T23:02:04.970635+00:00,2026-09-07T23:02:07+00:00,2026-09-07T23:02:07+00:00,bcycle_lametro_4664,6,14,,1,1,1
2026-09-07T23:02:04.970635+00:00,2026-09-07T23:02:07+00:00,2026-09-07T23:02:07+00:00,bcycle_lametro_4672,7,8,,1,1,1
2026-09-07T23:02:04.970635+00:00,2026-09-07T23:02:07+00:00,2026-09-07T23:02:07+00:00,bcycle_lametro_4680,5,13,,1,1,1
2026-09-07T23:02:04.970635+00:00,2026-09-07T23:02:07+00:00,2026-09-07T23:02:07+00:00,bcycle_lametro_4689,7,8,,1,1,1
2026-09-07T23:02:04.970635+00:00,2026-09-07T23:02:07+00:00,2026-09-07T23:02:07+00:00,bcycle_lametro_4690,5,9,,0,0,1
2026-09-07T23:02:04.970635+00:00,2026-09-07T23:02:07+00:00,2026-09-07T23:02:07+00:00,bcycle_lametro_4696,3,11,,1,1,1
2026-09-07T23:02:04.970635+00:00,2026-09-07T23:02:07+00:00,2026-09-07T23:02:07+00:00,bcycle_lametro_4697,4,11,,1,1,1
2026-09-07T23:02:04.970635+00:00,2026-09-07T23:02:07+00:00,2026-09-07T23:02:07+00:00,bcycle_lametro_4698,8,5,,1,1,1
2026-09-07T23:02:04.970635+00:00,2026-09-07T23:02:07+00:00,2026-09-07T23:02:07+00:00,bcycle_lametro_4699,3,11,,1,1,1
2026-09-07T23:02:04.970635+00:00,2026-09-07T23:02:07+00:00,2026-09-07T23:02:07+00:00,bcycle_lametro_4700,9,8,,1,1,1
2026-09-07T23:02:04.970635+00:00,2026-09-07T23:02:07+00:00,2026-09-07T23:02:07+00:00,bcycle_lametro_4707,5,8,,1,1,1
2026-09-07T23:02:04.970635+00:00,2026-09-07T23:02:07+00:00,2026-09-07T23:02:07+00:00,bcycle_lametro_4729,3,10,,1,1,1
2026-09-07T23:02:04.970635+00:00,2026-09-07T23:02:07+00:00,2026-09-07T23:02:07+00:00,bcycle_lametro_4730,10,3,,1,1,1
2026-09-07T23:02:04.970635+00:00,2026-09-07T23:02:07+00:00,2026-09-07T23:02:07+00:00,bcycle_lametro_4732,4,17,,1,1,1
2026-09-07T23:02:04.970635+00:00,2026-09-07T23:02:07+00:00,2026-09-07T23:02:07+00:00,bcycle_lametro_4733,7,16,,1,1,1
2026-09-07T23:02:04.970635+00:00,2026-09-07T23:02:07+00:00,2026-09-07T23:02:07+00:00,bcycle_lametro_4734,10,5,,1,1,1
2026-09-07T23:02:04.970635+00:00,2026-09-07T23:02:07+00:00,2026-09-07T23:02:07+00:00,bcycle_lametro_4735,5,7,,1,1,1
2026-09-07T23:02:04.970635+00:00,2026-09-07T23:02:07+00:00,2026-09-07T23:02:07+00:00,bcycle_lametro_4736,12,3,,1,1,1
2026-09-07T23:02:04.970635+00:00,2026-09-07T23:02:07+00:00,2026-09-07T23:02:07+00:00,bcycle_lametro_4740,15,7,,1,1,1
2026-09-07T23:02:04.970635+00:00,2026-09-07T23:02:07+00:00,2026-09-07T23:02:07+00:00,bcycle_lametro_4745,3,8,,1,1,1
