fetched_at,last_updated,last_reported,station_id,bikes_available,docks_available,ebikes_available,is_renting,is_returning,is_installed
2026-09-27T00:26:45.113414+00:00,2026-09-27T00:26:46+00:00,2026-09-27T00:26:46+00:00,bcycle_lametro_3005,12,18,,1,1,1
2026-09-27T00:26:45.113414+00:00,2026-09-27T00:26:46+00:00,2026-09-27T00:26:46+00:00,bcycle_lametro_3006,14,15,,1,1,1
2026-09-27T00:26:45.113414+00:00,2026-09-27T00:26:46+00:00,2026-09-27T00:26:46+00:00,bcycle_lametro_3007,10,12,,1,1,1
2026-09-27T00:26:45.113414+00:00,2026-09-27T00:26:46+00:00,2026-09-27T00:26:46+00:00,bcycle_lametro_3008,7,8,,1,1,1
2026-09-27T00:26:45.113414+00:00,2026-09-27T00:26:46+00:00,2026-09-27T00:26:46+00:00,bcycle_lametro_3010,8,7,,1,1,1
2026-09-27T00:26:45.113414+00:00,2026-09-27T00:26:46+00:00,2026-09-27T00:26:46+00:00,bcycle_lametro_3011,5,11,,1,1,1
2026-09-27T00:26:45.113414+00:00,2026-09-27T00:26:46+00:00,2026-09-27T00:26:46+00:00,bcycle_lametro_3014,15,12,,1,1,1
2026-09-27T00:26:45.113414+00:00,2026-09-27T00:26:46+00:00,2026-09-27T00:26:46+00:00,bcycle_lametro_3016,5,10,,1,1,1
2026-09-27T00:26:45.113414+00:00,2026-09-27T00:26:46+00:00,2026-09-27T00:26:46+00:00,bcycle_lametro_3018,13,5,,1,1,1
2026-09-27T00:26:45.113414+00:00,2026-09-27T00:26:46+00:00,2026-09-27T00:26:46+00:00,bcycle_lametro_3019,7,12,,1,1,1
2026-09-27T00:26:45.113414+00:00,2026-09-27T00:26:46+00:00,2026-09-27T00:26:46+00:00,bcycle_lametro_3020,2,13,,1,1,1
2026-09-27T00:26:45.113414+00:00,2026-09-27T00:26:46+00:00,2026-09-27T00:26:46+00:00,bcycle_lametro_3022,9,11,,1,1,1
2026-09-27T00:26:45.113414+00:00,2026-09-27T00:26:46+00:00,2026-09-27T00:26:46+00:00,bcycle_lametro_3024,5,10,,1,1,1
2026-09-27T00:26:45.113414+00:00,2026-09-27T00:26:46+00:00,2026-09-27T00:26:46+00:00,bcycle_lametro_3025,10,4,,1,1,1
2026-09-27T00:26:45.113414+00:00,2026-09-27T00:26:46+00:00,2026-09-27T00:26:46+00:00,bcycle_lametro_3026,6,9,,1,1,1
2026-09-27T00:26:45.113414+00:00,2026-09-27T00:26:46+00:00,2026-09-27T00:26:46+00:00,bcycle_lametro_3027,6,9,,1,1,1
2026-09-27T00:26:45.113414+00:00,2026-09-27T00:26:46+00:00,2026-09-27T00:26:46+00:00,bcycle_lametro_3030,9,20,,1,1,1
2026-09-27T00:26:45.113414+00:00,2026-09-27T00:26:46+00:00,2026-09-27T00:26:46+00:00,bcycle_lametro_3032,10,17,,1,1,1
2026-09-27T00:26:45.113414+00:00,2026-09-27T00:26:46+00:00,2026-09-27T00:26:46+00:00,bcycle_lametro_3033,4,11,,1,1,1
2026-09-27T00:26:45.113414+00:00,2026-09-27T00:26:46+00:00,2026-09-27T00:26:46+00:00,bcycle_lametro_3034,13,9,,1,1,1
2026-09-27T00:26:45.113414+00:00,2026-09-27T00:26:46+00:00,2026-09-27T00:26:46+00:00,bcycle_lametro_3035,11,12,,1,1,1
2026-09-27T00:26:45.113414+00:00,2026-09-27T00:26:46+00:00,2026-09-27T00:26:46+00:00,bcycle_lametro_3036,6,9,,1,1,1
2026-09-27T00:26:45.113414+00:00,2026-09-27T00:26:46+00:00,2026-09-27T00:26:46+00:00,bcycle_lametro_3037,6,11,,1,1,1
2026-09-27T00:26:45.113414+00:00,2026-09-27T00:26:46+00:00,2026-09-27T00:26:46+00:00,bcycle_lametro_3040,2,1,,1,1,1
2026-09-27T00:26:45.113414+00:00,2026-09-27T00:26:46+00:00,2026-09-27T00:26:46+00:00,bcycle_lametro_3042,15,12,,1,1,1
2026-09-27T00:26:45.113414+00:00,2026-09-27T00:26:46+00:00,2026-09-27T00:26:46+00:00,bcycle_lametro_3045,3,7,,1,1,1
2026-09-27T00:26:45.113414+00:00,2026-09-27T00:26:46+00:00,2026-09-27T00:26:46+00:00,bcycle_lametro_3046,6,11,,1,1,1
2026-09-27T00:26:45.113414+00:00,2026-09-27T00:26:46+00:00,2026-09-27T00:26:46+00:00,bcycle_lametro_3047,13,12,,1,1,1
2026-09-27T00:26:45.113414+00:00,2026-09-27T00:26:46+00:00,2026-09-27T00:26:46+00:00,bcycle_lametro_3048,4,12,,1,1,1
2026-09-27T00:26:45.113414+00:00,2026-09-27T00:26:46+00:00,2026-09-27T00:26:46+00:00,bcycle_lametro_3052,10,12,,1,1,1
2026-09-27T00:26:45.113414+00:00,2026-09-27T00:26:46+00:00,2026-09-27T00:26:46+00:00,bcycle_lametro_3054,6,9,,1,1,1
2026-09-27T00:26:45.113414+00:00,2026-09-27T00:26:46+00:00,2026-09-27T00:26:46+00:00,bcycle_lametro_3056,5,10,,1,1,1
2026-09-27T00:26:45.113414+00:00,2026-09-27T00:26:46+00:00,2026-09-27T00:26:46+00:00,bcycle_lametro_3058,7,8,,1,1,1
2026-09-27T00:26:45.113414+00:00,2026-09-27T00:26:46+00:00,2026-09-27T00:26:46+00:00,bcycle_lametro_3062,4,11,,1,1,1
2026-09-27T00:26:45.113414+00:00,2026-09-27T00:26:46+00:00,2026-09-27T00:26:46+00:00,bcycle_lametro_3063,3,19,,1,1,1
2026-09-27T00:26:45.113414+00:00,2026-09-27T00:26:46+00:00,2026-09-27T00:26:46+00:00,bcycle_lametro_3064,7,10,,1,1,1
2026-09-27T00:26:45.113414+00:00,2026-09-27T00:26:46+00:00,2026-09-27T00:26:46+00:00,bcycle_lametro_3065,6,9,,1,1,1
2026-09-27T00:26:45.113414+00:00,2026-09-27T00:26:46+00:00,2026-09-27T00:26:46+00:00,bcycle_lametro_3066,13,2,,1,1,1
2026-09-27T00:26:45.113414+00:00,2026-09-27T00:26:46+00:00,2026-09-27T00:26:46+00:00,bcycle_lametro_3068,8,6,,1,1,1
2026-09-27T00:26:45.113414+00:00,2026-09-27T00:26:46+00:00,2026-09-27T00:26:46+00:00,bcycle_lametro_3069,6,11,,1,1,1
2026-09-27T00:26:45.113414+00:00,2026-09-27T00:26:46+00:00,2026-09-27T00:26:46+00:00,bcycle_lametro_3074,8,14,,1,1,1
2026-09-27T00:26:45.113414+00:00,2026-09-27T00:26:46+00:00,2026-09-27T00:26:46+00:00,bcycle_lametro_3075,14,2,,1,1,1
2026-09-27T00:26:45.113414+00:00,2026-09-27T00:26:46+00:00,2026-09-27T00:26:46+00:00,bcycle_lametro_3076,3,9,,1,1,1
2026-09-27T00:26:45.113414+00:00,2026-09-27T00:26:46+00:00,2026-09-27T00:26:46+00:00,bcycle_lametro_3077,7,6,,1,1,1
2026-09-27T00:26:45.113414+00:00,2026-09-27T00:26:46+00:00,2026-09-27T00:26:46+00:00,bcycle_lametro_3078,6,9,,1,1,1
2026-09-27T00:26:45.113414+00:00,2026-09-27T00:26:46+00:00,2026-09-27T00:26:46+00:00,bcycle_lametro_3079,4,10,,1,1,1
2026-09-27T00:26:45.113414+00:00,2026-09-27T00:26:46+00:00,2026-09-27T00:26:46+00:00,bcycle_lametro_3081,7,5,,1,1,1
2026-09-27T00:26:45.113414+00:00,2026-09-27T00:26:46+00:00,2026-09-27T00:26:46+00:00,bcycle_lametro_3082,11,11,,1,1,1
2026-09-27T00:26:45.113414+00:00,2026-09-27T00:26:46+00:00,2026-09-27T00:26:46+00:00,bcycle_lametro_4202,5,15,,1,1,1
2026-09-27T00:26:45.113414+00:00,2026-09-27T00:26:46+00:00,2026-09-27T00:26:46+00:00,bcycle_lametro_4204,7,9,,1,1,1
2026-09-27T00:26:45.113414+00:00,2026-09-27T00:26:46+00:00,2026-09-27T00:26:46+00:00,bcycle_lametro_4205,4,12,,1,1,1
2026-09-27T00:26:45.113414+00:00,2026-09-27T00:26:46+00:00,2026-09-27T00:26:46+00:00,bcycle_lametro_4206,6,17,,1,1,1
2026-09-27T00:26:45.113414+00:00,2026-09-27T00:26:46+00:00,2026-09-27T00:26:46+00:00,bcycle_lametro_4207,9,10,,1,1,1
2026-09-27T00:26:45.113414+00:00,2026-09-27T00:26:46+00:00,2026-09-27T00:26:46+00:00,bcycle_lametro_4208,5,12,,1,1,1
2026-09-27T00:26:45.113414+00:00,2026-09-27T00:26:46+00:00,2026-09-27T00:26:46+00:00,bcycle_lametro_4209,0,23,,1,1,1
2026-09-27T00:26:45.113414+00:00,2026-09-27T00:26:46+00:00,2026-09-27T00:26:46+00:00,bcycle_lametro_4210,4,11,,1,1,1
2026-09-27T00:26:45.113414+00:00,2026-09-27T00:26:46+00:00,2026-09-27T00:26:46+00:00,bcycle_lametro_4211,3,11,,1,1,1
2026-09-27T00:26:45.113414+00:00,2026-09-27T00:26:46+00:00,2026-09-27T00:26:46+00:00,bcycle_lametro_4212,14,7,,1,1,1
2026-09-27T00:26:45.113414+00:00,2026-09-27T00:26:46+00:00,2026-09-27T00:26:46+00:00,bcycle_lametro_4213,4,11,,1,1,1
2026-09-27T00:26:45.113414+00:00,2026-09-27T00:26:46+00:00,2026-09-27T00:26:46+00:00,bcycle_lametro_4214,7,19,,1,1,1
2026-09-27T00:26:45.113414+00:00,2026-09-27T00:26:46+00:00,2026-09-27T00:26:46+00:00,bcycle_lametro_4215,23,17,,1,1,1
2026-09-27T00:26:45.113414+00:00,2026-09-27T00:26:46+00:00,2026-09-27T00:26:46+00:00,bcycle_lametro_4216,8,11,,1,1,1
2026-09-27T00:26:45.113414+00:00,2026-09-27T00:26:46+00:00,2026-09-27T00:26:46+00:00,bcycle_lametro_4217,2,9,,1,1,1
2026-09-27T00:26:45.113414+00:00,2026-09-27T00:26:46+00:00,2026-09-27T00:26:46+00:00,bcycle_lametro_4220,8,7,,1,1,1
2026-09-27T00:26:45.113414+00:00,2026-09-27T00:26:46+00:00,2026-09-27T00:26:46+00:00,bcycle_lametro_4227,9,7,,1,1,1
2026-09-27T00:26:45.113414+00:00,2026-09-27T00:26:46+00:00,2026-09-27T00:26:46+00:00,bcycle_lametro_4245,6,8,,1,1,1
2026-09-27T00:26:45.113414+00:00,2026-09-27T00:26:46+00:00,2026-09-27T00:26:46+00:00,bcycle_lametro_4246,9,5,,1,1,1
2026-09-27T00:26:45.113414+00:00,2026-09-27T00:26:46+00:00,2026-09-27T00:26:46+00:00,bcycle_lametro_4247,1,7,,1,1,1
2026-09-27T00:26:45.113414+00:00,2026-09-27T00:26:46+00:00,2026-09-27T00:26:46+00:00,bcycle_lametro_4248,8,11,,1,1,1
2026-09-27T00:26:45.113414+00:00,2026-09-27T00:26:46+00:00,2026-09-27T00:26:46+00:00,bcycle_lametro_4249,10,5,,1,1,1
2026-09-27T00:26:45.113414+00:00,2026-09-27T00:26:46+00:00,2026-09-27T00:26:46+00:00,bcycle_lametro_4250,7,8,,1,1,1
2026-09-27T00:26:45.113414+00:00,2026-09-27T00:26:46+00:00,2026-09-27T00:26:46+00:00,bcycle_lametro_4254,3,12,,1,1,1
2026-09-27T00:26:45.113414+00:00,2026-09-27T00:26:46+00:00,2026-09-27T00:26:46+00:00,bcycle_lametro_4255,4,6,,1,1,1
2026-09-27T00:26:45.113414+00:00,2026-09-27T00:26:46+00:00,2026-09-27T00:26:46+00:00,bcycle_lametro_4266,10,5,,1,1,1
2026-09-27T00:26:45.113414+00:00,2026-09-27T00:26:46+00:00,2026-09-27T00:26:46+00:00,bcycle_lametro_4267,4,5,,1,1,1
2026-09-27T00:26:45.113414+00:00,2026-09-27T00:26:46+00:00,2026-09-27T00:26:46+00:00,bcycle_lametro_4273,5,10,,1,1,1
2026-09-27T00:26:45.113414+00:00,2026-09-27T00:26:46+00:00,2026-09-27T00:26:46+00:00,bcycle_lametro_4275,7,8,,1,1,1
2026-09-27T00:26:45.113414+00:00,2026-09-27T00:26:46+00:00,2026-09-27T00:26:46+00:00,bcycle_lametro_4293,7,3,,1,1,1
2026-09-27T00:26:45.113414+00:00,2026-09-27T00:26:46+00:00,2026-09-27T00:26:46+00:00,bcycle_lametro_4300,2,10,,1,1,1
2026-09-27T00:26:45.113414+00:00,2026-09-27T00:26:46+00:00,2026-09-27T00:26:46+00:00,bcycle_lametro_4301,4,6,,1,1,1
2026-09-27T00:26:45.113414+00:00,2026-09-27T00:26:46+00:00,2026-09-27T00:26:46+00:00,bcycle_lametro_4303,7,3,,1,1,1
2026-09-27T00:26:45.113414+00:00,2026-09-27T00:26:46+00:00,2026-09-27T00:26:46+00:00,bcycle_lametro_4304,5,6,,1,1,1
2026-09-27T00:26:45.113414+00:00,2026-09-27T00:26:46+00:00,2026-09-27T00:26:46+00:00,bcycle_lametro_4306,6,7,,1,1,1
2026-09-27T00:26:45.113414+00:00,2026-09-27T00:26:46+00:00,2026-09-27T00:26:46+00:00,bcycle_lametro_4311,2,11,,1,1,1
2026-09-27T00:26:45.113414+00:00,2026-09-27T00:26:46+00:00,2026-09-27T00:26:46+00:00,bcycle_lametro_4312,6,7,,1,1,1
2026-09-27T00:26:45.113414+00:00,2026-09-27T00:26:46+00:00,2026-09-27T00:26:46+00:00,bcycle_lametro_4313,6,6,,1,1,1
2026-09-27T00:26:45.113414+00:00,2026-09-27T00:26:46+00:00,2026-09-27T00:26:46+00:00,bcycle_lametro_4314,2,13,,1,1,1
2026-09-27T00:26:45.113414+00:00,2026-09-27T00:26:46+00:00,2026-09-27T00:26:46+00:00,bcycle_lametro_4315,3,5,,1,1,1
2026-09-27T00:26:45.113414+00:00,2026-09-27T00:26:46+00:00,2026-09-27T00:26:46+00:00,bcycle_lametro_4387,10,6,,1,1,1
2026-09-27T00:26:45.113414+00:00,2026-09-27T00:26:46+00:00,2026-09-27T00:26:46+00:00,bcycle_lametro_4390,5,7,,1,1,1
2026-09-27T00:26:45.113414+00:00,2026-09-27T00:26:46+00:00,2026-09-27T00:26:46+00:00,bcycle_lametro_4401,4,6,,1,1,1
2026-09-27T00:26:45.113414+00:00,2026-09-27T00:26:46+00:00,2026-09-27T00:26:46+00:00,bcycle_lametro_4404,11,4,,1,1,1
2026-09-27T00:26:45.113414+00:00,2026-09-27T00:26:46+00:00,2026-09-27T00:26:46+00:00,bcycle_lametro_4405,7,6,,1,1,1
2026-09-27T00:26:45.113414+00:00,2026-09-27T00:26:46+00:00,2026-09-27T00:26:46+00:00,bcycle_lametro_4406,4,10,,1,1,1
2026-09-27T00:26:45.113414+00:00,2026-09-27T00:26:46+00:00,2026-09-27T00:26:46+00:00,bcycle_lametro_4410,5,7,,1,1,1
2026-09-27T00:26:45.113414+00:00,2026-09-27T00:26:46+00:00,2026-09-27T00:26:46+00:00,bcycle_lametro_4436,5,4,,1,1,1
2026-09-27T00:26:45.113414+00:00,2026-09-27T00:26:46+00:00,2026-09-27T00:26:46+00:00,bcycle_lametro_4437,5,8,,1,1,1
2026-09-27T00:26:45.113414+00:00,2026-09-27T00:26:46+00:00,2026-09-27T00:26:46+00:00,bcycle_lametro_4440,8,10,,1,1,1
2026-09-27T00:26:45.113414+00:00,2026-09-27T00:26:46+00:00,2026-09-27T00:26:46+00:00,bcycle_lametro_4441,4,3,,1,1,1
2026-09-27T00:26:45.113414+00:00,2026-09-27T00:26:46+00:00,2026-09-27T00:26:46+00:00,bcycle_lametro_4442,9,3,,1,1,1
2026-09-27T00:26:45.113414+00:00,2026-09-27T00:26:46+00:00,2026-09-27T00:26:46+00:00,bcycle_lametro_4443,7,1,,1,1,1
2026-09-27T00:26:45.113414+00:00,2026-09-27T00:26:46+00:00,2026-09-27T00:26:46+00:00,bcycle_lametro_4444,1,8,,1,1,1
2026-09-27T00:26:45.113414+00:00,2026-09-27T00:26:46+00:00,2026-09-27T00:26:46+00:00,bcycle_lametro_4445,4,11,,1,1,1
2026-09-27T00:26:45.113414+00:00,2026-09-27T00:26:46+00:00,2026-09-27T00:26:46+00:00,bcycle_lametro_4446,6,2,,1,1,1
2026-09-27T00:26:45.113414+00:00,2026-09-27T00:26:46+00:00,2026-09-27T00:26:46+00:00,bcycle_lametro_4447,7,5,,1,1,1
2026-09-27T00:26:45.113414+00:00,2026-09-27T00:26:46+00:00,2026-09-27T00:26:46+00:00,bcycle_lametro_4448,9,9,,1,1,1
2026-09-27T00:26:45.113414+00:00,2026-09-27T00:26:46+00:00,2026-09-27T00:26:46+00:00,bcycle_lametro_4449,1,12,,1,1,1
2026-09-27T00:26:45.113414+00:00,2026-09-27T00:26:46+00:00,2026-09-27T00:26:46+00:00,bcycle_lametro_4450,4,9,,1,1,1
2026-09-27T00:26:45.113414+00:00,2026-09-27T00:26:46+00:00,2026-09-27T00:26:46+00:00,bcycle_lametro_4451,4,5,,1,1,1
2026-09-27T00:26:45.113414+00:00,2026-09-27T00:26:46+00:00,2026-09-27T00:26:46+00:00,bcycle_lametro_4452,4,6,,1,1,1
2026-09-27T00:26:45.113414+00:00,2026-09-27T00:26:46+00:00,2026-09-27T00:26:46+00:00,bcycle_lametro_4453,3,7,,1,1,1
2026-09-27T00:26:45.113414+00:00,2026-09-27T00:26:46+00:00,2026-09-27T00:26:46+00:00,bcycle_lametro_4454,10,4,,1,1,1
2026-09-27T00:26:45.113414+00:00,2026-09-27T00:26:46+00:00,2026-09-27T00:26:46+00:00,bcycle_lametro_4455,6,9,,1,1,1
2026-09-27T00:26:45.113414+00:00,2026-09-27T00:26:46+00:00,2026-09-27T00:26:46+00:00,bcycle_lametro_4456,10,5,,1,1,1
2026-09-27T00:26:45.113414+00:00,2026-09-27T00:26:46+00:00,2026-09-27T00:26:46+00:00,bcycle_lametro_4457,2,6,,1,1,1
2026-09-27T00:26:45.113414+00:00,2026-09-27T00:26:46+00:00,2026-09-27T00:26:46+00:00,bcycle_lametro_4472,8,8,,1,1,1
2026-09-27T00:26:45.113414+00:00,2026-09-27T00:26:46+00:00,2026-09-27T00:26:46+00:00,bcycle_lametro_4473,6,2,,1,1,1
2026-09-27T00:26:45.113414+00:00,2026-09-27T00:26:46+00:00,2026-09-27T00:26:46+00:00,bcycle_lametro_4474,5,5,,1,1,1
2026-09-27T00:26:45.113414+00:00,2026-09-27T00:26:46+00:00,2026-09-27T00:26:46+00:00,bcycle_lametro_4475,10,1,,1,1,1
2026-09-27T00:26:45.113414+00:00,2026-09-27T00:26:46+00:00,2026-09-27T00:26:46+00:00,bcycle_lametro_4476,2,12,,1,1,1
2026-09-27T00:26:45.113414+00:00,2026-09-27T00:26:46+00:00,2026-09-27T00:26:46+00:00,bcycle_lametro_4477,3,10,,1,1,1
2026-09-27T00:26:45.113414+00:00,2026-09-27T00:26:46+00:00,2026-09-27T00:26:46+00:00,bcycle_lametro_4479,5,7,,1,1,1
2026-09-27T00:26:45.113414+00:00,2026-09-27T00:26:46+00:00,2026-09-27T00:26:46+00:00,bcycle_lametro_4483,6,6,,1,1,1
2026-09-27T00:26:45.113414+00:00,2026-09-27T00:26:46+00:00,2026-09-27T00:26:46+00:00,bcycle_lametro_4487,12,4,,1,1,1
2026-09-27T00:26:45.113414+00:00,2026-09-27T00:26:46+00:00,2026-09-27T00:26:46+00:00,bcycle_lametro_4490,8,7,,1,1,1
2026-09-27T00:26:45.113414+00:00,2026-09-27T00:26:46+00:00,2026-09-27T00:26:46+00:00,bcycle_lametro_4491,9,4,,1,1,1
2026-09-27T00:26:45.113414+00:00,2026-09-27T00:26:46+00:00,2026-09-27T00:26:46+00:00,bcycle_lametro_4492,9,10,,1,1,1
2026-09-27T00:26:45.113414+00:00,2026-09-27T00:26:46+00:00,2026-09-27T00:26:46+00:00,bcycle_lametro_4493,4,12,,1,1,1
2026-09-27T00:26:45.113414+00:00,2026-09-27T00:26:46+00:00,2026-09-27T00:26:46+00:00,bcycle_lametro_4494,8,1,,1,1,1
2026-09-27T00:26:45.113414+00:00,2026-09-27T00:26:46+00:00,2026-09-27T00:26:46+00:00,bcycle_lametro_4509,1,9,,1,1,1
2026-09-27T00:26:45.113414+00:00,2026-09-27T00:26:46+00:00,2026-09-27T00:26:46+00:00,bcycle_lametro_4510,6,4,,1,1,1
2026-09-27T00:26:45.113414+00:00,2026-09-27T00:26:46+00:00,2026-09-27T00:26:46+00:00,bcycle_lametro_4511,8,11,,1,1,1
2026-09-27T00:26:45.113414+00:00,2026-09-27T00:26:46+00:00,2026-09-27T00:26:46+00:00,bcycle_lametro_4512,9,6,,1,1,1
2026-09-27T00:26:45.113414+00:00,2026-09-27T00:26:46+00:00,2026-09-27T00:26:46+00:00,bcycle_lametro_4514,9,12,,1,1,1
2026-09-27T00:26:45.113414+00:00,2026-09-27T00:26:46+00:00,2026-09-27T00:26:46+00:00,bcycle_lametro_4515,6,3,,1,1,1
2026-09-27T00:26:45.113414+00:00,2026-09-27T00:26:46+00:00,2026-09-27T00:26:46+00:00,bcycle_lametro_4517,9,2,,1,1,1
2026-09-27T00:26:45.113414+00:00,2026-09-27T00:26:46+00:00,2026-09-27T00:26:46+00:00,bcycle_lametro_4521,6,6,,1,1,1
2026-09-27T00:26:45.113414+00:00,2026-09-27T00:26:46+00:00,2026-09-27T00:26:46+00:00,bcycle_lametro_4523,10,5,,1,1,1
2026-09-27T00:26:45.113414+00:00,2026-09-27T00:26:46+00:00,2026-09-27T00:26:46+00:00,bcycle_lametro_4524,4,10,,1,1,1
2026-09-27T00:26:45.113414+00:00,2026-09-27T00:26:46+00:00,2026-09-27T00:26:46+00:00,bcycle_lametro_4525,5,6,,1,1,1
2026-09-27T00:26:45.113414+00:00,2026-09-27T00:26:46+00:00,2026-09-27T00:26:46+00:00,bcycle_lametro_4526,5,16,,1,1,1
2026-09-27T00:26:45.113414+00:00,2026-09-27T00:26:46+00:00,2026-09-27T00:26:46+00:00,bcycle_lametro_4527,6,8,,1,1,1
2026-09-27T00:26:45.113414+00:00,2026-09-27T00:26:46+00:00,2026-09-27T00:26:46+00:00,bcycle_lametro_4528,7,7,,1,1,1
2026-09-27T00:26:45.113414+00:00,2026-09-27T00:26:46+00:00,2026-09-27T00:26:46+00:00,bcycle_lametro_4529,2,11,,1,1,1
2026-09-27T00:26:45.113414+00:00,2026-09-27T00:26:46+00:00,2026-09-27T00:26:46+00:00,bcycle_lametro_4534,8,7,,1,1,1
2026-09-27T00:26:45.113414+00:00,2026-09-27T00:26:46+00:00,2026-09-27T00:26:46+00:00,bcycle_lametro_4536,2,8,,1,1,1
2026-09-27T00:26:45.113414+00:00,2026-09-27T00:26:46+00:00,2026-09-27T00:26:46+00:00,bcycle_lametro_4537,2,16,,1,1,1
2026-09-27T00:26:45.113414+00:00,2026-09-27T00:26:46+00:00,2026-09-27T00:26:46+00:00,bcycle_lametro_4538,3,5,,1,1,1
2026-09-27T00:26:45.113414+00:00,2026-09-27T00:26:46+00:00,2026-09-27T00:26:46+00:00,bcycle_lametro_4540,5,9,,1,1,1
2026-09-27T00:26:45.113414+00:00,2026-09-27T00:26:46+00:00,2026-09-27T00:26:46+00:00,bcycle_lametro_4543,5,3,,1,1,1
2026-09-27T00:26:45.113414+00:00,2026-09-27T00:26:46+00:00,2026-09-27T00:26:46+00:00,bcycle_lametro_4544,0,14,,1,1,1
2026-09-27T00:26:45.113414+00:00,2026-09-27T00:26:46+00:00,2026-09-27T00:26:46+00:00,bcycle_lametro_4545,0,8,,1,1,1
2026-09-27T00:26:45.113414+00:00,2026-09-27T00:26:46+00:00,2026-09-27T00:26:46+00:00,bcycle_lametro_4546,3,16,,1,1,1
2026-09-27T00:26:45.113414+00:00,2026-09-27T00:26:46+00:00,2026-09-27T00:26:46+00:00,bcycle_lametro_4547,8,2,,1,1,1
2026-09-27T00:26:45.113414+00:00,2026-09-27T00:26:46+00:00,2026-09-27T00:26:46+00:00,bcycle_lametro_4548,5,7,,1,1,1
2026-09-27T00:26:45.113414+00:00,2026-09-27T00:26:46+00:00,2026-09-27T00:26:46+00:00,bcycle_lametro_4549,11,5,,1,1,1
2026-09-27T00:26:45.113414+00:00,2026-09-27T00:26:46+00:00,2026-09-27T00:26:46+00:00,bcycle_lametro_4552,10,2,,1,1,1
2026-09-27T00:26:45.113414+00:00,2026-09-27T00:26:46+00:00,2026-09-27T00:26:46+00:00,bcycle_lametro_4553,5,4,,1,1,1
2026-09-27T00:26:45.113414+00:00,2026-09-27T00:26:46+00:00,2026-09-27T00:26:46+00:00,bcycle_lametro_4554,1,10,,1,1,1
2026-09-27T00:26:45.113414+00:00,2026-09-27T00:26:46+00:00,2026-09-27T00:26:46+00:00,bcycle_lametro_4555,4,4,,1,1,1
2026-09-27T00:26:45.113414+00:00,2026-09-27T00:26:46+00:00,2026-09-27T00:26:46+00:00,bcycle_lametro_4556,4,9,,1,1,1
2026-09-27T00:26:45.113414+00:00,2026-09-27T00:26:46+00:00,2026-09-27T00:26:46+00:00,bcycle_lametro_4557,8,3,,1,1,1
2026-09-27T00:26:45.113414+00:00,2026-09-27T00:26:46+00:00,2026-09-27T00:26:46+00:00,bcycle_lametro_4558,9,8,,1,1,1
2026-09-27T00:26:45.113414+00:00,2026-09-27T00:26:46+00:00,2026-09-27T00:26:46+00:00,bcycle_lametro_4561,5,4,,1,1,1
2026-09-27T00:26:45.113414+00:00,2026-09-27T00:26:46+00:00,2026-09-27T00:26:46+00:00,bcycle_lametro_4562,9,5,,1,1,1
2026-09-27T00:26:45.113414+00:00,2026-09-27T00:26:46+00:00,2026-09-27T00:26:46+00:00,bcycle_lametro_4563,5,4,,1,1,1
2026-09-27T00:26:45.113414+00:00,2026-09-27T00:26:46+00:00,2026-09-27T00:26:46+00:00,bcycle_lametro_4564,12,3,,1,1,1
2026-09-27T00:26:45.113414+00:00,2026-09-27T00:26:46+00:00,2026-09-27T00:26:46+00:00,bcycle_lametro_4565,2,10,,1,1,1
2026-09-27T00:26:45.113414+00:00,2026-09-27T00:26:46+00:00,2026-09-27T00:26:46+00:00,bcycle_lametro_4566,3,11,,1,1,1
2026-09-27T00:26:45.113414+00:00,2026-09-27T00:26:46+00:00,2026-09-27T00:26:46+00:00,bcycle_lametro_4567,9,2,,1,1,1
2026-09-27T00:26:45.113414+00:00,2026-09-27T00:26:46+00:00,2026-09-27T00:26:46+00:00,bcycle_lametro_4568,2,12,,1,1,1
2026-09-27T00:26:45.113414+00:00,2026-09-27T00:26:46+00:00,2026-09-27T00:26:46+00:00,bcycle_lametro_4569,3,6,,1,1,1
2026-09-27T00:26:45.113414+00:00,2026-09-27T00:26:46+00:00,2026-09-27T00:26:46+00:00,bcycle_lametro_4570,9,6,,1,1,1
2026-09-27T00:26:45.113414+00:00,2026-09-27T00:26:46+00:00,2026-09-27T00:26:46+00:00,bcycle_lametro_4571,0,7,,1,1,1
2026-09-27T00:26:45.113414+00:00,2026-09-27T00:26:46+00:00,2026-09-27T00:26:46+00:00,bcycle_lametro_4575,2,9,,1,1,1
2026-09-27T00:26:45.113414+00:00,2026-09-27T00:26:46+00:00,2026-09-27T00:26:46+00:00,bcycle_lametro_4576,2,9,,1,1,1
2026-09-27T00:26:45.113414+00:00,2026-09-27T00:26:46+00:00,2026-09-27T00:26:46+00:00,bcycle_lametro_4578,4,3,,1,1,1
2026-09-27T00:26:45.113414+00:00,2026-09-27T00:26:46+00:00,2026-09-27T00:26:46+00:00,bcycle_lametro_4579,6,6,,1,1,1
2026-09-27T00:26:45.113414+00:00,2026-09-27T00:26:46+00:00,2026-09-27T00:26:46+00:00,bcycle_lametro_4580,7,1,,1,1,1
2026-09-27T00:26:45.113414+00:00,2026-09-27T00:26:46+00:00,2026-09-27T00:26:46+00:00,bcycle_lametro_4581,7,10,,1,1,1
2026-09-27T00:26:45.113414+00:00,2026-09-27T00:26:46+00:00,2026-09-27T00:26:46+00:00,bcycle_lametro_4583,11,7,,1,1,1
2026-09-27T00:26:45.113414+00:00,2026-09-27T00:26:46+00:00,2026-09-27T00:26:46+00:00,bcycle_lametro_4584,7,7,,1,1,1
2026-09-27T00:26:45.113414+00:00,2026-09-27T00:26:46+00:00,2026-09-27T00:26:46+00:00,bcycle_lametro_4587,6,5,,1,1,1
2026-09-27T00:26:45.113414+00:00,2026-09-27T00:26:46+00:00,2026-09-27T00:26:46+00:00,bcycle_lametro_4595,5,13,,1,1,1
2026-09-27T00:26:45.113414+00:00,2026-09-27T00:26:46+00:00,2026-09-27T00:26:46+00:00,bcycle_lametro_4596,4,11,,1,1,1
2026-09-27T00:26:45.113414+00:00,2026-09-27T00:26:46+00:00,2026-09-27T00:26:46+00:00,bcycle_lametro_4597,2,9,,1,1,1
2026-09-27T00:26:45.113414+00:00,2026-09-27T00:26:46+00:00,2026-09-27T00:26:46+00:00,bcycle_lametro_4598,6,3,,1,1,1
2026-09-27T00:26:45.113414+00:00,2026-09-27T00:26:46+00:00,2026-09-27T00:26:46+00:00,bcycle_lametro_4599,2,10,,1,1,1
2026-09-27T00:26:45.113414+00:00,2026-09-27T00:26:46+00:00,2026-09-27T00:26:46+00:00,bcycle_lametro_4600,4,6,,1,1,1
2026-09-27T00:26:45.113414+00:00,2026-09-27T00:26:46+00:00,2026-09-27T00:26:46+00:00,bcycle_lametro_4601,5,6,,1,1,1
2026-09-27T00:26:45.113414+00:00,2026-09-27T00:26:46+00:00,2026-09-27T00:26:46+00:00,bcycle_lametro_4603,5,13,,1,1,1
2026-09-27T00:26:45.113414+00:00,2026-09-27T00:26:46+00:00,2026-09-27T00:26:46+00:00,bcycle_lametro_4604,7,5,,1,1,1
2026-09-27T00:26:45.113414+00:00,2026-09-27T00:26:46+00:00,2026-09-27T00:26:46+00:00,bcycle_lametro_4605,6,7,,1,1,1
2026-09-27T00:26:45.113414+00:00,2026-09-27T00:26:46+00:00,2026-09-27T00:26:46+00:00,bcycle_lametro_4606,5,15,,1,1,1
2026-09-27T00:26:45.113414+00:00,2026-09-27T00:26:46+00:00,2026-09-27T00:26:46+00:00,bcycle_lametro_4613,6,13,,1,1,1
2026-09-27T00:26:45.113414+00:00,2026-09-27T00:26:46+00:00,2026-09-27T00:26:46+00:00,bcycle_lametro_4614,6,14,,1,1,1
2026-09-27T00:26:45.113414+00:00,2026-09-27T00:26:46+00:00,2026-09-27T00:26:46+00:00,bcycle_lametro_4627,3,14,,1,1,1
2026-09-27T00:26:45.113414+00:00,2026-09-27T00:26:46+00:00,2026-09-27T00:26:46+00:00,bcycle_lametro_4628,7,6,,1,1,1
2026-09-27T00:26:45.113414+00:00,2026-09-27T00:26:46+00:00,2026-09-27T00:26:46+00:00,bcycle_lametro_4632,5,10,,1,1,1
2026-09-27T00:26:45.113414+00:00,2026-09-27T00:26:46+00:00,2026-09-27T00:26:46+00:00,bcycle_lametro_4643,7,13,,1,1,1
2026-09-27T00:26:45.113414+00:00,2026-09-27T00:26:46+00:00,2026-09-27T00:26:46+00:00,bcycle_lametro_4644,5,7,,1,1,1
2026-09-27T00:26:45.113414+00:00,2026-09-27T00:26:46+00:00,2026-09-27T00:26:46+00:00,bcycle_lametro_4645,6,6,,1,1,1
2026-09-27T00:26:45.113414+00:00,2026-09-27T00:26:46+00:00,2026-09-27T00:26:46+00:00,bcycle_lametro_4652,1,10,,1,1,1
2026-09-27T00:26:45.113414+00:00,2026-09-27T00:26:46+00:00,2026-09-27T00:26:46+00:00,bcycle_lametro_4660,5,12,,1,1,1
2026-09-27T00:26:45.113414+00:00,2026-09-27T00:26:46+00:00,2026-09-27T00:26:46+00:00,bcycle_lametro_4664,8,12,,1,1,1
2026-09-27T00:26:45.113414+00:00,2026-09-27T00:26:46+00:00,2026-09-27T00:26:46+00:00,bcycle_lametro_4672,6,9,,1,1,1
2026-09-27T00:26:45.113414+00:00,2026-09-27T00:26:46+00:00,2026-09-27T00:26:46+00:00,bcycle_lametro_4680,8,10,,1,1,1
2026-09-27T00:26:45.113414+00:00,2026-09-27T00:26:46+00:00,2026-09-27T00:26:46+00:00,bcycle_lametro_4689,10,5,,1,1,1
2026-09-27T00:26:45.113414+00:00,2026-09-27T00:26:46+00:00,2026-09-27T00:26:46+00:00,bcycle_lametro_4690,11,3,,1,1,1
2026-09-27T00:26:45.113414+00:00,2026-09-27T00:26:46+00:00,2026-09-27T00:26:46+00:00,bcycle_lametro_4696,8,6,,1,1,1
2026-09-27T00:26:45.113414+00:00,2026-09-27T00:26:46+00:00,2026-09-27T00:26:46+00:00,bcycle_lametro_4697,4,11,,1,1,1
2026-09-27T00:26:45.113414+00:00,2026-09-27T00:26:46+00:00,2026-09-27T00:26:46+00:00,bcycle_lametro_4698,1,12,,0,0,1
2026-09-27T00:26:45.113414+00:00,2026-09-27T00:26:46+00:00,2026-09-27T00:26:46+00:00,bcycle_lametro_4699,4,11,,1,1,1
2026-09-27T00:26:45.113414+00:00,2026-09-27T00:26:46+00:00,2026-09-27T00:26:46+00:00,bcycle_lametro_4700,11,6,,1,1,1
2026-09-27T00:26:45.113414+00:00,2026-09-27T00:26:46+00:00,2026-09-27T00:26:46+00:00,bcycle_lametro_4707,6,7,,1,1,1
2026-09-27T00:26:45.113414+00:00,2026-09-27T00:26:46+00:00,2026-09-27T00:26:46+00:00,bcycle_lametro_4729,4,9,,1,1,1
2026-09-27T00:26:45.113414+00:00,2026-09-27T00:26:46+00:00,2026-09-27T00:26:46+00:00,bcycle_lametro_4730,8,5,,1,1,1
2026-09-27T00:26:45.113414+00:00,2026-09-27T00:26:46+00:00,2026-09-27T00:26:46+00:00,bcycle_lametro_4732,11,10,,1,1,1
2026-09-27T00:26:45.113414+00:00,2026-09-27T00:26:46+00:00,2026-09-27T00:26:46+00:00,bcycle_lametro_4733,0,23,,1,1,1
2026-09-27T00:26:45.113414+00:00,2026-09-27T00:26:46+00:00,2026-09-27T00:26:46+00:00,bcycle_lametro_4734,4,11,,1,1,1
2026-09-27T00:26:45.113414+00:00,2026-09-27T00:26:46+00:00,2026-09-27T00:26:46+00:00,bcycle_lametro_4735,9,3,,1,1,1
2026-09-27T00:26:45.113414+00:00,2026-09-27T00:26:46+00:00,2026-09-27T00:26:46+00:00,bcycle_lametro_4736,7,8,,1,1,1
2026-09-27T00:26:45.113414+00:00,2026-09-27T00:26:46+00:00,2026-09-27T00:26:46+00:00,bcycle_lametro_4740,18,4,,1,1,1
2026-09-27T00:26:45.113414+00:00,2026-09-27T00:26:46+00:00,2026-09-27T00:26:46+00:00,bcycle_lametro_4745,1,10,,1,1,1
2026-09-27T05:37:12.213958+00:00,2026-09-27T05:36:21+00:00,2026-09-27T05:36:21+00:00,bcycle_lametro_3005,13,17,,1,1,1
2026-09-27T05:37:12.213958+00:00,2026-09-27T05:36:21+00:00,2026-09-27T05:36:21+00:00,bcycle_lametro_3006,15,14,,1,1,1
2026-09-27T05:37:12.213958+00:00,2026-09-27T05:36:21+00:00,2026-09-27T05:36:21+00:00,bcycle_lametro_3007,10,12,,1,1,1
2026-09-27T05:37:12.213958+00:00,2026-09-27T05:36:21+00:00,2026-09-27T05:36:21+00:00,bcycle_lametro_3008,6,9,,1,1,1
2026-09-27T05:37:12.213958+00:00,2026-09-27T05:36:21+00:00,2026-09-27T05:36:21+00:00,bcycle_lametro_3010,10,5,,1,1,1
2026-09-27T05:37:12.213958+00:00,2026-09-27T05:36:21+00:00,2026-09-27T05:36:21+00:00,bcycle_lametro_3011,7,9,,1,1,1
2026-09-27T05:37:12.213958+00:00,2026-09-27T05:36:21+00:00,2026-09-27T05:36:21+00:00,bcycle_lametro_3014,14,13,,1,1,1
2026-09-27T05:37:12.213958+00:00,2026-09-27T05:36:21+00:00,2026-09-27T05:36:21+00:00,bcycle_lametro_3016,5,10,,1,1,1
2026-09-27T05:37:12.213958+00:00,2026-09-27T05:36:21+00:00,2026-09-27T05:36:21+00:00,bcycle_lametro_3018,15,3,,1,1,1
2026-09-27T05:37:12.213958+00:00,2026-09-27T05:36:21+00:00,2026-09-27T05:36:21+00:00,bcycle_lametro_3019,7,12,,1,1,1
2026-09-27T05:37:12.213958+00:00,2026-09-27T05:36:21+00:00,2026-09-27T05:36:21+00:00,bcycle_lametro_3020,5,10,,1,1,1
2026-09-27T05:37:12.213958+00:00,2026-09-27T05:36:21+00:00,2026-09-27T05:36:21+00:00,bcycle_lametro_3022,9,11,,1,1,1
2026-09-27T05:37:12.213958+00:00,2026-09-27T05:36:21+00:00,2026-09-27T05:36:21+00:00,bcycle_lametro_3024,5,10,,1,1,1
2026-09-27T05:37:12.213958+00:00,2026-09-27T05:36:21+00:00,2026-09-27T05:36:21+00:00,bcycle_lametro_3025,10,4,,1,1,1
2026-09-27T05:37:12.213958+00:00,2026-09-27T05:36:21+00:00,2026-09-27T05:36:21+00:00,bcycle_lametro_3026,5,10,,1,1,1
2026-09-27T05:37:12.213958+00:00,2026-09-27T05:36:21+00:00,2026-09-27T05:36:21+00:00,bcycle_lametro_3027,7,8,,1,1,1
2026-09-27T05:37:12.213958+00:00,2026-09-27T05:36:21+00:00,2026-09-27T05:36:21+00:00,bcycle_lametro_3030,9,20,,1,1,1
2026-09-27T05:37:12.213958+00:00,2026-09-27T05:36:21+00:00,2026-09-27T05:36:21+00:00,bcycle_lametro_3032,10,17,,1,1,1
2026-09-27T05:37:12.213958+00:00,2026-09-27T05:36:21+00:00,2026-09-27T05:36:21+00:00,bcycle_lametro_3033,4,11,,1,1,1
2026-09-27T05:37:12.213958+00:00,2026-09-27T05:36:21+00:00,2026-09-27T05:36:21+00:00,bcycle_lametro_3034,13,9,,1,1,1
2026-09-27T05:37:12.213958+00:00,2026-09-27T05:36:21+00:00,2026-09-27T05:36:21+00:00,bcycle_lametro_3035,10,13,,1,1,1
2026-09-27T05:37:12.213958+00:00,2026-09-27T05:36:21+00:00,2026-09-27T05:36:21+00:00,bcycle_lametro_3036,7,8,,1,1,1
2026-09-27T05:37:12.213958+00:00,2026-09-27T05:36:21+00:00,2026-09-27T05:36:21+00:00,bcycle_lametro_3037,5,12,,1,1,1
2026-09-27T05:37:12.213958+00:00,2026-09-27T05:36:21+00:00,2026-09-27T05:36:21+00:00,bcycle_lametro_3040,2,1,,1,1,1
2026-09-27T05:37:12.213958+00:00,2026-09-27T05:36:21+00:00,2026-09-27T05:36:21+00:00,bcycle_lametro_3042,18,9,,1,1,1
2026-09-27T05:37:12.213958+00:00,2026-09-27T05:36:21+00:00,2026-09-27T05:36:21+00:00,bcycle_lametro_3045,3,7,,1,1,1
2026-09-27T05:37:12.213958+00:00,2026-09-27T05:36:21+00:00,2026-09-27T05:36:21+00:00,bcycle_lametro_3046,7,10,,1,1,1
2026-09-27T05:37:12.213958+00:00,2026-09-27T05:36:21+00:00,2026-09-27T05:36:21+00:00,bcycle_lametro_3047,13,12,,1,1,1
2026-09-27T05:37:12.213958+00:00,2026-09-27T05:36:21+00:00,2026-09-27T05:36:21+00:00,bcycle_lametro_3048,2,14,,1,1,1
2026-09-27T05:37:12.213958+00:00,2026-09-27T05:36:21+00:00,2026-09-27T05:36:21+00:00,bcycle_lametro_3052,8,14,,1,1,1
2026-09-27T05:37:12.213958+00:00,2026-09-27T05:36:21+00:00,2026-09-27T05:36:21+00:00,bcycle_lametro_3054,5,10,,1,1,1
2026-09-27T05:37:12.213958+00:00,2026-09-27T05:36:21+00:00,2026-09-27T05:36:21+00:00,bcycle_lametro_3056,8,7,,1,1,1
2026-09-27T05:37:12.213958+00:00,2026-09-27T05:36:21+00:00,2026-09-27T05:36:21+00:00,bcycle_lametro_3058,9,6,,1,1,1
2026-09-27T05:37:12.213958+00:00,2026-09-27T05:36:21+00:00,2026-09-27T05:36:21+00:00,bcycle_lametro_3062,4,11,,1,1,1
2026-09-27T05:37:12.213958+00:00,2026-09-27T05:36:21+00:00,2026-09-27T05:36:21+00:00,bcycle_lametro_3063,3,19,,1,1,1
2026-09-27T05:37:12.213958+00:00,2026-09-27T05:36:21+00:00,2026-09-27T05:36:21+00:00,bcycle_lametro_3064,5,12,,1,1,1
2026-09-27T05:37:12.213958+00:00,2026-09-27T05:36:21+00:00,2026-09-27T05:36:21+00:00,bcycle_lametro_3065,5,10,,1,1,1
2026-09-27T05:37:12.213958+00:00,2026-09-27T05:36:21+00:00,2026-09-27T05:36:21+00:00,bcycle_lametro_3066,13,2,,1,1,1
2026-09-27T05:37:12.213958+00:00,2026-09-27T05:36:21+00:00,2026-09-27T05:36:21+00:00,bcycle_lametro_3068,8,6,,1,1,1
2026-09-27T05:37:12.213958+00:00,2026-09-27T05:36:21+00:00,2026-09-27T05:36:21+00:00,bcycle_lametro_3069,5,12,,1,1,1
2026-09-27T05:37:12.213958+00:00,2026-09-27T05:36:21+00:00,2026-09-27T05:36:21+00:00,bcycle_lametro_3074,8,14,,1,1,1
2026-09-27T05:37:12.213958+00:00,2026-09-27T05:36:21+00:00,2026-09-27T05:36:21+00:00,bcycle_lametro_3075,13,3,,1,1,1
2026-09-27T05:37:12.213958+00:00,2026-09-27T05:36:21+00:00,2026-09-27T05:36:21+00:00,bcycle_lametro_3076,3,9,,1,1,1
2026-09-27T05:37:12.213958+00:00,2026-09-27T05:36:21+00:00,2026-09-27T05:36:21+00:00,bcycle_lametro_3077,7,6,,1,1,1
2026-09-27T05:37:12.213958+00:00,2026-09-27T05:36:21+00:00,2026-09-27T05:36:21+00:00,bcycle_lametro_3078,6,9,,1,1,1
2026-09-27T05:37:12.213958+00:00,2026-09-27T05:36:21+00:00,2026-09-27T05:36:21+00:00,bcycle_lametro_3079,3,11,,1,1,1
2026-09-27T05:37:12.213958+00:00,2026-09-27T05:36:21+00:00,2026-09-27T05:36:21+00:00,bcycle_lametro_3081,7,5,,1,1,1
2026-09-27T05:37:12.213958+00:00,2026-09-27T05:36:21+00:00,2026-09-27T05:36:21+00:00,bcycle_lametro_3082,13,9,,1,1,1
2026-09-27T05:37:12.213958+00:00,2026-09-27T05:36:21+00:00,2026-09-27T05:36:21+00:00,bcycle_lametro_4202,5,15,,1,1,1
2026-09-27T05:37:12.213958+00:00,2026-09-27T05:36:21+00:00,2026-09-27T05:36:21+00:00,bcycle_lametro_4204,10,6,,1,1,1
2026-09-27T05:37:12.213958+00:00,2026-09-27T05:36:21+00:00,2026-09-27T05:36:21+00:00,bcycle_lametro_4205,4,12,,1,1,1
2026-09-27T05:37:12.213958+00:00,2026-09-27T05:36:21+00:00,2026-09-27T05:36:21+00:00,bcycle_lametro_4206,10,13,,1,1,1
2026-09-27T05:37:12.213958+00:00,2026-09-27T05:36:21+00:00,2026-09-27T05:36:21+00:00,bcycle_lametro_4207,7,12,,1,1,1
2026-09-27T05:37:12.213958+00:00,2026-09-27T05:36:21+00:00,2026-09-27T05:36:21+00:00,bcycle_lametro_4208,7,10,,1,1,1
2026-09-27T05:37:12.213958+00:00,2026-09-27T05:36:21+00:00,2026-09-27T05:36:21+00:00,bcycle_lametro_4209,1,22,,1,1,1
2026-09-27T05:37:12.213958+00:00,2026-09-27T05:36:21+00:00,2026-09-27T05:36:21+00:00,bcycle_lametro_4210,7,8,,1,1,1
2026-09-27T05:37:12.213958+00:00,2026-09-27T05:36:21+00:00,2026-09-27T05:36:21+00:00,bcycle_lametro_4211,3,11,,1,1,1
2026-09-27T05:37:12.213958+00:00,2026-09-27T05:36:21+00:00,2026-09-27T05:36:21+00:00,bcycle_lametro_4212,6,15,,1,1,1
2026-09-27T05:37:12.213958+00:00,2026-09-27T05:36:21+00:00,2026-09-27T05:36:21+00:00,bcycle_lametro_4213,5,10,,1,1,1
2026-09-27T05:37:12.213958+00:00,2026-09-27T05:36:21+00:00,2026-09-27T05:36:21+00:00,bcycle_lametro_4214,3,23,,1,1,1
2026-09-27T05:37:12.213958+00:00,2026-09-27T05:36:21+00:00,2026-09-27T05:36:21+00:00,bcycle_lametro_4215,27,13,,1,1,1
2026-09-27T05:37:12.213958+00:00,2026-09-27T05:36:21+00:00,2026-09-27T05:36:21+00:00,bcycle_lametro_4216,7,12,,1,1,1
2026-09-27T05:37:12.213958+00:00,2026-09-27T05:36:21+00:00,2026-09-27T05:36:21+00:00,bcycle_lametro_4217,2,9,,1,1,1
2026-09-27T05:37:12.213958+00:00,2026-09-27T05:36:21+00:00,2026-09-27T05:36:21+00:00,bcycle_lametro_4220,8,7,,1,1,1
2026-09-27T05:37:12.213958+00:00,2026-09-27T05:36:21+00:00,2026-09-27T05:36:21+00:00,bcycle_lametro_4227,10,6,,1,1,1
2026-09-27T05:37:12.213958+00:00,2026-09-27T05:36:21+00:00,2026-09-27T05:36:21+00:00,bcycle_lametro_4245,5,9,,1,1,1
2026-09-27T05:37:12.213958+00:00,2026-09-27T05:36:21+00:00,2026-09-27T05:36:21+00:00,bcycle_lametro_4246,9,5,,1,1,1
2026-09-27T05:37:12.213958+00:00,2026-09-27T05:36:21+00:00,2026-09-27T05:36:21+00:00,bcycle_lametro_4247,2,6,,1,1,1
2026-09-27T05:37:12.213958+00:00,2026-09-27T05:36:21+00:00,2026-09-27T05:36:21+00:00,bcycle_lametro_4248,7,12,,1,1,1
2026-09-27T05:37:12.213958+00:00,2026-09-27T05:36:21+00:00,2026-09-27T05:36:21+00:00,bcycle_lametro_4249,9,6,,1,1,1
2026-09-27T05:37:12.213958+00:00,2026-09-27T05:36:21+00:00,2026-09-27T05:36:21+00:00,bcycle_lametro_4250,5,10,,1,1,1
2026-09-27T05:37:12.213958+00:00,2026-09-27T05:36:21+00:00,2026-09-27T05:36:21+00:00,bcycle_lametro_4254,6,9,,1,1,1
2026-09-27T05:37:12.213958+00:00,2026-09-27T05:36:21+00:00,2026-09-27T05:36:21+00:00,bcycle_lametro_4255,4,6,,1,1,1
2026-09-27T05:37:12.213958+00:00,2026-09-27T05:36:21+00:00,2026-09-27T05:36:21+00:00,bcycle_lametro_4266,13,2,,1,1,1
2026-09-27T05:37:12.213958+00:00,2026-09-27T05:36:21+00:00,2026-09-27T05:36:21+00:00,bcycle_lametro_4267,2,7,,1,1,1
2026-09-27T05:37:12.213958+00:00,2026-09-27T05:36:21+00:00,2026-09-27T05:36:21+00:00,bcycle_lametro_4273,8,7,,1,1,1
2026-09-27T05:37:12.213958+00:00,2026-09-27T05:36:21+00:00,2026-09-27T05:36:21+00:00,bcycle_lametro_4275,7,8,,1,1,1
2026-09-27T05:37:12.213958+00:00,2026-09-27T05:36:21+00:00,2026-09-27T05:36:21+00:00,bcycle_lametro_4293,6,4,,1,1,1
2026-09-27T05:37:12.213958+00:00,2026-09-27T05:36:21+00:00,2026-09-27T05:36:21+00:00,bcycle_lametro_4300,2,10,,1,1,1
2026-09-27T05:37:12.213958+00:00,2026-09-27T05:36:21+00:00,2026-09-27T05:36:21+00:00,bcycle_lametro_4301,5,5,,1,1,1
2026-09-27T05:37:12.213958+00:00,2026-09-27T05:36:21+00:00,2026-09-27T05:36:21+00:00,bcycle_lametro_4303,5,5,,1,1,1
2026-09-27T05:37:12.213958+00:00,2026-09-27T05:36:21+00:00,2026-09-27T05:36:21+00:00,bcycle_lametro_4304,6,5,,1,1,1
2026-09-27T05:37:12.213958+00:00,2026-09-27T05:36:21+00:00,2026-09-27T05:36:21+00:00,bcycle_lametro_4306,6,7,,1,1,1
2026-09-27T05:37:12.213958+00:00,2026-09-27T05:36:21+00:00,2026-09-27T05:36:21+00:00,bcycle_lametro_4311,3,10,,1,1,1
2026-09-27T05:37:12.213958+00:00,2026-09-27T05:36:21+00:00,2026-09-27T05:36:21+00:00,bcycle_lametro_4312,6,7,,1,1,1
2026-09-27T05:37:12.213958+00:00,2026-09-27T05:36:21+00:00,2026-09-27T05:36:21+00:00,bcycle_lametro_4313,6,6,,1,1,1
2026-09-27T05:37:12.213958+00:00,2026-09-27T05:36:21+00:00,2026-09-27T05:36:21+00:00,bcycle_lametro_4314,2,13,,1,1,1
2026-09-27T05:37:12.213958+00:00,2026-09-27T05:36:21+00:00,2026-09-27T05:36:21+00:00,bcycle_lametro_4315,2,6,,1,1,1
2026-09-27T05:37:12.213958+00:00,2026-09-27T05:36:21+00:00,2026-09-27T05:36:21+00:00,bcycle_lametro_4387,7,9,,1,1,1
2026-09-27T05:37:12.213958+00:00,2026-09-27T05:36:21+00:00,2026-09-27T05:36:21+00:00,bcycle_lametro_4390,5,7,,1,1,1
2026-09-27T05:37:12.213958+00:00,2026-09-27T05:36:21+00:00,2026-09-27T05:36:21+00:00,bcycle_lametro_4401,3,7,,1,1,1
2026-09-27T05:37:12.213958+00:00,2026-09-27T05:36:21+00:00,2026-09-27T05:36:21+00:00,bcycle_lametro_4404,11,4,,1,1,1
2026-09-27T05:37:12.213958+00:00,2026-09-27T05:36:21+00:00,2026-09-27T05:36:21+00:00,bcycle_lametro_4405,8,5,,1,1,1
2026-09-27T05:37:12.213958+00:00,2026-09-27T05:36:21+00:00,2026-09-27T05:36:21+00:00,bcycle_lametro_4406,4,10,,1,1,1
2026-09-27T05:37:12.213958+00:00,2026-09-27T05:36:21+00:00,2026-09-27T05:36:21+00:00,bcycle_lametro_4410,6,6,,1,1,1
2026-09-27T05:37:12.213958+00:00,2026-09-27T05:36:21+00:00,2026-09-27T05:36:21+00:00,bcycle_lametro_4436,5,4,,1,1,1
2026-09-27T05:37:12.213958+00:00,2026-09-27T05:36:21+00:00,2026-09-27T05:36:21+00:00,bcycle_lametro_4437,5,8,,1,1,1
2026-09-27T05:37:12.213958+00:00,2026-09-27T05:36:21+00:00,2026-09-27T05:36:21+00:00,bcycle_lametro_4440,10,8,,1,1,1
2026-09-27T05:37:12.213958+00:00,2026-09-27T05:36:21+00:00,2026-09-27T05:36:21+00:00,bcycle_lametro_4441,3,4,,1,1,1
2026-09-27T05:37:12.213958+00:00,2026-09-27T05:36:21+00:00,2026-09-27T05:36:21+00:00,bcycle_lametro_4442,8,4,,1,1,1
2026-09-27T05:37:12.213958+00:00,2026-09-27T05:36:21+00:00,2026-09-27T05:36:21+00:00,bcycle_lametro_4443,6,2,,1,1,1
2026-09-27T05:37:12.213958+00:00,2026-09-27T05:36:21+00:00,2026-09-27T05:36:21+00:00,bcycle_lametro_4444,1,8,,1,1,1
2026-09-27T05:37:12.213958+00:00,2026-09-27T05:36:21+00:00,2026-09-27T05:36:21+00:00,bcycle_lametro_4445,6,9,,1,1,1
2026-09-27T05:37:12.213958+00:00,2026-09-27T05:36:21+00:00,2026-09-27T05:36:21+00:00,bcycle_lametro_4446,7,1,,1,1,1
2026-09-27T05:37:12.213958+00:00,2026-09-27T05:36:21+00:00,2026-09-27T05:36:21+00:00,bcycle_lametro_4447,8,4,,1,1,1
2026-09-27T05:37:12.213958+00:00,2026-09-27T05:36:21+00:00,2026-09-27T05:36:21+00:00,bcycle_lametro_4448,6,12,,1,1,1
2026-09-27T05:37:12.213958+00:00,2026-09-27T05:36:21+00:00,2026-09-27T05:36:21+00:00,bcycle_lametro_4449,2,11,,1,1,1
2026-09-27T05:37:12.213958+00:00,2026-09-27T05:36:21+00:00,2026-09-27T05:36:21+00:00,bcycle_lametro_4450,4,9,,1,1,1
2026-09-27T05:37:12.213958+00:00,2026-09-27T05:36:21+00:00,2026-09-27T05:36:21+00:00,bcycle_lametro_4451,3,6,,1,1,1
2026-09-27T05:37:12.213958+00:00,2026-09-27T05:36:21+00:00,2026-09-27T05:36:21+00:00,bcycle_lametro_4452,4,6,,1,1,1
2026-09-27T05:37:12.213958+00:00,2026-09-27T05:36:21+00:00,2026-09-27T05:36:21+00:00,bcycle_lametro_4453,3,7,,1,1,1
2026-09-27T05:37:12.213958+00:00,2026-09-27T05:36:21+00:00,2026-09-27T05:36:21+00:00,bcycle_lametro_4454,7,7,,1,1,1
2026-09-27T05:37:12.213958+00:00,2026-09-27T05:36:21+00:00,2026-09-27T05:36:21+00:00,bcycle_lametro_4455,8,7,,1,1,1
2026-09-27T05:37:12.213958+00:00,2026-09-27T05:36:21+00:00,2026-09-27T05:36:21+00:00,bcycle_lametro_4456,10,5,,1,1,1
2026-09-27T05:37:12.213958+00:00,2026-09-27T05:36:21+00:00,2026-09-27T05:36:21+00:00,bcycle_lametro_4457,3,5,,1,1,1
2026-09-27T05:37:12.213958+00:00,2026-09-27T05:36:21+00:00,2026-09-27T05:36:21+00:00,bcycle_lametro_4472,8,8,,1,1,1
2026-09-27T05:37:12.213958+00:00,2026-09-27T05:36:21+00:00,2026-09-27T05:36:21+00:00,bcycle_lametro_4473,4,4,,1,1,1
2026-09-27T05:37:12.213958+00:00,2026-09-27T05:36:21+00:00,2026-09-27T05:36:21+00:00,bcycle_lametro_4474,4,6,,1,1,1
2026-09-27T05:37:12.213958+00:00,2026-09-27T05:36:21+00:00,2026-09-27T05:36:21+00:00,bcycle_lametro_4475,7,4,,1,1,1
2026-09-27T05:37:12.213958+00:00,2026-09-27T05:36:21+00:00,2026-09-27T05:36:21+00:00,bcycle_lametro_4476,3,11,,1,1,1
2026-09-27T05:37:12.213958+00:00,2026-09-27T05:36:21+00:00,2026-09-27T05:36:21+00:00,bcycle_lametro_4477,4,9,,1,1,1
2026-09-27T05:37:12.213958+00:00,2026-09-27T05:36:21+00:00,2026-09-27T05:36:21+00:00,bcycle_lametro_4479,3,9,,1,1,1
2026-09-27T05:37:12.213958+00:00,2026-09-27T05:36:21+00:00,2026-09-27T05:36:21+00:00,bcycle_lametro_4483,6,6,,1,1,1
2026-09-27T05:37:12.213958+00:00,2026-09-27T05:36:21+00:00,2026-09-27T05:36:21+00:00,bcycle_lametro_4487,14,2,,1,1,1
2026-09-27T05:37:12.213958+00:00,2026-09-27T05:36:21+00:00,2026-09-27T05:36:21+00:00,bcycle_lametro_4490,8,7,,1,1,1
2026-09-27T05:37:12.213958+00:00,2026-09-27T05:36:21+00:00,2026-09-27T05:36:21+00:00,bcycle_lametro_4491,10,3,,1,1,1
2026-09-27T05:37:12.213958+00:00,2026-09-27T05:36:21+00:00,2026-09-27T05:36:21+00:00,bcycle_lametro_4492,9,10,,1,1,1
2026-09-27T05:37:12.213958+00:00,2026-09-27T05:36:21+00:00,2026-09-27T05:36:21+00:00,bcycle_lametro_4493,4,12,,1,1,1
2026-09-27T05:37:12.213958+00:00,2026-09-27T05:36:21+00:00,2026-09-27T05:36:21+00:00,bcycle_lametro_4494,7,2,,1,1,1
2026-09-27T05:37:12.213958+00:00,2026-09-27T05:36:21+00:00,2026-09-27T05:36:21+00:00,bcycle_lametro_4509,1,9,,1,1,1
2026-09-27T05:37:12.213958+00:00,2026-09-27T05:36:21+00:00,2026-09-27T05:36:21+00:00,bcycle_lametro_4510,6,4,,1,1,1
2026-09-27T05:37:12.213958+00:00,2026-09-27T05:36:21+00:00,2026-09-27T05:36:21+00:00,bcycle_lametro_4511,8,11,,1,1,1
2026-09-27T05:37:12.213958+00:00,2026-09-27T05:36:21+00:00,2026-09-27T05:36:21+00:00,bcycle_lametro_4512,12,3,,1,1,1
2026-09-27T05:37:12.213958+00:00,2026-09-27T05:36:21+00:00,2026-09-27T05:36:21+00:00,bcycle_lametro_4514,9,12,,1,1,1
2026-09-27T05:37:12.213958+00:00,2026-09-27T05:36:21+00:00,2026-09-27T05:36:21+00:00,bcycle_lametro_4515,7,2,,1,1,1
2026-09-27T05:37:12.213958+00:00,2026-09-27T05:36:21+00:00,2026-09-27T05:36:21+00:00,bcycle_lametro_4517,9,2,,1,1,1
2026-09-27T05:37:12.213958+00:00,2026-09-27T05:36:21+00:00,2026-09-27T05:36:21+00:00,bcycle_lametro_4521,7,5,,1,1,1
2026-09-27T05:37:12.213958+00:00,2026-09-27T05:36:21+00:00,2026-09-27T05:36:21+00:00,bcycle_lametro_4523,10,5,,1,1,1
2026-09-27T05:37:12.213958+00:00,2026-09-27T05:36:21+00:00,2026-09-27T05:36:21+00:00,bcycle_lametro_4524,4,10,,1,1,1
2026-09-27T05:37:12.213958+00:00,2026-09-27T05:36:21+00:00,2026-09-27T05:36:21+00:00,bcycle_lametro_4525,6,5,,1,1,1
2026-09-27T05:37:12.213958+00:00,2026-09-27T05:36:21+00:00,2026-09-27T05:36:21+00:00,bcycle_lametro_4526,5,16,,1,1,1
2026-09-27T05:37:12.213958+00:00,2026-09-27T05:36:21+00:00,2026-09-27T05:36:21+00:00,bcycle_lametro_4527,6,8,,1,1,1
2026-09-27T05:37:12.213958+00:00,2026-09-27T05:36:21+00:00,2026-09-27T05:36:21+00:00,bcycle_lametro_4528,9,5,,1,1,1
2026-09-27T05:37:12.213958+00:00,2026-09-27T05:36:21+00:00,2026-09-27T05:36:21+00:00,bcycle_lametro_4529,2,11,,1,1,1
2026-09-27T05:37:12.213958+00:00,2026-09-27T05:36:21+00:00,2026-09-27T05:36:21+00:00,bcycle_lametro_4534,8,7,,1,1,1
2026-09-27T05:37:12.213958+00:00,2026-09-27T05:36:21+00:00,2026-09-27T05:36:21+00:00,bcycle_lametro_4536,4,6,,1,1,1
2026-09-27T05:37:12.213958+00:00,2026-09-27T05:36:21+00:00,2026-09-27T05:36:21+00:00,bcycle_lametro_4537,5,13,,1,1,1
2026-09-27T05:37:12.213958+00:00,2026-09-27T05:36:21+00:00,2026-09-27T05:36:21+00:00,bcycle_lametro_4538,1,7,,1,1,1
2026-09-27T05:37:12.213958+00:00,2026-09-27T05:36:21+00:00,2026-09-27T05:36:21+00:00,bcycle_lametro_4540,6,8,,1,1,1
2026-09-27T05:37:12.213958+00:00,2026-09-27T05:36:21+00:00,2026-09-27T05:36:21+00:00,bcycle_lametro_4543,8,0,,1,1,1
2026-09-27T05:37:12.213958+00:00,2026-09-27T05:36:21+00:00,2026-09-27T05:36:21+00:00,bcycle_lametro_4544,4,10,,1,1,1
2026-09-27T05:37:12.213958+00:00,2026-09-27T05:36:21+00:00,2026-09-27T05:36:21+00:00,bcycle_lametro_4545,1,7,,1,1,1
2026-09-27T05:37:12.213958+00:00,2026-09-27T05:36:21+00:00,2026-09-27T05:36:21+00:00,bcycle_lametro_4546,3,16,,1,1,1
2026-09-27T05:37:12.213958+00:00,2026-09-27T05:36:21+00:00,2026-09-27T05:36:21+00:00,bcycle_lametro_4547,6,4,,1,1,1
2026-09-27T05:37:12.213958+00:00,2026-09-27T05:36:21+00:00,2026-09-27T05:36:21+00:00,bcycle_lametro_4548,5,7,,1,1,1
2026-09-27T05:37:12.213958+00:00,2026-09-27T05:36:21+00:00,2026-09-27T05:36:21+00:00,bcycle_lametro_4549,11,5,,1,1,1
2026-09-27T05:37:12.213958+00:00,2026-09-27T05:36:21+00:00,2026-09-27T05:36:21+00:00,bcycle_lametro_4552,9,3,,1,1,1
2026-09-27T05:37:12.213958+00:00,2026-09-27T05:36:21+00:00,2026-09-27T05:36:21+00:00,bcycle_lametro_4553,4,5,,1,1,1
2026-09-27T05:37:12.213958+00:00,2026-09-27T05:36:21+00:00,2026-09-27T05:36:21+00:00,bcycle_lametro_4554,2,9,,1,1,1
2026-09-27T05:37:12.213958+00:00,2026-09-27T05:36:21+00:00,2026-09-27T05:36:21+00:00,bcycle_lametro_4555,1,7,,1,1,1
2026-09-27T05:37:12.213958+00:00,2026-09-27T05:36:21+00:00,2026-09-27T05:36:21+00:00,bcycle_lametro_4556,4,9,,1,1,1
2026-09-27T05:37:12.213958+00:00,2026-09-27T05:36:21+00:00,2026-09-27T05:36:21+00:00,bcycle_lametro_4557,9,2,,1,1,1
2026-09-27T05:37:12.213958+00:00,2026-09-27T05:36:21+00:00,2026-09-27T05:36:21+00:00,bcycle_lametro_4558,7,10,,1,1,1
2026-09-27T05:37:12.213958+00:00,2026-09-27T05:36:21+00:00,2026-09-27T05:36:21+00:00,bcycle_lametro_4561,7,2,,1,1,1
2026-09-27T05:37:12.213958+00:00,2026-09-27T05:36:21+00:00,2026-09-27T05:36:21+00:00,bcycle_lametro_4562,8,6,,1,1,1
2026-09-27T05:37:12.213958+00:00,2026-09-27T05:36:21+00:00,2026-09-27T05:36:21+00:00,bcycle_lametro_4563,7,2,,1,1,1
2026-09-27T05:37:12.213958+00:00,2026-09-27T05:36:21+00:00,2026-09-27T05:36:21+00:00,bcycle_lametro_4564,10,5,,1,1,1
2026-09-27T05:37:12.213958+00:00,2026-09-27T05:36:21+00:00,2026-09-27T05:36:21+00:00,bcycle_lametro_4565,2,10,,1,1,1
2026-09-27T05:37:12.213958+00:00,2026-09-27T05:36:21+00:00,2026-09-27T05:36:21+00:00,bcycle_lametro_4566,3,11,,1,1,1
2026-09-27T05:37:12.213958+00:00,2026-09-27T05:36:21+00:00,2026-09-27T05:36:21+00:00,bcycle_lametro_4567,10,1,,1,1,1
2026-09-27T05:37:12.213958+00:00,2026-09-27T05:36:21+00:00,2026-09-27T05:36:21+00:00,bcycle_lametro_4568,0,14,,1,1,1
2026-09-27T05:37:12.213958+00:00,2026-09-27T05:36:21+00:00,2026-09-27T05:36:21+00:00,bcycle_lametro_4569,2,7,,1,1,1
2026-09-27T05:37:12.213958+00:00,2026-09-27T05:36:21+00:00,2026-09-27T05:36:21+00:00,bcycle_lametro_4570,6,9,,1,1,1
2026-09-27T05:37:12.213958+00:00,2026-09-27T05:36:21+00:00,2026-09-27T05:36:21+00:00,bcycle_lametro_4571,1,6,,1,1,1
2026-09-27T05:37:12.213958+00:00,2026-09-27T05:36:21+00:00,2026-09-27T05:36:21+00:00,bcycle_lametro_4575,1,10,,1,1,1
2026-09-27T05:37:12.213958+00:00,2026-09-27T05:36:21+00:00,2026-09-27T05:36:21+00:00,bcycle_lametro_4576,2,9,,1,1,1
2026-09-27T05:37:12.213958+00:00,2026-09-27T05:36:21+00:00,2026-09-27T05:36:21+00:00,bcycle_lametro_4578,4,3,,1,1,1
2026-09-27T05:37:12.213958+00:00,2026-09-27T05:36:21+00:00,2026-09-27T05:36:21+00:00,bcycle_lametro_4579,6,6,,1,1,1
2026-09-27T05:37:12.213958+00:00,2026-09-27T05:36:21+00:00,2026-09-27T05:36:21+00:00,bcycle_lametro_4580,7,1,,1,1,1
2026-09-27T05:37:12.213958+00:00,2026-09-27T05:36:21+00:00,2026-09-27T05:36:21+00:00,bcycle_lametro_4581,6,11,,1,1,1
2026-09-27T05:37:12.213958+00:00,2026-09-27T05:36:21+00:00,2026-09-27T05:36:21+00:00,bcycle_lametro_4583,12,6,,1,1,1
2026-09-27T05:37:12.213958+00:00,2026-09-27T05:36:21+00:00,2026-09-27T05:36:21+00:00,bcycle_lametro_4584,7,7,,1,1,1
2026-09-27T05:37:12.213958+00:00,2026-09-27T05:36:21+00:00,2026-09-27T05:36:21+00:00,bcycle_lametro_4587,4,7,,1,1,1
2026-09-27T05:37:12.213958+00:00,2026-09-27T05:36:21+00:00,2026-09-27T05:36:21+00:00,bcycle_lametro_4595,5,13,,1,1,1
2026-09-27T05:37:12.213958+00:00,2026-09-27T05:36:21+00:00,2026-09-27T05:36:21+00:00,bcycle_lametro_4596,4,11,,1,1,1
2026-09-27T05:37:12.213958+00:00,2026-09-27T05:36:21+00:00,2026-09-27T05:36:21+00:00,bcycle_lametro_4597,2,9,,1,1,1
2026-09-27T05:37:12.213958+00:00,2026-09-27T05:36:21+00:00,2026-09-27T05:36:21+00:00,bcycle_lametro_4598,6,3,,1,1,1
2026-09-27T05:37:12.213958+00:00,2026-09-27T05:36:21+00:00,2026-09-27T05:36:21+00:00,bcycle_lametro_4599,2,10,,1,1,1
2026-09-27T05:37:12.213958+00:00,2026-09-27T05:36:21+00:00,2026-09-27T05:36:21+00:00,bcycle_lametro_4600,4,6,,1,1,1
2026-09-27T05:37:12.213958+00:00,2026-09-27T05:36:21+00:00,2026-09-27T05:36:21+00:00,bcycle_lametro_4601,6,5,,1,1,1
2026-09-27T05:37:12.213958+00:00,2026-09-27T05:36:21+00:00,2026-09-27T05:36:21+00:00,bcycle_lametro_4603,6,12,,1,1,1
2026-09-27T05:37:12.213958+00:00,2026-09-27T05:36:21+00:00,2026-09-27T05:36:21+00:00,bcycle_lametro_4604,8,4,,1,1,1
2026-09-27T05:37:12.213958+00:00,2026-09-27T05:36:21+00:00,2026-09-27T05:36:21+00:00,bcycle_lametro_4605,9,4,,1,1,1
2026-09-27T05:37:12.213958+00:00,2026-09-27T05:36:21+00:00,2026-09-27T05:36:21+00:00,bcycle_lametro_4606,3,17,,1,1,1
2026-09-27T05:37:12.213958+00:00,2026-09-27T05:36:21+00:00,2026-09-27T05:36:21+00:00,bcycle_lametro_4613,4,15,,1,1,1
2026-09-27T05:37:12.213958+00:00,2026-09-27T05:36:21+00:00,2026-09-27T05:36:21+00:00,bcycle_lametro_4614,4,16,,1,1,1
2026-09-27T05:37:12.213958+00:00,2026-09-27T05:36:21+00:00,2026-09-27T05:36:21+00:00,bcycle_lametro_4627,3,14,,1,1,1
2026-09-27T05:37:12.213958+00:00,2026-09-27T05:36:21+00:00,2026-09-27T05:36:21+00:00,bcycle_lametro_4628,7,6,,1,1,1
2026-09-27T05:37:12.213958+00:00,2026-09-27T05:36:21+00:00,2026-09-27T05:36:21+00:00,bcycle_lametro_4632,9,6,,1,1,1
2026-09-27T05:37:12.213958+00:00,2026-09-27T05:36:21+00:00,2026-09-27T05:36:21+00:00,bcycle_lametro_4643,8,12,,1,1,1
2026-09-27T05:37:12.213958+00:00,2026-09-27T05:36:21+00:00,2026-09-27T05:36:21+00:00,bcycle_lametro_4644,7,5,,1,1,1
2026-09-27T05:37:12.213958+00:00,2026-09-27T05:36:21+00:00,2026-09-27T05:36:21+00:00,bcycle_lametro_4645,7,5,,1,1,1
2026-09-27T05:37:12.213958+00:00,2026-09-27T05:36:21+00:00,2026-09-27T05:36:21+00:00,bcycle_lametro_4652,2,9,,1,1,1
2026-09-27T05:37:12.213958+00:00,2026-09-27T05:36:21+00:00,2026-09-27T05:36:21+00:00,bcycle_lametro_4660,5,12,,1,1,1
2026-09-27T05:37:12.213958+00:00,2026-09-27T05:36:21+00:00,2026-09-27T05:36:21+00:00,bcycle_lametro_4664,8,12,,1,1,1
2026-09-27T05:37:12.213958+00:00,2026-09-27T05:36:21+00:00,2026-09-27T05:36:21+00:00,bcycle_lametro_4672,8,7,,1,1,1
2026-09-27T05:37:12.213958+00:00,2026-09-27T05:36:21+00:00,2026-09-27T05:36:21+00:00,bcycle_lametro_4680,8,10,,1,1,1
2026-09-27T05:37:12.213958+00:00,2026-09-27T05:36:21+00:00,2026-09-27T05:36:21+00:00,bcycle_lametro_4689,10,5,,1,1,1
2026-09-27T05:37:12.213958+00:00,2026-09-27T05:36:21+00:00,2026-09-27T05:36:21+00:00,bcycle_lametro_4690,11,3,,1,1,1
2026-09-27T05:37:12.213958+00:00,2026-09-27T05:36:21+00:00,2026-09-27T05:36:21+00:00,bcycle_lametro_4696,8,6,,1,1,1
2026-09-27T05:37:12.213958+00:00,2026-09-27T05:36:21+00:00,2026-09-27T05:36:21+00:00,bcycle_lametro_4697,4,11,,1,1,1
2026-09-27T05:37:12.213958+00:00,2026-09-27T05:36:21+00:00,2026-09-27T05:36:21+00:00,bcycle_lametro_4698,8,5,,1,1,1
2026-09-27T05:37:12.213958+00:00,2026-09-27T05:36:21+00:00,2026-09-27T05:36:21+00:00,bcycle_lametro_4699,6,9,,1,1,1
2026-09-27T05:37:12.213958+00:00,2026-09-27T05:36:21+00:00,2026-09-27T05:36:21+00:00,bcycle_lametro_4700,11,6,,1,1,1
2026-09-27T05:37:12.213958+00:00,2026-09-27T05:36:21+00:00,2026-09-27T05:36:21+00:00,bcycle_lametro_4707,6,7,,1,1,1
2026-09-27T05:37:12.213958+00:00,2026-09-27T05:36:21+00:00,2026-09-27T05:36:21+00:00,bcycle_lametro_4729,4,9,,1,1,1
2026-09-27T05:37:12.213958+00:00,2026-09-27T05:36:21+00:00,2026-09-27T05:36:21+00:00,bcycle_lametro_4730,9,4,,1,1,1
2026-09-27T05:37:12.213958+00:00,2026-09-27T05:36:21+00:00,2026-09-27T05:36:21+00:00,bcycle_lametro_4732,10,11,,1,1,1
2026-09-27T05:37:12.213958+00:00,2026-09-27T05:36:21+00:00,2026-09-27T05:36:21+00:00,bcycle_lametro_4733,8,15,,1,1,1
2026-09-27T05:37:12.213958+00:00,2026-09-27T05:36:21+00:00,2026-09-27T05:36:21+00:00,bcycle_lametro_4734,2,13,,1,1,1
2026-09-27T05:37:12.213958+00:00,2026-09-27T05:36:21+00:00,2026-09-27T05:36:21+00:00,bcycle_lametro_4735,9,3,,1,1,1
2026-09-27T05:37:12.213958+00:00,2026-09-27T05:36:21+00:00,2026-09-27T05:36:21+00:00,bcycle_lametro_4736,7,8,,1,1,1
2026-09-27T05:37:12.213958+00:00,2026-09-27T05:36:21+00:00,2026-09-27T05:36:21+00:00,bcycle_lametro_4740,18,4,,1,1,1
2026-09-27T05:37:12.213958+00:00,2026-09-27T05:36:21+00:00,2026-09-27T05:36:21+00:00,bcycle_lametro_4745,0,11,,1,1,1
2026-09-27T10:44:09.808794+00:00,2026-09-27T10:44:11+00:00,2026-09-27T10:44:11+00:00,bcycle_lametro_3005,13,17,,1,1,1
2026-09-27T10:44:09.808794+00:00,2026-09-27T10:44:11+00:00,2026-09-27T10:44:11+00:00,bcycle_lametro_3006,15,14,,1,1,1
2026-09-27T10:44:09.808794+00:00,2026-09-27T10:44:11+00:00,2026-09-27T10:44:11+00:00,bcycle_lametro_3007,10,12,,1,1,1
2026-09-27T10:44:09.808794+00:00,2026-09-27T10:44:11+00:00,2026-09-27T10:44:11+00:00,bcycle_lametro_3008,6,9,,1,1,1
2026-09-27T10:44:09.808794+00:00,2026-09-27T10:44:11+00:00,2026-09-27T10:44:11+00:00,bcycle_lametro_3010,10,5,,1,1,1
2026-09-27T10:44:09.808794+00:00,2026-09-27T10:44:11+00:00,2026-09-27T10:44:11+00:00,bcycle_lametro_3011,7,9,,1,1,1
2026-09-27T10:44:09.808794+00:00,2026-09-27T10:44:11+00:00,2026-09-27T10:44:11+00:00,bcycle_lametro_3014,14,13,,1,1,1
2026-09-27T10:44:09.808794+00:00,2026-09-27T10:44:11+00:00,2026-09-27T10:44:11+00:00,bcycle_lametro_3016,3,12,,1,1,1
2026-09-27T10:44:09.808794+00:00,2026-09-27T10:44:11+00:00,2026-09-27T10:44:11+00:00,bcycle_lametro_3018,15,3,,1,1,1
2026-09-27T10:44:09.808794+00:00,2026-09-27T10:44:11+00:00,2026-09-27T10:44:11+00:00,bcycle_lametro_3019,7,12,,1,1,1
2026-09-27T10:44:09.808794+00:00,2026-09-27T10:44:11+00:00,2026-09-27T10:44:11+00:00,bcycle_lametro_3020,5,10,,1,1,1
2026-09-27T10:44:09.808794+00:00,2026-09-27T10:44:11+00:00,2026-09-27T10:44:11+00:00,bcycle_lametro_3022,9,11,,1,1,1
2026-09-27T10:44:09.808794+00:00,2026-09-27T10:44:11+00:00,2026-09-27T10:44:11+00:00,bcycle_lametro_3024,5,10,,1,1,1
2026-09-27T10:44:09.808794+00:00,2026-09-27T10:44:11+00:00,2026-09-27T10:44:11+00:00,bcycle_lametro_3025,10,4,,1,1,1
2026-09-27T10:44:09.808794+00:00,2026-09-27T10:44:11+00:00,2026-09-27T10:44:11+00:00,bcycle_lametro_3026,6,9,,1,1,1
2026-09-27T10:44:09.808794+00:00,2026-09-27T10:44:11+00:00,2026-09-27T10:44:11+00:00,bcycle_lametro_3027,7,8,,1,1,1
2026-09-27T10:44:09.808794+00:00,2026-09-27T10:44:11+00:00,2026-09-27T10:44:11+00:00,bcycle_lametro_3030,9,20,,1,1,1
2026-09-27T10:44:09.808794+00:00,2026-09-27T10:44:11+00:00,2026-09-27T10:44:11+00:00,bcycle_lametro_3032,10,17,,1,1,1
2026-09-27T10:44:09.808794+00:00,2026-09-27T10:44:11+00:00,2026-09-27T10:44:11+00:00,bcycle_lametro_3033,4,11,,1,1,1
2026-09-27T10:44:09.808794+00:00,2026-09-27T10:44:11+00:00,2026-09-27T10:44:11+00:00,bcycle_lametro_3034,13,9,,1,1,1
2026-09-27T10:44:09.808794+00:00,2026-09-27T10:44:11+00:00,2026-09-27T10:44:11+00:00,bcycle_lametro_3035,10,13,,1,1,1
2026-09-27T10:44:09.808794+00:00,2026-09-27T10:44:11+00:00,2026-09-27T10:44:11+00:00,bcycle_lametro_3036,6,9,,1,1,1
2026-09-27T10:44:09.808794+00:00,2026-09-27T10:44:11+00:00,2026-09-27T10:44:11+00:00,bcycle_lametro_3037,5,12,,1,1,1
2026-09-27T10:44:09.808794+00:00,2026-09-27T10:44:11+00:00,2026-09-27T10:44:11+00:00,bcycle_lametro_3040,2,1,,1,1,1
2026-09-27T10:44:09.808794+00:00,2026-09-27T10:44:11+00:00,2026-09-27T10:44:11+00:00,bcycle_lametro_3042,18,9,,1,1,1
2026-09-27T10:44:09.808794+00:00,2026-09-27T10:44:11+00:00,2026-09-27T10:44:11+00:00,bcycle_lametro_3045,2,8,,1,1,1
2026-09-27T10:44:09.808794+00:00,2026-09-27T10:44:11+00:00,2026-09-27T10:44:11+00:00,bcycle_lametro_3046,7,10,,1,1,1
2026-09-27T10:44:09.808794+00:00,2026-09-27T10:44:11+00:00,2026-09-27T10:44:11+00:00,bcycle_lametro_3047,15,10,,1,1,1
2026-09-27T10:44:09.808794+00:00,2026-09-27T10:44:11+00:00,2026-09-27T10:44:11+00:00,bcycle_lametro_3048,2,14,,1,1,1
2026-09-27T10:44:09.808794+00:00,2026-09-27T10:44:11+00:00,2026-09-27T10:44:11+00:00,bcycle_lametro_3052,8,14,,1,1,1
2026-09-27T10:44:09.808794+00:00,2026-09-27T10:44:11+00:00,2026-09-27T10:44:11+00:00,bcycle_lametro_3054,5,10,,1,1,1
2026-09-27T10:44:09.808794+00:00,2026-09-27T10:44:11+00:00,2026-09-27T10:44:11+00:00,bcycle_lametro_3056,8,7,,1,1,1
2026-09-27T10:44:09.808794+00:00,2026-09-27T10:44:11+00:00,2026-09-27T10:44:11+00:00,bcycle_lametro_3058,10,5,,1,1,1
2026-09-27T10:44:09.808794+00:00,2026-09-27T10:44:11+00:00,2026-09-27T10:44:11+00:00,bcycle_lametro_3062,4,11,,1,1,1
2026-09-27T10:44:09.808794+00:00,2026-09-27T10:44:11+00:00,2026-09-27T10:44:11+00:00,bcycle_lametro_3063,3,19,,1,1,1
2026-09-27T10:44:09.808794+00:00,2026-09-27T10:44:11+00:00,2026-09-27T10:44:11+00:00,bcycle_lametro_3064,3,14,,1,1,1
2026-09-27T10:44:09.808794+00:00,2026-09-27T10:44:11+00:00,2026-09-27T10:44:11+00:00,bcycle_lametro_3065,5,10,,1,1,1
2026-09-27T10:44:09.808794+00:00,2026-09-27T10:44:11+00:00,2026-09-27T10:44:11+00:00,bcycle_lametro_3066,13,2,,1,1,1
2026-09-27T10:44:09.808794+00:00,2026-09-27T10:44:11+00:00,2026-09-27T10:44:11+00:00,bcycle_lametro_3068,8,6,,1,1,1
2026-09-27T10:44:09.808794+00:00,2026-09-27T10:44:11+00:00,2026-09-27T10:44:11+00:00,bcycle_lametro_3069,5,12,,1,1,1
2026-09-27T10:44:09.808794+00:00,2026-09-27T10:44:11+00:00,2026-09-27T10:44:11+00:00,bcycle_lametro_3074,8,14,,1,1,1
2026-09-27T10:44:09.808794+00:00,2026-09-27T10:44:11+00:00,2026-09-27T10:44:11+00:00,bcycle_lametro_3075,13,3,,1,1,1
2026-09-27T10:44:09.808794+00:00,2026-09-27T10:44:11+00:00,2026-09-27T10:44:11+00:00,bcycle_lametro_3076,3,9,,1,1,1
2026-09-27T10:44:09.808794+00:00,2026-09-27T10:44:11+00:00,2026-09-27T10:44:11+00:00,bcycle_lametro_3077,7,6,,1,1,1
2026-09-27T10:44:09.808794+00:00,2026-09-27T10:44:11+00:00,2026-09-27T10:44:11+00:00,bcycle_lametro_3078,6,9,,1,1,1
2026-09-27T10:44:09.808794+00:00,2026-09-27T10:44:11+00:00,2026-09-27T10:44:11+00:00,bcycle_lametro_3079,3,11,,1,1,1
2026-09-27T10:44:09.808794+00:00,2026-09-27T10:44:11+00:00,2026-09-27T10:44:11+00:00,bcycle_lametro_3081,7,5,,1,1,1
2026-09-27T10:44:09.808794+00:00,2026-09-27T10:44:11+00:00,2026-09-27T10:44:11+00:00,bcycle_lametro_3082,13,9,,1,1,1
2026-09-27T10:44:09.808794+00:00,2026-09-27T10:44:11+00:00,2026-09-27T10:44:11+00:00,bcycle_lametro_4202,5,15,,1,1,1
2026-09-27T10:44:09.808794+00:00,2026-09-27T10:44:11+00:00,2026-09-27T10:44:11+00:00,bcycle_lametro_4204,11,5,,1,1,1
2026-09-27T10:44:09.808794+00:00,2026-09-27T10:44:11+00:00,2026-09-27T10:44:11+00:00,bcycle_lametro_4205,5,11,,1,1,1
2026-09-27T10:44:09.808794+00:00,2026-09-27T10:44:11+00:00,2026-09-27T10:44:11+00:00,bcycle_lametro_4206,10,13,,1,1,1
2026-09-27T10:44:09.808794+00:00,2026-09-27T10:44:11+00:00,2026-09-27T10:44:11+00:00,bcycle_lametro_4207,7,12,,1,1,1
2026-09-27T10:44:09.808794+00:00,2026-09-27T10:44:11+00:00,2026-09-27T10:44:11+00:00,bcycle_lametro_4208,6,11,,1,1,1
2026-09-27T10:44:09.808794+00:00,2026-09-27T10:44:11+00:00,2026-09-27T10:44:11+00:00,bcycle_lametro_4209,0,23,,1,1,1
2026-09-27T10:44:09.808794+00:00,2026-09-27T10:44:11+00:00,2026-09-27T10:44:11+00:00,bcycle_lametro_4210,6,9,,1,1,1
2026-09-27T10:44:09.808794+00:00,2026-09-27T10:44:11+00:00,2026-09-27T10:44:11+00:00,bcycle_lametro_4211,5,9,,1,1,1
2026-09-27T10:44:09.808794+00:00,2026-09-27T10:44:11+00:00,2026-09-27T10:44:11+00:00,bcycle_lametro_4212,6,15,,1,1,1
2026-09-27T10:44:09.808794+00:00,2026-09-27T10:44:11+00:00,2026-09-27T10:44:11+00:00,bcycle_lametro_4213,5,10,,1,1,1
2026-09-27T10:44:09.808794+00:00,2026-09-27T10:44:11+00:00,2026-09-27T10:44:11+00:00,bcycle_lametro_4214,4,22,,1,1,1
2026-09-27T10:44:09.808794+00:00,2026-09-27T10:44:11+00:00,2026-09-27T10:44:11+00:00,bcycle_lametro_4215,29,11,,1,1,1
2026-09-27T10:44:09.808794+00:00,2026-09-27T10:44:11+00:00,2026-09-27T10:44:11+00:00,bcycle_lametro_4216,7,12,,1,1,1
2026-09-27T10:44:09.808794+00:00,2026-09-27T10:44:11+00:00,2026-09-27T10:44:11+00:00,bcycle_lametro_4217,4,7,,1,1,1
2026-09-27T10:44:09.808794+00:00,2026-09-27T10:44:11+00:00,2026-09-27T10:44:11+00:00,bcycle_lametro_4220,9,6,,1,1,1
2026-09-27T10:44:09.808794+00:00,2026-09-27T10:44:11+00:00,2026-09-27T10:44:11+00:00,bcycle_lametro_4227,11,5,,1,1,1
2026-09-27T10:44:09.808794+00:00,2026-09-27T10:44:11+00:00,2026-09-27T10:44:11+00:00,bcycle_lametro_4245,5,9,,1,1,1
2026-09-27T10:44:09.808794+00:00,2026-09-27T10:44:11+00:00,2026-09-27T10:44:11+00:00,bcycle_lametro_4246,9,5,,1,1,1
2026-09-27T10:44:09.808794+00:00,2026-09-27T10:44:11+00:00,2026-09-27T10:44:11+00:00,bcycle_lametro_4247,3,5,,1,1,1
2026-09-27T10:44:09.808794+00:00,2026-09-27T10:44:11+00:00,2026-09-27T10:44:11+00:00,bcycle_lametro_4248,8,11,,1,1,1
2026-09-27T10:44:09.808794+00:00,2026-09-27T10:44:11+00:00,2026-09-27T10:44:11+00:00,bcycle_lametro_4249,9,6,,1,1,1
2026-09-27T10:44:09.808794+00:00,2026-09-27T10:44:11+00:00,2026-09-27T10:44:11+00:00,bcycle_lametro_4250,5,10,,1,1,1
2026-09-27T10:44:09.808794+00:00,2026-09-27T10:44:11+00:00,2026-09-27T10:44:11+00:00,bcycle_lametro_4254,5,10,,1,1,1
2026-09-27T10:44:09.808794+00:00,2026-09-27T10:44:11+00:00,2026-09-27T10:44:11+00:00,bcycle_lametro_4255,4,6,,1,1,1
2026-09-27T10:44:09.808794+00:00,2026-09-27T10:44:11+00:00,2026-09-27T10:44:11+00:00,bcycle_lametro_4266,13,2,,1,1,1
2026-09-27T10:44:09.808794+00:00,2026-09-27T10:44:11+00:00,2026-09-27T10:44:11+00:00,bcycle_lametro_4267,2,7,,1,1,1
2026-09-27T10:44:09.808794+00:00,2026-09-27T10:44:11+00:00,2026-09-27T10:44:11+00:00,bcycle_lametro_4273,7,8,,1,1,1
2026-09-27T10:44:09.808794+00:00,2026-09-27T10:44:11+00:00,2026-09-27T10:44:11+00:00,bcycle_lametro_4275,7,8,,1,1,1
2026-09-27T10:44:09.808794+00:00,2026-09-27T10:44:11+00:00,2026-09-27T10:44:11+00:00,bcycle_lametro_4293,6,4,,1,1,1
2026-09-27T10:44:09.808794+00:00,2026-09-27T10:44:11+00:00,2026-09-27T10:44:11+00:00,bcycle_lametro_4300,2,10,,1,1,1
2026-09-27T10:44:09.808794+00:00,2026-09-27T10:44:11+00:00,2026-09-27T10:44:11+00:00,bcycle_lametro_4301,4,6,,1,1,1
2026-09-27T10:44:09.808794+00:00,2026-09-27T10:44:11+00:00,2026-09-27T10:44:11+00:00,bcycle_lametro_4303,5,5,,1,1,1
2026-09-27T10:44:09.808794+00:00,2026-09-27T10:44:11+00:00,2026-09-27T10:44:11+00:00,bcycle_lametro_4304,4,7,,1,1,1
2026-09-27T10:44:09.808794+00:00,2026-09-27T10:44:11+00:00,2026-09-27T10:44:11+00:00,bcycle_lametro_4306,6,7,,1,1,1
2026-09-27T10:44:09.808794+00:00,2026-09-27T10:44:11+00:00,2026-09-27T10:44:11+00:00,bcycle_lametro_4311,4,9,,1,1,1
2026-09-27T10:44:09.808794+00:00,2026-09-27T10:44:11+00:00,2026-09-27T10:44:11+00:00,bcycle_lametro_4312,6,7,,1,1,1
2026-09-27T10:44:09.808794+00:00,2026-09-27T10:44:11+00:00,2026-09-27T10:44:11+00:00,bcycle_lametro_4313,6,6,,1,1,1
2026-09-27T10:44:09.808794+00:00,2026-09-27T10:44:11+00:00,2026-09-27T10:44:11+00:00,bcycle_lametro_4314,2,13,,1,1,1
2026-09-27T10:44:09.808794+00:00,2026-09-27T10:44:11+00:00,2026-09-27T10:44:11+00:00,bcycle_lametro_4315,2,6,,1,1,1
2026-09-27T10:44:09.808794+00:00,2026-09-27T10:44:11+00:00,2026-09-27T10:44:11+00:00,bcycle_lametro_4387,6,10,,1,1,1
2026-09-27T10:44:09.808794+00:00,2026-09-27T10:44:11+00:00,2026-09-27T10:44:11+00:00,bcycle_lametro_4390,6,6,,1,1,1
2026-09-27T10:44:09.808794+00:00,2026-09-27T10:44:11+00:00,2026-09-27T10:44:11+00:00,bcycle_lametro_4401,3,7,,1,1,1
2026-09-27T10:44:09.808794+00:00,2026-09-27T10:44:11+00:00,2026-09-27T10:44:11+00:00,bcycle_lametro_4404,11,4,,1,1,1
2026-09-27T10:44:09.808794+00:00,2026-09-27T10:44:11+00:00,2026-09-27T10:44:11+00:00,bcycle_lametro_4405,8,5,,1,1,1
2026-09-27T10:44:09.808794+00:00,2026-09-27T10:44:11+00:00,2026-09-27T10:44:11+00:00,bcycle_lametro_4406,3,11,,1,1,1
2026-09-27T10:44:09.808794+00:00,2026-09-27T10:44:11+00:00,2026-09-27T10:44:11+00:00,bcycle_lametro_4410,6,6,,1,1,1
2026-09-27T10:44:09.808794+00:00,2026-09-27T10:44:11+00:00,2026-09-27T10:44:11+00:00,bcycle_lametro_4436,4,5,,1,1,1
2026-09-27T10:44:09.808794+00:00,2026-09-27T10:44:11+00:00,2026-09-27T10:44:11+00:00,bcycle_lametro_4437,5,8,,1,1,1
2026-09-27T10:44:09.808794+00:00,2026-09-27T10:44:11+00:00,2026-09-27T10:44:11+00:00,bcycle_lametro_4440,10,8,,1,1,1
2026-09-27T10:44:09.808794+00:00,2026-09-27T10:44:11+00:00,2026-09-27T10:44:11+00:00,bcycle_lametro_4441,2,5,,1,1,1
2026-09-27T10:44:09.808794+00:00,2026-09-27T10:44:11+00:00,2026-09-27T10:44:11+00:00,bcycle_lametro_4442,9,3,,1,1,1
2026-09-27T10:44:09.808794+00:00,2026-09-27T10:44:11+00:00,2026-09-27T10:44:11+00:00,bcycle_lametro_4443,5,3,,1,1,1
2026-09-27T10:44:09.808794+00:00,2026-09-27T10:44:11+00:00,2026-09-27T10:44:11+00:00,bcycle_lametro_4444,1,8,,1,1,1
2026-09-27T10:44:09.808794+00:00,2026-09-27T10:44:11+00:00,2026-09-27T10:44:11+00:00,bcycle_lametro_4445,4,11,,1,1,1
2026-09-27T10:44:09.808794+00:00,2026-09-27T10:44:11+00:00,2026-09-27T10:44:11+00:00,bcycle_lametro_4446,7,1,,1,1,1
2026-09-27T10:44:09.808794+00:00,2026-09-27T10:44:11+00:00,2026-09-27T10:44:11+00:00,bcycle_lametro_4447,7,5,,1,1,1
2026-09-27T10:44:09.808794+00:00,2026-09-27T10:44:11+00:00,2026-09-27T10:44:11+00:00,bcycle_lametro_4448,6,12,,1,1,1
2026-09-27T10:44:09.808794+00:00,2026-09-27T10:44:11+00:00,2026-09-27T10:44:11+00:00,bcycle_lametro_4449,2,11,,1,1,1
2026-09-27T10:44:09.808794+00:00,2026-09-27T10:44:11+00:00,2026-09-27T10:44:11+00:00,bcycle_lametro_4450,5,8,,1,1,1
2026-09-27T10:44:09.808794+00:00,2026-09-27T10:44:11+00:00,2026-09-27T10:44:11+00:00,bcycle_lametro_4451,3,6,,1,1,1
2026-09-27T10:44:09.808794+00:00,2026-09-27T10:44:11+00:00,2026-09-27T10:44:11+00:00,bcycle_lametro_4452,4,6,,1,1,1
2026-09-27T10:44:09.808794+00:00,2026-09-27T10:44:11+00:00,2026-09-27T10:44:11+00:00,bcycle_lametro_4453,3,7,,1,1,1
2026-09-27T10:44:09.808794+00:00,2026-09-27T10:44:11+00:00,2026-09-27T10:44:11+00:00,bcycle_lametro_4454,7,7,,1,1,1
2026-09-27T10:44:09.808794+00:00,2026-09-27T10:44:11+00:00,2026-09-27T10:44:11+00:00,bcycle_lametro_4455,8,7,,1,1,1
2026-09-27T10:44:09.808794+00:00,2026-09-27T10:44:11+00:00,2026-09-27T10:44:11+00:00,bcycle_lametro_4456,10,5,,1,1,1
2026-09-27T10:44:09.808794+00:00,2026-09-27T10:44:11+00:00,2026-09-27T10:44:11+00:00,bcycle_lametro_4457,3,5,,1,1,1
2026-09-27T10:44:09.808794+00:00,2026-09-27T10:44:11+00:00,2026-09-27T10:44:11+00:00,bcycle_lametro_4472,7,9,,1,1,1
2026-09-27T10:44:09.808794+00:00,2026-09-27T10:44:11+00:00,2026-09-27T10:44:11+00:00,bcycle_lametro_4473,5,3,,1,1,1
2026-09-27T10:44:09.808794+00:00,2026-09-27T10:44:11+00:00,2026-09-27T10:44:11+00:00,bcycle_lametro_4474,4,6,,1,1,1
2026-09-27T10:44:09.808794+00:00,2026-09-27T10:44:11+00:00,2026-09-27T10:44:11+00:00,bcycle_lametro_4475,7,4,,1,1,1
2026-09-27T10:44:09.808794+00:00,2026-09-27T10:44:11+00:00,2026-09-27T10:44:11+00:00,bcycle_lametro_4476,3,11,,1,1,1
2026-09-27T10:44:09.808794+00:00,2026-09-27T10:44:11+00:00,2026-09-27T10:44:11+00:00,bcycle_lametro_4477,4,9,,1,1,1
2026-09-27T10:44:09.808794+00:00,2026-09-27T10:44:11+00:00,2026-09-27T10:44:11+00:00,bcycle_lametro_4479,5,7,,1,1,1
2026-09-27T10:44:09.808794+00:00,2026-09-27T10:44:11+00:00,2026-09-27T10:44:11+00:00,bcycle_lametro_4483,5,7,,1,1,1
2026-09-27T10:44:09.808794+00:00,2026-09-27T10:44:11+00:00,2026-09-27T10:44:11+00:00,bcycle_lametro_4487,14,2,,1,1,1
2026-09-27T10:44:09.808794+00:00,2026-09-27T10:44:11+00:00,2026-09-27T10:44:11+00:00,bcycle_lametro_4490,8,7,,1,1,1
2026-09-27T10:44:09.808794+00:00,2026-09-27T10:44:11+00:00,2026-09-27T10:44:11+00:00,bcycle_lametro_4491,8,5,,1,1,1
2026-09-27T10:44:09.808794+00:00,2026-09-27T10:44:11+00:00,2026-09-27T10:44:11+00:00,bcycle_lametro_4492,9,10,,1,1,1
2026-09-27T10:44:09.808794+00:00,2026-09-27T10:44:11+00:00,2026-09-27T10:44:11+00:00,bcycle_lametro_4493,4,12,,1,1,1
2026-09-27T10:44:09.808794+00:00,2026-09-27T10:44:11+00:00,2026-09-27T10:44:11+00:00,bcycle_lametro_4494,6,3,,1,1,1
2026-09-27T10:44:09.808794+00:00,2026-09-27T10:44:11+00:00,2026-09-27T10:44:11+00:00,bcycle_lametro_4509,1,9,,1,1,1
2026-09-27T10:44:09.808794+00:00,2026-09-27T10:44:11+00:00,2026-09-27T10:44:11+00:00,bcycle_lametro_4510,6,4,,1,1,1
2026-09-27T10:44:09.808794+00:00,2026-09-27T10:44:11+00:00,2026-09-27T10:44:11+00:00,bcycle_lametro_4511,7,12,,1,1,1
2026-09-27T10:44:09.808794+00:00,2026-09-27T10:44:11+00:00,2026-09-27T10:44:11+00:00,bcycle_lametro_4512,12,3,,1,1,1
2026-09-27T10:44:09.808794+00:00,2026-09-27T10:44:11+00:00,2026-09-27T10:44:11+00:00,bcycle_lametro_4514,8,13,,1,1,1
2026-09-27T10:44:09.808794+00:00,2026-09-27T10:44:11+00:00,2026-09-27T10:44:11+00:00,bcycle_lametro_4515,7,2,,1,1,1
2026-09-27T10:44:09.808794+00:00,2026-09-27T10:44:11+00:00,2026-09-27T10:44:11+00:00,bcycle_lametro_4517,9,2,,1,1,1
2026-09-27T10:44:09.808794+00:00,2026-09-27T10:44:11+00:00,2026-09-27T10:44:11+00:00,bcycle_lametro_4521,7,5,,1,1,1
2026-09-27T10:44:09.808794+00:00,2026-09-27T10:44:11+00:00,2026-09-27T10:44:11+00:00,bcycle_lametro_4523,11,4,,1,1,1
2026-09-27T10:44:09.808794+00:00,2026-09-27T10:44:11+00:00,2026-09-27T10:44:11+00:00,bcycle_lametro_4524,3,11,,1,1,1
2026-09-27T10:44:09.808794+00:00,2026-09-27T10:44:11+00:00,2026-09-27T10:44:11+00:00,bcycle_lametro_4525,6,5,,1,1,1
2026-09-27T10:44:09.808794+00:00,2026-09-27T10:44:11+00:00,2026-09-27T10:44:11+00:00,bcycle_lametro_4526,5,16,,1,1,1
2026-09-27T10:44:09.808794+00:00,2026-09-27T10:44:11+00:00,2026-09-27T10:44:11+00:00,bcycle_lametro_4527,6,8,,1,1,1
2026-09-27T10:44:09.808794+00:00,2026-09-27T10:44:11+00:00,2026-09-27T10:44:11+00:00,bcycle_lametro_4528,9,5,,1,1,1
2026-09-27T10:44:09.808794+00:00,2026-09-27T10:44:11+00:00,2026-09-27T10:44:11+00:00,bcycle_lametro_4529,1,12,,1,1,1
2026-09-27T10:44:09.808794+00:00,2026-09-27T10:44:11+00:00,2026-09-27T10:44:11+00:00,bcycle_lametro_4534,9,6,,1,1,1
2026-09-27T10:44:09.808794+00:00,2026-09-27T10:44:11+00:00,2026-09-27T10:44:11+00:00,bcycle_lametro_4536,3,7,,1,1,1
2026-09-27T10:44:09.808794+00:00,2026-09-27T10:44:11+00:00,2026-09-27T10:44:11+00:00,bcycle_lametro_4537,5,13,,1,1,1
2026-09-27T10:44:09.808794+00:00,2026-09-27T10:44:11+00:00,2026-09-27T10:44:11+00:00,bcycle_lametro_4538,1,7,,1,1,1
2026-09-27T10:44:09.808794+00:00,2026-09-27T10:44:11+00:00,2026-09-27T10:44:11+00:00,bcycle_lametro_4540,6,8,,1,1,1
2026-09-27T10:44:09.808794+00:00,2026-09-27T10:44:11+00:00,2026-09-27T10:44:11+00:00,bcycle_lametro_4543,8,0,,1,1,1
2026-09-27T10:44:09.808794+00:00,2026-09-27T10:44:11+00:00,2026-09-27T10:44:11+00:00,bcycle_lametro_4544,3,11,,1,1,1
2026-09-27T10:44:09.808794+00:00,2026-09-27T10:44:11+00:00,2026-09-27T10:44:11+00:00,bcycle_lametro_4545,4,4,,1,1,1
2026-09-27T10:44:09.808794+00:00,2026-09-27T10:44:11+00:00,2026-09-27T10:44:11+00:00,bcycle_lametro_4546,3,16,,1,1,1
2026-09-27T10:44:09.808794+00:00,2026-09-27T10:44:11+00:00,2026-09-27T10:44:11+00:00,bcycle_lametro_4547,6,4,,1,1,1
2026-09-27T10:44:09.808794+00:00,2026-09-27T10:44:11+00:00,2026-09-27T10:44:11+00:00,bcycle_lametro_4548,5,7,,1,1,1
2026-09-27T10:44:09.808794+00:00,2026-09-27T10:44:11+00:00,2026-09-27T10:44:11+00:00,bcycle_lametro_4549,11,5,,1,1,1
2026-09-27T10:44:09.808794+00:00,2026-09-27T10:44:11+00:00,2026-09-27T10:44:11+00:00,bcycle_lametro_4552,9,3,,1,1,1
2026-09-27T10:44:09.808794+00:00,2026-09-27T10:44:11+00:00,2026-09-27T10:44:11+00:00,bcycle_lametro_4553,5,4,,1,1,1
2026-09-27T10:44:09.808794+00:00,2026-09-27T10:44:11+00:00,2026-09-27T10:44:11+00:00,bcycle_lametro_4554,2,9,,1,1,1
2026-09-27T10:44:09.808794+00:00,2026-09-27T10:44:11+00:00,2026-09-27T10:44:11+00:00,bcycle_lametro_4555,2,6,,1,1,1
2026-09-27T10:44:09.808794+00:00,2026-09-27T10:44:11+00:00,2026-09-27T10:44:11+00:00,bcycle_lametro_4556,4,9,,1,1,1
2026-09-27T10:44:09.808794+00:00,2026-09-27T10:44:11+00:00,2026-09-27T10:44:11+00:00,bcycle_lametro_4557,9,2,,1,1,1
2026-09-27T10:44:09.808794+00:00,2026-09-27T10:44:11+00:00,2026-09-27T10:44:11+00:00,bcycle_lametro_4558,7,10,,1,1,1
2026-09-27T10:44:09.808794+00:00,2026-09-27T10:44:11+00:00,2026-09-27T10:44:11+00:00,bcycle_lametro_4561,7,2,,1,1,1
2026-09-27T10:44:09.808794+00:00,2026-09-27T10:44:11+00:00,2026-09-27T10:44:11+00:00,bcycle_lametro_4562,8,6,,1,1,1
2026-09-27T10:44:09.808794+00:00,2026-09-27T10:44:11+00:00,2026-09-27T10:44:11+00:00,bcycle_lametro_4563,8,1,,1,1,1
2026-09-27T10:44:09.808794+00:00,2026-09-27T10:44:11+00:00,2026-09-27T10:44:11+00:00,bcycle_lametro_4564,10,5,,1,1,1
2026-09-27T10:44:09.808794+00:00,2026-09-27T10:44:11+00:00,2026-09-27T10:44:11+00:00,bcycle_lametro_4565,2,10,,1,1,1
2026-09-27T10:44:09.808794+00:00,2026-09-27T10:44:11+00:00,2026-09-27T10:44:11+00:00,bcycle_lametro_4566,3,11,,1,1,1
2026-09-27T10:44:09.808794+00:00,2026-09-27T10:44:11+00:00,2026-09-27T10:44:11+00:00,bcycle_lametro_4567,11,0,,1,1,1
2026-09-27T10:44:09.808794+00:00,2026-09-27T10:44:11+00:00,2026-09-27T10:44:11+00:00,bcycle_lametro_4568,0,14,,1,1,1
2026-09-27T10:44:09.808794+00:00,2026-09-27T10:44:11+00:00,2026-09-27T10:44:11+00:00,bcycle_lametro_4569,2,7,,1,1,1
2026-09-27T10:44:09.808794+00:00,2026-09-27T10:44:11+00:00,2026-09-27T10:44:11+00:00,bcycle_lametro_4570,6,9,,1,1,1
2026-09-27T10:44:09.808794+00:00,2026-09-27T10:44:11+00:00,2026-09-27T10:44:11+00:00,bcycle_lametro_4571,1,6,,1,1,1
2026-09-27T10:44:09.808794+00:00,2026-09-27T10:44:11+00:00,2026-09-27T10:44:11+00:00,bcycle_lametro_4575,1,10,,1,1,1
2026-09-27T10:44:09.808794+00:00,2026-09-27T10:44:11+00:00,2026-09-27T10:44:11+00:00,bcycle_lametro_4576,4,7,,1,1,1
2026-09-27T10:44:09.808794+00:00,2026-09-27T10:44:11+00:00,2026-09-27T10:44:11+00:00,bcycle_lametro_4578,4,3,,1,1,1
2026-09-27T10:44:09.808794+00:00,2026-09-27T10:44:11+00:00,2026-09-27T10:44:11+00:00,bcycle_lametro_4579,6,6,,1,1,1
2026-09-27T10:44:09.808794+00:00,2026-09-27T10:44:11+00:00,2026-09-27T10:44:11+00:00,bcycle_lametro_4580,7,1,,1,1,1
2026-09-27T10:44:09.808794+00:00,2026-09-27T10:44:11+00:00,2026-09-27T10:44:11+00:00,bcycle_lametro_4581,6,11,,1,1,1
2026-09-27T10:44:09.808794+00:00,2026-09-27T10:44:11+00:00,2026-09-27T10:44:11+00:00,bcycle_lametro_4583,9,9,,1,1,1
2026-09-27T10:44:09.808794+00:00,2026-09-27T10:44:11+00:00,2026-09-27T10:44:11+00:00,bcycle_lametro_4584,6,8,,1,1,1
2026-09-27T10:44:09.808794+00:00,2026-09-27T10:44:11+00:00,2026-09-27T10:44:11+00:00,bcycle_lametro_4587,4,7,,1,1,1
2026-09-27T10:44:09.808794+00:00,2026-09-27T10:44:11+00:00,2026-09-27T10:44:11+00:00,bcycle_lametro_4595,5,13,,1,1,1
2026-09-27T10:44:09.808794+00:00,2026-09-27T10:44:11+00:00,2026-09-27T10:44:11+00:00,bcycle_lametro_4596,4,11,,1,1,1
2026-09-27T10:44:09.808794+00:00,2026-09-27T10:44:11+00:00,2026-09-27T10:44:11+00:00,bcycle_lametro_4597,3,8,,1,1,1
2026-09-27T10:44:09.808794+00:00,2026-09-27T10:44:11+00:00,2026-09-27T10:44:11+00:00,bcycle_lametro_4598,6,3,,1,1,1
2026-09-27T10:44:09.808794+00:00,2026-09-27T10:44:11+00:00,2026-09-27T10:44:11+00:00,bcycle_lametro_4599,2,10,,1,1,1
2026-09-27T10:44:09.808794+00:00,2026-09-27T10:44:11+00:00,2026-09-27T10:44:11+00:00,bcycle_lametro_4600,4,6,,1,1,1
2026-09-27T10:44:09.808794+00:00,2026-09-27T10:44:11+00:00,2026-09-27T10:44:11+00:00,bcycle_lametro_4601,5,6,,1,1,1
2026-09-27T10:44:09.808794+00:00,2026-09-27T10:44:11+00:00,2026-09-27T10:44:11+00:00,bcycle_lametro_4603,6,12,,1,1,1
2026-09-27T10:44:09.808794+00:00,2026-09-27T10:44:11+00:00,2026-09-27T10:44:11+00:00,bcycle_lametro_4604,8,4,,1,1,1
2026-09-27T10:44:09.808794+00:00,2026-09-27T10:44:11+00:00,2026-09-27T10:44:11+00:00,bcycle_lametro_4605,9,4,,1,1,1
2026-09-27T10:44:09.808794+00:00,2026-09-27T10:44:11+00:00,2026-09-27T10:44:11+00:00,bcycle_lametro_4606,3,17,,1,1,1
2026-09-27T10:44:09.808794+00:00,2026-09-27T10:44:11+00:00,2026-09-27T10:44:11+00:00,bcycle_lametro_4613,3,15,,1,1,1
2026-09-27T10:44:09.808794+00:00,2026-09-27T10:44:11+00:00,2026-09-27T10:44:11+00:00,bcycle_lametro_4614,4,16,,1,1,1
2026-09-27T10:44:09.808794+00:00,2026-09-27T10:44:11+00:00,2026-09-27T10:44:11+00:00,bcycle_lametro_4627,3,14,,1,1,1
2026-09-27T10:44:09.808794+00:00,2026-09-27T10:44:11+00:00,2026-09-27T10:44:11+00:00,bcycle_lametro_4628,8,5,,1,1,1
2026-09-27T10:44:09.808794+00:00,2026-09-27T10:44:11+00:00,2026-09-27T10:44:11+00:00,bcycle_lametro_4632,8,7,,1,1,1
2026-09-27T10:44:09.808794+00:00,2026-09-27T10:44:11+00:00,2026-09-27T10:44:11+00:00,bcycle_lametro_4643,8,12,,1,1,1
2026-09-27T10:44:09.808794+00:00,2026-09-27T10:44:11+00:00,2026-09-27T10:44:11+00:00,bcycle_lametro_4644,8,4,,1,1,1
2026-09-27T10:44:09.808794+00:00,2026-09-27T10:44:11+00:00,2026-09-27T10:44:11+00:00,bcycle_lametro_4645,7,5,,1,1,1
2026-09-27T10:44:09.808794+00:00,2026-09-27T10:44:11+00:00,2026-09-27T10:44:11+00:00,bcycle_lametro_4652,2,9,,0,0,1
2026-09-27T10:44:09.808794+00:00,2026-09-27T10:44:11+00:00,2026-09-27T10:44:11+00:00,bcycle_lametro_4660,5,12,,1,1,1
2026-09-27T10:44:09.808794+00:00,2026-09-27T10:44:11+00:00,2026-09-27T10:44:11+00:00,bcycle_lametro_4664,9,11,,1,1,1
2026-09-27T10:44:09.808794+00:00,2026-09-27T10:44:11+00:00,2026-09-27T10:44:11+00:00,bcycle_lametro_4672,11,4,,1,1,1
2026-09-27T10:44:09.808794+00:00,2026-09-27T10:44:11+00:00,2026-09-27T10:44:11+00:00,bcycle_lametro_4680,8,10,,1,1,1
2026-09-27T10:44:09.808794+00:00,2026-09-27T10:44:11+00:00,2026-09-27T10:44:11+00:00,bcycle_lametro_4689,10,5,,1,1,1
2026-09-27T10:44:09.808794+00:00,2026-09-27T10:44:11+00:00,2026-09-27T10:44:11+00:00,bcycle_lametro_4690,11,3,,1,1,1
2026-09-27T10:44:09.808794+00:00,2026-09-27T10:44:11+00:00,2026-09-27T10:44:11+00:00,bcycle_lametro_4696,9,5,,1,1,1
2026-09-27T10:44:09.808794+00:00,2026-09-27T10:44:11+00:00,2026-09-27T10:44:11+00:00,bcycle_lametro_4697,4,11,,1,1,1
2026-09-27T10:44:09.808794+00:00,2026-09-27T10:44:11+00:00,2026-09-27T10:44:11+00:00,bcycle_lametro_4698,7,6,,1,1,1
2026-09-27T10:44:09.808794+00:00,2026-09-27T10:44:11+00:00,2026-09-27T10:44:11+00:00,bcycle_lametro_4699,6,9,,1,1,1
2026-09-27T10:44:09.808794+00:00,2026-09-27T10:44:11+00:00,2026-09-27T10:44:11+00:00,bcycle_lametro_4700,11,6,,1,1,1
2026-09-27T10:44:09.808794+00:00,2026-09-27T10:44:11+00:00,2026-09-27T10:44:11+00:00,bcycle_lametro_4707,6,7,,1,1,1
2026-09-27T10:44:09.808794+00:00,2026-09-27T10:44:11+00:00,2026-09-27T10:44:11+00:00,bcycle_lametro_4729,4,9,,1,1,1
2026-09-27T10:44:09.808794+00:00,2026-09-27T10:44:11+00:00,2026-09-27T10:44:11+00:00,bcycle_lametro_4730,10,3,,1,1,1
2026-09-27T10:44:09.808794+00:00,2026-09-27T10:44:11+00:00,2026-09-27T10:44:11+00:00,bcycle_lametro_4732,9,12,,1,1,1
2026-09-27T10:44:09.808794+00:00,2026-09-27T10:44:11+00:00,2026-09-27T10:44:11+00:00,bcycle_lametro_4733,9,14,,1,1,1
2026-09-27T10:44:09.808794+00:00,2026-09-27T10:44:11+00:00,2026-09-27T10:44:11+00:00,bcycle_lametro_4734,2,13,,1,1,1
2026-09-27T10:44:09.808794+00:00,2026-09-27T10:44:11+00:00,2026-09-27T10:44:11+00:00,bcycle_lametro_4735,9,3,,1,1,1
2026-09-27T10:44:09.808794+00:00,2026-09-27T10:44:11+00:00,2026-09-27T10:44:11+00:00,bcycle_lametro_4736,7,8,,1,1,1
2026-09-27T10:44:09.808794+00:00,2026-09-27T10:44:11+00:00,2026-09-27T10:44:11+00:00,bcycle_lametro_4740,18,4,,1,1,1
2026-09-27T10:44:09.808794+00:00,2026-09-27T10:44:11+00:00,2026-09-27T10:44:11+00:00,bcycle_lametro_4745,1,10,,1,1,1
2026-09-27T15:21:49.733750+00:00,2026-09-27T15:21:51+00:00,2026-09-27T15:21:51+00:00,bcycle_lametro_3005,13,17,,1,1,1
2026-09-27T15:21:49.733750+00:00,2026-09-27T15:21:51+00:00,2026-09-27T15:21:51+00:00,bcycle_lametro_3006,15,14,,1,1,1
2026-09-27T15:21:49.733750+00:00,2026-09-27T15:21:51+00:00,2026-09-27T15:21:51+00:00,bcycle_lametro_3007,10,12,,1,1,1
2026-09-27T15:21:49.733750+00:00,2026-09-27T15:21:51+00:00,2026-09-27T15:21:51+00:00,bcycle_lametro_3008,6,9,,1,1,1
2026-09-27T15:21:49.733750+00:00,2026-09-27T15:21:51+00:00,2026-09-27T15:21:51+00:00,bcycle_lametro_3010,10,5,,1,1,1
2026-09-27T15:21:49.733750+00:00,2026-09-27T15:21:51+00:00,2026-09-27T15:21:51+00:00,bcycle_lametro_3011,7,9,,1,1,1
2026-09-27T15:21:49.733750+00:00,2026-09-27T15:21:51+00:00,2026-09-27T15:21:51+00:00,bcycle_lametro_3014,14,13,,1,1,1
2026-09-27T15:21:49.733750+00:00,2026-09-27T15:21:51+00:00,2026-09-27T15:21:51+00:00,bcycle_lametro_3016,3,12,,1,1,1
2026-09-27T15:21:49.733750+00:00,2026-09-27T15:21:51+00:00,2026-09-27T15:21:51+00:00,bcycle_lametro_3018,15,3,,1,1,1
2026-09-27T15:21:49.733750+00:00,2026-09-27T15:21:51+00:00,2026-09-27T15:21:51+00:00,bcycle_lametro_3019,7,12,,1,1,1
2026-09-27T15:21:49.733750+00:00,2026-09-27T15:21:51+00:00,2026-09-27T15:21:51+00:00,bcycle_lametro_3020,5,10,,1,1,1
2026-09-27T15:21:49.733750+00:00,2026-09-27T15:21:51+00:00,2026-09-27T15:21:51+00:00,bcycle_lametro_3022,9,11,,1,1,1
2026-09-27T15:21:49.733750+00:00,2026-09-27T15:21:51+00:00,2026-09-27T15:21:51+00:00,bcycle_lametro_3024,5,10,,1,1,1
2026-09-27T15:21:49.733750+00:00,2026-09-27T15:21:51+00:00,2026-09-27T15:21:51+00:00,bcycle_lametro_3025,10,4,,1,1,1
2026-09-27T15:21:49.733750+00:00,2026-09-27T15:21:51+00:00,2026-09-27T15:21:51+00:00,bcycle_lametro_3026,5,10,,1,1,1
2026-09-27T15:21:49.733750+00:00,2026-09-27T15:21:51+00:00,2026-09-27T15:21:51+00:00,bcycle_lametro_3027,7,8,,1,1,1
2026-09-27T15:21:49.733750+00:00,2026-09-27T15:21:51+00:00,2026-09-27T15:21:51+00:00,bcycle_lametro_3030,9,20,,1,1,1
2026-09-27T15:21:49.733750+00:00,2026-09-27T15:21:51+00:00,2026-09-27T15:21:51+00:00,bcycle_lametro_3032,10,17,,1,1,1
2026-09-27T15:21:49.733750+00:00,2026-09-27T15:21:51+00:00,2026-09-27T15:21:51+00:00,bcycle_lametro_3033,4,11,,1,1,1
2026-09-27T15:21:49.733750+00:00,2026-09-27T15:21:51+00:00,2026-09-27T15:21:51+00:00,bcycle_lametro_3034,13,9,,1,1,1
2026-09-27T15:21:49.733750+00:00,2026-09-27T15:21:51+00:00,2026-09-27T15:21:51+00:00,bcycle_lametro_3035,10,13,,1,1,1
2026-09-27T15:21:49.733750+00:00,2026-09-27T15:21:51+00:00,2026-09-27T15:21:51+00:00,bcycle_lametro_3036,6,9,,1,1,1
2026-09-27T15:21:49.733750+00:00,2026-09-27T15:21:51+00:00,2026-09-27T15:21:51+00:00,bcycle_lametro_3037,6,11,,1,1,1
2026-09-27T15:21:49.733750+00:00,2026-09-27T15:21:51+00:00,2026-09-27T15:21:51+00:00,bcycle_lametro_3040,2,1,,1,1,1
2026-09-27T15:21:49.733750+00:00,2026-09-27T15:21:51+00:00,2026-09-27T15:21:51+00:00,bcycle_lametro_3042,18,9,,1,1,1
2026-09-27T15:21:49.733750+00:00,2026-09-27T15:21:51+00:00,2026-09-27T15:21:51+00:00,bcycle_lametro_3045,2,8,,1,1,1
2026-09-27T15:21:49.733750+00:00,2026-09-27T15:21:51+00:00,2026-09-27T15:21:51+00:00,bcycle_lametro_3046,8,9,,1,1,1
2026-09-27T15:21:49.733750+00:00,2026-09-27T15:21:51+00:00,2026-09-27T15:21:51+00:00,bcycle_lametro_3047,14,11,,1,1,1
2026-09-27T15:21:49.733750+00:00,2026-09-27T15:21:51+00:00,2026-09-27T15:21:51+00:00,bcycle_lametro_3048,2,14,,1,1,1
2026-09-27T15:21:49.733750+00:00,2026-09-27T15:21:51+00:00,2026-09-27T15:21:51+00:00,bcycle_lametro_3052,8,14,,1,1,1
2026-09-27T15:21:49.733750+00:00,2026-09-27T15:21:51+00:00,2026-09-27T15:21:51+00:00,bcycle_lametro_3054,5,10,,1,1,1
2026-09-27T15:21:49.733750+00:00,2026-09-27T15:21:51+00:00,2026-09-27T15:21:51+00:00,bcycle_lametro_3056,8,7,,1,1,1
2026-09-27T15:21:49.733750+00:00,2026-09-27T15:21:51+00:00,2026-09-27T15:21:51+00:00,bcycle_lametro_3058,10,5,,1,1,1
2026-09-27T15:21:49.733750+00:00,2026-09-27T15:21:51+00:00,2026-09-27T15:21:51+00:00,bcycle_lametro_3062,2,13,,1,1,1
2026-09-27T15:21:49.733750+00:00,2026-09-27T15:21:51+00:00,2026-09-27T15:21:51+00:00,bcycle_lametro_3063,3,19,,1,1,1
2026-09-27T15:21:49.733750+00:00,2026-09-27T15:21:51+00:00,2026-09-27T15:21:51+00:00,bcycle_lametro_3064,3,14,,1,1,1
2026-09-27T15:21:49.733750+00:00,2026-09-27T15:21:51+00:00,2026-09-27T15:21:51+00:00,bcycle_lametro_3065,5,10,,1,1,1
2026-09-27T15:21:49.733750+00:00,2026-09-27T15:21:51+00:00,2026-09-27T15:21:51+00:00,bcycle_lametro_3066,13,2,,1,1,1
2026-09-27T15:21:49.733750+00:00,2026-09-27T15:21:51+00:00,2026-09-27T15:21:51+00:00,bcycle_lametro_3068,8,6,,1,1,1
2026-09-27T15:21:49.733750+00:00,2026-09-27T15:21:51+00:00,2026-09-27T15:21:51+00:00,bcycle_lametro_3069,5,12,,1,1,1
2026-09-27T15:21:49.733750+00:00,2026-09-27T15:21:51+00:00,2026-09-27T15:21:51+00:00,bcycle_lametro_3074,8,14,,1,1,1
2026-09-27T15:21:49.733750+00:00,2026-09-27T15:21:51+00:00,2026-09-27T15:21:51+00:00,bcycle_lametro_3075,13,3,,1,1,1
2026-09-27T15:21:49.733750+00:00,2026-09-27T15:21:51+00:00,2026-09-27T15:21:51+00:00,bcycle_lametro_3076,3,9,,1,1,1
2026-09-27T15:21:49.733750+00:00,2026-09-27T15:21:51+00:00,2026-09-27T15:21:51+00:00,bcycle_lametro_3077,7,6,,1,1,1
2026-09-27T15:21:49.733750+00:00,2026-09-27T15:21:51+00:00,2026-09-27T15:21:51+00:00,bcycle_lametro_3078,6,9,,1,1,1
2026-09-27T15:21:49.733750+00:00,2026-09-27T15:21:51+00:00,2026-09-27T15:21:51+00:00,bcycle_lametro_3079,3,11,,1,1,1
2026-09-27T15:21:49.733750+00:00,2026-09-27T15:21:51+00:00,2026-09-27T15:21:51+00:00,bcycle_lametro_3081,7,5,,1,1,1
2026-09-27T15:21:49.733750+00:00,2026-09-27T15:21:51+00:00,2026-09-27T15:21:51+00:00,bcycle_lametro_3082,13,9,,1,1,1
2026-09-27T15:21:49.733750+00:00,2026-09-27T15:21:51+00:00,2026-09-27T15:21:51+00:00,bcycle_lametro_4202,5,15,,1,1,1
2026-09-27T15:21:49.733750+00:00,2026-09-27T15:21:51+00:00,2026-09-27T15:21:51+00:00,bcycle_lametro_4204,11,5,,1,1,1
2026-09-27T15:21:49.733750+00:00,2026-09-27T15:21:51+00:00,2026-09-27T15:21:51+00:00,bcycle_lametro_4205,4,12,,1,1,1
2026-09-27T15:21:49.733750+00:00,2026-09-27T15:21:51+00:00,2026-09-27T15:21:51+00:00,bcycle_lametro_4206,10,13,,1,1,1
2026-09-27T15:21:49.733750+00:00,2026-09-27T15:21:51+00:00,2026-09-27T15:21:51+00:00,bcycle_lametro_4207,7,12,,1,1,1
2026-09-27T15:21:49.733750+00:00,2026-09-27T15:21:51+00:00,2026-09-27T15:21:51+00:00,bcycle_lametro_4208,6,11,,1,1,1
2026-09-27T15:21:49.733750+00:00,2026-09-27T15:21:51+00:00,2026-09-27T15:21:51+00:00,bcycle_lametro_4209,0,23,,1,1,1
2026-09-27T15:21:49.733750+00:00,2026-09-27T15:21:51+00:00,2026-09-27T15:21:51+00:00,bcycle_lametro_4210,8,7,,1,1,1
2026-09-27T15:21:49.733750+00:00,2026-09-27T15:21:51+00:00,2026-09-27T15:21:51+00:00,bcycle_lametro_4211,5,9,,1,1,1
2026-09-27T15:21:49.733750+00:00,2026-09-27T15:21:51+00:00,2026-09-27T15:21:51+00:00,bcycle_lametro_4212,6,15,,1,1,1
2026-09-27T15:21:49.733750+00:00,2026-09-27T15:21:51+00:00,2026-09-27T15:21:51+00:00,bcycle_lametro_4213,5,10,,1,1,1
2026-09-27T15:21:49.733750+00:00,2026-09-27T15:21:51+00:00,2026-09-27T15:21:51+00:00,bcycle_lametro_4214,1,25,,1,1,1
2026-09-27T15:21:49.733750+00:00,2026-09-27T15:21:51+00:00,2026-09-27T15:21:51+00:00,bcycle_lametro_4215,25,15,,1,1,1
2026-09-27T15:21:49.733750+00:00,2026-09-27T15:21:51+00:00,2026-09-27T15:21:51+00:00,bcycle_lametro_4216,7,12,,1,1,1
2026-09-27T15:21:49.733750+00:00,2026-09-27T15:21:51+00:00,2026-09-27T15:21:51+00:00,bcycle_lametro_4217,4,7,,1,1,1
2026-09-27T15:21:49.733750+00:00,2026-09-27T15:21:51+00:00,2026-09-27T15:21:51+00:00,bcycle_lametro_4220,9,6,,1,1,1
2026-09-27T15:21:49.733750+00:00,2026-09-27T15:21:51+00:00,2026-09-27T15:21:51+00:00,bcycle_lametro_4227,11,5,,1,1,1
2026-09-27T15:21:49.733750+00:00,2026-09-27T15:21:51+00:00,2026-09-27T15:21:51+00:00,bcycle_lametro_4245,6,8,,1,1,1
2026-09-27T15:21:49.733750+00:00,2026-09-27T15:21:51+00:00,2026-09-27T15:21:51+00:00,bcycle_lametro_4246,9,5,,1,1,1
2026-09-27T15:21:49.733750+00:00,2026-09-27T15:21:51+00:00,2026-09-27T15:21:51+00:00,bcycle_lametro_4247,3,5,,1,1,1
2026-09-27T15:21:49.733750+00:00,2026-09-27T15:21:51+00:00,2026-09-27T15:21:51+00:00,bcycle_lametro_4248,8,11,,1,1,1
2026-09-27T15:21:49.733750+00:00,2026-09-27T15:21:51+00:00,2026-09-27T15:21:51+00:00,bcycle_lametro_4249,9,6,,1,1,1
2026-09-27T15:21:49.733750+00:00,2026-09-27T15:21:51+00:00,2026-09-27T15:21:51+00:00,bcycle_lametro_4250,5,10,,1,1,1
2026-09-27T15:21:49.733750+00:00,2026-09-27T15:21:51+00:00,2026-09-27T15:21:51+00:00,bcycle_lametro_4254,5,10,,1,1,1
2026-09-27T15:21:49.733750+00:00,2026-09-27T15:21:51+00:00,2026-09-27T15:21:51+00:00,bcycle_lametro_4255,4,6,,1,1,1
2026-09-27T15:21:49.733750+00:00,2026-09-27T15:21:51+00:00,2026-09-27T15:21:51+00:00,bcycle_lametro_4266,13,2,,1,1,1
2026-09-27T15:21:49.733750+00:00,2026-09-27T15:21:51+00:00,2026-09-27T15:21:51+00:00,bcycle_lametro_4267,2,7,,1,1,1
2026-09-27T15:21:49.733750+00:00,2026-09-27T15:21:51+00:00,2026-09-27T15:21:51+00:00,bcycle_lametro_4273,7,8,,1,1,1
2026-09-27T15:21:49.733750+00:00,2026-09-27T15:21:51+00:00,2026-09-27T15:21:51+00:00,bcycle_lametro_4275,6,9,,1,1,1
2026-09-27T15:21:49.733750+00:00,2026-09-27T15:21:51+00:00,2026-09-27T15:21:51+00:00,bcycle_lametro_4293,6,4,,1,1,1
2026-09-27T15:21:49.733750+00:00,2026-09-27T15:21:51+00:00,2026-09-27T15:21:51+00:00,bcycle_lametro_4300,2,10,,1,1,1
2026-09-27T15:21:49.733750+00:00,2026-09-27T15:21:51+00:00,2026-09-27T15:21:51+00:00,bcycle_lametro_4301,4,6,,1,1,1
2026-09-27T15:21:49.733750+00:00,2026-09-27T15:21:51+00:00,2026-09-27T15:21:51+00:00,bcycle_lametro_4303,5,5,,1,1,1
2026-09-27T15:21:49.733750+00:00,2026-09-27T15:21:51+00:00,2026-09-27T15:21:51+00:00,bcycle_lametro_4304,4,7,,1,1,1
2026-09-27T15:21:49.733750+00:00,2026-09-27T15:21:51+00:00,2026-09-27T15:21:51+00:00,bcycle_lametro_4306,6,7,,1,1,1
2026-09-27T15:21:49.733750+00:00,2026-09-27T15:21:51+00:00,2026-09-27T15:21:51+00:00,bcycle_lametro_4311,4,9,,1,1,1
2026-09-27T15:21:49.733750+00:00,2026-09-27T15:21:51+00:00,2026-09-27T15:21:51+00:00,bcycle_lametro_4312,6,7,,1,1,1
2026-09-27T15:21:49.733750+00:00,2026-09-27T15:21:51+00:00,2026-09-27T15:21:51+00:00,bcycle_lametro_4313,6,6,,1,1,1
2026-09-27T15:21:49.733750+00:00,2026-09-27T15:21:51+00:00,2026-09-27T15:21:51+00:00,bcycle_lametro_4314,2,13,,1,1,1
2026-09-27T15:21:49.733750+00:00,2026-09-27T15:21:51+00:00,2026-09-27T15:21:51+00:00,bcycle_lametro_4315,2,6,,1,1,1
2026-09-27T15:21:49.733750+00:00,2026-09-27T15:21:51+00:00,2026-09-27T15:21:51+00:00,bcycle_lametro_4387,6,10,,1,1,1
2026-09-27T15:21:49.733750+00:00,2026-09-27T15:21:51+00:00,2026-09-27T15:21:51+00:00,bcycle_lametro_4390,6,6,,1,1,1
2026-09-27T15:21:49.733750+00:00,2026-09-27T15:21:51+00:00,2026-09-27T15:21:51+00:00,bcycle_lametro_4401,3,7,,1,1,1
2026-09-27T15:21:49.733750+00:00,2026-09-27T15:21:51+00:00,2026-09-27T15:21:51+00:00,bcycle_lametro_4404,11,4,,1,1,1
2026-09-27T15:21:49.733750+00:00,2026-09-27T15:21:51+00:00,2026-09-27T15:21:51+00:00,bcycle_lametro_4405,8,5,,1,1,1
2026-09-27T15:21:49.733750+00:00,2026-09-27T15:21:51+00:00,2026-09-27T15:21:51+00:00,bcycle_lametro_4406,5,9,,1,1,1
2026-09-27T15:21:49.733750+00:00,2026-09-27T15:21:51+00:00,2026-09-27T15:21:51+00:00,bcycle_lametro_4410,6,6,,1,1,1
2026-09-27T15:21:49.733750+00:00,2026-09-27T15:21:51+00:00,2026-09-27T15:21:51+00:00,bcycle_lametro_4436,4,5,,1,1,1
2026-09-27T15:21:49.733750+00:00,2026-09-27T15:21:51+00:00,2026-09-27T15:21:51+00:00,bcycle_lametro_4437,5,8,,1,1,1
2026-09-27T15:21:49.733750+00:00,2026-09-27T15:21:51+00:00,2026-09-27T15:21:51+00:00,bcycle_lametro_4440,10,8,,1,1,1
2026-09-27T15:21:49.733750+00:00,2026-09-27T15:21:51+00:00,2026-09-27T15:21:51+00:00,bcycle_lametro_4441,2,5,,1,1,1
2026-09-27T15:21:49.733750+00:00,2026-09-27T15:21:51+00:00,2026-09-27T15:21:51+00:00,bcycle_lametro_4442,9,3,,1,1,1
2026-09-27T15:21:49.733750+00:00,2026-09-27T15:21:51+00:00,2026-09-27T15:21:51+00:00,bcycle_lametro_4443,5,3,,1,1,1
2026-09-27T15:21:49.733750+00:00,2026-09-27T15:21:51+00:00,2026-09-27T15:21:51+00:00,bcycle_lametro_4444,1,8,,1,1,1
2026-09-27T15:21:49.733750+00:00,2026-09-27T15:21:51+00:00,2026-09-27T15:21:51+00:00,bcycle_lametro_4445,4,11,,1,1,1
2026-09-27T15:21:49.733750+00:00,2026-09-27T15:21:51+00:00,2026-09-27T15:21:51+00:00,bcycle_lametro_4446,7,1,,1,1,1
2026-09-27T15:21:49.733750+00:00,2026-09-27T15:21:51+00:00,2026-09-27T15:21:51+00:00,bcycle_lametro_4447,7,5,,1,1,1
2026-09-27T15:21:49.733750+00:00,2026-09-27T15:21:51+00:00,2026-09-27T15:21:51+00:00,bcycle_lametro_4448,7,11,,1,1,1
2026-09-27T15:21:49.733750+00:00,2026-09-27T15:21:51+00:00,2026-09-27T15:21:51+00:00,bcycle_lametro_4449,2,11,,1,1,1
2026-09-27T15:21:49.733750+00:00,2026-09-27T15:21:51+00:00,2026-09-27T15:21:51+00:00,bcycle_lametro_4450,5,8,,1,1,1
2026-09-27T15:21:49.733750+00:00,2026-09-27T15:21:51+00:00,2026-09-27T15:21:51+00:00,bcycle_lametro_4451,3,6,,1,1,1
2026-09-27T15:21:49.733750+00:00,2026-09-27T15:21:51+00:00,2026-09-27T15:21:51+00:00,bcycle_lametro_4452,4,6,,1,1,1
2026-09-27T15:21:49.733750+00:00,2026-09-27T15:21:51+00:00,2026-09-27T15:21:51+00:00,bcycle_lametro_4453,3,7,,1,1,1
2026-09-27T15:21:49.733750+00:00,2026-09-27T15:21:51+00:00,2026-09-27T15:21:51+00:00,bcycle_lametro_4454,7,7,,1,1,1
2026-09-27T15:21:49.733750+00:00,2026-09-27T15:21:51+00:00,2026-09-27T15:21:51+00:00,bcycle_lametro_4455,8,7,,1,1,1
2026-09-27T15:21:49.733750+00:00,2026-09-27T15:21:51+00:00,2026-09-27T15:21:51+00:00,bcycle_lametro_4456,10,5,,1,1,1
2026-09-27T15:21:49.733750+00:00,2026-09-27T15:21:51+00:00,2026-09-27T15:21:51+00:00,bcycle_lametro_4457,3,5,,1,1,1
2026-09-27T15:21:49.733750+00:00,2026-09-27T15:21:51+00:00,2026-09-27T15:21:51+00:00,bcycle_lametro_4472,7,9,,1,1,1
2026-09-27T15:21:49.733750+00:00,2026-09-27T15:21:51+00:00,2026-09-27T15:21:51+00:00,bcycle_lametro_4473,5,3,,1,1,1
2026-09-27T15:21:49.733750+00:00,2026-09-27T15:21:51+00:00,2026-09-27T15:21:51+00:00,bcycle_lametro_4474,4,6,,1,1,1
2026-09-27T15:21:49.733750+00:00,2026-09-27T15:21:51+00:00,2026-09-27T15:21:51+00:00,bcycle_lametro_4475,6,5,,1,1,1
2026-09-27T15:21:49.733750+00:00,2026-09-27T15:21:51+00:00,2026-09-27T15:21:51+00:00,bcycle_lametro_4476,3,11,,1,1,1
2026-09-27T15:21:49.733750+00:00,2026-09-27T15:21:51+00:00,2026-09-27T15:21:51+00:00,bcycle_lametro_4477,4,9,,1,1,1
2026-09-27T15:21:49.733750+00:00,2026-09-27T15:21:51+00:00,2026-09-27T15:21:51+00:00,bcycle_lametro_4479,5,7,,1,1,1
2026-09-27T15:21:49.733750+00:00,2026-09-27T15:21:51+00:00,2026-09-27T15:21:51+00:00,bcycle_lametro_4483,5,7,,1,1,1
2026-09-27T15:21:49.733750+00:00,2026-09-27T15:21:51+00:00,2026-09-27T15:21:51+00:00,bcycle_lametro_4487,14,2,,1,1,1
2026-09-27T15:21:49.733750+00:00,2026-09-27T15:21:51+00:00,2026-09-27T15:21:51+00:00,bcycle_lametro_4490,9,6,,1,1,1
2026-09-27T15:21:49.733750+00:00,2026-09-27T15:21:51+00:00,2026-09-27T15:21:51+00:00,bcycle_lametro_4491,8,5,,1,1,1
2026-09-27T15:21:49.733750+00:00,2026-09-27T15:21:51+00:00,2026-09-27T15:21:51+00:00,bcycle_lametro_4492,9,10,,1,1,1
2026-09-27T15:21:49.733750+00:00,2026-09-27T15:21:51+00:00,2026-09-27T15:21:51+00:00,bcycle_lametro_4493,4,12,,1,1,1
2026-09-27T15:21:49.733750+00:00,2026-09-27T15:21:51+00:00,2026-09-27T15:21:51+00:00,bcycle_lametro_4494,6,3,,1,1,1
2026-09-27T15:21:49.733750+00:00,2026-09-27T15:21:51+00:00,2026-09-27T15:21:51+00:00,bcycle_lametro_4509,3,7,,1,1,1
2026-09-27T15:21:49.733750+00:00,2026-09-27T15:21:51+00:00,2026-09-27T15:21:51+00:00,bcycle_lametro_4510,6,4,,1,1,1
2026-09-27T15:21:49.733750+00:00,2026-09-27T15:21:51+00:00,2026-09-27T15:21:51+00:00,bcycle_lametro_4511,7,12,,1,1,1
2026-09-27T15:21:49.733750+00:00,2026-09-27T15:21:51+00:00,2026-09-27T15:21:51+00:00,bcycle_lametro_4512,12,3,,1,1,1
2026-09-27T15:21:49.733750+00:00,2026-09-27T15:21:51+00:00,2026-09-27T15:21:51+00:00,bcycle_lametro_4514,8,13,,1,1,1
2026-09-27T15:21:49.733750+00:00,2026-09-27T15:21:51+00:00,2026-09-27T15:21:51+00:00,bcycle_lametro_4515,7,2,,1,1,1
2026-09-27T15:21:49.733750+00:00,2026-09-27T15:21:51+00:00,2026-09-27T15:21:51+00:00,bcycle_lametro_4517,9,2,,1,1,1
2026-09-27T15:21:49.733750+00:00,2026-09-27T15:21:51+00:00,2026-09-27T15:21:51+00:00,bcycle_lametro_4521,7,5,,1,1,1
2026-09-27T15:21:49.733750+00:00,2026-09-27T15:21:51+00:00,2026-09-27T15:21:51+00:00,bcycle_lametro_4523,11,4,,1,1,1
2026-09-27T15:21:49.733750+00:00,2026-09-27T15:21:51+00:00,2026-09-27T15:21:51+00:00,bcycle_lametro_4524,3,11,,1,1,1
2026-09-27T15:21:49.733750+00:00,2026-09-27T15:21:51+00:00,2026-09-27T15:21:51+00:00,bcycle_lametro_4525,7,4,,1,1,1
2026-09-27T15:21:49.733750+00:00,2026-09-27T15:21:51+00:00,2026-09-27T15:21:51+00:00,bcycle_lametro_4526,5,16,,1,1,1
2026-09-27T15:21:49.733750+00:00,2026-09-27T15:21:51+00:00,2026-09-27T15:21:51+00:00,bcycle_lametro_4527,6,8,,1,1,1
2026-09-27T15:21:49.733750+00:00,2026-09-27T15:21:51+00:00,2026-09-27T15:21:51+00:00,bcycle_lametro_4528,9,5,,1,1,1
2026-09-27T15:21:49.733750+00:00,2026-09-27T15:21:51+00:00,2026-09-27T15:21:51+00:00,bcycle_lametro_4529,0,13,,1,1,1
2026-09-27T15:21:49.733750+00:00,2026-09-27T15:21:51+00:00,2026-09-27T15:21:51+00:00,bcycle_lametro_4534,8,7,,1,1,1
2026-09-27T15:21:49.733750+00:00,2026-09-27T15:21:51+00:00,2026-09-27T15:21:51+00:00,bcycle_lametro_4536,3,7,,1,1,1
2026-09-27T15:21:49.733750+00:00,2026-09-27T15:21:51+00:00,2026-09-27T15:21:51+00:00,bcycle_lametro_4537,4,14,,1,1,1
2026-09-27T15:21:49.733750+00:00,2026-09-27T15:21:51+00:00,2026-09-27T15:21:51+00:00,bcycle_lametro_4538,1,7,,1,1,1
2026-09-27T15:21:49.733750+00:00,2026-09-27T15:21:51+00:00,2026-09-27T15:21:51+00:00,bcycle_lametro_4540,6,8,,1,1,1
2026-09-27T15:21:49.733750+00:00,2026-09-27T15:21:51+00:00,2026-09-27T15:21:51+00:00,bcycle_lametro_4543,4,4,,1,1,1
2026-09-27T15:21:49.733750+00:00,2026-09-27T15:21:51+00:00,2026-09-27T15:21:51+00:00,bcycle_lametro_4544,3,11,,1,1,1
2026-09-27T15:21:49.733750+00:00,2026-09-27T15:21:51+00:00,2026-09-27T15:21:51+00:00,bcycle_lametro_4545,4,4,,1,1,1
2026-09-27T15:21:49.733750+00:00,2026-09-27T15:21:51+00:00,2026-09-27T15:21:51+00:00,bcycle_lametro_4546,3,16,,1,1,1
2026-09-27T15:21:49.733750+00:00,2026-09-27T15:21:51+00:00,2026-09-27T15:21:51+00:00,bcycle_lametro_4547,6,4,,1,1,1
2026-09-27T15:21:49.733750+00:00,2026-09-27T15:21:51+00:00,2026-09-27T15:21:51+00:00,bcycle_lametro_4548,5,7,,1,1,1
2026-09-27T15:21:49.733750+00:00,2026-09-27T15:21:51+00:00,2026-09-27T15:21:51+00:00,bcycle_lametro_4549,11,5,,1,1,1
2026-09-27T15:21:49.733750+00:00,2026-09-27T15:21:51+00:00,2026-09-27T15:21:51+00:00,bcycle_lametro_4552,9,3,,1,1,1
2026-09-27T15:21:49.733750+00:00,2026-09-27T15:21:51+00:00,2026-09-27T15:21:51+00:00,bcycle_lametro_4553,5,4,,1,1,1
2026-09-27T15:21:49.733750+00:00,2026-09-27T15:21:51+00:00,2026-09-27T15:21:51+00:00,bcycle_lametro_4554,2,9,,1,1,1
2026-09-27T15:21:49.733750+00:00,2026-09-27T15:21:51+00:00,2026-09-27T15:21:51+00:00,bcycle_lametro_4555,2,6,,0,0,1
2026-09-27T15:21:49.733750+00:00,2026-09-27T15:21:51+00:00,2026-09-27T15:21:51+00:00,bcycle_lametro_4556,4,9,,1,1,1
2026-09-27T15:21:49.733750+00:00,2026-09-27T15:21:51+00:00,2026-09-27T15:21:51+00:00,bcycle_lametro_4557,4,7,,1,1,1
2026-09-27T15:21:49.733750+00:00,2026-09-27T15:21:51+00:00,2026-09-27T15:21:51+00:00,bcycle_lametro_4558,7,10,,1,1,1
2026-09-27T15:21:49.733750+00:00,2026-09-27T15:21:51+00:00,2026-09-27T15:21:51+00:00,bcycle_lametro_4561,7,2,,1,1,1
2026-09-27T15:21:49.733750+00:00,2026-09-27T15:21:51+00:00,2026-09-27T15:21:51+00:00,bcycle_lametro_4562,8,6,,1,1,1
2026-09-27T15:21:49.733750+00:00,2026-09-27T15:21:51+00:00,2026-09-27T15:21:51+00:00,bcycle_lametro_4563,5,4,,1,1,1
2026-09-27T15:21:49.733750+00:00,2026-09-27T15:21:51+00:00,2026-09-27T15:21:51+00:00,bcycle_lametro_4564,10,5,,1,1,1
2026-09-27T15:21:49.733750+00:00,2026-09-27T15:21:51+00:00,2026-09-27T15:21:51+00:00,bcycle_lametro_4565,2,10,,1,1,1
2026-09-27T15:21:49.733750+00:00,2026-09-27T15:21:51+00:00,2026-09-27T15:21:51+00:00,bcycle_lametro_4566,3,11,,1,1,1
2026-09-27T15:21:49.733750+00:00,2026-09-27T15:21:51+00:00,2026-09-27T15:21:51+00:00,bcycle_lametro_4567,5,6,,1,1,1
2026-09-27T15:21:49.733750+00:00,2026-09-27T15:21:51+00:00,2026-09-27T15:21:51+00:00,bcycle_lametro_4568,5,9,,1,1,1
2026-09-27T15:21:49.733750+00:00,2026-09-27T15:21:51+00:00,2026-09-27T15:21:51+00:00,bcycle_lametro_4569,2,7,,1,1,1
2026-09-27T15:21:49.733750+00:00,2026-09-27T15:21:51+00:00,2026-09-27T15:21:51+00:00,bcycle_lametro_4570,6,9,,1,1,1
2026-09-27T15:21:49.733750+00:00,2026-09-27T15:21:51+00:00,2026-09-27T15:21:51+00:00,bcycle_lametro_4571,1,6,,1,1,1
2026-09-27T15:21:49.733750+00:00,2026-09-27T15:21:51+00:00,2026-09-27T15:21:51+00:00,bcycle_lametro_4575,1,10,,1,1,1
2026-09-27T15:21:49.733750+00:00,2026-09-27T15:21:51+00:00,2026-09-27T15:21:51+00:00,bcycle_lametro_4576,3,8,,1,1,1
2026-09-27T15:21:49.733750+00:00,2026-09-27T15:21:51+00:00,2026-09-27T15:21:51+00:00,bcycle_lametro_4578,4,3,,1,1,1
2026-09-27T15:21:49.733750+00:00,2026-09-27T15:21:51+00:00,2026-09-27T15:21:51+00:00,bcycle_lametro_4579,6,6,,0,0,1
2026-09-27T15:21:49.733750+00:00,2026-09-27T15:21:51+00:00,2026-09-27T15:21:51+00:00,bcycle_lametro_4580,7,1,,1,1,1
2026-09-27T15:21:49.733750+00:00,2026-09-27T15:21:51+00:00,2026-09-27T15:21:51+00:00,bcycle_lametro_4581,6,11,,1,1,1
2026-09-27T15:21:49.733750+00:00,2026-09-27T15:21:51+00:00,2026-09-27T15:21:51+00:00,bcycle_lametro_4583,7,11,,1,1,1
2026-09-27T15:21:49.733750+00:00,2026-09-27T15:21:51+00:00,2026-09-27T15:21:51+00:00,bcycle_lametro_4584,7,7,,0,0,1
2026-09-27T15:21:49.733750+00:00,2026-09-27T15:21:51+00:00,2026-09-27T15:21:51+00:00,bcycle_lametro_4587,4,7,,1,1,1
2026-09-27T15:21:49.733750+00:00,2026-09-27T15:21:51+00:00,2026-09-27T15:21:51+00:00,bcycle_lametro_4595,5,13,,1,1,1
2026-09-27T15:21:49.733750+00:00,2026-09-27T15:21:51+00:00,2026-09-27T15:21:51+00:00,bcycle_lametro_4596,4,11,,1,1,1
2026-09-27T15:21:49.733750+00:00,2026-09-27T15:21:51+00:00,2026-09-27T15:21:51+00:00,bcycle_lametro_4597,3,8,,1,1,1
2026-09-27T15:21:49.733750+00:00,2026-09-27T15:21:51+00:00,2026-09-27T15:21:51+00:00,bcycle_lametro_4598,6,3,,1,1,1
2026-09-27T15:21:49.733750+00:00,2026-09-27T15:21:51+00:00,2026-09-27T15:21:51+00:00,bcycle_lametro_4599,2,10,,1,1,1
2026-09-27T15:21:49.733750+00:00,2026-09-27T15:21:51+00:00,2026-09-27T15:21:51+00:00,bcycle_lametro_4600,4,6,,1,1,1
2026-09-27T15:21:49.733750+00:00,2026-09-27T15:21:51+00:00,2026-09-27T15:21:51+00:00,bcycle_lametro_4601,5,6,,1,1,1
2026-09-27T15:21:49.733750+00:00,2026-09-27T15:21:51+00:00,2026-09-27T15:21:51+00:00,bcycle_lametro_4603,6,12,,1,1,1
2026-09-27T15:21:49.733750+00:00,2026-09-27T15:21:51+00:00,2026-09-27T15:21:51+00:00,bcycle_lametro_4604,8,4,,1,1,1
2026-09-27T15:21:49.733750+00:00,2026-09-27T15:21:51+00:00,2026-09-27T15:21:51+00:00,bcycle_lametro_4605,9,4,,1,1,1
2026-09-27T15:21:49.733750+00:00,2026-09-27T15:21:51+00:00,2026-09-27T15:21:51+00:00,bcycle_lametro_4606,3,17,,1,1,1
2026-09-27T15:21:49.733750+00:00,2026-09-27T15:21:51+00:00,2026-09-27T15:21:51+00:00,bcycle_lametro_4613,3,15,,1,1,1
2026-09-27T15:21:49.733750+00:00,2026-09-27T15:21:51+00:00,2026-09-27T15:21:51+00:00,bcycle_lametro_4614,4,16,,1,1,1
2026-09-27T15:21:49.733750+00:00,2026-09-27T15:21:51+00:00,2026-09-27T15:21:51+00:00,bcycle_lametro_4627,2,15,,1,1,1
2026-09-27T15:21:49.733750+00:00,2026-09-27T15:21:51+00:00,2026-09-27T15:21:51+00:00,bcycle_lametro_4628,8,5,,1,1,1
2026-09-27T15:21:49.733750+00:00,2026-09-27T15:21:51+00:00,2026-09-27T15:21:51+00:00,bcycle_lametro_4632,9,6,,1,1,1
2026-09-27T15:21:49.733750+00:00,2026-09-27T15:21:51+00:00,2026-09-27T15:21:51+00:00,bcycle_lametro_4643,8,12,,1,1,1
2026-09-27T15:21:49.733750+00:00,2026-09-27T15:21:51+00:00,2026-09-27T15:21:51+00:00,bcycle_lametro_4644,7,5,,1,1,1
2026-09-27T15:21:49.733750+00:00,2026-09-27T15:21:51+00:00,2026-09-27T15:21:51+00:00,bcycle_lametro_4645,7,5,,1,1,1
2026-09-27T15:21:49.733750+00:00,2026-09-27T15:21:51+00:00,2026-09-27T15:21:51+00:00,bcycle_lametro_4652,2,9,,0,0,1
2026-09-27T15:21:49.733750+00:00,2026-09-27T15:21:51+00:00,2026-09-27T15:21:51+00:00,bcycle_lametro_4660,5,12,,1,1,1
2026-09-27T15:21:49.733750+00:00,2026-09-27T15:21:51+00:00,2026-09-27T15:21:51+00:00,bcycle_lametro_4664,9,11,,1,1,1
2026-09-27T15:21:49.733750+00:00,2026-09-27T15:21:51+00:00,2026-09-27T15:21:51+00:00,bcycle_lametro_4672,11,4,,1,1,1
2026-09-27T15:21:49.733750+00:00,2026-09-27T15:21:51+00:00,2026-09-27T15:21:51+00:00,bcycle_lametro_4680,8,10,,1,1,1
2026-09-27T15:21:49.733750+00:00,2026-09-27T15:21:51+00:00,2026-09-27T15:21:51+00:00,bcycle_lametro_4689,10,5,,1,1,1
2026-09-27T15:21:49.733750+00:00,2026-09-27T15:21:51+00:00,2026-09-27T15:21:51+00:00,bcycle_lametro_4690,11,3,,1,1,1
2026-09-27T15:21:49.733750+00:00,2026-09-27T15:21:51+00:00,2026-09-27T15:21:51+00:00,bcycle_lametro_4696,9,5,,1,1,1
2026-09-27T15:21:49.733750+00:00,2026-09-27T15:21:51+00:00,2026-09-27T15:21:51+00:00,bcycle_lametro_4697,4,11,,1,1,1
2026-09-27T15:21:49.733750+00:00,2026-09-27T15:21:51+00:00,2026-09-27T15:21:51+00:00,bcycle_lametro_4698,7,6,,1,1,1
2026-09-27T15:21:49.733750+00:00,2026-09-27T15:21:51+00:00,2026-09-27T15:21:51+00:00,bcycle_lametro_4699,6,9,,1,1,1
2026-09-27T15:21:49.733750+00:00,2026-09-27T15:21:51+00:00,2026-09-27T15:21:51+00:00,bcycle_lametro_4700,11,6,,1,1,1
2026-09-27T15:21:49.733750+00:00,2026-09-27T15:21:51+00:00,2026-09-27T15:21:51+00:00,bcycle_lametro_4707,5,8,,1,1,1
2026-09-27T15:21:49.733750+00:00,2026-09-27T15:21:51+00:00,2026-09-27T15:21:51+00:00,bcycle_lametro_4729,3,10,,1,1,1
2026-09-27T15:21:49.733750+00:00,2026-09-27T15:21:51+00:00,2026-09-27T15:21:51+00:00,bcycle_lametro_4730,10,3,,1,1,1
2026-09-27T15:21:49.733750+00:00,2026-09-27T15:21:51+00:00,2026-09-27T15:21:51+00:00,bcycle_lametro_4732,9,12,,1,1,1
2026-09-27T15:21:49.733750+00:00,2026-09-27T15:21:51+00:00,2026-09-27T15:21:51+00:00,bcycle_lametro_4733,9,14,,1,1,1
2026-09-27T15:21:49.733750+00:00,2026-09-27T15:21:51+00:00,2026-09-27T15:21:51+00:00,bcycle_lametro_4734,2,13,,1,1,1
2026-09-27T15:21:49.733750+00:00,2026-09-27T15:21:51+00:00,2026-09-27T15:21:51+00:00,bcycle_lametro_4735,8,3,,1,1,1
2026-09-27T15:21:49.733750+00:00,2026-09-27T15:21:51+00:00,2026-09-27T15:21:51+00:00,bcycle_lametro_4736,7,8,,1,1,1
2026-09-27T15:21:49.733750+00:00,2026-09-27T15:21:51+00:00,2026-09-27T15:21:51+00:00,bcycle_lametro_4740,18,4,,1,1,1
2026-09-27T15:21:49.733750+00:00,2026-09-27T15:21:51+00:00,2026-09-27T15:21:51+00:00,bcycle_lametro_4745,1,10,,1,1,1
2026-09-27T19:06:09.603054+00:00,2026-09-27T19:06:04+00:00,2026-09-27T19:06:04+00:00,bcycle_lametro_3005,14,14,,1,1,1
2026-09-27T19:06:09.603054+00:00,2026-09-27T19:06:04+00:00,2026-09-27T19:06:04+00:00,bcycle_lametro_3006,15,14,,1,1,1
2026-09-27T19:06:09.603054+00:00,2026-09-27T19:06:04+00:00,2026-09-27T19:06:04+00:00,bcycle_lametro_3007,10,12,,1,1,1
2026-09-27T19:06:09.603054+00:00,2026-09-27T19:06:04+00:00,2026-09-27T19:06:04+00:00,bcycle_lametro_3008,6,9,,1,1,1
2026-09-27T19:06:09.603054+00:00,2026-09-27T19:06:04+00:00,2026-09-27T19:06:04+00:00,bcycle_lametro_3010,10,5,,1,1,1
2026-09-27T19:06:09.603054+00:00,2026-09-27T19:06:04+00:00,2026-09-27T19:06:04+00:00,bcycle_lametro_3011,7,9,,1,1,1
2026-09-27T19:06:09.603054+00:00,2026-09-27T19:06:04+00:00,2026-09-27T19:06:04+00:00,bcycle_lametro_3014,13,14,,1,1,1
2026-09-27T19:06:09.603054+00:00,2026-09-27T19:06:04+00:00,2026-09-27T19:06:04+00:00,bcycle_lametro_3016,2,13,,1,1,1
2026-09-27T19:06:09.603054+00:00,2026-09-27T19:06:04+00:00,2026-09-27T19:06:04+00:00,bcycle_lametro_3018,13,5,,1,1,1
2026-09-27T19:06:09.603054+00:00,2026-09-27T19:06:04+00:00,2026-09-27T19:06:04+00:00,bcycle_lametro_3019,7,12,,1,1,1
2026-09-27T19:06:09.603054+00:00,2026-09-27T19:06:04+00:00,2026-09-27T19:06:04+00:00,bcycle_lametro_3020,5,10,,1,1,1
2026-09-27T19:06:09.603054+00:00,2026-09-27T19:06:04+00:00,2026-09-27T19:06:04+00:00,bcycle_lametro_3022,7,13,,1,1,1
2026-09-27T19:06:09.603054+00:00,2026-09-27T19:06:04+00:00,2026-09-27T19:06:04+00:00,bcycle_lametro_3024,5,10,,1,1,1
2026-09-27T19:06:09.603054+00:00,2026-09-27T19:06:04+00:00,2026-09-27T19:06:04+00:00,bcycle_lametro_3025,11,3,,1,1,1
2026-09-27T19:06:09.603054+00:00,2026-09-27T19:06:04+00:00,2026-09-27T19:06:04+00:00,bcycle_lametro_3026,5,10,,1,1,1
2026-09-27T19:06:09.603054+00:00,2026-09-27T19:06:04+00:00,2026-09-27T19:06:04+00:00,bcycle_lametro_3027,5,10,,1,1,1
2026-09-27T19:06:09.603054+00:00,2026-09-27T19:06:04+00:00,2026-09-27T19:06:04+00:00,bcycle_lametro_3030,10,19,,1,1,1
2026-09-27T19:06:09.603054+00:00,2026-09-27T19:06:04+00:00,2026-09-27T19:06:04+00:00,bcycle_lametro_3032,10,17,,1,1,1
2026-09-27T19:06:09.603054+00:00,2026-09-27T19:06:04+00:00,2026-09-27T19:06:04+00:00,bcycle_lametro_3033,4,11,,1,1,1
2026-09-27T19:06:09.603054+00:00,2026-09-27T19:06:04+00:00,2026-09-27T19:06:04+00:00,bcycle_lametro_3034,13,9,,1,1,1
2026-09-27T19:06:09.603054+00:00,2026-09-27T19:06:04+00:00,2026-09-27T19:06:04+00:00,bcycle_lametro_3035,10,13,,1,1,1
2026-09-27T19:06:09.603054+00:00,2026-09-27T19:06:04+00:00,2026-09-27T19:06:04+00:00,bcycle_lametro_3036,6,9,,1,1,1
2026-09-27T19:06:09.603054+00:00,2026-09-27T19:06:04+00:00,2026-09-27T19:06:04+00:00,bcycle_lametro_3037,7,10,,1,1,1
2026-09-27T19:06:09.603054+00:00,2026-09-27T19:06:04+00:00,2026-09-27T19:06:04+00:00,bcycle_lametro_3040,2,1,,1,1,1
2026-09-27T19:06:09.603054+00:00,2026-09-27T19:06:04+00:00,2026-09-27T19:06:04+00:00,bcycle_lametro_3042,19,8,,1,1,1
2026-09-27T19:06:09.603054+00:00,2026-09-27T19:06:04+00:00,2026-09-27T19:06:04+00:00,bcycle_lametro_3045,2,8,,1,1,1
2026-09-27T19:06:09.603054+00:00,2026-09-27T19:06:04+00:00,2026-09-27T19:06:04+00:00,bcycle_lametro_3046,11,6,,1,1,1
2026-09-27T19:06:09.603054+00:00,2026-09-27T19:06:04+00:00,2026-09-27T19:06:04+00:00,bcycle_lametro_3047,13,11,,1,1,1
2026-09-27T19:06:09.603054+00:00,2026-09-27T19:06:04+00:00,2026-09-27T19:06:04+00:00,bcycle_lametro_3048,3,13,,1,1,1
2026-09-27T19:06:09.603054+00:00,2026-09-27T19:06:04+00:00,2026-09-27T19:06:04+00:00,bcycle_lametro_3052,8,14,,1,1,1
2026-09-27T19:06:09.603054+00:00,2026-09-27T19:06:04+00:00,2026-09-27T19:06:04+00:00,bcycle_lametro_3054,5,10,,1,1,1
2026-09-27T19:06:09.603054+00:00,2026-09-27T19:06:04+00:00,2026-09-27T19:06:04+00:00,bcycle_lametro_3056,8,7,,1,1,1
2026-09-27T19:06:09.603054+00:00,2026-09-27T19:06:04+00:00,2026-09-27T19:06:04+00:00,bcycle_lametro_3058,9,6,,1,1,1
2026-09-27T19:06:09.603054+00:00,2026-09-27T19:06:04+00:00,2026-09-27T19:06:04+00:00,bcycle_lametro_3062,1,14,,1,1,1
2026-09-27T19:06:09.603054+00:00,2026-09-27T19:06:04+00:00,2026-09-27T19:06:04+00:00,bcycle_lametro_3063,4,18,,1,1,1
2026-09-27T19:06:09.603054+00:00,2026-09-27T19:06:04+00:00,2026-09-27T19:06:04+00:00,bcycle_lametro_3064,3,14,,1,1,1
2026-09-27T19:06:09.603054+00:00,2026-09-27T19:06:04+00:00,2026-09-27T19:06:04+00:00,bcycle_lametro_3065,6,9,,1,1,1
2026-09-27T19:06:09.603054+00:00,2026-09-27T19:06:04+00:00,2026-09-27T19:06:04+00:00,bcycle_lametro_3066,13,2,,1,1,1
2026-09-27T19:06:09.603054+00:00,2026-09-27T19:06:04+00:00,2026-09-27T19:06:04+00:00,bcycle_lametro_3068,6,8,,1,1,1
2026-09-27T19:06:09.603054+00:00,2026-09-27T19:06:04+00:00,2026-09-27T19:06:04+00:00,bcycle_lametro_3069,5,12,,1,1,1
2026-09-27T19:06:09.603054+00:00,2026-09-27T19:06:04+00:00,2026-09-27T19:06:04+00:00,bcycle_lametro_3074,8,14,,1,1,1
2026-09-27T19:06:09.603054+00:00,2026-09-27T19:06:04+00:00,2026-09-27T19:06:04+00:00,bcycle_lametro_3075,13,3,,1,1,1
2026-09-27T19:06:09.603054+00:00,2026-09-27T19:06:04+00:00,2026-09-27T19:06:04+00:00,bcycle_lametro_3076,3,9,,1,1,1
2026-09-27T19:06:09.603054+00:00,2026-09-27T19:06:04+00:00,2026-09-27T19:06:04+00:00,bcycle_lametro_3077,6,7,,1,1,1
2026-09-27T19:06:09.603054+00:00,2026-09-27T19:06:04+00:00,2026-09-27T19:06:04+00:00,bcycle_lametro_3078,6,9,,1,1,1
2026-09-27T19:06:09.603054+00:00,2026-09-27T19:06:04+00:00,2026-09-27T19:06:04+00:00,bcycle_lametro_3079,3,11,,1,1,1
2026-09-27T19:06:09.603054+00:00,2026-09-27T19:06:04+00:00,2026-09-27T19:06:04+00:00,bcycle_lametro_3081,7,5,,1,1,1
2026-09-27T19:06:09.603054+00:00,2026-09-27T19:06:04+00:00,2026-09-27T19:06:04+00:00,bcycle_lametro_3082,13,9,,1,1,1
2026-09-27T19:06:09.603054+00:00,2026-09-27T19:06:04+00:00,2026-09-27T19:06:04+00:00,bcycle_lametro_4202,5,15,,1,1,1
2026-09-27T19:06:09.603054+00:00,2026-09-27T19:06:04+00:00,2026-09-27T19:06:04+00:00,bcycle_lametro_4204,8,8,,1,1,1
2026-09-27T19:06:09.603054+00:00,2026-09-27T19:06:04+00:00,2026-09-27T19:06:04+00:00,bcycle_lametro_4205,3,13,,1,1,1
2026-09-27T19:06:09.603054+00:00,2026-09-27T19:06:04+00:00,2026-09-27T19:06:04+00:00,bcycle_lametro_4206,10,13,,1,1,1
2026-09-27T19:06:09.603054+00:00,2026-09-27T19:06:04+00:00,2026-09-27T19:06:04+00:00,bcycle_lametro_4207,3,16,,1,1,1
2026-09-27T19:06:09.603054+00:00,2026-09-27T19:06:04+00:00,2026-09-27T19:06:04+00:00,bcycle_lametro_4208,7,10,,1,1,1
2026-09-27T19:06:09.603054+00:00,2026-09-27T19:06:04+00:00,2026-09-27T19:06:04+00:00,bcycle_lametro_4209,7,16,,1,1,1
2026-09-27T19:06:09.603054+00:00,2026-09-27T19:06:04+00:00,2026-09-27T19:06:04+00:00,bcycle_lametro_4210,7,8,,1,1,1
2026-09-27T19:06:09.603054+00:00,2026-09-27T19:06:04+00:00,2026-09-27T19:06:04+00:00,bcycle_lametro_4211,3,11,,1,1,1
2026-09-27T19:06:09.603054+00:00,2026-09-27T19:06:04+00:00,2026-09-27T19:06:04+00:00,bcycle_lametro_4212,8,13,,1,1,1
2026-09-27T19:06:09.603054+00:00,2026-09-27T19:06:04+00:00,2026-09-27T19:06:04+00:00,bcycle_lametro_4213,5,10,,1,1,1
2026-09-27T19:06:09.603054+00:00,2026-09-27T19:06:04+00:00,2026-09-27T19:06:04+00:00,bcycle_lametro_4214,4,22,,1,1,1
2026-09-27T19:06:09.603054+00:00,2026-09-27T19:06:04+00:00,2026-09-27T19:06:04+00:00,bcycle_lametro_4215,11,29,,1,1,1
2026-09-27T19:06:09.603054+00:00,2026-09-27T19:06:04+00:00,2026-09-27T19:06:04+00:00,bcycle_lametro_4216,7,12,,1,1,1
2026-09-27T19:06:09.603054+00:00,2026-09-27T19:06:04+00:00,2026-09-27T19:06:04+00:00,bcycle_lametro_4217,4,7,,1,1,1
2026-09-27T19:06:09.603054+00:00,2026-09-27T19:06:04+00:00,2026-09-27T19:06:04+00:00,bcycle_lametro_4220,9,6,,1,1,1
2026-09-27T19:06:09.603054+00:00,2026-09-27T19:06:04+00:00,2026-09-27T19:06:04+00:00,bcycle_lametro_4227,11,5,,1,1,1
2026-09-27T19:06:09.603054+00:00,2026-09-27T19:06:04+00:00,2026-09-27T19:06:04+00:00,bcycle_lametro_4245,7,7,,1,1,1
2026-09-27T19:06:09.603054+00:00,2026-09-27T19:06:04+00:00,2026-09-27T19:06:04+00:00,bcycle_lametro_4246,9,5,,1,1,1
2026-09-27T19:06:09.603054+00:00,2026-09-27T19:06:04+00:00,2026-09-27T19:06:04+00:00,bcycle_lametro_4247,0,8,,1,1,1
2026-09-27T19:06:09.603054+00:00,2026-09-27T19:06:04+00:00,2026-09-27T19:06:04+00:00,bcycle_lametro_4248,6,13,,1,1,1
2026-09-27T19:06:09.603054+00:00,2026-09-27T19:06:04+00:00,2026-09-27T19:06:04+00:00,bcycle_lametro_4249,9,6,,1,1,1
2026-09-27T19:06:09.603054+00:00,2026-09-27T19:06:04+00:00,2026-09-27T19:06:04+00:00,bcycle_lametro_4250,3,11,,1,1,1
2026-09-27T19:06:09.603054+00:00,2026-09-27T19:06:04+00:00,2026-09-27T19:06:04+00:00,bcycle_lametro_4254,6,9,,1,1,1
2026-09-27T19:06:09.603054+00:00,2026-09-27T19:06:04+00:00,2026-09-27T19:06:04+00:00,bcycle_lametro_4255,4,6,,1,1,1
2026-09-27T19:06:09.603054+00:00,2026-09-27T19:06:04+00:00,2026-09-27T19:06:04+00:00,bcycle_lametro_4266,7,8,,1,1,1
2026-09-27T19:06:09.603054+00:00,2026-09-27T19:06:04+00:00,2026-09-27T19:06:04+00:00,bcycle_lametro_4267,6,3,,1,1,1
2026-09-27T19:06:09.603054+00:00,2026-09-27T19:06:04+00:00,2026-09-27T19:06:04+00:00,bcycle_lametro_4273,8,7,,1,1,1
2026-09-27T19:06:09.603054+00:00,2026-09-27T19:06:04+00:00,2026-09-27T19:06:04+00:00,bcycle_lametro_4275,5,10,,1,1,1
2026-09-27T19:06:09.603054+00:00,2026-09-27T19:06:04+00:00,2026-09-27T19:06:04+00:00,bcycle_lametro_4293,5,5,,1,1,1
2026-09-27T19:06:09.603054+00:00,2026-09-27T19:06:04+00:00,2026-09-27T19:06:04+00:00,bcycle_lametro_4300,1,11,,1,1,1
2026-09-27T19:06:09.603054+00:00,2026-09-27T19:06:04+00:00,2026-09-27T19:06:04+00:00,bcycle_lametro_4301,4,6,,1,1,1
2026-09-27T19:06:09.603054+00:00,2026-09-27T19:06:04+00:00,2026-09-27T19:06:04+00:00,bcycle_lametro_4303,5,5,,1,1,1
2026-09-27T19:06:09.603054+00:00,2026-09-27T19:06:04+00:00,2026-09-27T19:06:04+00:00,bcycle_lametro_4304,5,6,,1,1,1
2026-09-27T19:06:09.603054+00:00,2026-09-27T19:06:04+00:00,2026-09-27T19:06:04+00:00,bcycle_lametro_4306,6,7,,1,1,1
2026-09-27T19:06:09.603054+00:00,2026-09-27T19:06:04+00:00,2026-09-27T19:06:04+00:00,bcycle_lametro_4311,6,7,,1,1,1
2026-09-27T19:06:09.603054+00:00,2026-09-27T19:06:04+00:00,2026-09-27T19:06:04+00:00,bcycle_lametro_4312,6,7,,1,1,1
2026-09-27T19:06:09.603054+00:00,2026-09-27T19:06:04+00:00,2026-09-27T19:06:04+00:00,bcycle_lametro_4313,6,6,,1,1,1
2026-09-27T19:06:09.603054+00:00,2026-09-27T19:06:04+00:00,2026-09-27T19:06:04+00:00,bcycle_lametro_4314,2,13,,1,1,1
2026-09-27T19:06:09.603054+00:00,2026-09-27T19:06:04+00:00,2026-09-27T19:06:04+00:00,bcycle_lametro_4315,2,6,,1,1,1
2026-09-27T19:06:09.603054+00:00,2026-09-27T19:06:04+00:00,2026-09-27T19:06:04+00:00,bcycle_lametro_4387,6,10,,1,1,1
2026-09-27T19:06:09.603054+00:00,2026-09-27T19:06:04+00:00,2026-09-27T19:06:04+00:00,bcycle_lametro_4390,6,6,,1,1,1
2026-09-27T19:06:09.603054+00:00,2026-09-27T19:06:04+00:00,2026-09-27T19:06:04+00:00,bcycle_lametro_4401,3,7,,1,1,1
2026-09-27T19:06:09.603054+00:00,2026-09-27T19:06:04+00:00,2026-09-27T19:06:04+00:00,bcycle_lametro_4404,11,4,,1,1,1
2026-09-27T19:06:09.603054+00:00,2026-09-27T19:06:04+00:00,2026-09-27T19:06:04+00:00,bcycle_lametro_4405,8,5,,1,1,1
2026-09-27T19:06:09.603054+00:00,2026-09-27T19:06:04+00:00,2026-09-27T19:06:04+00:00,bcycle_lametro_4406,8,6,,1,1,1
2026-09-27T19:06:09.603054+00:00,2026-09-27T19:06:04+00:00,2026-09-27T19:06:04+00:00,bcycle_lametro_4410,5,7,,1,1,1
2026-09-27T19:06:09.603054+00:00,2026-09-27T19:06:04+00:00,2026-09-27T19:06:04+00:00,bcycle_lametro_4436,3,6,,1,1,1
2026-09-27T19:06:09.603054+00:00,2026-09-27T19:06:04+00:00,2026-09-27T19:06:04+00:00,bcycle_lametro_4437,3,10,,1,1,1
2026-09-27T19:06:09.603054+00:00,2026-09-27T19:06:04+00:00,2026-09-27T19:06:04+00:00,bcycle_lametro_4440,10,8,,1,1,1
2026-09-27T19:06:09.603054+00:00,2026-09-27T19:06:04+00:00,2026-09-27T19:06:04+00:00,bcycle_lametro_4441,2,5,,1,1,1
2026-09-27T19:06:09.603054+00:00,2026-09-27T19:06:04+00:00,2026-09-27T19:06:04+00:00,bcycle_lametro_4442,9,3,,1,1,1
2026-09-27T19:06:09.603054+00:00,2026-09-27T19:06:04+00:00,2026-09-27T19:06:04+00:00,bcycle_lametro_4443,6,2,,1,1,1
2026-09-27T19:06:09.603054+00:00,2026-09-27T19:06:04+00:00,2026-09-27T19:06:04+00:00,bcycle_lametro_4444,1,8,,1,1,1
2026-09-27T19:06:09.603054+00:00,2026-09-27T19:06:04+00:00,2026-09-27T19:06:04+00:00,bcycle_lametro_4445,4,11,,1,1,1
2026-09-27T19:06:09.603054+00:00,2026-09-27T19:06:04+00:00,2026-09-27T19:06:04+00:00,bcycle_lametro_4446,7,1,,1,1,1
2026-09-27T19:06:09.603054+00:00,2026-09-27T19:06:04+00:00,2026-09-27T19:06:04+00:00,bcycle_lametro_4447,7,5,,1,1,1
2026-09-27T19:06:09.603054+00:00,2026-09-27T19:06:04+00:00,2026-09-27T19:06:04+00:00,bcycle_lametro_4448,7,11,,1,1,1
2026-09-27T19:06:09.603054+00:00,2026-09-27T19:06:04+00:00,2026-09-27T19:06:04+00:00,bcycle_lametro_4449,2,11,,1,1,1
2026-09-27T19:06:09.603054+00:00,2026-09-27T19:06:04+00:00,2026-09-27T19:06:04+00:00,bcycle_lametro_4450,5,8,,1,1,1
2026-09-27T19:06:09.603054+00:00,2026-09-27T19:06:04+00:00,2026-09-27T19:06:04+00:00,bcycle_lametro_4451,3,6,,1,1,1
2026-09-27T19:06:09.603054+00:00,2026-09-27T19:06:04+00:00,2026-09-27T19:06:04+00:00,bcycle_lametro_4452,5,5,,1,1,1
2026-09-27T19:06:09.603054+00:00,2026-09-27T19:06:04+00:00,2026-09-27T19:06:04+00:00,bcycle_lametro_4453,3,7,,1,1,1
2026-09-27T19:06:09.603054+00:00,2026-09-27T19:06:04+00:00,2026-09-27T19:06:04+00:00,bcycle_lametro_4454,8,6,,1,1,1
2026-09-27T19:06:09.603054+00:00,2026-09-27T19:06:04+00:00,2026-09-27T19:06:04+00:00,bcycle_lametro_4455,8,7,,1,1,1
2026-09-27T19:06:09.603054+00:00,2026-09-27T19:06:04+00:00,2026-09-27T19:06:04+00:00,bcycle_lametro_4456,10,5,,1,1,1
2026-09-27T19:06:09.603054+00:00,2026-09-27T19:06:04+00:00,2026-09-27T19:06:04+00:00,bcycle_lametro_4457,4,4,,1,1,1
2026-09-27T19:06:09.603054+00:00,2026-09-27T19:06:04+00:00,2026-09-27T19:06:04+00:00,bcycle_lametro_4472,7,9,,1,1,1
2026-09-27T19:06:09.603054+00:00,2026-09-27T19:06:04+00:00,2026-09-27T19:06:04+00:00,bcycle_lametro_4473,5,3,,1,1,1
2026-09-27T19:06:09.603054+00:00,2026-09-27T19:06:04+00:00,2026-09-27T19:06:04+00:00,bcycle_lametro_4474,3,7,,1,1,1
2026-09-27T19:06:09.603054+00:00,2026-09-27T19:06:04+00:00,2026-09-27T19:06:04+00:00,bcycle_lametro_4475,8,3,,1,1,1
2026-09-27T19:06:09.603054+00:00,2026-09-27T19:06:04+00:00,2026-09-27T19:06:04+00:00,bcycle_lametro_4476,4,10,,1,1,1
2026-09-27T19:06:09.603054+00:00,2026-09-27T19:06:04+00:00,2026-09-27T19:06:04+00:00,bcycle_lametro_4477,4,9,,1,1,1
2026-09-27T19:06:09.603054+00:00,2026-09-27T19:06:04+00:00,2026-09-27T19:06:04+00:00,bcycle_lametro_4479,5,7,,1,1,1
2026-09-27T19:06:09.603054+00:00,2026-09-27T19:06:04+00:00,2026-09-27T19:06:04+00:00,bcycle_lametro_4483,5,7,,1,1,1
2026-09-27T19:06:09.603054+00:00,2026-09-27T19:06:04+00:00,2026-09-27T19:06:04+00:00,bcycle_lametro_4487,14,2,,1,1,1
2026-09-27T19:06:09.603054+00:00,2026-09-27T19:06:04+00:00,2026-09-27T19:06:04+00:00,bcycle_lametro_4490,9,6,,1,1,1
2026-09-27T19:06:09.603054+00:00,2026-09-27T19:06:04+00:00,2026-09-27T19:06:04+00:00,bcycle_lametro_4491,9,4,,1,1,1
2026-09-27T19:06:09.603054+00:00,2026-09-27T19:06:04+00:00,2026-09-27T19:06:04+00:00,bcycle_lametro_4492,9,10,,1,1,1
2026-09-27T19:06:09.603054+00:00,2026-09-27T19:06:04+00:00,2026-09-27T19:06:04+00:00,bcycle_lametro_4493,4,12,,1,1,1
2026-09-27T19:06:09.603054+00:00,2026-09-27T19:06:04+00:00,2026-09-27T19:06:04+00:00,bcycle_lametro_4494,6,3,,1,1,1
2026-09-27T19:06:09.603054+00:00,2026-09-27T19:06:04+00:00,2026-09-27T19:06:04+00:00,bcycle_lametro_4509,2,8,,1,1,1
2026-09-27T19:06:09.603054+00:00,2026-09-27T19:06:04+00:00,2026-09-27T19:06:04+00:00,bcycle_lametro_4510,6,4,,1,1,1
2026-09-27T19:06:09.603054+00:00,2026-09-27T19:06:04+00:00,2026-09-27T19:06:04+00:00,bcycle_lametro_4511,6,13,,1,1,1
2026-09-27T19:06:09.603054+00:00,2026-09-27T19:06:04+00:00,2026-09-27T19:06:04+00:00,bcycle_lametro_4512,12,3,,1,1,1
2026-09-27T19:06:09.603054+00:00,2026-09-27T19:06:04+00:00,2026-09-27T19:06:04+00:00,bcycle_lametro_4514,9,12,,1,1,1
2026-09-27T19:06:09.603054+00:00,2026-09-27T19:06:04+00:00,2026-09-27T19:06:04+00:00,bcycle_lametro_4515,7,2,,1,1,1
2026-09-27T19:06:09.603054+00:00,2026-09-27T19:06:04+00:00,2026-09-27T19:06:04+00:00,bcycle_lametro_4517,9,2,,1,1,1
2026-09-27T19:06:09.603054+00:00,2026-09-27T19:06:04+00:00,2026-09-27T19:06:04+00:00,bcycle_lametro_4521,6,6,,1,1,1
2026-09-27T19:06:09.603054+00:00,2026-09-27T19:06:04+00:00,2026-09-27T19:06:04+00:00,bcycle_lametro_4523,11,4,,1,1,1
2026-09-27T19:06:09.603054+00:00,2026-09-27T19:06:04+00:00,2026-09-27T19:06:04+00:00,bcycle_lametro_4524,1,13,,1,1,1
2026-09-27T19:06:09.603054+00:00,2026-09-27T19:06:04+00:00,2026-09-27T19:06:04+00:00,bcycle_lametro_4525,7,4,,1,1,1
2026-09-27T19:06:09.603054+00:00,2026-09-27T19:06:04+00:00,2026-09-27T19:06:04+00:00,bcycle_lametro_4526,4,17,,1,1,1
2026-09-27T19:06:09.603054+00:00,2026-09-27T19:06:04+00:00,2026-09-27T19:06:04+00:00,bcycle_lametro_4527,7,7,,1,1,1
2026-09-27T19:06:09.603054+00:00,2026-09-27T19:06:04+00:00,2026-09-27T19:06:04+00:00,bcycle_lametro_4528,10,4,,1,1,1
2026-09-27T19:06:09.603054+00:00,2026-09-27T19:06:04+00:00,2026-09-27T19:06:04+00:00,bcycle_lametro_4529,0,13,,1,1,1
2026-09-27T19:06:09.603054+00:00,2026-09-27T19:06:04+00:00,2026-09-27T19:06:04+00:00,bcycle_lametro_4534,8,7,,1,1,1
2026-09-27T19:06:09.603054+00:00,2026-09-27T19:06:04+00:00,2026-09-27T19:06:04+00:00,bcycle_lametro_4536,4,6,,1,1,1
2026-09-27T19:06:09.603054+00:00,2026-09-27T19:06:04+00:00,2026-09-27T19:06:04+00:00,bcycle_lametro_4537,4,14,,1,1,1
2026-09-27T19:06:09.603054+00:00,2026-09-27T19:06:04+00:00,2026-09-27T19:06:04+00:00,bcycle_lametro_4538,1,7,,1,1,1
2026-09-27T19:06:09.603054+00:00,2026-09-27T19:06:04+00:00,2026-09-27T19:06:04+00:00,bcycle_lametro_4540,6,8,,1,1,1
2026-09-27T19:06:09.603054+00:00,2026-09-27T19:06:04+00:00,2026-09-27T19:06:04+00:00,bcycle_lametro_4543,2,6,,1,1,1
2026-09-27T19:06:09.603054+00:00,2026-09-27T19:06:04+00:00,2026-09-27T19:06:04+00:00,bcycle_lametro_4544,6,8,,1,1,1
2026-09-27T19:06:09.603054+00:00,2026-09-27T19:06:04+00:00,2026-09-27T19:06:04+00:00,bcycle_lametro_4545,4,4,,1,1,1
2026-09-27T19:06:09.603054+00:00,2026-09-27T19:06:04+00:00,2026-09-27T19:06:04+00:00,bcycle_lametro_4546,3,16,,1,1,1
2026-09-27T19:06:09.603054+00:00,2026-09-27T19:06:04+00:00,2026-09-27T19:06:04+00:00,bcycle_lametro_4547,7,3,,1,1,1
2026-09-27T19:06:09.603054+00:00,2026-09-27T19:06:04+00:00,2026-09-27T19:06:04+00:00,bcycle_lametro_4548,5,7,,1,1,1
2026-09-27T19:06:09.603054+00:00,2026-09-27T19:06:04+00:00,2026-09-27T19:06:04+00:00,bcycle_lametro_4549,11,5,,1,1,1
2026-09-27T19:06:09.603054+00:00,2026-09-27T19:06:04+00:00,2026-09-27T19:06:04+00:00,bcycle_lametro_4552,10,2,,1,1,1
2026-09-27T19:06:09.603054+00:00,2026-09-27T19:06:04+00:00,2026-09-27T19:06:04+00:00,bcycle_lametro_4553,2,7,,1,1,1
2026-09-27T19:06:09.603054+00:00,2026-09-27T19:06:04+00:00,2026-09-27T19:06:04+00:00,bcycle_lametro_4554,6,5,,1,1,1
2026-09-27T19:06:09.603054+00:00,2026-09-27T19:06:04+00:00,2026-09-27T19:06:04+00:00,bcycle_lametro_4555,3,5,,1,1,1
2026-09-27T19:06:09.603054+00:00,2026-09-27T19:06:04+00:00,2026-09-27T19:06:04+00:00,bcycle_lametro_4556,4,9,,1,1,1
2026-09-27T19:06:09.603054+00:00,2026-09-27T19:06:04+00:00,2026-09-27T19:06:04+00:00,bcycle_lametro_4557,4,7,,1,1,1
2026-09-27T19:06:09.603054+00:00,2026-09-27T19:06:04+00:00,2026-09-27T19:06:04+00:00,bcycle_lametro_4558,7,10,,1,1,1
2026-09-27T19:06:09.603054+00:00,2026-09-27T19:06:04+00:00,2026-09-27T19:06:04+00:00,bcycle_lametro_4561,7,2,,1,1,1
2026-09-27T19:06:09.603054+00:00,2026-09-27T19:06:04+00:00,2026-09-27T19:06:04+00:00,bcycle_lametro_4562,8,6,,1,1,1
2026-09-27T19:06:09.603054+00:00,2026-09-27T19:06:04+00:00,2026-09-27T19:06:04+00:00,bcycle_lametro_4563,6,3,,1,1,1
2026-09-27T19:06:09.603054+00:00,2026-09-27T19:06:04+00:00,2026-09-27T19:06:04+00:00,bcycle_lametro_4564,9,6,,1,1,1
2026-09-27T19:06:09.603054+00:00,2026-09-27T19:06:04+00:00,2026-09-27T19:06:04+00:00,bcycle_lametro_4565,2,10,,1,1,1
2026-09-27T19:06:09.603054+00:00,2026-09-27T19:06:04+00:00,2026-09-27T19:06:04+00:00,bcycle_lametro_4566,2,12,,1,1,1
2026-09-27T19:06:09.603054+00:00,2026-09-27T19:06:04+00:00,2026-09-27T19:06:04+00:00,bcycle_lametro_4567,6,5,,1,1,1
2026-09-27T19:06:09.603054+00:00,2026-09-27T19:06:04+00:00,2026-09-27T19:06:04+00:00,bcycle_lametro_4568,7,7,,1,1,1
2026-09-27T19:06:09.603054+00:00,2026-09-27T19:06:04+00:00,2026-09-27T19:06:04+00:00,bcycle_lametro_4569,0,9,,1,1,1
2026-09-27T19:06:09.603054+00:00,2026-09-27T19:06:04+00:00,2026-09-27T19:06:04+00:00,bcycle_lametro_4570,6,9,,0,0,1
2026-09-27T19:06:09.603054+00:00,2026-09-27T19:06:04+00:00,2026-09-27T19:06:04+00:00,bcycle_lametro_4571,0,7,,1,1,1
2026-09-27T19:06:09.603054+00:00,2026-09-27T19:06:04+00:00,2026-09-27T19:06:04+00:00,bcycle_lametro_4575,2,9,,1,1,1
2026-09-27T19:06:09.603054+00:00,2026-09-27T19:06:04+00:00,2026-09-27T19:06:04+00:00,bcycle_lametro_4576,3,8,,1,1,1
2026-09-27T19:06:09.603054+00:00,2026-09-27T19:06:04+00:00,2026-09-27T19:06:04+00:00,bcycle_lametro_4578,3,4,,1,1,1
2026-09-27T19:06:09.603054+00:00,2026-09-27T19:06:04+00:00,2026-09-27T19:06:04+00:00,bcycle_lametro_4579,6,6,,1,1,1
2026-09-27T19:06:09.603054+00:00,2026-09-27T19:06:04+00:00,2026-09-27T19:06:04+00:00,bcycle_lametro_4580,7,1,,1,1,1
2026-09-27T19:06:09.603054+00:00,2026-09-27T19:06:04+00:00,2026-09-27T19:06:04+00:00,bcycle_lametro_4581,4,13,,1,1,1
2026-09-27T19:06:09.603054+00:00,2026-09-27T19:06:04+00:00,2026-09-27T19:06:04+00:00,bcycle_lametro_4583,7,11,,1,1,1
2026-09-27T19:06:09.603054+00:00,2026-09-27T19:06:04+00:00,2026-09-27T19:06:04+00:00,bcycle_lametro_4584,7,7,,1,1,1
2026-09-27T19:06:09.603054+00:00,2026-09-27T19:06:04+00:00,2026-09-27T19:06:04+00:00,bcycle_lametro_4587,6,5,,1,1,1
2026-09-27T19:06:09.603054+00:00,2026-09-27T19:06:04+00:00,2026-09-27T19:06:04+00:00,bcycle_lametro_4595,4,14,,1,1,1
2026-09-27T19:06:09.603054+00:00,2026-09-27T19:06:04+00:00,2026-09-27T19:06:04+00:00,bcycle_lametro_4596,5,10,,1,1,1
2026-09-27T19:06:09.603054+00:00,2026-09-27T19:06:04+00:00,2026-09-27T19:06:04+00:00,bcycle_lametro_4597,3,8,,1,1,1
2026-09-27T19:06:09.603054+00:00,2026-09-27T19:06:04+00:00,2026-09-27T19:06:04+00:00,bcycle_lametro_4598,7,2,,1,1,1
2026-09-27T19:06:09.603054+00:00,2026-09-27T19:06:04+00:00,2026-09-27T19:06:04+00:00,bcycle_lametro_4599,2,10,,1,1,1
2026-09-27T19:06:09.603054+00:00,2026-09-27T19:06:04+00:00,2026-09-27T19:06:04+00:00,bcycle_lametro_4600,4,6,,1,1,1
2026-09-27T19:06:09.603054+00:00,2026-09-27T19:06:04+00:00,2026-09-27T19:06:04+00:00,bcycle_lametro_4601,5,6,,1,1,1
2026-09-27T19:06:09.603054+00:00,2026-09-27T19:06:04+00:00,2026-09-27T19:06:04+00:00,bcycle_lametro_4603,4,14,,1,1,1
2026-09-27T19:06:09.603054+00:00,2026-09-27T19:06:04+00:00,2026-09-27T19:06:04+00:00,bcycle_lametro_4604,8,4,,1,1,1
2026-09-27T19:06:09.603054+00:00,2026-09-27T19:06:04+00:00,2026-09-27T19:06:04+00:00,bcycle_lametro_4605,8,5,,1,1,1
2026-09-27T19:06:09.603054+00:00,2026-09-27T19:06:04+00:00,2026-09-27T19:06:04+00:00,bcycle_lametro_4606,2,18,,1,1,1
2026-09-27T19:06:09.603054+00:00,2026-09-27T19:06:04+00:00,2026-09-27T19:06:04+00:00,bcycle_lametro_4613,4,14,,1,1,1
2026-09-27T19:06:09.603054+00:00,2026-09-27T19:06:04+00:00,2026-09-27T19:06:04+00:00,bcycle_lametro_4614,4,16,,1,1,1
2026-09-27T19:06:09.603054+00:00,2026-09-27T19:06:04+00:00,2026-09-27T19:06:04+00:00,bcycle_lametro_4627,2,15,,1,1,1
2026-09-27T19:06:09.603054+00:00,2026-09-27T19:06:04+00:00,2026-09-27T19:06:04+00:00,bcycle_lametro_4628,8,5,,1,1,1
2026-09-27T19:06:09.603054+00:00,2026-09-27T19:06:04+00:00,2026-09-27T19:06:04+00:00,bcycle_lametro_4632,7,8,,1,1,1
2026-09-27T19:06:09.603054+00:00,2026-09-27T19:06:04+00:00,2026-09-27T19:06:04+00:00,bcycle_lametro_4643,7,13,,1,1,1
2026-09-27T19:06:09.603054+00:00,2026-09-27T19:06:04+00:00,2026-09-27T19:06:04+00:00,bcycle_lametro_4644,6,6,,1,1,1
2026-09-27T19:06:09.603054+00:00,2026-09-27T19:06:04+00:00,2026-09-27T19:06:04+00:00,bcycle_lametro_4645,6,6,,1,1,1
2026-09-27T19:06:09.603054+00:00,2026-09-27T19:06:04+00:00,2026-09-27T19:06:04+00:00,bcycle_lametro_4652,1,10,,1,1,1
2026-09-27T19:06:09.603054+00:00,2026-09-27T19:06:04+00:00,2026-09-27T19:06:04+00:00,bcycle_lametro_4660,5,12,,1,1,1
2026-09-27T19:06:09.603054+00:00,2026-09-27T19:06:04+00:00,2026-09-27T19:06:04+00:00,bcycle_lametro_4664,8,12,,1,1,1
2026-09-27T19:06:09.603054+00:00,2026-09-27T19:06:04+00:00,2026-09-27T19:06:04+00:00,bcycle_lametro_4672,11,4,,1,1,1
2026-09-27T19:06:09.603054+00:00,2026-09-27T19:06:04+00:00,2026-09-27T19:06:04+00:00,bcycle_lametro_4680,8,10,,1,1,1
2026-09-27T19:06:09.603054+00:00,2026-09-27T19:06:04+00:00,2026-09-27T19:06:04+00:00,bcycle_lametro_4689,9,6,,1,1,1
2026-09-27T19:06:09.603054+00:00,2026-09-27T19:06:04+00:00,2026-09-27T19:06:04+00:00,bcycle_lametro_4690,12,2,,1,1,1
2026-09-27T19:06:09.603054+00:00,2026-09-27T19:06:04+00:00,2026-09-27T19:06:04+00:00,bcycle_lametro_4696,9,5,,1,1,1
2026-09-27T19:06:09.603054+00:00,2026-09-27T19:06:04+00:00,2026-09-27T19:06:04+00:00,bcycle_lametro_4697,3,12,,1,1,1
2026-09-27T19:06:09.603054+00:00,2026-09-27T19:06:04+00:00,2026-09-27T19:06:04+00:00,bcycle_lametro_4698,7,6,,1,1,1
2026-09-27T19:06:09.603054+00:00,2026-09-27T19:06:04+00:00,2026-09-27T19:06:04+00:00,bcycle_lametro_4699,6,9,,1,1,1
2026-09-27T19:06:09.603054+00:00,2026-09-27T19:06:04+00:00,2026-09-27T19:06:04+00:00,bcycle_lametro_4700,11,6,,1,1,1
2026-09-27T19:06:09.603054+00:00,2026-09-27T19:06:04+00:00,2026-09-27T19:06:04+00:00,bcycle_lametro_4707,5,8,,1,1,1
2026-09-27T19:06:09.603054+00:00,2026-09-27T19:06:04+00:00,2026-09-27T19:06:04+00:00,bcycle_lametro_4729,3,10,,1,1,1
2026-09-27T19:06:09.603054+00:00,2026-09-27T19:06:04+00:00,2026-09-27T19:06:04+00:00,bcycle_lametro_4730,10,3,,1,1,1
2026-09-27T19:06:09.603054+00:00,2026-09-27T19:06:04+00:00,2026-09-27T19:06:04+00:00,bcycle_lametro_4732,9,12,,1,1,1
2026-09-27T19:06:09.603054+00:00,2026-09-27T19:06:04+00:00,2026-09-27T19:06:04+00:00,bcycle_lametro_4733,10,13,,1,1,1
2026-09-27T19:06:09.603054+00:00,2026-09-27T19:06:04+00:00,2026-09-27T19:06:04+00:00,bcycle_lametro_4734,3,12,,1,1,1
2026-09-27T19:06:09.603054+00:00,2026-09-27T19:06:04+00:00,2026-09-27T19:06:04+00:00,bcycle_lametro_4735,8,4,,1,1,1
2026-09-27T19:06:09.603054+00:00,2026-09-27T19:06:04+00:00,2026-09-27T19:06:04+00:00,bcycle_lametro_4736,7,8,,1,1,1
2026-09-27T19:06:09.603054+00:00,2026-09-27T19:06:04+00:00,2026-09-27T19:06:04+00:00,bcycle_lametro_4740,19,3,,1,1,1
2026-09-27T19:06:09.603054+00:00,2026-09-27T19:06:04+00:00,2026-09-27T19:06:04+00:00,bcycle_lametro_4745,2,9,,1,1,1
2026-09-27T22:06:54.679927+00:00,2026-09-27T22:06:21+00:00,2026-09-27T22:06:21+00:00,bcycle_lametro_3005,10,20,,1,1,1
2026-09-27T22:06:54.679927+00:00,2026-09-27T22:06:21+00:00,2026-09-27T22:06:21+00:00,bcycle_lametro_3006,17,12,,1,1,1
2026-09-27T22:06:54.679927+00:00,2026-09-27T22:06:21+00:00,2026-09-27T22:06:21+00:00,bcycle_lametro_3007,9,13,,1,1,1
2026-09-27T22:06:54.679927+00:00,2026-09-27T22:06:21+00:00,2026-09-27T22:06:21+00:00,bcycle_lametro_3008,6,9,,1,1,1
2026-09-27T22:06:54.679927+00:00,2026-09-27T22:06:21+00:00,2026-09-27T22:06:21+00:00,bcycle_lametro_3010,10,5,,1,1,1
2026-09-27T22:06:54.679927+00:00,2026-09-27T22:06:21+00:00,2026-09-27T22:06:21+00:00,bcycle_lametro_3011,6,10,,1,1,1
2026-09-27T22:06:54.679927+00:00,2026-09-27T22:06:21+00:00,2026-09-27T22:06:21+00:00,bcycle_lametro_3014,14,13,,1,1,1
2026-09-27T22:06:54.679927+00:00,2026-09-27T22:06:21+00:00,2026-09-27T22:06:21+00:00,bcycle_lametro_3016,2,13,,1,1,1
2026-09-27T22:06:54.679927+00:00,2026-09-27T22:06:21+00:00,2026-09-27T22:06:21+00:00,bcycle_lametro_3018,13,5,,1,1,1
2026-09-27T22:06:54.679927+00:00,2026-09-27T22:06:21+00:00,2026-09-27T22:06:21+00:00,bcycle_lametro_3019,7,12,,1,1,1
2026-09-27T22:06:54.679927+00:00,2026-09-27T22:06:21+00:00,2026-09-27T22:06:21+00:00,bcycle_lametro_3020,5,10,,1,1,1
2026-09-27T22:06:54.679927+00:00,2026-09-27T22:06:21+00:00,2026-09-27T22:06:21+00:00,bcycle_lametro_3022,8,12,,1,1,1
2026-09-27T22:06:54.679927+00:00,2026-09-27T22:06:21+00:00,2026-09-27T22:06:21+00:00,bcycle_lametro_3024,5,10,,1,1,1
2026-09-27T22:06:54.679927+00:00,2026-09-27T22:06:21+00:00,2026-09-27T22:06:21+00:00,bcycle_lametro_3025,10,4,,1,1,1
2026-09-27T22:06:54.679927+00:00,2026-09-27T22:06:21+00:00,2026-09-27T22:06:21+00:00,bcycle_lametro_3026,5,10,,1,1,1
2026-09-27T22:06:54.679927+00:00,2026-09-27T22:06:21+00:00,2026-09-27T22:06:21+00:00,bcycle_lametro_3027,6,9,,1,1,1
2026-09-27T22:06:54.679927+00:00,2026-09-27T22:06:21+00:00,2026-09-27T22:06:21+00:00,bcycle_lametro_3030,11,18,,1,1,1
2026-09-27T22:06:54.679927+00:00,2026-09-27T22:06:21+00:00,2026-09-27T22:06:21+00:00,bcycle_lametro_3032,11,16,,1,1,1
2026-09-27T22:06:54.679927+00:00,2026-09-27T22:06:21+00:00,2026-09-27T22:06:21+00:00,bcycle_lametro_3033,4,11,,1,1,1
2026-09-27T22:06:54.679927+00:00,2026-09-27T22:06:21+00:00,2026-09-27T22:06:21+00:00,bcycle_lametro_3034,13,9,,1,1,1
2026-09-27T22:06:54.679927+00:00,2026-09-27T22:06:21+00:00,2026-09-27T22:06:21+00:00,bcycle_lametro_3035,12,11,,1,1,1
2026-09-27T22:06:54.679927+00:00,2026-09-27T22:06:21+00:00,2026-09-27T22:06:21+00:00,bcycle_lametro_3036,6,9,,1,1,1
2026-09-27T22:06:54.679927+00:00,2026-09-27T22:06:21+00:00,2026-09-27T22:06:21+00:00,bcycle_lametro_3037,8,9,,1,1,1
2026-09-27T22:06:54.679927+00:00,2026-09-27T22:06:21+00:00,2026-09-27T22:06:21+00:00,bcycle_lametro_3040,1,2,,1,1,1
2026-09-27T22:06:54.679927+00:00,2026-09-27T22:06:21+00:00,2026-09-27T22:06:21+00:00,bcycle_lametro_3042,19,8,,1,1,1
2026-09-27T22:06:54.679927+00:00,2026-09-27T22:06:21+00:00,2026-09-27T22:06:21+00:00,bcycle_lametro_3045,2,8,,1,1,1
2026-09-27T22:06:54.679927+00:00,2026-09-27T22:06:21+00:00,2026-09-27T22:06:21+00:00,bcycle_lametro_3046,9,8,,1,1,1
2026-09-27T22:06:54.679927+00:00,2026-09-27T22:06:21+00:00,2026-09-27T22:06:21+00:00,bcycle_lametro_3047,14,11,,1,1,1
2026-09-27T22:06:54.679927+00:00,2026-09-27T22:06:21+00:00,2026-09-27T22:06:21+00:00,bcycle_lametro_3048,3,13,,1,1,1
2026-09-27T22:06:54.679927+00:00,2026-09-27T22:06:21+00:00,2026-09-27T22:06:21+00:00,bcycle_lametro_3052,8,14,,1,1,1
2026-09-27T22:06:54.679927+00:00,2026-09-27T22:06:21+00:00,2026-09-27T22:06:21+00:00,bcycle_lametro_3054,5,10,,1,1,1
2026-09-27T22:06:54.679927+00:00,2026-09-27T22:06:21+00:00,2026-09-27T22:06:21+00:00,bcycle_lametro_3056,8,7,,1,1,1
2026-09-27T22:06:54.679927+00:00,2026-09-27T22:06:21+00:00,2026-09-27T22:06:21+00:00,bcycle_lametro_3058,9,6,,1,1,1
2026-09-27T22:06:54.679927+00:00,2026-09-27T22:06:21+00:00,2026-09-27T22:06:21+00:00,bcycle_lametro_3062,2,13,,1,1,1
2026-09-27T22:06:54.679927+00:00,2026-09-27T22:06:21+00:00,2026-09-27T22:06:21+00:00,bcycle_lametro_3063,5,17,,1,1,1
2026-09-27T22:06:54.679927+00:00,2026-09-27T22:06:21+00:00,2026-09-27T22:06:21+00:00,bcycle_lametro_3064,2,15,,1,1,1
2026-09-27T22:06:54.679927+00:00,2026-09-27T22:06:21+00:00,2026-09-27T22:06:21+00:00,bcycle_lametro_3065,5,10,,1,1,1
2026-09-27T22:06:54.679927+00:00,2026-09-27T22:06:21+00:00,2026-09-27T22:06:21+00:00,bcycle_lametro_3066,13,2,,1,1,1
2026-09-27T22:06:54.679927+00:00,2026-09-27T22:06:21+00:00,2026-09-27T22:06:21+00:00,bcycle_lametro_3068,7,7,,1,1,1
2026-09-27T22:06:54.679927+00:00,2026-09-27T22:06:21+00:00,2026-09-27T22:06:21+00:00,bcycle_lametro_3069,6,11,,1,1,1
2026-09-27T22:06:54.679927+00:00,2026-09-27T22:06:21+00:00,2026-09-27T22:06:21+00:00,bcycle_lametro_3074,6,16,,1,1,1
2026-09-27T22:06:54.679927+00:00,2026-09-27T22:06:21+00:00,2026-09-27T22:06:21+00:00,bcycle_lametro_3075,13,3,,1,1,1
2026-09-27T22:06:54.679927+00:00,2026-09-27T22:06:21+00:00,2026-09-27T22:06:21+00:00,bcycle_lametro_3076,3,9,,1,1,1
2026-09-27T22:06:54.679927+00:00,2026-09-27T22:06:21+00:00,2026-09-27T22:06:21+00:00,bcycle_lametro_3077,6,7,,1,1,1
2026-09-27T22:06:54.679927+00:00,2026-09-27T22:06:21+00:00,2026-09-27T22:06:21+00:00,bcycle_lametro_3078,6,9,,1,1,1
2026-09-27T22:06:54.679927+00:00,2026-09-27T22:06:21+00:00,2026-09-27T22:06:21+00:00,bcycle_lametro_3079,3,11,,1,1,1
2026-09-27T22:06:54.679927+00:00,2026-09-27T22:06:21+00:00,2026-09-27T22:06:21+00:00,bcycle_lametro_3081,7,5,,1,1,1
2026-09-27T22:06:54.679927+00:00,2026-09-27T22:06:21+00:00,2026-09-27T22:06:21+00:00,bcycle_lametro_3082,14,8,,1,1,1
2026-09-27T22:06:54.679927+00:00,2026-09-27T22:06:21+00:00,2026-09-27T22:06:21+00:00,bcycle_lametro_4202,5,15,,1,1,1
2026-09-27T22:06:54.679927+00:00,2026-09-27T22:06:21+00:00,2026-09-27T22:06:21+00:00,bcycle_lametro_4204,11,5,,1,1,1
2026-09-27T22:06:54.679927+00:00,2026-09-27T22:06:21+00:00,2026-09-27T22:06:21+00:00,bcycle_lametro_4205,3,13,,1,1,1
2026-09-27T22:06:54.679927+00:00,2026-09-27T22:06:21+00:00,2026-09-27T22:06:21+00:00,bcycle_lametro_4206,10,13,,1,1,1
2026-09-27T22:06:54.679927+00:00,2026-09-27T22:06:21+00:00,2026-09-27T22:06:21+00:00,bcycle_lametro_4207,3,16,,1,1,1
2026-09-27T22:06:54.679927+00:00,2026-09-27T22:06:21+00:00,2026-09-27T22:06:21+00:00,bcycle_lametro_4208,8,9,,1,1,1
2026-09-27T22:06:54.679927+00:00,2026-09-27T22:06:21+00:00,2026-09-27T22:06:21+00:00,bcycle_lametro_4209,7,16,,1,1,1
2026-09-27T22:06:54.679927+00:00,2026-09-27T22:06:21+00:00,2026-09-27T22:06:21+00:00,bcycle_lametro_4210,9,6,,1,1,1
2026-09-27T22:06:54.679927+00:00,2026-09-27T22:06:21+00:00,2026-09-27T22:06:21+00:00,bcycle_lametro_4211,6,7,,1,1,1
2026-09-27T22:06:54.679927+00:00,2026-09-27T22:06:21+00:00,2026-09-27T22:06:21+00:00,bcycle_lametro_4212,11,10,,1,1,1
2026-09-27T22:06:54.679927+00:00,2026-09-27T22:06:21+00:00,2026-09-27T22:06:21+00:00,bcycle_lametro_4213,5,10,,1,1,1
2026-09-27T22:06:54.679927+00:00,2026-09-27T22:06:21+00:00,2026-09-27T22:06:21+00:00,bcycle_lametro_4214,2,24,,1,1,1
2026-09-27T22:06:54.679927+00:00,2026-09-27T22:06:21+00:00,2026-09-27T22:06:21+00:00,bcycle_lametro_4215,12,28,,1,1,1
2026-09-27T22:06:54.679927+00:00,2026-09-27T22:06:21+00:00,2026-09-27T22:06:21+00:00,bcycle_lametro_4216,7,12,,1,1,1
2026-09-27T22:06:54.679927+00:00,2026-09-27T22:06:21+00:00,2026-09-27T22:06:21+00:00,bcycle_lametro_4217,4,7,,1,1,1
2026-09-27T22:06:54.679927+00:00,2026-09-27T22:06:21+00:00,2026-09-27T22:06:21+00:00,bcycle_lametro_4220,10,5,,1,1,1
2026-09-27T22:06:54.679927+00:00,2026-09-27T22:06:21+00:00,2026-09-27T22:06:21+00:00,bcycle_lametro_4227,11,5,,1,1,1
2026-09-27T22:06:54.679927+00:00,2026-09-27T22:06:21+00:00,2026-09-27T22:06:21+00:00,bcycle_lametro_4245,7,7,,1,1,1
2026-09-27T22:06:54.679927+00:00,2026-09-27T22:06:21+00:00,2026-09-27T22:06:21+00:00,bcycle_lametro_4246,8,6,,1,1,1
2026-09-27T22:06:54.679927+00:00,2026-09-27T22:06:21+00:00,2026-09-27T22:06:21+00:00,bcycle_lametro_4247,4,4,,1,1,1
2026-09-27T22:06:54.679927+00:00,2026-09-27T22:06:21+00:00,2026-09-27T22:06:21+00:00,bcycle_lametro_4248,6,13,,1,1,1
2026-09-27T22:06:54.679927+00:00,2026-09-27T22:06:21+00:00,2026-09-27T22:06:21+00:00,bcycle_lametro_4249,10,5,,1,1,1
2026-09-27T22:06:54.679927+00:00,2026-09-27T22:06:21+00:00,2026-09-27T22:06:21+00:00,bcycle_lametro_4250,3,12,,1,1,1
2026-09-27T22:06:54.679927+00:00,2026-09-27T22:06:21+00:00,2026-09-27T22:06:21+00:00,bcycle_lametro_4254,7,8,,1,1,1
2026-09-27T22:06:54.679927+00:00,2026-09-27T22:06:21+00:00,2026-09-27T22:06:21+00:00,bcycle_lametro_4255,4,6,,1,1,1
2026-09-27T22:06:54.679927+00:00,2026-09-27T22:06:21+00:00,2026-09-27T22:06:21+00:00,bcycle_lametro_4266,7,8,,1,1,1
2026-09-27T22:06:54.679927+00:00,2026-09-27T22:06:21+00:00,2026-09-27T22:06:21+00:00,bcycle_lametro_4267,6,3,,1,1,1
2026-09-27T22:06:54.679927+00:00,2026-09-27T22:06:21+00:00,2026-09-27T22:06:21+00:00,bcycle_lametro_4273,7,8,,1,1,1
2026-09-27T22:06:54.679927+00:00,2026-09-27T22:06:21+00:00,2026-09-27T22:06:21+00:00,bcycle_lametro_4275,6,9,,1,1,1
2026-09-27T22:06:54.679927+00:00,2026-09-27T22:06:21+00:00,2026-09-27T22:06:21+00:00,bcycle_lametro_4293,5,5,,1,1,1
2026-09-27T22:06:54.679927+00:00,2026-09-27T22:06:21+00:00,2026-09-27T22:06:21+00:00,bcycle_lametro_4300,3,9,,1,1,1
2026-09-27T22:06:54.679927+00:00,2026-09-27T22:06:21+00:00,2026-09-27T22:06:21+00:00,bcycle_lametro_4301,4,6,,1,1,1
2026-09-27T22:06:54.679927+00:00,2026-09-27T22:06:21+00:00,2026-09-27T22:06:21+00:00,bcycle_lametro_4303,5,5,,1,1,1
2026-09-27T22:06:54.679927+00:00,2026-09-27T22:06:21+00:00,2026-09-27T22:06:21+00:00,bcycle_lametro_4304,5,6,,1,1,1
2026-09-27T22:06:54.679927+00:00,2026-09-27T22:06:21+00:00,2026-09-27T22:06:21+00:00,bcycle_lametro_4306,6,7,,1,1,1
2026-09-27T22:06:54.679927+00:00,2026-09-27T22:06:21+00:00,2026-09-27T22:06:21+00:00,bcycle_lametro_4311,4,8,,1,1,1
2026-09-27T22:06:54.679927+00:00,2026-09-27T22:06:21+00:00,2026-09-27T22:06:21+00:00,bcycle_lametro_4312,6,7,,1,1,1
2026-09-27T22:06:54.679927+00:00,2026-09-27T22:06:21+00:00,2026-09-27T22:06:21+00:00,bcycle_lametro_4313,6,6,,1,1,1
2026-09-27T22:06:54.679927+00:00,2026-09-27T22:06:21+00:00,2026-09-27T22:06:21+00:00,bcycle_lametro_4314,2,13,,1,1,1
2026-09-27T22:06:54.679927+00:00,2026-09-27T22:06:21+00:00,2026-09-27T22:06:21+00:00,bcycle_lametro_4315,2,6,,1,1,1
2026-09-27T22:06:54.679927+00:00,2026-09-27T22:06:21+00:00,2026-09-27T22:06:21+00:00,bcycle_lametro_4387,6,10,,1,1,1
2026-09-27T22:06:54.679927+00:00,2026-09-27T22:06:21+00:00,2026-09-27T22:06:21+00:00,bcycle_lametro_4390,5,7,,1,1,1
2026-09-27T22:06:54.679927+00:00,2026-09-27T22:06:21+00:00,2026-09-27T22:06:21+00:00,bcycle_lametro_4401,3,7,,1,1,1
2026-09-27T22:06:54.679927+00:00,2026-09-27T22:06:21+00:00,2026-09-27T22:06:21+00:00,bcycle_lametro_4404,11,4,,1,1,1
2026-09-27T22:06:54.679927+00:00,2026-09-27T22:06:21+00:00,2026-09-27T22:06:21+00:00,bcycle_lametro_4405,8,5,,1,1,1
2026-09-27T22:06:54.679927+00:00,2026-09-27T22:06:21+00:00,2026-09-27T22:06:21+00:00,bcycle_lametro_4406,7,7,,1,1,1
2026-09-27T22:06:54.679927+00:00,2026-09-27T22:06:21+00:00,2026-09-27T22:06:21+00:00,bcycle_lametro_4410,4,8,,1,1,1
2026-09-27T22:06:54.679927+00:00,2026-09-27T22:06:21+00:00,2026-09-27T22:06:21+00:00,bcycle_lametro_4436,3,6,,1,1,1
2026-09-27T22:06:54.679927+00:00,2026-09-27T22:06:21+00:00,2026-09-27T22:06:21+00:00,bcycle_lametro_4437,3,10,,1,1,1
2026-09-27T22:06:54.679927+00:00,2026-09-27T22:06:21+00:00,2026-09-27T22:06:21+00:00,bcycle_lametro_4440,9,9,,1,1,1
2026-09-27T22:06:54.679927+00:00,2026-09-27T22:06:21+00:00,2026-09-27T22:06:21+00:00,bcycle_lametro_4441,1,6,,1,1,1
2026-09-27T22:06:54.679927+00:00,2026-09-27T22:06:21+00:00,2026-09-27T22:06:21+00:00,bcycle_lametro_4442,9,3,,1,1,1
2026-09-27T22:06:54.679927+00:00,2026-09-27T22:06:21+00:00,2026-09-27T22:06:21+00:00,bcycle_lametro_4443,7,1,,1,1,1
2026-09-27T22:06:54.679927+00:00,2026-09-27T22:06:21+00:00,2026-09-27T22:06:21+00:00,bcycle_lametro_4444,1,8,,1,1,1
2026-09-27T22:06:54.679927+00:00,2026-09-27T22:06:21+00:00,2026-09-27T22:06:21+00:00,bcycle_lametro_4445,4,11,,1,1,1
2026-09-27T22:06:54.679927+00:00,2026-09-27T22:06:21+00:00,2026-09-27T22:06:21+00:00,bcycle_lametro_4446,7,1,,1,1,1
2026-09-27T22:06:54.679927+00:00,2026-09-27T22:06:21+00:00,2026-09-27T22:06:21+00:00,bcycle_lametro_4447,7,5,,1,1,1
2026-09-27T22:06:54.679927+00:00,2026-09-27T22:06:21+00:00,2026-09-27T22:06:21+00:00,bcycle_lametro_4448,7,11,,1,1,1
2026-09-27T22:06:54.679927+00:00,2026-09-27T22:06:21+00:00,2026-09-27T22:06:21+00:00,bcycle_lametro_4449,0,13,,1,1,1
2026-09-27T22:06:54.679927+00:00,2026-09-27T22:06:21+00:00,2026-09-27T22:06:21+00:00,bcycle_lametro_4450,5,8,,1,1,1
2026-09-27T22:06:54.679927+00:00,2026-09-27T22:06:21+00:00,2026-09-27T22:06:21+00:00,bcycle_lametro_4451,2,7,,1,1,1
2026-09-27T22:06:54.679927+00:00,2026-09-27T22:06:21+00:00,2026-09-27T22:06:21+00:00,bcycle_lametro_4452,5,5,,1,1,1
2026-09-27T22:06:54.679927+00:00,2026-09-27T22:06:21+00:00,2026-09-27T22:06:21+00:00,bcycle_lametro_4453,3,7,,1,1,1
2026-09-27T22:06:54.679927+00:00,2026-09-27T22:06:21+00:00,2026-09-27T22:06:21+00:00,bcycle_lametro_4454,9,5,,1,1,1
2026-09-27T22:06:54.679927+00:00,2026-09-27T22:06:21+00:00,2026-09-27T22:06:21+00:00,bcycle_lametro_4455,8,7,,1,1,1
2026-09-27T22:06:54.679927+00:00,2026-09-27T22:06:21+00:00,2026-09-27T22:06:21+00:00,bcycle_lametro_4456,10,5,,1,1,1
2026-09-27T22:06:54.679927+00:00,2026-09-27T22:06:21+00:00,2026-09-27T22:06:21+00:00,bcycle_lametro_4457,7,1,,1,1,1
2026-09-27T22:06:54.679927+00:00,2026-09-27T22:06:21+00:00,2026-09-27T22:06:21+00:00,bcycle_lametro_4472,7,9,,1,1,1
2026-09-27T22:06:54.679927+00:00,2026-09-27T22:06:21+00:00,2026-09-27T22:06:21+00:00,bcycle_lametro_4473,5,3,,1,1,1
2026-09-27T22:06:54.679927+00:00,2026-09-27T22:06:21+00:00,2026-09-27T22:06:21+00:00,bcycle_lametro_4474,3,7,,1,1,1
2026-09-27T22:06:54.679927+00:00,2026-09-27T22:06:21+00:00,2026-09-27T22:06:21+00:00,bcycle_lametro_4475,6,5,,1,1,1
2026-09-27T22:06:54.679927+00:00,2026-09-27T22:06:21+00:00,2026-09-27T22:06:21+00:00,bcycle_lametro_4476,4,10,,1,1,1
2026-09-27T22:06:54.679927+00:00,2026-09-27T22:06:21+00:00,2026-09-27T22:06:21+00:00,bcycle_lametro_4477,4,9,,1,1,1
2026-09-27T22:06:54.679927+00:00,2026-09-27T22:06:21+00:00,2026-09-27T22:06:21+00:00,bcycle_lametro_4479,5,7,,1,1,1
2026-09-27T22:06:54.679927+00:00,2026-09-27T22:06:21+00:00,2026-09-27T22:06:21+00:00,bcycle_lametro_4483,5,7,,1,1,1
2026-09-27T22:06:54.679927+00:00,2026-09-27T22:06:21+00:00,2026-09-27T22:06:21+00:00,bcycle_lametro_4487,14,2,,1,1,1
2026-09-27T22:06:54.679927+00:00,2026-09-27T22:06:21+00:00,2026-09-27T22:06:21+00:00,bcycle_lametro_4490,9,6,,1,1,1
2026-09-27T22:06:54.679927+00:00,2026-09-27T22:06:21+00:00,2026-09-27T22:06:21+00:00,bcycle_lametro_4491,9,4,,1,1,1
2026-09-27T22:06:54.679927+00:00,2026-09-27T22:06:21+00:00,2026-09-27T22:06:21+00:00,bcycle_lametro_4492,9,10,,1,1,1
2026-09-27T22:06:54.679927+00:00,2026-09-27T22:06:21+00:00,2026-09-27T22:06:21+00:00,bcycle_lametro_4493,4,12,,1,1,1
2026-09-27T22:06:54.679927+00:00,2026-09-27T22:06:21+00:00,2026-09-27T22:06:21+00:00,bcycle_lametro_4494,6,3,,1,1,1
2026-09-27T22:06:54.679927+00:00,2026-09-27T22:06:21+00:00,2026-09-27T22:06:21+00:00,bcycle_lametro_4509,2,8,,1,1,1
2026-09-27T22:06:54.679927+00:00,2026-09-27T22:06:21+00:00,2026-09-27T22:06:21+00:00,bcycle_lametro_4510,4,6,,1,1,1
2026-09-27T22:06:54.679927+00:00,2026-09-27T22:06:21+00:00,2026-09-27T22:06:21+00:00,bcycle_lametro_4511,6,13,,1,1,1
2026-09-27T22:06:54.679927+00:00,2026-09-27T22:06:21+00:00,2026-09-27T22:06:21+00:00,bcycle_lametro_4512,14,1,,1,1,1
2026-09-27T22:06:54.679927+00:00,2026-09-27T22:06:21+00:00,2026-09-27T22:06:21+00:00,bcycle_lametro_4514,8,13,,1,1,1
2026-09-27T22:06:54.679927+00:00,2026-09-27T22:06:21+00:00,2026-09-27T22:06:21+00:00,bcycle_lametro_4515,7,2,,1,1,1
2026-09-27T22:06:54.679927+00:00,2026-09-27T22:06:21+00:00,2026-09-27T22:06:21+00:00,bcycle_lametro_4517,7,4,,1,1,1
2026-09-27T22:06:54.679927+00:00,2026-09-27T22:06:21+00:00,2026-09-27T22:06:21+00:00,bcycle_lametro_4521,6,6,,1,1,1
2026-09-27T22:06:54.679927+00:00,2026-09-27T22:06:21+00:00,2026-09-27T22:06:21+00:00,bcycle_lametro_4523,11,4,,1,1,1
2026-09-27T22:06:54.679927+00:00,2026-09-27T22:06:21+00:00,2026-09-27T22:06:21+00:00,bcycle_lametro_4524,1,13,,1,1,1
2026-09-27T22:06:54.679927+00:00,2026-09-27T22:06:21+00:00,2026-09-27T22:06:21+00:00,bcycle_lametro_4525,7,4,,1,1,1
2026-09-27T22:06:54.679927+00:00,2026-09-27T22:06:21+00:00,2026-09-27T22:06:21+00:00,bcycle_lametro_4526,4,17,,1,1,1
2026-09-27T22:06:54.679927+00:00,2026-09-27T22:06:21+00:00,2026-09-27T22:06:21+00:00,bcycle_lametro_4527,6,8,,1,1,1
2026-09-27T22:06:54.679927+00:00,2026-09-27T22:06:21+00:00,2026-09-27T22:06:21+00:00,bcycle_lametro_4528,9,5,,1,1,1
2026-09-27T22:06:54.679927+00:00,2026-09-27T22:06:21+00:00,2026-09-27T22:06:21+00:00,bcycle_lametro_4529,5,8,,1,1,1
2026-09-27T22:06:54.679927+00:00,2026-09-27T22:06:21+00:00,2026-09-27T22:06:21+00:00,bcycle_lametro_4534,9,6,,1,1,1
2026-09-27T22:06:54.679927+00:00,2026-09-27T22:06:21+00:00,2026-09-27T22:06:21+00:00,bcycle_lametro_4536,6,4,,1,1,1
2026-09-27T22:06:54.679927+00:00,2026-09-27T22:06:21+00:00,2026-09-27T22:06:21+00:00,bcycle_lametro_4537,4,14,,1,1,1
2026-09-27T22:06:54.679927+00:00,2026-09-27T22:06:21+00:00,2026-09-27T22:06:21+00:00,bcycle_lametro_4538,3,5,,1,1,1
2026-09-27T22:06:54.679927+00:00,2026-09-27T22:06:21+00:00,2026-09-27T22:06:21+00:00,bcycle_lametro_4540,5,9,,1,1,1
2026-09-27T22:06:54.679927+00:00,2026-09-27T22:06:21+00:00,2026-09-27T22:06:21+00:00,bcycle_lametro_4543,4,4,,1,1,1
2026-09-27T22:06:54.679927+00:00,2026-09-27T22:06:21+00:00,2026-09-27T22:06:21+00:00,bcycle_lametro_4544,5,9,,1,1,1
2026-09-27T22:06:54.679927+00:00,2026-09-27T22:06:21+00:00,2026-09-27T22:06:21+00:00,bcycle_lametro_4545,3,5,,1,1,1
2026-09-27T22:06:54.679927+00:00,2026-09-27T22:06:21+00:00,2026-09-27T22:06:21+00:00,bcycle_lametro_4546,0,19,,1,1,1
2026-09-27T22:06:54.679927+00:00,2026-09-27T22:06:21+00:00,2026-09-27T22:06:21+00:00,bcycle_lametro_4547,7,3,,1,1,1
2026-09-27T22:06:54.679927+00:00,2026-09-27T22:06:21+00:00,2026-09-27T22:06:21+00:00,bcycle_lametro_4548,5,7,,1,1,1
2026-09-27T22:06:54.679927+00:00,2026-09-27T22:06:21+00:00,2026-09-27T22:06:21+00:00,bcycle_lametro_4549,11,5,,1,1,1
2026-09-27T22:06:54.679927+00:00,2026-09-27T22:06:21+00:00,2026-09-27T22:06:21+00:00,bcycle_lametro_4552,10,2,,1,1,1
2026-09-27T22:06:54.679927+00:00,2026-09-27T22:06:21+00:00,2026-09-27T22:06:21+00:00,bcycle_lametro_4553,1,8,,1,1,1
2026-09-27T22:06:54.679927+00:00,2026-09-27T22:06:21+00:00,2026-09-27T22:06:21+00:00,bcycle_lametro_4554,6,5,,1,1,1
2026-09-27T22:06:54.679927+00:00,2026-09-27T22:06:21+00:00,2026-09-27T22:06:21+00:00,bcycle_lametro_4555,3,5,,1,1,1
2026-09-27T22:06:54.679927+00:00,2026-09-27T22:06:21+00:00,2026-09-27T22:06:21+00:00,bcycle_lametro_4556,3,10,,1,1,1
2026-09-27T22:06:54.679927+00:00,2026-09-27T22:06:21+00:00,2026-09-27T22:06:21+00:00,bcycle_lametro_4557,5,6,,1,1,1
2026-09-27T22:06:54.679927+00:00,2026-09-27T22:06:21+00:00,2026-09-27T22:06:21+00:00,bcycle_lametro_4558,7,10,,1,1,1
2026-09-27T22:06:54.679927+00:00,2026-09-27T22:06:21+00:00,2026-09-27T22:06:21+00:00,bcycle_lametro_4561,7,2,,1,1,1
2026-09-27T22:06:54.679927+00:00,2026-09-27T22:06:21+00:00,2026-09-27T22:06:21+00:00,bcycle_lametro_4562,8,6,,1,1,1
2026-09-27T22:06:54.679927+00:00,2026-09-27T22:06:21+00:00,2026-09-27T22:06:21+00:00,bcycle_lametro_4563,5,4,,1,1,1
2026-09-27T22:06:54.679927+00:00,2026-09-27T22:06:21+00:00,2026-09-27T22:06:21+00:00,bcycle_lametro_4564,9,6,,1,1,1
2026-09-27T22:06:54.679927+00:00,2026-09-27T22:06:21+00:00,2026-09-27T22:06:21+00:00,bcycle_lametro_4565,2,10,,1,1,1
2026-09-27T22:06:54.679927+00:00,2026-09-27T22:06:21+00:00,2026-09-27T22:06:21+00:00,bcycle_lametro_4566,6,9,,1,1,1
2026-09-27T22:06:54.679927+00:00,2026-09-27T22:06:21+00:00,2026-09-27T22:06:21+00:00,bcycle_lametro_4567,4,7,,1,1,1
2026-09-27T22:06:54.679927+00:00,2026-09-27T22:06:21+00:00,2026-09-27T22:06:21+00:00,bcycle_lametro_4568,9,5,,1,1,1
2026-09-27T22:06:54.679927+00:00,2026-09-27T22:06:21+00:00,2026-09-27T22:06:21+00:00,bcycle_lametro_4569,2,7,,1,1,1
2026-09-27T22:06:54.679927+00:00,2026-09-27T22:06:21+00:00,2026-09-27T22:06:21+00:00,bcycle_lametro_4570,6,9,,1,1,1
2026-09-27T22:06:54.679927+00:00,2026-09-27T22:06:21+00:00,2026-09-27T22:06:21+00:00,bcycle_lametro_4571,3,4,,1,1,1
2026-09-27T22:06:54.679927+00:00,2026-09-27T22:06:21+00:00,2026-09-27T22:06:21+00:00,bcycle_lametro_4575,1,10,,1,1,1
2026-09-27T22:06:54.679927+00:00,2026-09-27T22:06:21+00:00,2026-09-27T22:06:21+00:00,bcycle_lametro_4576,2,9,,1,1,1
2026-09-27T22:06:54.679927+00:00,2026-09-27T22:06:21+00:00,2026-09-27T22:06:21+00:00,bcycle_lametro_4578,3,4,,1,1,1
2026-09-27T22:06:54.679927+00:00,2026-09-27T22:06:21+00:00,2026-09-27T22:06:21+00:00,bcycle_lametro_4579,6,6,,1,1,1
2026-09-27T22:06:54.679927+00:00,2026-09-27T22:06:21+00:00,2026-09-27T22:06:21+00:00,bcycle_lametro_4580,6,2,,1,1,1
2026-09-27T22:06:54.679927+00:00,2026-09-27T22:06:21+00:00,2026-09-27T22:06:21+00:00,bcycle_lametro_4581,4,13,,1,1,1
2026-09-27T22:06:54.679927+00:00,2026-09-27T22:06:21+00:00,2026-09-27T22:06:21+00:00,bcycle_lametro_4583,7,11,,1,1,1
2026-09-27T22:06:54.679927+00:00,2026-09-27T22:06:21+00:00,2026-09-27T22:06:21+00:00,bcycle_lametro_4584,6,8,,1,1,1
2026-09-27T22:06:54.679927+00:00,2026-09-27T22:06:21+00:00,2026-09-27T22:06:21+00:00,bcycle_lametro_4587,7,4,,1,1,1
2026-09-27T22:06:54.679927+00:00,2026-09-27T22:06:21+00:00,2026-09-27T22:06:21+00:00,bcycle_lametro_4595,4,14,,1,1,1
2026-09-27T22:06:54.679927+00:00,2026-09-27T22:06:21+00:00,2026-09-27T22:06:21+00:00,bcycle_lametro_4596,5,10,,1,1,1
2026-09-27T22:06:54.679927+00:00,2026-09-27T22:06:21+00:00,2026-09-27T22:06:21+00:00,bcycle_lametro_4597,3,8,,1,1,1
2026-09-27T22:06:54.679927+00:00,2026-09-27T22:06:21+00:00,2026-09-27T22:06:21+00:00,bcycle_lametro_4598,6,3,,1,1,1
2026-09-27T22:06:54.679927+00:00,2026-09-27T22:06:21+00:00,2026-09-27T22:06:21+00:00,bcycle_lametro_4599,2,10,,1,1,1
2026-09-27T22:06:54.679927+00:00,2026-09-27T22:06:21+00:00,2026-09-27T22:06:21+00:00,bcycle_lametro_4600,4,6,,1,1,1
2026-09-27T22:06:54.679927+00:00,2026-09-27T22:06:21+00:00,2026-09-27T22:06:21+00:00,bcycle_lametro_4601,5,6,,1,1,1
2026-09-27T22:06:54.679927+00:00,2026-09-27T22:06:21+00:00,2026-09-27T22:06:21+00:00,bcycle_lametro_4603,6,12,,1,1,1
2026-09-27T22:06:54.679927+00:00,2026-09-27T22:06:21+00:00,2026-09-27T22:06:21+00:00,bcycle_lametro_4604,8,4,,1,1,1
2026-09-27T22:06:54.679927+00:00,2026-09-27T22:06:21+00:00,2026-09-27T22:06:21+00:00,bcycle_lametro_4605,8,5,,1,1,1
2026-09-27T22:06:54.679927+00:00,2026-09-27T22:06:21+00:00,2026-09-27T22:06:21+00:00,bcycle_lametro_4606,2,18,,1,1,1
2026-09-27T22:06:54.679927+00:00,2026-09-27T22:06:21+00:00,2026-09-27T22:06:21+00:00,bcycle_lametro_4613,7,11,,1,1,1
2026-09-27T22:06:54.679927+00:00,2026-09-27T22:06:21+00:00,2026-09-27T22:06:21+00:00,bcycle_lametro_4614,3,17,,1,1,1
2026-09-27T22:06:54.679927+00:00,2026-09-27T22:06:21+00:00,2026-09-27T22:06:21+00:00,bcycle_lametro_4627,1,16,,1,1,1
2026-09-27T22:06:54.679927+00:00,2026-09-27T22:06:21+00:00,2026-09-27T22:06:21+00:00,bcycle_lametro_4628,8,5,,1,1,1
2026-09-27T22:06:54.679927+00:00,2026-09-27T22:06:21+00:00,2026-09-27T22:06:21+00:00,bcycle_lametro_4632,8,7,,1,1,1
2026-09-27T22:06:54.679927+00:00,2026-09-27T22:06:21+00:00,2026-09-27T22:06:21+00:00,bcycle_lametro_4643,3,17,,1,1,1
2026-09-27T22:06:54.679927+00:00,2026-09-27T22:06:21+00:00,2026-09-27T22:06:21+00:00,bcycle_lametro_4644,5,7,,1,1,1
2026-09-27T22:06:54.679927+00:00,2026-09-27T22:06:21+00:00,2026-09-27T22:06:21+00:00,bcycle_lametro_4645,6,6,,1,1,1
2026-09-27T22:06:54.679927+00:00,2026-09-27T22:06:21+00:00,2026-09-27T22:06:21+00:00,bcycle_lametro_4652,1,10,,1,1,1
2026-09-27T22:06:54.679927+00:00,2026-09-27T22:06:21+00:00,2026-09-27T22:06:21+00:00,bcycle_lametro_4660,2,15,,1,1,1
2026-09-27T22:06:54.679927+00:00,2026-09-27T22:06:21+00:00,2026-09-27T22:06:21+00:00,bcycle_lametro_4664,10,10,,1,1,1
2026-09-27T22:06:54.679927+00:00,2026-09-27T22:06:21+00:00,2026-09-27T22:06:21+00:00,bcycle_lametro_4672,9,6,,1,1,1
2026-09-27T22:06:54.679927+00:00,2026-09-27T22:06:21+00:00,2026-09-27T22:06:21+00:00,bcycle_lametro_4680,8,10,,1,1,1
2026-09-27T22:06:54.679927+00:00,2026-09-27T22:06:21+00:00,2026-09-27T22:06:21+00:00,bcycle_lametro_4689,10,5,,1,1,1
2026-09-27T22:06:54.679927+00:00,2026-09-27T22:06:21+00:00,2026-09-27T22:06:21+00:00,bcycle_lametro_4690,12,2,,1,1,1
2026-09-27T22:06:54.679927+00:00,2026-09-27T22:06:21+00:00,2026-09-27T22:06:21+00:00,bcycle_lametro_4696,7,7,,1,1,1
2026-09-27T22:06:54.679927+00:00,2026-09-27T22:06:21+00:00,2026-09-27T22:06:21+00:00,bcycle_lametro_4697,8,7,,1,1,1
2026-09-27T22:06:54.679927+00:00,2026-09-27T22:06:21+00:00,2026-09-27T22:06:21+00:00,bcycle_lametro_4698,10,3,,1,1,1
2026-09-27T22:06:54.679927+00:00,2026-09-27T22:06:21+00:00,2026-09-27T22:06:21+00:00,bcycle_lametro_4699,7,8,,1,1,1
2026-09-27T22:06:54.679927+00:00,2026-09-27T22:06:21+00:00,2026-09-27T22:06:21+00:00,bcycle_lametro_4700,10,7,,1,1,1
2026-09-27T22:06:54.679927+00:00,2026-09-27T22:06:21+00:00,2026-09-27T22:06:21+00:00,bcycle_lametro_4707,5,8,,1,1,1
2026-09-27T22:06:54.679927+00:00,2026-09-27T22:06:21+00:00,2026-09-27T22:06:21+00:00,bcycle_lametro_4729,4,9,,1,1,1
2026-09-27T22:06:54.679927+00:00,2026-09-27T22:06:21+00:00,2026-09-27T22:06:21+00:00,bcycle_lametro_4730,10,3,,1,1,1
2026-09-27T22:06:54.679927+00:00,2026-09-27T22:06:21+00:00,2026-09-27T22:06:21+00:00,bcycle_lametro_4732,10,11,,1,1,1
2026-09-27T22:06:54.679927+00:00,2026-09-27T22:06:21+00:00,2026-09-27T22:06:21+00:00,bcycle_lametro_4733,9,13,,1,1,1
2026-09-27T22:06:54.679927+00:00,2026-09-27T22:06:21+00:00,2026-09-27T22:06:21+00:00,bcycle_lametro_4734,1,14,,1,1,1
2026-09-27T22:06:54.679927+00:00,2026-09-27T22:06:21+00:00,2026-09-27T22:06:21+00:00,bcycle_lametro_4735,8,4,,1,1,1
2026-09-27T22:06:54.679927+00:00,2026-09-27T22:06:21+00:00,2026-09-27T22:06:21+00:00,bcycle_lametro_4736,9,6,,1,1,1
2026-09-27T22:06:54.679927+00:00,2026-09-27T22:06:21+00:00,2026-09-27T22:06:21+00:00,bcycle_lametro_4740,12,10,,1,1,1
2026-09-27T22:06:54.679927+00:00,2026-09-27T22:06:21+00:00,2026-09-27T22:06:21+00:00,bcycle_lametro_4745,2,9,,1,1,1
