fetched_at,last_updated,last_reported,station_id,bikes_available,docks_available,ebikes_available,is_renting,is_returning,is_installed
2026-10-05T00:53:42.402998+00:00,2026-10-05T00:53:31+00:00,2026-10-05T00:53:31+00:00,bcycle_lametro_3005,8,21,,1,1,1
2026-10-05T00:53:42.402998+00:00,2026-10-05T00:53:31+00:00,2026-10-05T00:53:31+00:00,bcycle_lametro_3006,7,22,,1,1,1
2026-10-05T00:53:42.402998+00:00,2026-10-05T00:53:31+00:00,2026-10-05T00:53:31+00:00,bcycle_lametro_3007,3,19,,1,1,1
2026-10-05T00:53:42.402998+00:00,2026-10-05T00:53:31+00:00,2026-10-05T00:53:31+00:00,bcycle_lametro_3008,3,12,,1,1,1
2026-10-05T00:53:42.402998+00:00,2026-10-05T00:53:31+00:00,2026-10-05T00:53:31+00:00,bcycle_lametro_3010,11,3,,1,1,1
2026-10-05T00:53:42.402998+00:00,2026-10-05T00:53:31+00:00,2026-10-05T00:53:31+00:00,bcycle_lametro_3011,6,10,,1,1,1
2026-10-05T00:53:42.402998+00:00,2026-10-05T00:53:31+00:00,2026-10-05T00:53:31+00:00,bcycle_lametro_3014,21,7,,1,1,1
2026-10-05T00:53:42.402998+00:00,2026-10-05T00:53:31+00:00,2026-10-05T00:53:31+00:00,bcycle_lametro_3016,6,9,,1,1,1
2026-10-05T00:53:42.402998+00:00,2026-10-05T00:53:31+00:00,2026-10-05T00:53:31+00:00,bcycle_lametro_3018,12,6,,1,1,1
2026-10-05T00:53:42.402998+00:00,2026-10-05T00:53:31+00:00,2026-10-05T00:53:31+00:00,bcycle_lametro_3019,9,10,,1,1,1
2026-10-05T00:53:42.402998+00:00,2026-10-05T00:53:31+00:00,2026-10-05T00:53:31+00:00,bcycle_lametro_3020,4,11,,1,1,1
2026-10-05T00:53:42.402998+00:00,2026-10-05T00:53:31+00:00,2026-10-05T00:53:31+00:00,bcycle_lametro_3022,11,9,,1,1,1
2026-10-05T00:53:42.402998+00:00,2026-10-05T00:53:31+00:00,2026-10-05T00:53:31+00:00,bcycle_lametro_3024,11,4,,1,1,1
2026-10-05T00:53:42.402998+00:00,2026-10-05T00:53:31+00:00,2026-10-05T00:53:31+00:00,bcycle_lametro_3025,7,7,,0,0,1
2026-10-05T00:53:42.402998+00:00,2026-10-05T00:53:31+00:00,2026-10-05T00:53:31+00:00,bcycle_lametro_3026,5,10,,1,1,1
2026-10-05T00:53:42.402998+00:00,2026-10-05T00:53:31+00:00,2026-10-05T00:53:31+00:00,bcycle_lametro_3027,3,11,,1,1,1
2026-10-05T00:53:42.402998+00:00,2026-10-05T00:53:31+00:00,2026-10-05T00:53:31+00:00,bcycle_lametro_3030,9,20,,1,1,1
2026-10-05T00:53:42.402998+00:00,2026-10-05T00:53:31+00:00,2026-10-05T00:53:31+00:00,bcycle_lametro_3032,14,13,,1,1,1
2026-10-05T00:53:42.402998+00:00,2026-10-05T00:53:31+00:00,2026-10-05T00:53:31+00:00,bcycle_lametro_3033,4,11,,1,1,1
2026-10-05T00:53:42.402998+00:00,2026-10-05T00:53:31+00:00,2026-10-05T00:53:31+00:00,bcycle_lametro_3034,14,11,,1,1,1
2026-10-05T00:53:42.402998+00:00,2026-10-05T00:53:31+00:00,2026-10-05T00:53:31+00:00,bcycle_lametro_3035,6,17,,1,1,1
2026-10-05T00:53:42.402998+00:00,2026-10-05T00:53:31+00:00,2026-10-05T00:53:31+00:00,bcycle_lametro_3036,2,12,,1,1,1
2026-10-05T00:53:42.402998+00:00,2026-10-05T00:53:31+00:00,2026-10-05T00:53:31+00:00,bcycle_lametro_3037,7,11,,1,1,1
2026-10-05T00:53:42.402998+00:00,2026-10-05T00:53:31+00:00,2026-10-05T00:53:31+00:00,bcycle_lametro_3040,1,2,,1,1,1
2026-10-05T00:53:42.402998+00:00,2026-10-05T00:53:31+00:00,2026-10-05T00:53:31+00:00,bcycle_lametro_3042,5,23,,1,1,1
2026-10-05T00:53:42.402998+00:00,2026-10-05T00:53:31+00:00,2026-10-05T00:53:31+00:00,bcycle_lametro_3045,5,5,,1,1,1
2026-10-05T00:53:42.402998+00:00,2026-10-05T00:53:31+00:00,2026-10-05T00:53:31+00:00,bcycle_lametro_3046,12,5,,1,1,1
2026-10-05T00:53:42.402998+00:00,2026-10-05T00:53:31+00:00,2026-10-05T00:53:31+00:00,bcycle_lametro_3047,13,12,,1,1,1
2026-10-05T00:53:42.402998+00:00,2026-10-05T00:53:31+00:00,2026-10-05T00:53:31+00:00,bcycle_lametro_3048,8,8,,1,1,1
2026-10-05T00:53:42.402998+00:00,2026-10-05T00:53:31+00:00,2026-10-05T00:53:31+00:00,bcycle_lametro_3052,5,16,,1,1,1
2026-10-05T00:53:42.402998+00:00,2026-10-05T00:53:31+00:00,2026-10-05T00:53:31+00:00,bcycle_lametro_3054,5,10,,1,1,1
2026-10-05T00:53:42.402998+00:00,2026-10-05T00:53:31+00:00,2026-10-05T00:53:31+00:00,bcycle_lametro_3056,6,9,,1,1,1
2026-10-05T00:53:42.402998+00:00,2026-10-05T00:53:31+00:00,2026-10-05T00:53:31+00:00,bcycle_lametro_3058,6,9,,1,1,1
2026-10-05T00:53:42.402998+00:00,2026-10-05T00:53:31+00:00,2026-10-05T00:53:31+00:00,bcycle_lametro_3062,5,10,,1,1,1
2026-10-05T00:53:42.402998+00:00,2026-10-05T00:53:31+00:00,2026-10-05T00:53:31+00:00,bcycle_lametro_3063,8,14,,1,1,1
2026-10-05T00:53:42.402998+00:00,2026-10-05T00:53:31+00:00,2026-10-05T00:53:31+00:00,bcycle_lametro_3064,10,5,,1,1,1
2026-10-05T00:53:42.402998+00:00,2026-10-05T00:53:31+00:00,2026-10-05T00:53:31+00:00,bcycle_lametro_3065,8,7,,1,1,1
2026-10-05T00:53:42.402998+00:00,2026-10-05T00:53:31+00:00,2026-10-05T00:53:31+00:00,bcycle_lametro_3066,8,7,,1,1,1
2026-10-05T00:53:42.402998+00:00,2026-10-05T00:53:31+00:00,2026-10-05T00:53:31+00:00,bcycle_lametro_3068,2,12,,1,1,1
2026-10-05T00:53:42.402998+00:00,2026-10-05T00:53:31+00:00,2026-10-05T00:53:31+00:00,bcycle_lametro_3069,4,13,,1,1,1
2026-10-05T00:53:42.402998+00:00,2026-10-05T00:53:31+00:00,2026-10-05T00:53:31+00:00,bcycle_lametro_3074,13,9,,1,1,1
2026-10-05T00:53:42.402998+00:00,2026-10-05T00:53:31+00:00,2026-10-05T00:53:31+00:00,bcycle_lametro_3075,7,8,,1,1,1
2026-10-05T00:53:42.402998+00:00,2026-10-05T00:53:31+00:00,2026-10-05T00:53:31+00:00,bcycle_lametro_3076,7,5,,1,1,1
2026-10-05T00:53:42.402998+00:00,2026-10-05T00:53:31+00:00,2026-10-05T00:53:31+00:00,bcycle_lametro_3077,4,9,,1,1,1
2026-10-05T00:53:42.402998+00:00,2026-10-05T00:53:31+00:00,2026-10-05T00:53:31+00:00,bcycle_lametro_3078,10,5,,1,1,1
2026-10-05T00:53:42.402998+00:00,2026-10-05T00:53:31+00:00,2026-10-05T00:53:31+00:00,bcycle_lametro_3079,2,12,,1,1,1
2026-10-05T00:53:42.402998+00:00,2026-10-05T00:53:31+00:00,2026-10-05T00:53:31+00:00,bcycle_lametro_3081,6,6,,1,1,1
2026-10-05T00:53:42.402998+00:00,2026-10-05T00:53:31+00:00,2026-10-05T00:53:31+00:00,bcycle_lametro_3082,13,9,,1,1,1
2026-10-05T00:53:42.402998+00:00,2026-10-05T00:53:31+00:00,2026-10-05T00:53:31+00:00,bcycle_lametro_4202,6,14,,1,1,1
2026-10-05T00:53:42.402998+00:00,2026-10-05T00:53:31+00:00,2026-10-05T00:53:31+00:00,bcycle_lametro_4204,6,9,,1,1,1
2026-10-05T00:53:42.402998+00:00,2026-10-05T00:53:31+00:00,2026-10-05T00:53:31+00:00,bcycle_lametro_4205,2,14,,1,1,1
2026-10-05T00:53:42.402998+00:00,2026-10-05T00:53:31+00:00,2026-10-05T00:53:31+00:00,bcycle_lametro_4206,7,16,,1,1,1
2026-10-05T00:53:42.402998+00:00,2026-10-05T00:53:31+00:00,2026-10-05T00:53:31+00:00,bcycle_lametro_4207,8,11,,1,1,1
2026-10-05T00:53:42.402998+00:00,2026-10-05T00:53:31+00:00,2026-10-05T00:53:31+00:00,bcycle_lametro_4208,0,17,,1,1,1
2026-10-05T00:53:42.402998+00:00,2026-10-05T00:53:31+00:00,2026-10-05T00:53:31+00:00,bcycle_lametro_4209,8,15,,1,1,1
2026-10-05T00:53:42.402998+00:00,2026-10-05T00:53:31+00:00,2026-10-05T00:53:31+00:00,bcycle_lametro_4210,0,15,,1,1,1
2026-10-05T00:53:42.402998+00:00,2026-10-05T00:53:31+00:00,2026-10-05T00:53:31+00:00,bcycle_lametro_4211,3,11,,1,1,1
2026-10-05T00:53:42.402998+00:00,2026-10-05T00:53:31+00:00,2026-10-05T00:53:31+00:00,bcycle_lametro_4212,0,21,,1,1,1
2026-10-05T00:53:42.402998+00:00,2026-10-05T00:53:31+00:00,2026-10-05T00:53:31+00:00,bcycle_lametro_4213,2,13,,1,1,1
2026-10-05T00:53:42.402998+00:00,2026-10-05T00:53:31+00:00,2026-10-05T00:53:31+00:00,bcycle_lametro_4214,6,19,,1,1,1
2026-10-05T00:53:42.402998+00:00,2026-10-05T00:53:31+00:00,2026-10-05T00:53:31+00:00,bcycle_lametro_4215,11,29,,1,1,1
2026-10-05T00:53:42.402998+00:00,2026-10-05T00:53:31+00:00,2026-10-05T00:53:31+00:00,bcycle_lametro_4216,0,0,,0,0,1
2026-10-05T00:53:42.402998+00:00,2026-10-05T00:53:31+00:00,2026-10-05T00:53:31+00:00,bcycle_lametro_4217,0,11,,1,1,1
2026-10-05T00:53:42.402998+00:00,2026-10-05T00:53:31+00:00,2026-10-05T00:53:31+00:00,bcycle_lametro_4220,8,6,,1,1,1
2026-10-05T00:53:42.402998+00:00,2026-10-05T00:53:31+00:00,2026-10-05T00:53:31+00:00,bcycle_lametro_4227,10,6,,1,1,1
2026-10-05T00:53:42.402998+00:00,2026-10-05T00:53:31+00:00,2026-10-05T00:53:31+00:00,bcycle_lametro_4245,12,2,,1,1,1
2026-10-05T00:53:42.402998+00:00,2026-10-05T00:53:31+00:00,2026-10-05T00:53:31+00:00,bcycle_lametro_4246,10,4,,1,1,1
2026-10-05T00:53:42.402998+00:00,2026-10-05T00:53:31+00:00,2026-10-05T00:53:31+00:00,bcycle_lametro_4247,6,2,,1,1,1
2026-10-05T00:53:42.402998+00:00,2026-10-05T00:53:31+00:00,2026-10-05T00:53:31+00:00,bcycle_lametro_4248,3,15,,1,1,1
2026-10-05T00:53:42.402998+00:00,2026-10-05T00:53:31+00:00,2026-10-05T00:53:31+00:00,bcycle_lametro_4249,10,4,,1,1,1
2026-10-05T00:53:42.402998+00:00,2026-10-05T00:53:31+00:00,2026-10-05T00:53:31+00:00,bcycle_lametro_4250,11,4,,1,1,1
2026-10-05T00:53:42.402998+00:00,2026-10-05T00:53:31+00:00,2026-10-05T00:53:31+00:00,bcycle_lametro_4254,1,14,,1,1,1
2026-10-05T00:53:42.402998+00:00,2026-10-05T00:53:31+00:00,2026-10-05T00:53:31+00:00,bcycle_lametro_4255,2,8,,1,1,1
2026-10-05T00:53:42.402998+00:00,2026-10-05T00:53:31+00:00,2026-10-05T00:53:31+00:00,bcycle_lametro_4266,8,7,,1,1,1
2026-10-05T00:53:42.402998+00:00,2026-10-05T00:53:31+00:00,2026-10-05T00:53:31+00:00,bcycle_lametro_4267,5,4,,1,1,1
2026-10-05T00:53:42.402998+00:00,2026-10-05T00:53:31+00:00,2026-10-05T00:53:31+00:00,bcycle_lametro_4273,4,10,,1,1,1
2026-10-05T00:53:42.402998+00:00,2026-10-05T00:53:31+00:00,2026-10-05T00:53:31+00:00,bcycle_lametro_4275,6,9,,1,1,1
2026-10-05T00:53:42.402998+00:00,2026-10-05T00:53:31+00:00,2026-10-05T00:53:31+00:00,bcycle_lametro_4293,2,8,,1,1,1
2026-10-05T00:53:42.402998+00:00,2026-10-05T00:53:31+00:00,2026-10-05T00:53:31+00:00,bcycle_lametro_4300,7,7,,1,1,1
2026-10-05T00:53:42.402998+00:00,2026-10-05T00:53:31+00:00,2026-10-05T00:53:31+00:00,bcycle_lametro_4301,2,8,,1,1,1
2026-10-05T00:53:42.402998+00:00,2026-10-05T00:53:31+00:00,2026-10-05T00:53:31+00:00,bcycle_lametro_4303,1,8,,1,1,1
2026-10-05T00:53:42.402998+00:00,2026-10-05T00:53:31+00:00,2026-10-05T00:53:31+00:00,bcycle_lametro_4304,3,8,,1,1,1
2026-10-05T00:53:42.402998+00:00,2026-10-05T00:53:31+00:00,2026-10-05T00:53:31+00:00,bcycle_lametro_4306,6,7,,1,1,1
2026-10-05T00:53:42.402998+00:00,2026-10-05T00:53:31+00:00,2026-10-05T00:53:31+00:00,bcycle_lametro_4311,6,9,,1,1,1
2026-10-05T00:53:42.402998+00:00,2026-10-05T00:53:31+00:00,2026-10-05T00:53:31+00:00,bcycle_lametro_4312,8,5,,1,1,1
2026-10-05T00:53:42.402998+00:00,2026-10-05T00:53:31+00:00,2026-10-05T00:53:31+00:00,bcycle_lametro_4313,5,7,,1,1,1
2026-10-05T00:53:42.402998+00:00,2026-10-05T00:53:31+00:00,2026-10-05T00:53:31+00:00,bcycle_lametro_4314,4,11,,1,1,1
2026-10-05T00:53:42.402998+00:00,2026-10-05T00:53:31+00:00,2026-10-05T00:53:31+00:00,bcycle_lametro_4315,5,3,,0,0,1
2026-10-05T00:53:42.402998+00:00,2026-10-05T00:53:31+00:00,2026-10-05T00:53:31+00:00,bcycle_lametro_4387,3,13,,1,1,1
2026-10-05T00:53:42.402998+00:00,2026-10-05T00:53:31+00:00,2026-10-05T00:53:31+00:00,bcycle_lametro_4390,5,7,,1,1,1
2026-10-05T00:53:42.402998+00:00,2026-10-05T00:53:31+00:00,2026-10-05T00:53:31+00:00,bcycle_lametro_4401,2,8,,1,1,1
2026-10-05T00:53:42.402998+00:00,2026-10-05T00:53:31+00:00,2026-10-05T00:53:31+00:00,bcycle_lametro_4404,11,4,,1,1,1
2026-10-05T00:53:42.402998+00:00,2026-10-05T00:53:31+00:00,2026-10-05T00:53:31+00:00,bcycle_lametro_4405,12,1,,1,1,1
2026-10-05T00:53:42.402998+00:00,2026-10-05T00:53:31+00:00,2026-10-05T00:53:31+00:00,bcycle_lametro_4406,1,13,,1,1,1
2026-10-05T00:53:42.402998+00:00,2026-10-05T00:53:31+00:00,2026-10-05T00:53:31+00:00,bcycle_lametro_4410,8,8,,1,1,1
2026-10-05T00:53:42.402998+00:00,2026-10-05T00:53:31+00:00,2026-10-05T00:53:31+00:00,bcycle_lametro_4436,3,5,,1,1,1
2026-10-05T00:53:42.402998+00:00,2026-10-05T00:53:31+00:00,2026-10-05T00:53:31+00:00,bcycle_lametro_4437,3,10,,1,1,1
2026-10-05T00:53:42.402998+00:00,2026-10-05T00:53:31+00:00,2026-10-05T00:53:31+00:00,bcycle_lametro_4440,4,14,,1,1,1
2026-10-05T00:53:42.402998+00:00,2026-10-05T00:53:31+00:00,2026-10-05T00:53:31+00:00,bcycle_lametro_4441,1,6,,1,1,1
2026-10-05T00:53:42.402998+00:00,2026-10-05T00:53:31+00:00,2026-10-05T00:53:31+00:00,bcycle_lametro_4442,3,9,,1,1,1
2026-10-05T00:53:42.402998+00:00,2026-10-05T00:53:31+00:00,2026-10-05T00:53:31+00:00,bcycle_lametro_4443,5,2,,1,1,1
2026-10-05T00:53:42.402998+00:00,2026-10-05T00:53:31+00:00,2026-10-05T00:53:31+00:00,bcycle_lametro_4444,2,7,,1,1,1
2026-10-05T00:53:42.402998+00:00,2026-10-05T00:53:31+00:00,2026-10-05T00:53:31+00:00,bcycle_lametro_4445,12,3,,1,1,1
2026-10-05T00:53:42.402998+00:00,2026-10-05T00:53:31+00:00,2026-10-05T00:53:31+00:00,bcycle_lametro_4446,4,4,,1,1,1
2026-10-05T00:53:42.402998+00:00,2026-10-05T00:53:31+00:00,2026-10-05T00:53:31+00:00,bcycle_lametro_4447,3,9,,1,1,1
2026-10-05T00:53:42.402998+00:00,2026-10-05T00:53:31+00:00,2026-10-05T00:53:31+00:00,bcycle_lametro_4448,5,13,,1,1,1
2026-10-05T00:53:42.402998+00:00,2026-10-05T00:53:31+00:00,2026-10-05T00:53:31+00:00,bcycle_lametro_4449,7,6,,1,1,1
2026-10-05T00:53:42.402998+00:00,2026-10-05T00:53:31+00:00,2026-10-05T00:53:31+00:00,bcycle_lametro_4450,1,12,,1,1,1
2026-10-05T00:53:42.402998+00:00,2026-10-05T00:53:31+00:00,2026-10-05T00:53:31+00:00,bcycle_lametro_4451,0,9,,1,1,1
2026-10-05T00:53:42.402998+00:00,2026-10-05T00:53:31+00:00,2026-10-05T00:53:31+00:00,bcycle_lametro_4452,6,4,,1,1,1
2026-10-05T00:53:42.402998+00:00,2026-10-05T00:53:31+00:00,2026-10-05T00:53:31+00:00,bcycle_lametro_4453,6,4,,1,1,1
2026-10-05T00:53:42.402998+00:00,2026-10-05T00:53:31+00:00,2026-10-05T00:53:31+00:00,bcycle_lametro_4454,11,3,,1,1,1
2026-10-05T00:53:42.402998+00:00,2026-10-05T00:53:31+00:00,2026-10-05T00:53:31+00:00,bcycle_lametro_4455,7,8,,1,1,1
2026-10-05T00:53:42.402998+00:00,2026-10-05T00:53:31+00:00,2026-10-05T00:53:31+00:00,bcycle_lametro_4456,10,5,,1,1,1
2026-10-05T00:53:42.402998+00:00,2026-10-05T00:53:31+00:00,2026-10-05T00:53:31+00:00,bcycle_lametro_4457,4,4,,1,1,1
2026-10-05T00:53:42.402998+00:00,2026-10-05T00:53:31+00:00,2026-10-05T00:53:31+00:00,bcycle_lametro_4472,7,9,,1,1,1
2026-10-05T00:53:42.402998+00:00,2026-10-05T00:53:31+00:00,2026-10-05T00:53:31+00:00,bcycle_lametro_4473,6,2,,1,1,1
2026-10-05T00:53:42.402998+00:00,2026-10-05T00:53:31+00:00,2026-10-05T00:53:31+00:00,bcycle_lametro_4474,2,8,,1,1,1
2026-10-05T00:53:42.402998+00:00,2026-10-05T00:53:31+00:00,2026-10-05T00:53:31+00:00,bcycle_lametro_4475,7,4,,1,1,1
2026-10-05T00:53:42.402998+00:00,2026-10-05T00:53:31+00:00,2026-10-05T00:53:31+00:00,bcycle_lametro_4476,5,9,,0,0,1
2026-10-05T00:53:42.402998+00:00,2026-10-05T00:53:31+00:00,2026-10-05T00:53:31+00:00,bcycle_lametro_4477,2,11,,1,1,1
2026-10-05T00:53:42.402998+00:00,2026-10-05T00:53:31+00:00,2026-10-05T00:53:31+00:00,bcycle_lametro_4479,3,9,,1,1,1
2026-10-05T00:53:42.402998+00:00,2026-10-05T00:53:31+00:00,2026-10-05T00:53:31+00:00,bcycle_lametro_4483,5,7,,1,1,1
2026-10-05T00:53:42.402998+00:00,2026-10-05T00:53:31+00:00,2026-10-05T00:53:31+00:00,bcycle_lametro_4487,15,1,,1,1,1
2026-10-05T00:53:42.402998+00:00,2026-10-05T00:53:31+00:00,2026-10-05T00:53:31+00:00,bcycle_lametro_4490,6,9,,1,1,1
2026-10-05T00:53:42.402998+00:00,2026-10-05T00:53:31+00:00,2026-10-05T00:53:31+00:00,bcycle_lametro_4491,9,4,,1,1,1
2026-10-05T00:53:42.402998+00:00,2026-10-05T00:53:31+00:00,2026-10-05T00:53:31+00:00,bcycle_lametro_4492,9,10,,1,1,1
2026-10-05T00:53:42.402998+00:00,2026-10-05T00:53:31+00:00,2026-10-05T00:53:31+00:00,bcycle_lametro_4493,8,8,,1,1,1
2026-10-05T00:53:42.402998+00:00,2026-10-05T00:53:31+00:00,2026-10-05T00:53:31+00:00,bcycle_lametro_4494,7,2,,1,1,1
2026-10-05T00:53:42.402998+00:00,2026-10-05T00:53:31+00:00,2026-10-05T00:53:31+00:00,bcycle_lametro_4509,6,4,,1,1,1
2026-10-05T00:53:42.402998+00:00,2026-10-05T00:53:31+00:00,2026-10-05T00:53:31+00:00,bcycle_lametro_4510,2,8,,1,1,1
2026-10-05T00:53:42.402998+00:00,2026-10-05T00:53:31+00:00,2026-10-05T00:53:31+00:00,bcycle_lametro_4511,4,15,,1,1,1
2026-10-05T00:53:42.402998+00:00,2026-10-05T00:53:31+00:00,2026-10-05T00:53:31+00:00,bcycle_lametro_4512,15,1,,1,1,1
2026-10-05T00:53:42.402998+00:00,2026-10-05T00:53:31+00:00,2026-10-05T00:53:31+00:00,bcycle_lametro_4514,8,13,,1,1,1
2026-10-05T00:53:42.402998+00:00,2026-10-05T00:53:31+00:00,2026-10-05T00:53:31+00:00,bcycle_lametro_4515,3,6,,1,1,1
2026-10-05T00:53:42.402998+00:00,2026-10-05T00:53:31+00:00,2026-10-05T00:53:31+00:00,bcycle_lametro_4517,8,3,,1,1,1
2026-10-05T00:53:42.402998+00:00,2026-10-05T00:53:31+00:00,2026-10-05T00:53:31+00:00,bcycle_lametro_4521,7,5,,1,1,1
2026-10-05T00:53:42.402998+00:00,2026-10-05T00:53:31+00:00,2026-10-05T00:53:31+00:00,bcycle_lametro_4523,11,4,,1,1,1
2026-10-05T00:53:42.402998+00:00,2026-10-05T00:53:31+00:00,2026-10-05T00:53:31+00:00,bcycle_lametro_4524,4,10,,1,1,1
2026-10-05T00:53:42.402998+00:00,2026-10-05T00:53:31+00:00,2026-10-05T00:53:31+00:00,bcycle_lametro_4525,9,2,,1,1,1
2026-10-05T00:53:42.402998+00:00,2026-10-05T00:53:31+00:00,2026-10-05T00:53:31+00:00,bcycle_lametro_4526,8,13,,1,1,1
2026-10-05T00:53:42.402998+00:00,2026-10-05T00:53:31+00:00,2026-10-05T00:53:31+00:00,bcycle_lametro_4527,11,3,,1,1,1
2026-10-05T00:53:42.402998+00:00,2026-10-05T00:53:31+00:00,2026-10-05T00:53:31+00:00,bcycle_lametro_4528,10,4,,1,1,1
2026-10-05T00:53:42.402998+00:00,2026-10-05T00:53:31+00:00,2026-10-05T00:53:31+00:00,bcycle_lametro_4529,7,6,,0,0,1
2026-10-05T00:53:42.402998+00:00,2026-10-05T00:53:31+00:00,2026-10-05T00:53:31+00:00,bcycle_lametro_4534,8,7,,1,1,1
2026-10-05T00:53:42.402998+00:00,2026-10-05T00:53:31+00:00,2026-10-05T00:53:31+00:00,bcycle_lametro_4536,4,6,,1,1,1
2026-10-05T00:53:42.402998+00:00,2026-10-05T00:53:31+00:00,2026-10-05T00:53:31+00:00,bcycle_lametro_4537,5,13,,1,1,1
2026-10-05T00:53:42.402998+00:00,2026-10-05T00:53:31+00:00,2026-10-05T00:53:31+00:00,bcycle_lametro_4538,5,3,,0,0,1
2026-10-05T00:53:42.402998+00:00,2026-10-05T00:53:31+00:00,2026-10-05T00:53:31+00:00,bcycle_lametro_4540,7,7,,1,1,1
2026-10-05T00:53:42.402998+00:00,2026-10-05T00:53:31+00:00,2026-10-05T00:53:31+00:00,bcycle_lametro_4543,7,1,,1,1,1
2026-10-05T00:53:42.402998+00:00,2026-10-05T00:53:31+00:00,2026-10-05T00:53:31+00:00,bcycle_lametro_4544,8,4,,1,1,1
2026-10-05T00:53:42.402998+00:00,2026-10-05T00:53:31+00:00,2026-10-05T00:53:31+00:00,bcycle_lametro_4545,8,0,,0,0,1
2026-10-05T00:53:42.402998+00:00,2026-10-05T00:53:31+00:00,2026-10-05T00:53:31+00:00,bcycle_lametro_4546,4,15,,1,1,1
2026-10-05T00:53:42.402998+00:00,2026-10-05T00:53:31+00:00,2026-10-05T00:53:31+00:00,bcycle_lametro_4547,4,6,,1,1,1
2026-10-05T00:53:42.402998+00:00,2026-10-05T00:53:31+00:00,2026-10-05T00:53:31+00:00,bcycle_lametro_4548,4,8,,1,1,1
2026-10-05T00:53:42.402998+00:00,2026-10-05T00:53:31+00:00,2026-10-05T00:53:31+00:00,bcycle_lametro_4549,10,6,,1,1,1
2026-10-05T00:53:42.402998+00:00,2026-10-05T00:53:31+00:00,2026-10-05T00:53:31+00:00,bcycle_lametro_4552,10,2,,1,1,1
2026-10-05T00:53:42.402998+00:00,2026-10-05T00:53:31+00:00,2026-10-05T00:53:31+00:00,bcycle_lametro_4553,5,4,,1,1,1
2026-10-05T00:53:42.402998+00:00,2026-10-05T00:53:31+00:00,2026-10-05T00:53:31+00:00,bcycle_lametro_4554,4,7,,1,1,1
2026-10-05T00:53:42.402998+00:00,2026-10-05T00:53:31+00:00,2026-10-05T00:53:31+00:00,bcycle_lametro_4555,0,0,,0,0,1
2026-10-05T00:53:42.402998+00:00,2026-10-05T00:53:31+00:00,2026-10-05T00:53:31+00:00,bcycle_lametro_4556,4,9,,1,1,1
2026-10-05T00:53:42.402998+00:00,2026-10-05T00:53:31+00:00,2026-10-05T00:53:31+00:00,bcycle_lametro_4557,5,6,,1,1,1
2026-10-05T00:53:42.402998+00:00,2026-10-05T00:53:31+00:00,2026-10-05T00:53:31+00:00,bcycle_lametro_4558,1,16,,1,1,1
2026-10-05T00:53:42.402998+00:00,2026-10-05T00:53:31+00:00,2026-10-05T00:53:31+00:00,bcycle_lametro_4561,2,7,,1,1,1
2026-10-05T00:53:42.402998+00:00,2026-10-05T00:53:31+00:00,2026-10-05T00:53:31+00:00,bcycle_lametro_4562,7,7,,1,1,1
2026-10-05T00:53:42.402998+00:00,2026-10-05T00:53:31+00:00,2026-10-05T00:53:31+00:00,bcycle_lametro_4563,8,1,,1,1,1
2026-10-05T00:53:42.402998+00:00,2026-10-05T00:53:31+00:00,2026-10-05T00:53:31+00:00,bcycle_lametro_4564,9,6,,1,1,1
2026-10-05T00:53:42.402998+00:00,2026-10-05T00:53:31+00:00,2026-10-05T00:53:31+00:00,bcycle_lametro_4565,4,8,,1,1,1
2026-10-05T00:53:42.402998+00:00,2026-10-05T00:53:31+00:00,2026-10-05T00:53:31+00:00,bcycle_lametro_4566,7,7,,1,1,1
2026-10-05T00:53:42.402998+00:00,2026-10-05T00:53:31+00:00,2026-10-05T00:53:31+00:00,bcycle_lametro_4567,3,8,,1,1,1
2026-10-05T00:53:42.402998+00:00,2026-10-05T00:53:31+00:00,2026-10-05T00:53:31+00:00,bcycle_lametro_4568,2,11,,1,1,1
2026-10-05T00:53:42.402998+00:00,2026-10-05T00:53:31+00:00,2026-10-05T00:53:31+00:00,bcycle_lametro_4569,7,2,,1,1,1
2026-10-05T00:53:42.402998+00:00,2026-10-05T00:53:31+00:00,2026-10-05T00:53:31+00:00,bcycle_lametro_4570,5,10,,1,1,1
2026-10-05T00:53:42.402998+00:00,2026-10-05T00:53:31+00:00,2026-10-05T00:53:31+00:00,bcycle_lametro_4571,3,4,,1,1,1
2026-10-05T00:53:42.402998+00:00,2026-10-05T00:53:31+00:00,2026-10-05T00:53:31+00:00,bcycle_lametro_4575,5,4,,1,1,1
2026-10-05T00:53:42.402998+00:00,2026-10-05T00:53:31+00:00,2026-10-05T00:53:31+00:00,bcycle_lametro_4576,7,4,,1,1,1
2026-10-05T00:53:42.402998+00:00,2026-10-05T00:53:31+00:00,2026-10-05T00:53:31+00:00,bcycle_lametro_4578,4,3,,1,1,1
2026-10-05T00:53:42.402998+00:00,2026-10-05T00:53:31+00:00,2026-10-05T00:53:31+00:00,bcycle_lametro_4579,4,8,,1,1,1
2026-10-05T00:53:42.402998+00:00,2026-10-05T00:53:31+00:00,2026-10-05T00:53:31+00:00,bcycle_lametro_4580,3,5,,1,1,1
2026-10-05T00:53:42.402998+00:00,2026-10-05T00:53:31+00:00,2026-10-05T00:53:31+00:00,bcycle_lametro_4581,4,12,,1,1,1
2026-10-05T00:53:42.402998+00:00,2026-10-05T00:53:31+00:00,2026-10-05T00:53:31+00:00,bcycle_lametro_4583,12,6,,1,1,1
2026-10-05T00:53:42.402998+00:00,2026-10-05T00:53:31+00:00,2026-10-05T00:53:31+00:00,bcycle_lametro_4584,10,4,,1,1,1
2026-10-05T00:53:42.402998+00:00,2026-10-05T00:53:31+00:00,2026-10-05T00:53:31+00:00,bcycle_lametro_4587,2,9,,1,1,1
2026-10-05T00:53:42.402998+00:00,2026-10-05T00:53:31+00:00,2026-10-05T00:53:31+00:00,bcycle_lametro_4595,5,13,,1,1,1
2026-10-05T00:53:42.402998+00:00,2026-10-05T00:53:31+00:00,2026-10-05T00:53:31+00:00,bcycle_lametro_4596,4,11,,1,1,1
2026-10-05T00:53:42.402998+00:00,2026-10-05T00:53:31+00:00,2026-10-05T00:53:31+00:00,bcycle_lametro_4597,3,7,,1,1,1
2026-10-05T00:53:42.402998+00:00,2026-10-05T00:53:31+00:00,2026-10-05T00:53:31+00:00,bcycle_lametro_4598,2,7,,1,1,1
2026-10-05T00:53:42.402998+00:00,2026-10-05T00:53:31+00:00,2026-10-05T00:53:31+00:00,bcycle_lametro_4599,0,12,,1,1,1
2026-10-05T00:53:42.402998+00:00,2026-10-05T00:53:31+00:00,2026-10-05T00:53:31+00:00,bcycle_lametro_4600,6,4,,1,1,1
2026-10-05T00:53:42.402998+00:00,2026-10-05T00:53:31+00:00,2026-10-05T00:53:31+00:00,bcycle_lametro_4601,4,7,,1,1,1
2026-10-05T00:53:42.402998+00:00,2026-10-05T00:53:31+00:00,2026-10-05T00:53:31+00:00,bcycle_lametro_4603,8,10,,1,1,1
2026-10-05T00:53:42.402998+00:00,2026-10-05T00:53:31+00:00,2026-10-05T00:53:31+00:00,bcycle_lametro_4604,8,4,,1,1,1
2026-10-05T00:53:42.402998+00:00,2026-10-05T00:53:31+00:00,2026-10-05T00:53:31+00:00,bcycle_lametro_4605,8,5,,1,1,1
2026-10-05T00:53:42.402998+00:00,2026-10-05T00:53:31+00:00,2026-10-05T00:53:31+00:00,bcycle_lametro_4606,6,14,,1,1,1
2026-10-05T00:53:42.402998+00:00,2026-10-05T00:53:31+00:00,2026-10-05T00:53:31+00:00,bcycle_lametro_4613,2,17,,1,1,1
2026-10-05T00:53:42.402998+00:00,2026-10-05T00:53:31+00:00,2026-10-05T00:53:31+00:00,bcycle_lametro_4614,7,13,,1,1,1
2026-10-05T00:53:42.402998+00:00,2026-10-05T00:53:31+00:00,2026-10-05T00:53:31+00:00,bcycle_lametro_4627,4,13,,1,1,1
2026-10-05T00:53:42.402998+00:00,2026-10-05T00:53:31+00:00,2026-10-05T00:53:31+00:00,bcycle_lametro_4628,8,4,,1,1,1
2026-10-05T00:53:42.402998+00:00,2026-10-05T00:53:31+00:00,2026-10-05T00:53:31+00:00,bcycle_lametro_4632,5,10,,1,1,1
2026-10-05T00:53:42.402998+00:00,2026-10-05T00:53:31+00:00,2026-10-05T00:53:31+00:00,bcycle_lametro_4643,0,20,,1,1,1
2026-10-05T00:53:42.402998+00:00,2026-10-05T00:53:31+00:00,2026-10-05T00:53:31+00:00,bcycle_lametro_4644,4,8,,1,1,1
2026-10-05T00:53:42.402998+00:00,2026-10-05T00:53:31+00:00,2026-10-05T00:53:31+00:00,bcycle_lametro_4645,5,7,,1,1,1
2026-10-05T00:53:42.402998+00:00,2026-10-05T00:53:31+00:00,2026-10-05T00:53:31+00:00,bcycle_lametro_4652,3,8,,0,0,1
2026-10-05T00:53:42.402998+00:00,2026-10-05T00:53:31+00:00,2026-10-05T00:53:31+00:00,bcycle_lametro_4660,5,12,,1,1,1
2026-10-05T00:53:42.402998+00:00,2026-10-05T00:53:31+00:00,2026-10-05T00:53:31+00:00,bcycle_lametro_4664,7,12,,1,1,1
2026-10-05T00:53:42.402998+00:00,2026-10-05T00:53:31+00:00,2026-10-05T00:53:31+00:00,bcycle_lametro_4672,8,7,,1,1,1
2026-10-05T00:53:42.402998+00:00,2026-10-05T00:53:31+00:00,2026-10-05T00:53:31+00:00,bcycle_lametro_4680,9,9,,1,1,1
2026-10-05T00:53:42.402998+00:00,2026-10-05T00:53:31+00:00,2026-10-05T00:53:31+00:00,bcycle_lametro_4689,7,8,,1,1,1
2026-10-05T00:53:42.402998+00:00,2026-10-05T00:53:31+00:00,2026-10-05T00:53:31+00:00,bcycle_lametro_4690,8,6,,1,1,1
2026-10-05T00:53:42.402998+00:00,2026-10-05T00:53:31+00:00,2026-10-05T00:53:31+00:00,bcycle_lametro_4696,10,4,,1,1,1
2026-10-05T00:53:42.402998+00:00,2026-10-05T00:53:31+00:00,2026-10-05T00:53:31+00:00,bcycle_lametro_4697,1,14,,1,1,1
2026-10-05T00:53:42.402998+00:00,2026-10-05T00:53:31+00:00,2026-10-05T00:53:31+00:00,bcycle_lametro_4698,9,5,,1,1,1
2026-10-05T00:53:42.402998+00:00,2026-10-05T00:53:31+00:00,2026-10-05T00:53:31+00:00,bcycle_lametro_4699,8,7,,1,1,1
2026-10-05T00:53:42.402998+00:00,2026-10-05T00:53:31+00:00,2026-10-05T00:53:31+00:00,bcycle_lametro_4700,11,6,,0,0,1
2026-10-05T00:53:42.402998+00:00,2026-10-05T00:53:31+00:00,2026-10-05T00:53:31+00:00,bcycle_lametro_4707,8,5,,1,1,1
2026-10-05T00:53:42.402998+00:00,2026-10-05T00:53:31+00:00,2026-10-05T00:53:31+00:00,bcycle_lametro_4729,5,8,,0,0,1
2026-10-05T00:53:42.402998+00:00,2026-10-05T00:53:31+00:00,2026-10-05T00:53:31+00:00,bcycle_lametro_4730,12,1,,1,1,1
2026-10-05T00:53:42.402998+00:00,2026-10-05T00:53:31+00:00,2026-10-05T00:53:31+00:00,bcycle_lametro_4732,9,12,,1,1,1
2026-10-05T00:53:42.402998+00:00,2026-10-05T00:53:31+00:00,2026-10-05T00:53:31+00:00,bcycle_lametro_4733,8,15,,1,1,1
2026-10-05T00:53:42.402998+00:00,2026-10-05T00:53:31+00:00,2026-10-05T00:53:31+00:00,bcycle_lametro_4734,6,9,,1,1,1
2026-10-05T00:53:42.402998+00:00,2026-10-05T00:53:31+00:00,2026-10-05T00:53:31+00:00,bcycle_lametro_4735,11,1,,1,1,1
2026-10-05T00:53:42.402998+00:00,2026-10-05T00:53:31+00:00,2026-10-05T00:53:31+00:00,bcycle_lametro_4736,5,10,,1,1,1
2026-10-05T00:53:42.402998+00:00,2026-10-05T00:53:31+00:00,2026-10-05T00:53:31+00:00,bcycle_lametro_4740,12,10,,1,1,1
2026-10-05T00:53:42.402998+00:00,2026-10-05T00:53:31+00:00,2026-10-05T00:53:31+00:00,bcycle_lametro_4745,5,5,,1,1,1
2026-10-05T06:44:19.059913+00:00,2026-10-05T06:44:03+00:00,2026-10-05T06:44:03+00:00,bcycle_lametro_3005,10,19,,1,1,1
2026-10-05T06:44:19.059913+00:00,2026-10-05T06:44:03+00:00,2026-10-05T06:44:03+00:00,bcycle_lametro_3006,10,19,,1,1,1
2026-10-05T06:44:19.059913+00:00,2026-10-05T06:44:03+00:00,2026-10-05T06:44:03+00:00,bcycle_lametro_3007,3,19,,1,1,1
2026-10-05T06:44:19.059913+00:00,2026-10-05T06:44:03+00:00,2026-10-05T06:44:03+00:00,bcycle_lametro_3008,3,12,,1,1,1
2026-10-05T06:44:19.059913+00:00,2026-10-05T06:44:03+00:00,2026-10-05T06:44:03+00:00,bcycle_lametro_3010,11,3,,1,1,1
2026-10-05T06:44:19.059913+00:00,2026-10-05T06:44:03+00:00,2026-10-05T06:44:03+00:00,bcycle_lametro_3011,5,11,,1,1,1
2026-10-05T06:44:19.059913+00:00,2026-10-05T06:44:03+00:00,2026-10-05T06:44:03+00:00,bcycle_lametro_3014,20,8,,1,1,1
2026-10-05T06:44:19.059913+00:00,2026-10-05T06:44:03+00:00,2026-10-05T06:44:03+00:00,bcycle_lametro_3016,5,10,,1,1,1
2026-10-05T06:44:19.059913+00:00,2026-10-05T06:44:03+00:00,2026-10-05T06:44:03+00:00,bcycle_lametro_3018,12,6,,1,1,1
2026-10-05T06:44:19.059913+00:00,2026-10-05T06:44:03+00:00,2026-10-05T06:44:03+00:00,bcycle_lametro_3019,10,9,,1,1,1
2026-10-05T06:44:19.059913+00:00,2026-10-05T06:44:03+00:00,2026-10-05T06:44:03+00:00,bcycle_lametro_3020,4,11,,1,1,1
2026-10-05T06:44:19.059913+00:00,2026-10-05T06:44:03+00:00,2026-10-05T06:44:03+00:00,bcycle_lametro_3022,8,12,,1,1,1
2026-10-05T06:44:19.059913+00:00,2026-10-05T06:44:03+00:00,2026-10-05T06:44:03+00:00,bcycle_lametro_3024,11,4,,1,1,1
2026-10-05T06:44:19.059913+00:00,2026-10-05T06:44:03+00:00,2026-10-05T06:44:03+00:00,bcycle_lametro_3025,8,6,,1,1,1
2026-10-05T06:44:19.059913+00:00,2026-10-05T06:44:03+00:00,2026-10-05T06:44:03+00:00,bcycle_lametro_3026,6,9,,1,1,1
2026-10-05T06:44:19.059913+00:00,2026-10-05T06:44:03+00:00,2026-10-05T06:44:03+00:00,bcycle_lametro_3027,3,11,,1,1,1
2026-10-05T06:44:19.059913+00:00,2026-10-05T06:44:03+00:00,2026-10-05T06:44:03+00:00,bcycle_lametro_3030,9,20,,1,1,1
2026-10-05T06:44:19.059913+00:00,2026-10-05T06:44:03+00:00,2026-10-05T06:44:03+00:00,bcycle_lametro_3032,15,12,,1,1,1
2026-10-05T06:44:19.059913+00:00,2026-10-05T06:44:03+00:00,2026-10-05T06:44:03+00:00,bcycle_lametro_3033,4,11,,1,1,1
2026-10-05T06:44:19.059913+00:00,2026-10-05T06:44:03+00:00,2026-10-05T06:44:03+00:00,bcycle_lametro_3034,14,11,,1,1,1
2026-10-05T06:44:19.059913+00:00,2026-10-05T06:44:03+00:00,2026-10-05T06:44:03+00:00,bcycle_lametro_3035,6,17,,1,1,1
2026-10-05T06:44:19.059913+00:00,2026-10-05T06:44:03+00:00,2026-10-05T06:44:03+00:00,bcycle_lametro_3036,2,12,,1,1,1
2026-10-05T06:44:19.059913+00:00,2026-10-05T06:44:03+00:00,2026-10-05T06:44:03+00:00,bcycle_lametro_3037,7,11,,1,1,1
2026-10-05T06:44:19.059913+00:00,2026-10-05T06:44:03+00:00,2026-10-05T06:44:03+00:00,bcycle_lametro_3040,1,2,,1,1,1
2026-10-05T06:44:19.059913+00:00,2026-10-05T06:44:03+00:00,2026-10-05T06:44:03+00:00,bcycle_lametro_3042,8,20,,1,1,1
2026-10-05T06:44:19.059913+00:00,2026-10-05T06:44:03+00:00,2026-10-05T06:44:03+00:00,bcycle_lametro_3045,5,5,,1,1,1
2026-10-05T06:44:19.059913+00:00,2026-10-05T06:44:03+00:00,2026-10-05T06:44:03+00:00,bcycle_lametro_3046,12,5,,1,1,1
2026-10-05T06:44:19.059913+00:00,2026-10-05T06:44:03+00:00,2026-10-05T06:44:03+00:00,bcycle_lametro_3047,15,10,,1,1,1
2026-10-05T06:44:19.059913+00:00,2026-10-05T06:44:03+00:00,2026-10-05T06:44:03+00:00,bcycle_lametro_3048,8,8,,1,1,1
2026-10-05T06:44:19.059913+00:00,2026-10-05T06:44:03+00:00,2026-10-05T06:44:03+00:00,bcycle_lametro_3052,5,16,,1,1,1
2026-10-05T06:44:19.059913+00:00,2026-10-05T06:44:03+00:00,2026-10-05T06:44:03+00:00,bcycle_lametro_3054,5,10,,1,1,1
2026-10-05T06:44:19.059913+00:00,2026-10-05T06:44:03+00:00,2026-10-05T06:44:03+00:00,bcycle_lametro_3056,6,9,,1,1,1
2026-10-05T06:44:19.059913+00:00,2026-10-05T06:44:03+00:00,2026-10-05T06:44:03+00:00,bcycle_lametro_3058,8,7,,1,1,1
2026-10-05T06:44:19.059913+00:00,2026-10-05T06:44:03+00:00,2026-10-05T06:44:03+00:00,bcycle_lametro_3062,5,10,,1,1,1
2026-10-05T06:44:19.059913+00:00,2026-10-05T06:44:03+00:00,2026-10-05T06:44:03+00:00,bcycle_lametro_3063,8,14,,1,1,1
2026-10-05T06:44:19.059913+00:00,2026-10-05T06:44:03+00:00,2026-10-05T06:44:03+00:00,bcycle_lametro_3064,10,5,,1,1,1
2026-10-05T06:44:19.059913+00:00,2026-10-05T06:44:03+00:00,2026-10-05T06:44:03+00:00,bcycle_lametro_3065,8,7,,1,1,1
2026-10-05T06:44:19.059913+00:00,2026-10-05T06:44:03+00:00,2026-10-05T06:44:03+00:00,bcycle_lametro_3066,7,8,,1,1,1
2026-10-05T06:44:19.059913+00:00,2026-10-05T06:44:03+00:00,2026-10-05T06:44:03+00:00,bcycle_lametro_3068,3,11,,1,1,1
2026-10-05T06:44:19.059913+00:00,2026-10-05T06:44:03+00:00,2026-10-05T06:44:03+00:00,bcycle_lametro_3069,3,14,,1,1,1
2026-10-05T06:44:19.059913+00:00,2026-10-05T06:44:03+00:00,2026-10-05T06:44:03+00:00,bcycle_lametro_3074,12,10,,1,1,1
2026-10-05T06:44:19.059913+00:00,2026-10-05T06:44:03+00:00,2026-10-05T06:44:03+00:00,bcycle_lametro_3075,7,8,,1,1,1
2026-10-05T06:44:19.059913+00:00,2026-10-05T06:44:03+00:00,2026-10-05T06:44:03+00:00,bcycle_lametro_3076,7,5,,1,1,1
2026-10-05T06:44:19.059913+00:00,2026-10-05T06:44:03+00:00,2026-10-05T06:44:03+00:00,bcycle_lametro_3077,4,9,,1,1,1
2026-10-05T06:44:19.059913+00:00,2026-10-05T06:44:03+00:00,2026-10-05T06:44:03+00:00,bcycle_lametro_3078,8,7,,1,1,1
2026-10-05T06:44:19.059913+00:00,2026-10-05T06:44:03+00:00,2026-10-05T06:44:03+00:00,bcycle_lametro_3079,2,12,,1,1,1
2026-10-05T06:44:19.059913+00:00,2026-10-05T06:44:03+00:00,2026-10-05T06:44:03+00:00,bcycle_lametro_3081,6,6,,1,1,1
2026-10-05T06:44:19.059913+00:00,2026-10-05T06:44:03+00:00,2026-10-05T06:44:03+00:00,bcycle_lametro_3082,12,10,,1,1,1
2026-10-05T06:44:19.059913+00:00,2026-10-05T06:44:03+00:00,2026-10-05T06:44:03+00:00,bcycle_lametro_4202,6,14,,1,1,1
2026-10-05T06:44:19.059913+00:00,2026-10-05T06:44:03+00:00,2026-10-05T06:44:03+00:00,bcycle_lametro_4204,8,7,,1,1,1
2026-10-05T06:44:19.059913+00:00,2026-10-05T06:44:03+00:00,2026-10-05T06:44:03+00:00,bcycle_lametro_4205,5,11,,1,1,1
2026-10-05T06:44:19.059913+00:00,2026-10-05T06:44:03+00:00,2026-10-05T06:44:03+00:00,bcycle_lametro_4206,7,16,,1,1,1
2026-10-05T06:44:19.059913+00:00,2026-10-05T06:44:03+00:00,2026-10-05T06:44:03+00:00,bcycle_lametro_4207,8,11,,1,1,1
2026-10-05T06:44:19.059913+00:00,2026-10-05T06:44:03+00:00,2026-10-05T06:44:03+00:00,bcycle_lametro_4208,1,16,,1,1,1
2026-10-05T06:44:19.059913+00:00,2026-10-05T06:44:03+00:00,2026-10-05T06:44:03+00:00,bcycle_lametro_4209,8,15,,1,1,1
2026-10-05T06:44:19.059913+00:00,2026-10-05T06:44:03+00:00,2026-10-05T06:44:03+00:00,bcycle_lametro_4210,9,6,,1,1,1
2026-10-05T06:44:19.059913+00:00,2026-10-05T06:44:03+00:00,2026-10-05T06:44:03+00:00,bcycle_lametro_4211,5,9,,1,1,1
2026-10-05T06:44:19.059913+00:00,2026-10-05T06:44:03+00:00,2026-10-05T06:44:03+00:00,bcycle_lametro_4212,4,17,,1,1,1
2026-10-05T06:44:19.059913+00:00,2026-10-05T06:44:03+00:00,2026-10-05T06:44:03+00:00,bcycle_lametro_4213,1,14,,1,1,1
2026-10-05T06:44:19.059913+00:00,2026-10-05T06:44:03+00:00,2026-10-05T06:44:03+00:00,bcycle_lametro_4214,9,16,,1,1,1
2026-10-05T06:44:19.059913+00:00,2026-10-05T06:44:03+00:00,2026-10-05T06:44:03+00:00,bcycle_lametro_4215,26,14,,1,1,1
2026-10-05T06:44:19.059913+00:00,2026-10-05T06:44:03+00:00,2026-10-05T06:44:03+00:00,bcycle_lametro_4216,0,0,,0,0,1
2026-10-05T06:44:19.059913+00:00,2026-10-05T06:44:03+00:00,2026-10-05T06:44:03+00:00,bcycle_lametro_4217,0,10,,1,1,1
2026-10-05T06:44:19.059913+00:00,2026-10-05T06:44:03+00:00,2026-10-05T06:44:03+00:00,bcycle_lametro_4220,8,6,,1,1,1
2026-10-05T06:44:19.059913+00:00,2026-10-05T06:44:03+00:00,2026-10-05T06:44:03+00:00,bcycle_lametro_4227,10,6,,1,1,1
2026-10-05T06:44:19.059913+00:00,2026-10-05T06:44:03+00:00,2026-10-05T06:44:03+00:00,bcycle_lametro_4245,10,4,,1,1,1
2026-10-05T06:44:19.059913+00:00,2026-10-05T06:44:03+00:00,2026-10-05T06:44:03+00:00,bcycle_lametro_4246,10,4,,0,0,1
2026-10-05T06:44:19.059913+00:00,2026-10-05T06:44:03+00:00,2026-10-05T06:44:03+00:00,bcycle_lametro_4247,6,2,,1,1,1
2026-10-05T06:44:19.059913+00:00,2026-10-05T06:44:03+00:00,2026-10-05T06:44:03+00:00,bcycle_lametro_4248,5,13,,1,1,1
2026-10-05T06:44:19.059913+00:00,2026-10-05T06:44:03+00:00,2026-10-05T06:44:03+00:00,bcycle_lametro_4249,9,5,,1,1,1
2026-10-05T06:44:19.059913+00:00,2026-10-05T06:44:03+00:00,2026-10-05T06:44:03+00:00,bcycle_lametro_4250,13,2,,1,1,1
2026-10-05T06:44:19.059913+00:00,2026-10-05T06:44:03+00:00,2026-10-05T06:44:03+00:00,bcycle_lametro_4254,3,12,,1,1,1
2026-10-05T06:44:19.059913+00:00,2026-10-05T06:44:03+00:00,2026-10-05T06:44:03+00:00,bcycle_lametro_4255,3,7,,1,1,1
2026-10-05T06:44:19.059913+00:00,2026-10-05T06:44:03+00:00,2026-10-05T06:44:03+00:00,bcycle_lametro_4266,8,7,,1,1,1
2026-10-05T06:44:19.059913+00:00,2026-10-05T06:44:03+00:00,2026-10-05T06:44:03+00:00,bcycle_lametro_4267,5,4,,1,1,1
2026-10-05T06:44:19.059913+00:00,2026-10-05T06:44:03+00:00,2026-10-05T06:44:03+00:00,bcycle_lametro_4273,1,13,,1,1,1
2026-10-05T06:44:19.059913+00:00,2026-10-05T06:44:03+00:00,2026-10-05T06:44:03+00:00,bcycle_lametro_4275,5,10,,1,1,1
2026-10-05T06:44:19.059913+00:00,2026-10-05T06:44:03+00:00,2026-10-05T06:44:03+00:00,bcycle_lametro_4293,2,8,,1,1,1
2026-10-05T06:44:19.059913+00:00,2026-10-05T06:44:03+00:00,2026-10-05T06:44:03+00:00,bcycle_lametro_4300,7,7,,1,1,1
2026-10-05T06:44:19.059913+00:00,2026-10-05T06:44:03+00:00,2026-10-05T06:44:03+00:00,bcycle_lametro_4301,2,8,,1,1,1
2026-10-05T06:44:19.059913+00:00,2026-10-05T06:44:03+00:00,2026-10-05T06:44:03+00:00,bcycle_lametro_4303,1,8,,1,1,1
2026-10-05T06:44:19.059913+00:00,2026-10-05T06:44:03+00:00,2026-10-05T06:44:03+00:00,bcycle_lametro_4304,3,8,,1,1,1
2026-10-05T06:44:19.059913+00:00,2026-10-05T06:44:03+00:00,2026-10-05T06:44:03+00:00,bcycle_lametro_4306,6,7,,1,1,1
2026-10-05T06:44:19.059913+00:00,2026-10-05T06:44:03+00:00,2026-10-05T06:44:03+00:00,bcycle_lametro_4311,7,8,,1,1,1
2026-10-05T06:44:19.059913+00:00,2026-10-05T06:44:03+00:00,2026-10-05T06:44:03+00:00,bcycle_lametro_4312,6,7,,1,1,1
2026-10-05T06:44:19.059913+00:00,2026-10-05T06:44:03+00:00,2026-10-05T06:44:03+00:00,bcycle_lametro_4313,6,6,,1,1,1
2026-10-05T06:44:19.059913+00:00,2026-10-05T06:44:03+00:00,2026-10-05T06:44:03+00:00,bcycle_lametro_4314,4,11,,1,1,1
2026-10-05T06:44:19.059913+00:00,2026-10-05T06:44:03+00:00,2026-10-05T06:44:03+00:00,bcycle_lametro_4315,5,3,,1,1,1
2026-10-05T06:44:19.059913+00:00,2026-10-05T06:44:03+00:00,2026-10-05T06:44:03+00:00,bcycle_lametro_4387,2,14,,1,1,1
2026-10-05T06:44:19.059913+00:00,2026-10-05T06:44:03+00:00,2026-10-05T06:44:03+00:00,bcycle_lametro_4390,9,3,,1,1,1
2026-10-05T06:44:19.059913+00:00,2026-10-05T06:44:03+00:00,2026-10-05T06:44:03+00:00,bcycle_lametro_4401,2,8,,1,1,1
2026-10-05T06:44:19.059913+00:00,2026-10-05T06:44:03+00:00,2026-10-05T06:44:03+00:00,bcycle_lametro_4404,11,4,,1,1,1
2026-10-05T06:44:19.059913+00:00,2026-10-05T06:44:03+00:00,2026-10-05T06:44:03+00:00,bcycle_lametro_4405,12,1,,1,1,1
2026-10-05T06:44:19.059913+00:00,2026-10-05T06:44:03+00:00,2026-10-05T06:44:03+00:00,bcycle_lametro_4406,0,14,,1,1,1
2026-10-05T06:44:19.059913+00:00,2026-10-05T06:44:03+00:00,2026-10-05T06:44:03+00:00,bcycle_lametro_4410,8,8,,1,1,1
2026-10-05T06:44:19.059913+00:00,2026-10-05T06:44:03+00:00,2026-10-05T06:44:03+00:00,bcycle_lametro_4436,4,4,,1,1,1
2026-10-05T06:44:19.059913+00:00,2026-10-05T06:44:03+00:00,2026-10-05T06:44:03+00:00,bcycle_lametro_4437,3,10,,1,1,1
2026-10-05T06:44:19.059913+00:00,2026-10-05T06:44:03+00:00,2026-10-05T06:44:03+00:00,bcycle_lametro_4440,4,14,,1,1,1
2026-10-05T06:44:19.059913+00:00,2026-10-05T06:44:03+00:00,2026-10-05T06:44:03+00:00,bcycle_lametro_4441,1,6,,1,1,1
2026-10-05T06:44:19.059913+00:00,2026-10-05T06:44:03+00:00,2026-10-05T06:44:03+00:00,bcycle_lametro_4442,3,9,,1,1,1
2026-10-05T06:44:19.059913+00:00,2026-10-05T06:44:03+00:00,2026-10-05T06:44:03+00:00,bcycle_lametro_4443,3,4,,1,1,1
2026-10-05T06:44:19.059913+00:00,2026-10-05T06:44:03+00:00,2026-10-05T06:44:03+00:00,bcycle_lametro_4444,2,7,,1,1,1
2026-10-05T06:44:19.059913+00:00,2026-10-05T06:44:03+00:00,2026-10-05T06:44:03+00:00,bcycle_lametro_4445,9,6,,1,1,1
2026-10-05T06:44:19.059913+00:00,2026-10-05T06:44:03+00:00,2026-10-05T06:44:03+00:00,bcycle_lametro_4446,4,4,,1,1,1
2026-10-05T06:44:19.059913+00:00,2026-10-05T06:44:03+00:00,2026-10-05T06:44:03+00:00,bcycle_lametro_4447,3,9,,1,1,1
2026-10-05T06:44:19.059913+00:00,2026-10-05T06:44:03+00:00,2026-10-05T06:44:03+00:00,bcycle_lametro_4448,5,13,,1,1,1
2026-10-05T06:44:19.059913+00:00,2026-10-05T06:44:03+00:00,2026-10-05T06:44:03+00:00,bcycle_lametro_4449,9,4,,1,1,1
2026-10-05T06:44:19.059913+00:00,2026-10-05T06:44:03+00:00,2026-10-05T06:44:03+00:00,bcycle_lametro_4450,2,11,,1,1,1
2026-10-05T06:44:19.059913+00:00,2026-10-05T06:44:03+00:00,2026-10-05T06:44:03+00:00,bcycle_lametro_4451,0,9,,1,1,1
2026-10-05T06:44:19.059913+00:00,2026-10-05T06:44:03+00:00,2026-10-05T06:44:03+00:00,bcycle_lametro_4452,7,3,,1,1,1
2026-10-05T06:44:19.059913+00:00,2026-10-05T06:44:03+00:00,2026-10-05T06:44:03+00:00,bcycle_lametro_4453,6,4,,1,1,1
2026-10-05T06:44:19.059913+00:00,2026-10-05T06:44:03+00:00,2026-10-05T06:44:03+00:00,bcycle_lametro_4454,13,1,,1,1,1
2026-10-05T06:44:19.059913+00:00,2026-10-05T06:44:03+00:00,2026-10-05T06:44:03+00:00,bcycle_lametro_4455,7,8,,1,1,1
2026-10-05T06:44:19.059913+00:00,2026-10-05T06:44:03+00:00,2026-10-05T06:44:03+00:00,bcycle_lametro_4456,9,6,,1,1,1
2026-10-05T06:44:19.059913+00:00,2026-10-05T06:44:03+00:00,2026-10-05T06:44:03+00:00,bcycle_lametro_4457,4,4,,1,1,1
2026-10-05T06:44:19.059913+00:00,2026-10-05T06:44:03+00:00,2026-10-05T06:44:03+00:00,bcycle_lametro_4472,9,7,,1,1,1
2026-10-05T06:44:19.059913+00:00,2026-10-05T06:44:03+00:00,2026-10-05T06:44:03+00:00,bcycle_lametro_4473,6,2,,1,1,1
2026-10-05T06:44:19.059913+00:00,2026-10-05T06:44:03+00:00,2026-10-05T06:44:03+00:00,bcycle_lametro_4474,1,9,,1,1,1
2026-10-05T06:44:19.059913+00:00,2026-10-05T06:44:03+00:00,2026-10-05T06:44:03+00:00,bcycle_lametro_4475,6,5,,1,1,1
2026-10-05T06:44:19.059913+00:00,2026-10-05T06:44:03+00:00,2026-10-05T06:44:03+00:00,bcycle_lametro_4476,5,9,,0,0,1
2026-10-05T06:44:19.059913+00:00,2026-10-05T06:44:03+00:00,2026-10-05T06:44:03+00:00,bcycle_lametro_4477,2,11,,1,1,1
2026-10-05T06:44:19.059913+00:00,2026-10-05T06:44:03+00:00,2026-10-05T06:44:03+00:00,bcycle_lametro_4479,4,8,,1,1,1
2026-10-05T06:44:19.059913+00:00,2026-10-05T06:44:03+00:00,2026-10-05T06:44:03+00:00,bcycle_lametro_4483,5,7,,1,1,1
2026-10-05T06:44:19.059913+00:00,2026-10-05T06:44:03+00:00,2026-10-05T06:44:03+00:00,bcycle_lametro_4487,16,0,,1,1,1
2026-10-05T06:44:19.059913+00:00,2026-10-05T06:44:03+00:00,2026-10-05T06:44:03+00:00,bcycle_lametro_4490,6,9,,1,1,1
2026-10-05T06:44:19.059913+00:00,2026-10-05T06:44:03+00:00,2026-10-05T06:44:03+00:00,bcycle_lametro_4491,12,1,,1,1,1
2026-10-05T06:44:19.059913+00:00,2026-10-05T06:44:03+00:00,2026-10-05T06:44:03+00:00,bcycle_lametro_4492,9,10,,1,1,1
2026-10-05T06:44:19.059913+00:00,2026-10-05T06:44:03+00:00,2026-10-05T06:44:03+00:00,bcycle_lametro_4493,8,8,,1,1,1
2026-10-05T06:44:19.059913+00:00,2026-10-05T06:44:03+00:00,2026-10-05T06:44:03+00:00,bcycle_lametro_4494,7,2,,1,1,1
2026-10-05T06:44:19.059913+00:00,2026-10-05T06:44:03+00:00,2026-10-05T06:44:03+00:00,bcycle_lametro_4509,6,4,,1,1,1
2026-10-05T06:44:19.059913+00:00,2026-10-05T06:44:03+00:00,2026-10-05T06:44:03+00:00,bcycle_lametro_4510,2,8,,1,1,1
2026-10-05T06:44:19.059913+00:00,2026-10-05T06:44:03+00:00,2026-10-05T06:44:03+00:00,bcycle_lametro_4511,4,15,,1,1,1
2026-10-05T06:44:19.059913+00:00,2026-10-05T06:44:03+00:00,2026-10-05T06:44:03+00:00,bcycle_lametro_4512,13,3,,1,1,1
2026-10-05T06:44:19.059913+00:00,2026-10-05T06:44:03+00:00,2026-10-05T06:44:03+00:00,bcycle_lametro_4514,9,12,,1,1,1
2026-10-05T06:44:19.059913+00:00,2026-10-05T06:44:03+00:00,2026-10-05T06:44:03+00:00,bcycle_lametro_4515,3,6,,1,1,1
2026-10-05T06:44:19.059913+00:00,2026-10-05T06:44:03+00:00,2026-10-05T06:44:03+00:00,bcycle_lametro_4517,8,3,,1,1,1
2026-10-05T06:44:19.059913+00:00,2026-10-05T06:44:03+00:00,2026-10-05T06:44:03+00:00,bcycle_lametro_4521,8,4,,1,1,1
2026-10-05T06:44:19.059913+00:00,2026-10-05T06:44:03+00:00,2026-10-05T06:44:03+00:00,bcycle_lametro_4523,10,5,,1,1,1
2026-10-05T06:44:19.059913+00:00,2026-10-05T06:44:03+00:00,2026-10-05T06:44:03+00:00,bcycle_lametro_4524,4,10,,1,1,1
2026-10-05T06:44:19.059913+00:00,2026-10-05T06:44:03+00:00,2026-10-05T06:44:03+00:00,bcycle_lametro_4525,8,3,,1,1,1
2026-10-05T06:44:19.059913+00:00,2026-10-05T06:44:03+00:00,2026-10-05T06:44:03+00:00,bcycle_lametro_4526,8,13,,1,1,1
2026-10-05T06:44:19.059913+00:00,2026-10-05T06:44:03+00:00,2026-10-05T06:44:03+00:00,bcycle_lametro_4527,11,3,,1,1,1
2026-10-05T06:44:19.059913+00:00,2026-10-05T06:44:03+00:00,2026-10-05T06:44:03+00:00,bcycle_lametro_4528,11,3,,1,1,1
2026-10-05T06:44:19.059913+00:00,2026-10-05T06:44:03+00:00,2026-10-05T06:44:03+00:00,bcycle_lametro_4529,7,6,,0,0,1
2026-10-05T06:44:19.059913+00:00,2026-10-05T06:44:03+00:00,2026-10-05T06:44:03+00:00,bcycle_lametro_4534,8,7,,1,1,1
2026-10-05T06:44:19.059913+00:00,2026-10-05T06:44:03+00:00,2026-10-05T06:44:03+00:00,bcycle_lametro_4536,6,4,,1,1,1
2026-10-05T06:44:19.059913+00:00,2026-10-05T06:44:03+00:00,2026-10-05T06:44:03+00:00,bcycle_lametro_4537,7,11,,1,1,1
2026-10-05T06:44:19.059913+00:00,2026-10-05T06:44:03+00:00,2026-10-05T06:44:03+00:00,bcycle_lametro_4538,5,3,,0,0,1
2026-10-05T06:44:19.059913+00:00,2026-10-05T06:44:03+00:00,2026-10-05T06:44:03+00:00,bcycle_lametro_4540,7,7,,1,1,1
2026-10-05T06:44:19.059913+00:00,2026-10-05T06:44:03+00:00,2026-10-05T06:44:03+00:00,bcycle_lametro_4543,7,1,,1,1,1
2026-10-05T06:44:19.059913+00:00,2026-10-05T06:44:03+00:00,2026-10-05T06:44:03+00:00,bcycle_lametro_4544,7,5,,1,1,1
2026-10-05T06:44:19.059913+00:00,2026-10-05T06:44:03+00:00,2026-10-05T06:44:03+00:00,bcycle_lametro_4545,8,0,,0,0,1
2026-10-05T06:44:19.059913+00:00,2026-10-05T06:44:03+00:00,2026-10-05T06:44:03+00:00,bcycle_lametro_4546,4,15,,1,1,1
2026-10-05T06:44:19.059913+00:00,2026-10-05T06:44:03+00:00,2026-10-05T06:44:03+00:00,bcycle_lametro_4547,4,6,,1,1,1
2026-10-05T06:44:19.059913+00:00,2026-10-05T06:44:03+00:00,2026-10-05T06:44:03+00:00,bcycle_lametro_4548,2,10,,1,1,1
2026-10-05T06:44:19.059913+00:00,2026-10-05T06:44:03+00:00,2026-10-05T06:44:03+00:00,bcycle_lametro_4549,10,6,,1,1,1
2026-10-05T06:44:19.059913+00:00,2026-10-05T06:44:03+00:00,2026-10-05T06:44:03+00:00,bcycle_lametro_4552,11,1,,1,1,1
2026-10-05T06:44:19.059913+00:00,2026-10-05T06:44:03+00:00,2026-10-05T06:44:03+00:00,bcycle_lametro_4553,6,3,,1,1,1
2026-10-05T06:44:19.059913+00:00,2026-10-05T06:44:03+00:00,2026-10-05T06:44:03+00:00,bcycle_lametro_4554,3,8,,1,1,1
2026-10-05T06:44:19.059913+00:00,2026-10-05T06:44:03+00:00,2026-10-05T06:44:03+00:00,bcycle_lametro_4555,0,0,,0,0,1
2026-10-05T06:44:19.059913+00:00,2026-10-05T06:44:03+00:00,2026-10-05T06:44:03+00:00,bcycle_lametro_4556,4,9,,1,1,1
2026-10-05T06:44:19.059913+00:00,2026-10-05T06:44:03+00:00,2026-10-05T06:44:03+00:00,bcycle_lametro_4557,6,5,,1,1,1
2026-10-05T06:44:19.059913+00:00,2026-10-05T06:44:03+00:00,2026-10-05T06:44:03+00:00,bcycle_lametro_4558,1,16,,1,1,1
2026-10-05T06:44:19.059913+00:00,2026-10-05T06:44:03+00:00,2026-10-05T06:44:03+00:00,bcycle_lametro_4561,1,8,,1,1,1
2026-10-05T06:44:19.059913+00:00,2026-10-05T06:44:03+00:00,2026-10-05T06:44:03+00:00,bcycle_lametro_4562,7,7,,1,1,1
2026-10-05T06:44:19.059913+00:00,2026-10-05T06:44:03+00:00,2026-10-05T06:44:03+00:00,bcycle_lametro_4563,9,0,,1,1,1
2026-10-05T06:44:19.059913+00:00,2026-10-05T06:44:03+00:00,2026-10-05T06:44:03+00:00,bcycle_lametro_4564,7,8,,1,1,1
2026-10-05T06:44:19.059913+00:00,2026-10-05T06:44:03+00:00,2026-10-05T06:44:03+00:00,bcycle_lametro_4565,4,8,,1,1,1
2026-10-05T06:44:19.059913+00:00,2026-10-05T06:44:03+00:00,2026-10-05T06:44:03+00:00,bcycle_lametro_4566,7,7,,1,1,1
2026-10-05T06:44:19.059913+00:00,2026-10-05T06:44:03+00:00,2026-10-05T06:44:03+00:00,bcycle_lametro_4567,3,8,,1,1,1
2026-10-05T06:44:19.059913+00:00,2026-10-05T06:44:03+00:00,2026-10-05T06:44:03+00:00,bcycle_lametro_4568,3,10,,1,1,1
2026-10-05T06:44:19.059913+00:00,2026-10-05T06:44:03+00:00,2026-10-05T06:44:03+00:00,bcycle_lametro_4569,7,2,,1,1,1
2026-10-05T06:44:19.059913+00:00,2026-10-05T06:44:03+00:00,2026-10-05T06:44:03+00:00,bcycle_lametro_4570,6,9,,1,1,1
2026-10-05T06:44:19.059913+00:00,2026-10-05T06:44:03+00:00,2026-10-05T06:44:03+00:00,bcycle_lametro_4571,4,3,,1,1,1
2026-10-05T06:44:19.059913+00:00,2026-10-05T06:44:03+00:00,2026-10-05T06:44:03+00:00,bcycle_lametro_4575,4,5,,1,1,1
2026-10-05T06:44:19.059913+00:00,2026-10-05T06:44:03+00:00,2026-10-05T06:44:03+00:00,bcycle_lametro_4576,7,4,,1,1,1
2026-10-05T06:44:19.059913+00:00,2026-10-05T06:44:03+00:00,2026-10-05T06:44:03+00:00,bcycle_lametro_4578,5,2,,1,1,1
2026-10-05T06:44:19.059913+00:00,2026-10-05T06:44:03+00:00,2026-10-05T06:44:03+00:00,bcycle_lametro_4579,4,8,,1,1,1
2026-10-05T06:44:19.059913+00:00,2026-10-05T06:44:03+00:00,2026-10-05T06:44:03+00:00,bcycle_lametro_4580,2,6,,1,1,1
2026-10-05T06:44:19.059913+00:00,2026-10-05T06:44:03+00:00,2026-10-05T06:44:03+00:00,bcycle_lametro_4581,7,9,,1,1,1
2026-10-05T06:44:19.059913+00:00,2026-10-05T06:44:03+00:00,2026-10-05T06:44:03+00:00,bcycle_lametro_4583,11,7,,1,1,1
2026-10-05T06:44:19.059913+00:00,2026-10-05T06:44:03+00:00,2026-10-05T06:44:03+00:00,bcycle_lametro_4584,9,5,,1,1,1
2026-10-05T06:44:19.059913+00:00,2026-10-05T06:44:03+00:00,2026-10-05T06:44:03+00:00,bcycle_lametro_4587,2,9,,1,1,1
2026-10-05T06:44:19.059913+00:00,2026-10-05T06:44:03+00:00,2026-10-05T06:44:03+00:00,bcycle_lametro_4595,5,13,,1,1,1
2026-10-05T06:44:19.059913+00:00,2026-10-05T06:44:03+00:00,2026-10-05T06:44:03+00:00,bcycle_lametro_4596,4,11,,0,0,1
2026-10-05T06:44:19.059913+00:00,2026-10-05T06:44:03+00:00,2026-10-05T06:44:03+00:00,bcycle_lametro_4597,3,7,,1,1,1
2026-10-05T06:44:19.059913+00:00,2026-10-05T06:44:03+00:00,2026-10-05T06:44:03+00:00,bcycle_lametro_4598,2,7,,1,1,1
2026-10-05T06:44:19.059913+00:00,2026-10-05T06:44:03+00:00,2026-10-05T06:44:03+00:00,bcycle_lametro_4599,3,9,,1,1,1
2026-10-05T06:44:19.059913+00:00,2026-10-05T06:44:03+00:00,2026-10-05T06:44:03+00:00,bcycle_lametro_4600,6,4,,1,1,1
2026-10-05T06:44:19.059913+00:00,2026-10-05T06:44:03+00:00,2026-10-05T06:44:03+00:00,bcycle_lametro_4601,4,7,,1,1,1
2026-10-05T06:44:19.059913+00:00,2026-10-05T06:44:03+00:00,2026-10-05T06:44:03+00:00,bcycle_lametro_4603,8,10,,1,1,1
2026-10-05T06:44:19.059913+00:00,2026-10-05T06:44:03+00:00,2026-10-05T06:44:03+00:00,bcycle_lametro_4604,8,4,,1,1,1
2026-10-05T06:44:19.059913+00:00,2026-10-05T06:44:03+00:00,2026-10-05T06:44:03+00:00,bcycle_lametro_4605,8,5,,1,1,1
2026-10-05T06:44:19.059913+00:00,2026-10-05T06:44:03+00:00,2026-10-05T06:44:03+00:00,bcycle_lametro_4606,7,13,,1,1,1
2026-10-05T06:44:19.059913+00:00,2026-10-05T06:44:03+00:00,2026-10-05T06:44:03+00:00,bcycle_lametro_4613,2,17,,1,1,1
2026-10-05T06:44:19.059913+00:00,2026-10-05T06:44:03+00:00,2026-10-05T06:44:03+00:00,bcycle_lametro_4614,5,15,,1,1,1
2026-10-05T06:44:19.059913+00:00,2026-10-05T06:44:03+00:00,2026-10-05T06:44:03+00:00,bcycle_lametro_4627,6,11,,1,1,1
2026-10-05T06:44:19.059913+00:00,2026-10-05T06:44:03+00:00,2026-10-05T06:44:03+00:00,bcycle_lametro_4628,8,4,,1,1,1
2026-10-05T06:44:19.059913+00:00,2026-10-05T06:44:03+00:00,2026-10-05T06:44:03+00:00,bcycle_lametro_4632,6,9,,1,1,1
2026-10-05T06:44:19.059913+00:00,2026-10-05T06:44:03+00:00,2026-10-05T06:44:03+00:00,bcycle_lametro_4643,0,20,,1,1,1
2026-10-05T06:44:19.059913+00:00,2026-10-05T06:44:03+00:00,2026-10-05T06:44:03+00:00,bcycle_lametro_4644,3,9,,1,1,1
2026-10-05T06:44:19.059913+00:00,2026-10-05T06:44:03+00:00,2026-10-05T06:44:03+00:00,bcycle_lametro_4645,7,5,,1,1,1
2026-10-05T06:44:19.059913+00:00,2026-10-05T06:44:03+00:00,2026-10-05T06:44:03+00:00,bcycle_lametro_4652,3,8,,0,0,1
2026-10-05T06:44:19.059913+00:00,2026-10-05T06:44:03+00:00,2026-10-05T06:44:03+00:00,bcycle_lametro_4660,5,12,,1,1,1
2026-10-05T06:44:19.059913+00:00,2026-10-05T06:44:03+00:00,2026-10-05T06:44:03+00:00,bcycle_lametro_4664,7,12,,1,1,1
2026-10-05T06:44:19.059913+00:00,2026-10-05T06:44:03+00:00,2026-10-05T06:44:03+00:00,bcycle_lametro_4672,8,7,,1,1,1
2026-10-05T06:44:19.059913+00:00,2026-10-05T06:44:03+00:00,2026-10-05T06:44:03+00:00,bcycle_lametro_4680,7,11,,1,1,1
2026-10-05T06:44:19.059913+00:00,2026-10-05T06:44:03+00:00,2026-10-05T06:44:03+00:00,bcycle_lametro_4689,7,8,,1,1,1
2026-10-05T06:44:19.059913+00:00,2026-10-05T06:44:03+00:00,2026-10-05T06:44:03+00:00,bcycle_lametro_4690,7,7,,1,1,1
2026-10-05T06:44:19.059913+00:00,2026-10-05T06:44:03+00:00,2026-10-05T06:44:03+00:00,bcycle_lametro_4696,11,3,,1,1,1
2026-10-05T06:44:19.059913+00:00,2026-10-05T06:44:03+00:00,2026-10-05T06:44:03+00:00,bcycle_lametro_4697,1,14,,1,1,1
2026-10-05T06:44:19.059913+00:00,2026-10-05T06:44:03+00:00,2026-10-05T06:44:03+00:00,bcycle_lametro_4698,7,7,,1,1,1
2026-10-05T06:44:19.059913+00:00,2026-10-05T06:44:03+00:00,2026-10-05T06:44:03+00:00,bcycle_lametro_4699,7,8,,1,1,1
2026-10-05T06:44:19.059913+00:00,2026-10-05T06:44:03+00:00,2026-10-05T06:44:03+00:00,bcycle_lametro_4700,11,6,,0,0,1
2026-10-05T06:44:19.059913+00:00,2026-10-05T06:44:03+00:00,2026-10-05T06:44:03+00:00,bcycle_lametro_4707,9,4,,1,1,1
2026-10-05T06:44:19.059913+00:00,2026-10-05T06:44:03+00:00,2026-10-05T06:44:03+00:00,bcycle_lametro_4729,5,8,,1,1,1
2026-10-05T06:44:19.059913+00:00,2026-10-05T06:44:03+00:00,2026-10-05T06:44:03+00:00,bcycle_lametro_4730,12,1,,1,1,1
2026-10-05T06:44:19.059913+00:00,2026-10-05T06:44:03+00:00,2026-10-05T06:44:03+00:00,bcycle_lametro_4732,11,10,,1,1,1
2026-10-05T06:44:19.059913+00:00,2026-10-05T06:44:03+00:00,2026-10-05T06:44:03+00:00,bcycle_lametro_4733,0,23,,1,1,1
2026-10-05T06:44:19.059913+00:00,2026-10-05T06:44:03+00:00,2026-10-05T06:44:03+00:00,bcycle_lametro_4734,8,7,,1,1,1
2026-10-05T06:44:19.059913+00:00,2026-10-05T06:44:03+00:00,2026-10-05T06:44:03+00:00,bcycle_lametro_4735,10,2,,1,1,1
2026-10-05T06:44:19.059913+00:00,2026-10-05T06:44:03+00:00,2026-10-05T06:44:03+00:00,bcycle_lametro_4736,6,9,,1,1,1
2026-10-05T06:44:19.059913+00:00,2026-10-05T06:44:03+00:00,2026-10-05T06:44:03+00:00,bcycle_lametro_4740,10,12,,1,1,1
2026-10-05T06:44:19.059913+00:00,2026-10-05T06:44:03+00:00,2026-10-05T06:44:03+00:00,bcycle_lametro_4745,5,5,,1,1,1
2026-10-05T15:19:18.301003+00:00,2026-10-05T15:18:31+00:00,2026-10-05T15:18:31+00:00,bcycle_lametro_3005,8,21,,1,1,1
2026-10-05T15:19:18.301003+00:00,2026-10-05T15:18:31+00:00,2026-10-05T15:18:31+00:00,bcycle_lametro_3006,9,20,,1,1,1
2026-10-05T15:19:18.301003+00:00,2026-10-05T15:18:31+00:00,2026-10-05T15:18:31+00:00,bcycle_lametro_3007,4,18,,1,1,1
2026-10-05T15:19:18.301003+00:00,2026-10-05T15:18:31+00:00,2026-10-05T15:18:31+00:00,bcycle_lametro_3008,3,12,,1,1,1
2026-10-05T15:19:18.301003+00:00,2026-10-05T15:18:31+00:00,2026-10-05T15:18:31+00:00,bcycle_lametro_3010,11,3,,1,1,1
2026-10-05T15:19:18.301003+00:00,2026-10-05T15:18:31+00:00,2026-10-05T15:18:31+00:00,bcycle_lametro_3011,6,10,,1,1,1
2026-10-05T15:19:18.301003+00:00,2026-10-05T15:18:31+00:00,2026-10-05T15:18:31+00:00,bcycle_lametro_3014,13,15,,1,1,1
2026-10-05T15:19:18.301003+00:00,2026-10-05T15:18:31+00:00,2026-10-05T15:18:31+00:00,bcycle_lametro_3016,7,8,,1,1,1
2026-10-05T15:19:18.301003+00:00,2026-10-05T15:18:31+00:00,2026-10-05T15:18:31+00:00,bcycle_lametro_3018,12,6,,1,1,1
2026-10-05T15:19:18.301003+00:00,2026-10-05T15:18:31+00:00,2026-10-05T15:18:31+00:00,bcycle_lametro_3019,10,9,,1,1,1
2026-10-05T15:19:18.301003+00:00,2026-10-05T15:18:31+00:00,2026-10-05T15:18:31+00:00,bcycle_lametro_3020,4,11,,1,1,1
2026-10-05T15:19:18.301003+00:00,2026-10-05T15:18:31+00:00,2026-10-05T15:18:31+00:00,bcycle_lametro_3022,9,11,,1,1,1
2026-10-05T15:19:18.301003+00:00,2026-10-05T15:18:31+00:00,2026-10-05T15:18:31+00:00,bcycle_lametro_3024,11,4,,1,1,1
2026-10-05T15:19:18.301003+00:00,2026-10-05T15:18:31+00:00,2026-10-05T15:18:31+00:00,bcycle_lametro_3025,8,6,,1,1,1
2026-10-05T15:19:18.301003+00:00,2026-10-05T15:18:31+00:00,2026-10-05T15:18:31+00:00,bcycle_lametro_3026,6,9,,1,1,1
2026-10-05T15:19:18.301003+00:00,2026-10-05T15:18:31+00:00,2026-10-05T15:18:31+00:00,bcycle_lametro_3027,3,11,,1,1,1
2026-10-05T15:19:18.301003+00:00,2026-10-05T15:18:31+00:00,2026-10-05T15:18:31+00:00,bcycle_lametro_3030,17,12,,1,1,1
2026-10-05T15:19:18.301003+00:00,2026-10-05T15:18:31+00:00,2026-10-05T15:18:31+00:00,bcycle_lametro_3032,15,12,,1,1,1
2026-10-05T15:19:18.301003+00:00,2026-10-05T15:18:31+00:00,2026-10-05T15:18:31+00:00,bcycle_lametro_3033,4,11,,1,1,1
2026-10-05T15:19:18.301003+00:00,2026-10-05T15:18:31+00:00,2026-10-05T15:18:31+00:00,bcycle_lametro_3034,13,12,,1,1,1
2026-10-05T15:19:18.301003+00:00,2026-10-05T15:18:31+00:00,2026-10-05T15:18:31+00:00,bcycle_lametro_3035,7,16,,1,1,1
2026-10-05T15:19:18.301003+00:00,2026-10-05T15:18:31+00:00,2026-10-05T15:18:31+00:00,bcycle_lametro_3036,2,12,,1,1,1
2026-10-05T15:19:18.301003+00:00,2026-10-05T15:18:31+00:00,2026-10-05T15:18:31+00:00,bcycle_lametro_3037,7,11,,1,1,1
2026-10-05T15:19:18.301003+00:00,2026-10-05T15:18:31+00:00,2026-10-05T15:18:31+00:00,bcycle_lametro_3040,1,2,,1,1,1
2026-10-05T15:19:18.301003+00:00,2026-10-05T15:18:31+00:00,2026-10-05T15:18:31+00:00,bcycle_lametro_3042,7,21,,1,1,1
2026-10-05T15:19:18.301003+00:00,2026-10-05T15:18:31+00:00,2026-10-05T15:18:31+00:00,bcycle_lametro_3045,6,4,,1,1,1
2026-10-05T15:19:18.301003+00:00,2026-10-05T15:18:31+00:00,2026-10-05T15:18:31+00:00,bcycle_lametro_3046,12,5,,1,1,1
2026-10-05T15:19:18.301003+00:00,2026-10-05T15:18:31+00:00,2026-10-05T15:18:31+00:00,bcycle_lametro_3047,13,12,,1,1,1
2026-10-05T15:19:18.301003+00:00,2026-10-05T15:18:31+00:00,2026-10-05T15:18:31+00:00,bcycle_lametro_3048,7,9,,1,1,1
2026-10-05T15:19:18.301003+00:00,2026-10-05T15:18:31+00:00,2026-10-05T15:18:31+00:00,bcycle_lametro_3052,5,16,,1,1,1
2026-10-05T15:19:18.301003+00:00,2026-10-05T15:18:31+00:00,2026-10-05T15:18:31+00:00,bcycle_lametro_3054,5,10,,1,1,1
2026-10-05T15:19:18.301003+00:00,2026-10-05T15:18:31+00:00,2026-10-05T15:18:31+00:00,bcycle_lametro_3056,6,9,,1,1,1
2026-10-05T15:19:18.301003+00:00,2026-10-05T15:18:31+00:00,2026-10-05T15:18:31+00:00,bcycle_lametro_3058,9,6,,1,1,1
2026-10-05T15:19:18.301003+00:00,2026-10-05T15:18:31+00:00,2026-10-05T15:18:31+00:00,bcycle_lametro_3062,5,10,,1,1,1
2026-10-05T15:19:18.301003+00:00,2026-10-05T15:18:31+00:00,2026-10-05T15:18:31+00:00,bcycle_lametro_3063,8,14,,1,1,1
2026-10-05T15:19:18.301003+00:00,2026-10-05T15:18:31+00:00,2026-10-05T15:18:31+00:00,bcycle_lametro_3064,10,5,,1,1,1
2026-10-05T15:19:18.301003+00:00,2026-10-05T15:18:31+00:00,2026-10-05T15:18:31+00:00,bcycle_lametro_3065,8,7,,1,1,1
2026-10-05T15:19:18.301003+00:00,2026-10-05T15:18:31+00:00,2026-10-05T15:18:31+00:00,bcycle_lametro_3066,8,7,,1,1,1
2026-10-05T15:19:18.301003+00:00,2026-10-05T15:18:31+00:00,2026-10-05T15:18:31+00:00,bcycle_lametro_3068,2,12,,1,1,1
2026-10-05T15:19:18.301003+00:00,2026-10-05T15:18:31+00:00,2026-10-05T15:18:31+00:00,bcycle_lametro_3069,3,14,,1,1,1
2026-10-05T15:19:18.301003+00:00,2026-10-05T15:18:31+00:00,2026-10-05T15:18:31+00:00,bcycle_lametro_3074,12,10,,1,1,1
2026-10-05T15:19:18.301003+00:00,2026-10-05T15:18:31+00:00,2026-10-05T15:18:31+00:00,bcycle_lametro_3075,7,8,,1,1,1
2026-10-05T15:19:18.301003+00:00,2026-10-05T15:18:31+00:00,2026-10-05T15:18:31+00:00,bcycle_lametro_3076,8,4,,1,1,1
2026-10-05T15:19:18.301003+00:00,2026-10-05T15:18:31+00:00,2026-10-05T15:18:31+00:00,bcycle_lametro_3077,4,9,,1,1,1
2026-10-05T15:19:18.301003+00:00,2026-10-05T15:18:31+00:00,2026-10-05T15:18:31+00:00,bcycle_lametro_3078,7,8,,1,1,1
2026-10-05T15:19:18.301003+00:00,2026-10-05T15:18:31+00:00,2026-10-05T15:18:31+00:00,bcycle_lametro_3079,2,12,,1,1,1
2026-10-05T15:19:18.301003+00:00,2026-10-05T15:18:31+00:00,2026-10-05T15:18:31+00:00,bcycle_lametro_3081,6,6,,1,1,1
2026-10-05T15:19:18.301003+00:00,2026-10-05T15:18:31+00:00,2026-10-05T15:18:31+00:00,bcycle_lametro_3082,11,11,,1,1,1
2026-10-05T15:19:18.301003+00:00,2026-10-05T15:18:31+00:00,2026-10-05T15:18:31+00:00,bcycle_lametro_4202,6,14,,1,1,1
2026-10-05T15:19:18.301003+00:00,2026-10-05T15:18:31+00:00,2026-10-05T15:18:31+00:00,bcycle_lametro_4204,8,7,,1,1,1
2026-10-05T15:19:18.301003+00:00,2026-10-05T15:18:31+00:00,2026-10-05T15:18:31+00:00,bcycle_lametro_4205,5,11,,1,1,1
2026-10-05T15:19:18.301003+00:00,2026-10-05T15:18:31+00:00,2026-10-05T15:18:31+00:00,bcycle_lametro_4206,4,18,,1,1,1
2026-10-05T15:19:18.301003+00:00,2026-10-05T15:18:31+00:00,2026-10-05T15:18:31+00:00,bcycle_lametro_4207,7,12,,1,1,1
2026-10-05T15:19:18.301003+00:00,2026-10-05T15:18:31+00:00,2026-10-05T15:18:31+00:00,bcycle_lametro_4208,2,15,,1,1,1
2026-10-05T15:19:18.301003+00:00,2026-10-05T15:18:31+00:00,2026-10-05T15:18:31+00:00,bcycle_lametro_4209,7,16,,1,1,1
2026-10-05T15:19:18.301003+00:00,2026-10-05T15:18:31+00:00,2026-10-05T15:18:31+00:00,bcycle_lametro_4210,9,6,,1,1,1
2026-10-05T15:19:18.301003+00:00,2026-10-05T15:18:31+00:00,2026-10-05T15:18:31+00:00,bcycle_lametro_4211,5,9,,1,1,1
2026-10-05T15:19:18.301003+00:00,2026-10-05T15:18:31+00:00,2026-10-05T15:18:31+00:00,bcycle_lametro_4212,4,17,,1,1,1
2026-10-05T15:19:18.301003+00:00,2026-10-05T15:18:31+00:00,2026-10-05T15:18:31+00:00,bcycle_lametro_4213,2,13,,1,1,1
2026-10-05T15:19:18.301003+00:00,2026-10-05T15:18:31+00:00,2026-10-05T15:18:31+00:00,bcycle_lametro_4214,8,17,,1,1,1
2026-10-05T15:19:18.301003+00:00,2026-10-05T15:18:31+00:00,2026-10-05T15:18:31+00:00,bcycle_lametro_4215,24,16,,1,1,1
2026-10-05T15:19:18.301003+00:00,2026-10-05T15:18:31+00:00,2026-10-05T15:18:31+00:00,bcycle_lametro_4216,0,0,,0,0,1
2026-10-05T15:19:18.301003+00:00,2026-10-05T15:18:31+00:00,2026-10-05T15:18:31+00:00,bcycle_lametro_4217,5,6,,1,1,1
2026-10-05T15:19:18.301003+00:00,2026-10-05T15:18:31+00:00,2026-10-05T15:18:31+00:00,bcycle_lametro_4220,8,6,,1,1,1
2026-10-05T15:19:18.301003+00:00,2026-10-05T15:18:31+00:00,2026-10-05T15:18:31+00:00,bcycle_lametro_4227,10,6,,1,1,1
2026-10-05T15:19:18.301003+00:00,2026-10-05T15:18:31+00:00,2026-10-05T15:18:31+00:00,bcycle_lametro_4245,12,2,,1,1,1
2026-10-05T15:19:18.301003+00:00,2026-10-05T15:18:31+00:00,2026-10-05T15:18:31+00:00,bcycle_lametro_4246,10,4,,1,1,1
2026-10-05T15:19:18.301003+00:00,2026-10-05T15:18:31+00:00,2026-10-05T15:18:31+00:00,bcycle_lametro_4247,6,2,,1,1,1
2026-10-05T15:19:18.301003+00:00,2026-10-05T15:18:31+00:00,2026-10-05T15:18:31+00:00,bcycle_lametro_4248,5,13,,1,1,1
2026-10-05T15:19:18.301003+00:00,2026-10-05T15:18:31+00:00,2026-10-05T15:18:31+00:00,bcycle_lametro_4249,12,2,,1,1,1
2026-10-05T15:19:18.301003+00:00,2026-10-05T15:18:31+00:00,2026-10-05T15:18:31+00:00,bcycle_lametro_4250,10,5,,1,1,1
2026-10-05T15:19:18.301003+00:00,2026-10-05T15:18:31+00:00,2026-10-05T15:18:31+00:00,bcycle_lametro_4254,2,13,,1,1,1
2026-10-05T15:19:18.301003+00:00,2026-10-05T15:18:31+00:00,2026-10-05T15:18:31+00:00,bcycle_lametro_4255,3,7,,1,1,1
2026-10-05T15:19:18.301003+00:00,2026-10-05T15:18:31+00:00,2026-10-05T15:18:31+00:00,bcycle_lametro_4266,8,7,,1,1,1
2026-10-05T15:19:18.301003+00:00,2026-10-05T15:18:31+00:00,2026-10-05T15:18:31+00:00,bcycle_lametro_4267,5,4,,1,1,1
2026-10-05T15:19:18.301003+00:00,2026-10-05T15:18:31+00:00,2026-10-05T15:18:31+00:00,bcycle_lametro_4273,3,11,,1,1,1
2026-10-05T15:19:18.301003+00:00,2026-10-05T15:18:31+00:00,2026-10-05T15:18:31+00:00,bcycle_lametro_4275,5,10,,1,1,1
2026-10-05T15:19:18.301003+00:00,2026-10-05T15:18:31+00:00,2026-10-05T15:18:31+00:00,bcycle_lametro_4293,2,8,,1,1,1
2026-10-05T15:19:18.301003+00:00,2026-10-05T15:18:31+00:00,2026-10-05T15:18:31+00:00,bcycle_lametro_4300,7,7,,1,1,1
2026-10-05T15:19:18.301003+00:00,2026-10-05T15:18:31+00:00,2026-10-05T15:18:31+00:00,bcycle_lametro_4301,2,8,,1,1,1
2026-10-05T15:19:18.301003+00:00,2026-10-05T15:18:31+00:00,2026-10-05T15:18:31+00:00,bcycle_lametro_4303,0,9,,1,1,1
2026-10-05T15:19:18.301003+00:00,2026-10-05T15:18:31+00:00,2026-10-05T15:18:31+00:00,bcycle_lametro_4304,4,7,,1,1,1
2026-10-05T15:19:18.301003+00:00,2026-10-05T15:18:31+00:00,2026-10-05T15:18:31+00:00,bcycle_lametro_4306,7,6,,1,1,1
2026-10-05T15:19:18.301003+00:00,2026-10-05T15:18:31+00:00,2026-10-05T15:18:31+00:00,bcycle_lametro_4311,5,10,,1,1,1
2026-10-05T15:19:18.301003+00:00,2026-10-05T15:18:31+00:00,2026-10-05T15:18:31+00:00,bcycle_lametro_4312,6,7,,1,1,1
2026-10-05T15:19:18.301003+00:00,2026-10-05T15:18:31+00:00,2026-10-05T15:18:31+00:00,bcycle_lametro_4313,6,6,,1,1,1
2026-10-05T15:19:18.301003+00:00,2026-10-05T15:18:31+00:00,2026-10-05T15:18:31+00:00,bcycle_lametro_4314,4,11,,1,1,1
2026-10-05T15:19:18.301003+00:00,2026-10-05T15:18:31+00:00,2026-10-05T15:18:31+00:00,bcycle_lametro_4315,5,3,,1,1,1
2026-10-05T15:19:18.301003+00:00,2026-10-05T15:18:31+00:00,2026-10-05T15:18:31+00:00,bcycle_lametro_4387,2,14,,1,1,1
2026-10-05T15:19:18.301003+00:00,2026-10-05T15:18:31+00:00,2026-10-05T15:18:31+00:00,bcycle_lametro_4390,9,3,,1,1,1
2026-10-05T15:19:18.301003+00:00,2026-10-05T15:18:31+00:00,2026-10-05T15:18:31+00:00,bcycle_lametro_4401,2,8,,1,1,1
2026-10-05T15:19:18.301003+00:00,2026-10-05T15:18:31+00:00,2026-10-05T15:18:31+00:00,bcycle_lametro_4404,11,4,,1,1,1
2026-10-05T15:19:18.301003+00:00,2026-10-05T15:18:31+00:00,2026-10-05T15:18:31+00:00,bcycle_lametro_4405,7,6,,1,1,1
2026-10-05T15:19:18.301003+00:00,2026-10-05T15:18:31+00:00,2026-10-05T15:18:31+00:00,bcycle_lametro_4406,7,7,,1,1,1
2026-10-05T15:19:18.301003+00:00,2026-10-05T15:18:31+00:00,2026-10-05T15:18:31+00:00,bcycle_lametro_4410,8,8,,1,1,1
2026-10-05T15:19:18.301003+00:00,2026-10-05T15:18:31+00:00,2026-10-05T15:18:31+00:00,bcycle_lametro_4436,4,4,,1,1,1
2026-10-05T15:19:18.301003+00:00,2026-10-05T15:18:31+00:00,2026-10-05T15:18:31+00:00,bcycle_lametro_4437,3,10,,1,1,1
2026-10-05T15:19:18.301003+00:00,2026-10-05T15:18:31+00:00,2026-10-05T15:18:31+00:00,bcycle_lametro_4440,4,14,,1,1,1
2026-10-05T15:19:18.301003+00:00,2026-10-05T15:18:31+00:00,2026-10-05T15:18:31+00:00,bcycle_lametro_4441,1,6,,1,1,1
2026-10-05T15:19:18.301003+00:00,2026-10-05T15:18:31+00:00,2026-10-05T15:18:31+00:00,bcycle_lametro_4442,3,9,,1,1,1
2026-10-05T15:19:18.301003+00:00,2026-10-05T15:18:31+00:00,2026-10-05T15:18:31+00:00,bcycle_lametro_4443,4,3,,1,1,1
2026-10-05T15:19:18.301003+00:00,2026-10-05T15:18:31+00:00,2026-10-05T15:18:31+00:00,bcycle_lametro_4444,2,7,,1,1,1
2026-10-05T15:19:18.301003+00:00,2026-10-05T15:18:31+00:00,2026-10-05T15:18:31+00:00,bcycle_lametro_4445,9,6,,1,1,1
2026-10-05T15:19:18.301003+00:00,2026-10-05T15:18:31+00:00,2026-10-05T15:18:31+00:00,bcycle_lametro_4446,1,7,,1,1,1
2026-10-05T15:19:18.301003+00:00,2026-10-05T15:18:31+00:00,2026-10-05T15:18:31+00:00,bcycle_lametro_4447,3,9,,1,1,1
2026-10-05T15:19:18.301003+00:00,2026-10-05T15:18:31+00:00,2026-10-05T15:18:31+00:00,bcycle_lametro_4448,5,13,,1,1,1
2026-10-05T15:19:18.301003+00:00,2026-10-05T15:18:31+00:00,2026-10-05T15:18:31+00:00,bcycle_lametro_4449,8,5,,1,1,1
2026-10-05T15:19:18.301003+00:00,2026-10-05T15:18:31+00:00,2026-10-05T15:18:31+00:00,bcycle_lametro_4450,2,11,,1,1,1
2026-10-05T15:19:18.301003+00:00,2026-10-05T15:18:31+00:00,2026-10-05T15:18:31+00:00,bcycle_lametro_4451,0,9,,1,1,1
2026-10-05T15:19:18.301003+00:00,2026-10-05T15:18:31+00:00,2026-10-05T15:18:31+00:00,bcycle_lametro_4452,7,3,,1,1,1
2026-10-05T15:19:18.301003+00:00,2026-10-05T15:18:31+00:00,2026-10-05T15:18:31+00:00,bcycle_lametro_4453,6,4,,1,1,1
2026-10-05T15:19:18.301003+00:00,2026-10-05T15:18:31+00:00,2026-10-05T15:18:31+00:00,bcycle_lametro_4454,12,2,,1,1,1
2026-10-05T15:19:18.301003+00:00,2026-10-05T15:18:31+00:00,2026-10-05T15:18:31+00:00,bcycle_lametro_4455,7,8,,1,1,1
2026-10-05T15:19:18.301003+00:00,2026-10-05T15:18:31+00:00,2026-10-05T15:18:31+00:00,bcycle_lametro_4456,9,6,,1,1,1
2026-10-05T15:19:18.301003+00:00,2026-10-05T15:18:31+00:00,2026-10-05T15:18:31+00:00,bcycle_lametro_4457,4,4,,1,1,1
2026-10-05T15:19:18.301003+00:00,2026-10-05T15:18:31+00:00,2026-10-05T15:18:31+00:00,bcycle_lametro_4472,9,7,,1,1,1
2026-10-05T15:19:18.301003+00:00,2026-10-05T15:18:31+00:00,2026-10-05T15:18:31+00:00,bcycle_lametro_4473,7,1,,1,1,1
2026-10-05T15:19:18.301003+00:00,2026-10-05T15:18:31+00:00,2026-10-05T15:18:31+00:00,bcycle_lametro_4474,1,9,,1,1,1
2026-10-05T15:19:18.301003+00:00,2026-10-05T15:18:31+00:00,2026-10-05T15:18:31+00:00,bcycle_lametro_4475,4,7,,1,1,1
2026-10-05T15:19:18.301003+00:00,2026-10-05T15:18:31+00:00,2026-10-05T15:18:31+00:00,bcycle_lametro_4476,1,0,,1,1,1
2026-10-05T15:19:18.301003+00:00,2026-10-05T15:18:31+00:00,2026-10-05T15:18:31+00:00,bcycle_lametro_4477,2,11,,1,1,1
2026-10-05T15:19:18.301003+00:00,2026-10-05T15:18:31+00:00,2026-10-05T15:18:31+00:00,bcycle_lametro_4479,3,9,,1,1,1
2026-10-05T15:19:18.301003+00:00,2026-10-05T15:18:31+00:00,2026-10-05T15:18:31+00:00,bcycle_lametro_4483,5,7,,1,1,1
2026-10-05T15:19:18.301003+00:00,2026-10-05T15:18:31+00:00,2026-10-05T15:18:31+00:00,bcycle_lametro_4487,16,0,,0,0,1
2026-10-05T15:19:18.301003+00:00,2026-10-05T15:18:31+00:00,2026-10-05T15:18:31+00:00,bcycle_lametro_4490,6,9,,1,1,1
2026-10-05T15:19:18.301003+00:00,2026-10-05T15:18:31+00:00,2026-10-05T15:18:31+00:00,bcycle_lametro_4491,10,3,,1,1,1
2026-10-05T15:19:18.301003+00:00,2026-10-05T15:18:31+00:00,2026-10-05T15:18:31+00:00,bcycle_lametro_4492,9,10,,1,1,1
2026-10-05T15:19:18.301003+00:00,2026-10-05T15:18:31+00:00,2026-10-05T15:18:31+00:00,bcycle_lametro_4493,8,8,,1,1,1
2026-10-05T15:19:18.301003+00:00,2026-10-05T15:18:31+00:00,2026-10-05T15:18:31+00:00,bcycle_lametro_4494,7,2,,1,1,1
2026-10-05T15:19:18.301003+00:00,2026-10-05T15:18:31+00:00,2026-10-05T15:18:31+00:00,bcycle_lametro_4509,6,4,,1,1,1
2026-10-05T15:19:18.301003+00:00,2026-10-05T15:18:31+00:00,2026-10-05T15:18:31+00:00,bcycle_lametro_4510,2,8,,1,1,1
2026-10-05T15:19:18.301003+00:00,2026-10-05T15:18:31+00:00,2026-10-05T15:18:31+00:00,bcycle_lametro_4511,4,15,,1,1,1
2026-10-05T15:19:18.301003+00:00,2026-10-05T15:18:31+00:00,2026-10-05T15:18:31+00:00,bcycle_lametro_4512,15,1,,1,1,1
2026-10-05T15:19:18.301003+00:00,2026-10-05T15:18:31+00:00,2026-10-05T15:18:31+00:00,bcycle_lametro_4514,9,12,,1,1,1
2026-10-05T15:19:18.301003+00:00,2026-10-05T15:18:31+00:00,2026-10-05T15:18:31+00:00,bcycle_lametro_4515,2,7,,1,1,1
2026-10-05T15:19:18.301003+00:00,2026-10-05T15:18:31+00:00,2026-10-05T15:18:31+00:00,bcycle_lametro_4517,6,5,,1,1,1
2026-10-05T15:19:18.301003+00:00,2026-10-05T15:18:31+00:00,2026-10-05T15:18:31+00:00,bcycle_lametro_4521,8,4,,1,1,1
2026-10-05T15:19:18.301003+00:00,2026-10-05T15:18:31+00:00,2026-10-05T15:18:31+00:00,bcycle_lametro_4523,10,5,,1,1,1
2026-10-05T15:19:18.301003+00:00,2026-10-05T15:18:31+00:00,2026-10-05T15:18:31+00:00,bcycle_lametro_4524,4,10,,1,1,1
2026-10-05T15:19:18.301003+00:00,2026-10-05T15:18:31+00:00,2026-10-05T15:18:31+00:00,bcycle_lametro_4525,8,3,,1,1,1
2026-10-05T15:19:18.301003+00:00,2026-10-05T15:18:31+00:00,2026-10-05T15:18:31+00:00,bcycle_lametro_4526,8,13,,1,1,1
2026-10-05T15:19:18.301003+00:00,2026-10-05T15:18:31+00:00,2026-10-05T15:18:31+00:00,bcycle_lametro_4527,11,3,,1,1,1
2026-10-05T15:19:18.301003+00:00,2026-10-05T15:18:31+00:00,2026-10-05T15:18:31+00:00,bcycle_lametro_4528,11,3,,1,1,1
2026-10-05T15:19:18.301003+00:00,2026-10-05T15:18:31+00:00,2026-10-05T15:18:31+00:00,bcycle_lametro_4529,7,6,,1,1,1
2026-10-05T15:19:18.301003+00:00,2026-10-05T15:18:31+00:00,2026-10-05T15:18:31+00:00,bcycle_lametro_4534,8,7,,1,1,1
2026-10-05T15:19:18.301003+00:00,2026-10-05T15:18:31+00:00,2026-10-05T15:18:31+00:00,bcycle_lametro_4536,6,4,,1,1,1
2026-10-05T15:19:18.301003+00:00,2026-10-05T15:18:31+00:00,2026-10-05T15:18:31+00:00,bcycle_lametro_4537,7,11,,1,1,1
2026-10-05T15:19:18.301003+00:00,2026-10-05T15:18:31+00:00,2026-10-05T15:18:31+00:00,bcycle_lametro_4538,5,3,,0,0,1
2026-10-05T15:19:18.301003+00:00,2026-10-05T15:18:31+00:00,2026-10-05T15:18:31+00:00,bcycle_lametro_4540,7,7,,1,1,1
2026-10-05T15:19:18.301003+00:00,2026-10-05T15:18:31+00:00,2026-10-05T15:18:31+00:00,bcycle_lametro_4543,7,1,,1,1,1
2026-10-05T15:19:18.301003+00:00,2026-10-05T15:18:31+00:00,2026-10-05T15:18:31+00:00,bcycle_lametro_4544,7,5,,1,1,1
2026-10-05T15:19:18.301003+00:00,2026-10-05T15:18:31+00:00,2026-10-05T15:18:31+00:00,bcycle_lametro_4545,8,0,,0,0,1
2026-10-05T15:19:18.301003+00:00,2026-10-05T15:18:31+00:00,2026-10-05T15:18:31+00:00,bcycle_lametro_4546,4,15,,1,1,1
2026-10-05T15:19:18.301003+00:00,2026-10-05T15:18:31+00:00,2026-10-05T15:18:31+00:00,bcycle_lametro_4547,4,6,,1,1,1
2026-10-05T15:19:18.301003+00:00,2026-10-05T15:18:31+00:00,2026-10-05T15:18:31+00:00,bcycle_lametro_4548,2,10,,1,1,1
2026-10-05T15:19:18.301003+00:00,2026-10-05T15:18:31+00:00,2026-10-05T15:18:31+00:00,bcycle_lametro_4549,10,6,,1,1,1
2026-10-05T15:19:18.301003+00:00,2026-10-05T15:18:31+00:00,2026-10-05T15:18:31+00:00,bcycle_lametro_4552,11,1,,1,1,1
2026-10-05T15:19:18.301003+00:00,2026-10-05T15:18:31+00:00,2026-10-05T15:18:31+00:00,bcycle_lametro_4553,5,4,,1,1,1
2026-10-05T15:19:18.301003+00:00,2026-10-05T15:18:31+00:00,2026-10-05T15:18:31+00:00,bcycle_lametro_4554,1,10,,1,1,1
2026-10-05T15:19:18.301003+00:00,2026-10-05T15:18:31+00:00,2026-10-05T15:18:31+00:00,bcycle_lametro_4555,4,4,,1,1,1
2026-10-05T15:19:18.301003+00:00,2026-10-05T15:18:31+00:00,2026-10-05T15:18:31+00:00,bcycle_lametro_4556,5,8,,1,1,1
2026-10-05T15:19:18.301003+00:00,2026-10-05T15:18:31+00:00,2026-10-05T15:18:31+00:00,bcycle_lametro_4557,6,5,,1,1,1
2026-10-05T15:19:18.301003+00:00,2026-10-05T15:18:31+00:00,2026-10-05T15:18:31+00:00,bcycle_lametro_4558,1,16,,1,1,1
2026-10-05T15:19:18.301003+00:00,2026-10-05T15:18:31+00:00,2026-10-05T15:18:31+00:00,bcycle_lametro_4561,1,8,,1,1,1
2026-10-05T15:19:18.301003+00:00,2026-10-05T15:18:31+00:00,2026-10-05T15:18:31+00:00,bcycle_lametro_4562,7,7,,1,1,1
2026-10-05T15:19:18.301003+00:00,2026-10-05T15:18:31+00:00,2026-10-05T15:18:31+00:00,bcycle_lametro_4563,8,1,,1,1,1
2026-10-05T15:19:18.301003+00:00,2026-10-05T15:18:31+00:00,2026-10-05T15:18:31+00:00,bcycle_lametro_4564,7,8,,1,1,1
2026-10-05T15:19:18.301003+00:00,2026-10-05T15:18:31+00:00,2026-10-05T15:18:31+00:00,bcycle_lametro_4565,4,8,,1,1,1
2026-10-05T15:19:18.301003+00:00,2026-10-05T15:18:31+00:00,2026-10-05T15:18:31+00:00,bcycle_lametro_4566,7,7,,1,1,1
2026-10-05T15:19:18.301003+00:00,2026-10-05T15:18:31+00:00,2026-10-05T15:18:31+00:00,bcycle_lametro_4567,3,8,,1,1,1
2026-10-05T15:19:18.301003+00:00,2026-10-05T15:18:31+00:00,2026-10-05T15:18:31+00:00,bcycle_lametro_4568,4,9,,1,1,1
2026-10-05T15:19:18.301003+00:00,2026-10-05T15:18:31+00:00,2026-10-05T15:18:31+00:00,bcycle_lametro_4569,7,2,,1,1,1
2026-10-05T15:19:18.301003+00:00,2026-10-05T15:18:31+00:00,2026-10-05T15:18:31+00:00,bcycle_lametro_4570,6,9,,1,1,1
2026-10-05T15:19:18.301003+00:00,2026-10-05T15:18:31+00:00,2026-10-05T15:18:31+00:00,bcycle_lametro_4571,4,3,,1,1,1
2026-10-05T15:19:18.301003+00:00,2026-10-05T15:18:31+00:00,2026-10-05T15:18:31+00:00,bcycle_lametro_4575,4,5,,1,1,1
2026-10-05T15:19:18.301003+00:00,2026-10-05T15:18:31+00:00,2026-10-05T15:18:31+00:00,bcycle_lametro_4576,6,5,,1,1,1
2026-10-05T15:19:18.301003+00:00,2026-10-05T15:18:31+00:00,2026-10-05T15:18:31+00:00,bcycle_lametro_4578,6,1,,1,1,1
2026-10-05T15:19:18.301003+00:00,2026-10-05T15:18:31+00:00,2026-10-05T15:18:31+00:00,bcycle_lametro_4579,4,8,,1,1,1
2026-10-05T15:19:18.301003+00:00,2026-10-05T15:18:31+00:00,2026-10-05T15:18:31+00:00,bcycle_lametro_4580,2,6,,1,1,1
2026-10-05T15:19:18.301003+00:00,2026-10-05T15:18:31+00:00,2026-10-05T15:18:31+00:00,bcycle_lametro_4581,7,9,,1,1,1
2026-10-05T15:19:18.301003+00:00,2026-10-05T15:18:31+00:00,2026-10-05T15:18:31+00:00,bcycle_lametro_4583,11,7,,1,1,1
2026-10-05T15:19:18.301003+00:00,2026-10-05T15:18:31+00:00,2026-10-05T15:18:31+00:00,bcycle_lametro_4584,10,4,,1,1,1
2026-10-05T15:19:18.301003+00:00,2026-10-05T15:18:31+00:00,2026-10-05T15:18:31+00:00,bcycle_lametro_4587,1,10,,1,1,1
2026-10-05T15:19:18.301003+00:00,2026-10-05T15:18:31+00:00,2026-10-05T15:18:31+00:00,bcycle_lametro_4595,5,13,,1,1,1
2026-10-05T15:19:18.301003+00:00,2026-10-05T15:18:31+00:00,2026-10-05T15:18:31+00:00,bcycle_lametro_4596,4,11,,0,0,1
2026-10-05T15:19:18.301003+00:00,2026-10-05T15:18:31+00:00,2026-10-05T15:18:31+00:00,bcycle_lametro_4597,4,6,,1,1,1
2026-10-05T15:19:18.301003+00:00,2026-10-05T15:18:31+00:00,2026-10-05T15:18:31+00:00,bcycle_lametro_4598,2,7,,1,1,1
2026-10-05T15:19:18.301003+00:00,2026-10-05T15:18:31+00:00,2026-10-05T15:18:31+00:00,bcycle_lametro_4599,3,9,,1,1,1
2026-10-05T15:19:18.301003+00:00,2026-10-05T15:18:31+00:00,2026-10-05T15:18:31+00:00,bcycle_lametro_4600,6,4,,1,1,1
2026-10-05T15:19:18.301003+00:00,2026-10-05T15:18:31+00:00,2026-10-05T15:18:31+00:00,bcycle_lametro_4601,4,7,,1,1,1
2026-10-05T15:19:18.301003+00:00,2026-10-05T15:18:31+00:00,2026-10-05T15:18:31+00:00,bcycle_lametro_4603,8,10,,0,0,1
2026-10-05T15:19:18.301003+00:00,2026-10-05T15:18:31+00:00,2026-10-05T15:18:31+00:00,bcycle_lametro_4604,8,4,,1,1,1
2026-10-05T15:19:18.301003+00:00,2026-10-05T15:18:31+00:00,2026-10-05T15:18:31+00:00,bcycle_lametro_4605,8,5,,1,1,1
2026-10-05T15:19:18.301003+00:00,2026-10-05T15:18:31+00:00,2026-10-05T15:18:31+00:00,bcycle_lametro_4606,5,15,,1,1,1
2026-10-05T15:19:18.301003+00:00,2026-10-05T15:18:31+00:00,2026-10-05T15:18:31+00:00,bcycle_lametro_4613,2,17,,1,1,1
2026-10-05T15:19:18.301003+00:00,2026-10-05T15:18:31+00:00,2026-10-05T15:18:31+00:00,bcycle_lametro_4614,9,11,,1,1,1
2026-10-05T15:19:18.301003+00:00,2026-10-05T15:18:31+00:00,2026-10-05T15:18:31+00:00,bcycle_lametro_4627,5,12,,1,1,1
2026-10-05T15:19:18.301003+00:00,2026-10-05T15:18:31+00:00,2026-10-05T15:18:31+00:00,bcycle_lametro_4628,9,3,,1,1,1
2026-10-05T15:19:18.301003+00:00,2026-10-05T15:18:31+00:00,2026-10-05T15:18:31+00:00,bcycle_lametro_4632,6,9,,1,1,1
2026-10-05T15:19:18.301003+00:00,2026-10-05T15:18:31+00:00,2026-10-05T15:18:31+00:00,bcycle_lametro_4643,0,20,,1,1,1
2026-10-05T15:19:18.301003+00:00,2026-10-05T15:18:31+00:00,2026-10-05T15:18:31+00:00,bcycle_lametro_4644,3,9,,1,1,1
2026-10-05T15:19:18.301003+00:00,2026-10-05T15:18:31+00:00,2026-10-05T15:18:31+00:00,bcycle_lametro_4645,7,5,,1,1,1
2026-10-05T15:19:18.301003+00:00,2026-10-05T15:18:31+00:00,2026-10-05T15:18:31+00:00,bcycle_lametro_4652,3,8,,0,0,1
2026-10-05T15:19:18.301003+00:00,2026-10-05T15:18:31+00:00,2026-10-05T15:18:31+00:00,bcycle_lametro_4660,5,12,,1,1,1
2026-10-05T15:19:18.301003+00:00,2026-10-05T15:18:31+00:00,2026-10-05T15:18:31+00:00,bcycle_lametro_4664,8,11,,1,1,1
2026-10-05T15:19:18.301003+00:00,2026-10-05T15:18:31+00:00,2026-10-05T15:18:31+00:00,bcycle_lametro_4672,8,7,,1,1,1
2026-10-05T15:19:18.301003+00:00,2026-10-05T15:18:31+00:00,2026-10-05T15:18:31+00:00,bcycle_lametro_4680,7,11,,1,1,1
2026-10-05T15:19:18.301003+00:00,2026-10-05T15:18:31+00:00,2026-10-05T15:18:31+00:00,bcycle_lametro_4689,6,9,,1,1,1
2026-10-05T15:19:18.301003+00:00,2026-10-05T15:18:31+00:00,2026-10-05T15:18:31+00:00,bcycle_lametro_4690,7,7,,1,1,1
2026-10-05T15:19:18.301003+00:00,2026-10-05T15:18:31+00:00,2026-10-05T15:18:31+00:00,bcycle_lametro_4696,11,3,,1,1,1
2026-10-05T15:19:18.301003+00:00,2026-10-05T15:18:31+00:00,2026-10-05T15:18:31+00:00,bcycle_lametro_4697,1,14,,1,1,1
2026-10-05T15:19:18.301003+00:00,2026-10-05T15:18:31+00:00,2026-10-05T15:18:31+00:00,bcycle_lametro_4698,6,8,,1,1,1
2026-10-05T15:19:18.301003+00:00,2026-10-05T15:18:31+00:00,2026-10-05T15:18:31+00:00,bcycle_lametro_4699,7,8,,0,0,1
2026-10-05T15:19:18.301003+00:00,2026-10-05T15:18:31+00:00,2026-10-05T15:18:31+00:00,bcycle_lametro_4700,11,6,,0,0,1
2026-10-05T15:19:18.301003+00:00,2026-10-05T15:18:31+00:00,2026-10-05T15:18:31+00:00,bcycle_lametro_4707,9,4,,1,1,1
2026-10-05T15:19:18.301003+00:00,2026-10-05T15:18:31+00:00,2026-10-05T15:18:31+00:00,bcycle_lametro_4729,5,8,,1,1,1
2026-10-05T15:19:18.301003+00:00,2026-10-05T15:18:31+00:00,2026-10-05T15:18:31+00:00,bcycle_lametro_4730,5,8,,1,1,1
2026-10-05T15:19:18.301003+00:00,2026-10-05T15:18:31+00:00,2026-10-05T15:18:31+00:00,bcycle_lametro_4732,11,10,,1,1,1
2026-10-05T15:19:18.301003+00:00,2026-10-05T15:18:31+00:00,2026-10-05T15:18:31+00:00,bcycle_lametro_4733,0,23,,1,1,1
2026-10-05T15:19:18.301003+00:00,2026-10-05T15:18:31+00:00,2026-10-05T15:18:31+00:00,bcycle_lametro_4734,8,7,,1,1,1
2026-10-05T15:19:18.301003+00:00,2026-10-05T15:18:31+00:00,2026-10-05T15:18:31+00:00,bcycle_lametro_4735,10,2,,1,1,1
2026-10-05T15:19:18.301003+00:00,2026-10-05T15:18:31+00:00,2026-10-05T15:18:31+00:00,bcycle_lametro_4736,6,9,,1,1,1
2026-10-05T15:19:18.301003+00:00,2026-10-05T15:18:31+00:00,2026-10-05T15:18:31+00:00,bcycle_lametro_4740,10,12,,1,1,1
2026-10-05T15:19:18.301003+00:00,2026-10-05T15:18:31+00:00,2026-10-05T15:18:31+00:00,bcycle_lametro_4745,5,5,,1,1,1
2026-10-05T22:04:42.076045+00:00,2026-10-05T22:04:43+00:00,2026-10-05T22:04:43+00:00,bcycle_lametro_3005,7,22,,1,1,1
2026-10-05T22:04:42.076045+00:00,2026-10-05T22:04:43+00:00,2026-10-05T22:04:43+00:00,bcycle_lametro_3006,9,20,,1,1,1
2026-10-05T22:04:42.076045+00:00,2026-10-05T22:04:43+00:00,2026-10-05T22:04:43+00:00,bcycle_lametro_3007,8,14,,1,1,1
2026-10-05T22:04:42.076045+00:00,2026-10-05T22:04:43+00:00,2026-10-05T22:04:43+00:00,bcycle_lametro_3008,3,12,,1,1,1
2026-10-05T22:04:42.076045+00:00,2026-10-05T22:04:43+00:00,2026-10-05T22:04:43+00:00,bcycle_lametro_3010,11,3,,1,1,1
2026-10-05T22:04:42.076045+00:00,2026-10-05T22:04:43+00:00,2026-10-05T22:04:43+00:00,bcycle_lametro_3011,6,10,,1,1,1
2026-10-05T22:04:42.076045+00:00,2026-10-05T22:04:43+00:00,2026-10-05T22:04:43+00:00,bcycle_lametro_3014,24,4,,1,1,1
2026-10-05T22:04:42.076045+00:00,2026-10-05T22:04:43+00:00,2026-10-05T22:04:43+00:00,bcycle_lametro_3016,8,7,,1,1,1
2026-10-05T22:04:42.076045+00:00,2026-10-05T22:04:43+00:00,2026-10-05T22:04:43+00:00,bcycle_lametro_3018,12,6,,0,0,1
2026-10-05T22:04:42.076045+00:00,2026-10-05T22:04:43+00:00,2026-10-05T22:04:43+00:00,bcycle_lametro_3019,8,11,,1,1,1
2026-10-05T22:04:42.076045+00:00,2026-10-05T22:04:43+00:00,2026-10-05T22:04:43+00:00,bcycle_lametro_3020,4,11,,1,1,1
2026-10-05T22:04:42.076045+00:00,2026-10-05T22:04:43+00:00,2026-10-05T22:04:43+00:00,bcycle_lametro_3022,8,12,,1,1,1
2026-10-05T22:04:42.076045+00:00,2026-10-05T22:04:43+00:00,2026-10-05T22:04:43+00:00,bcycle_lametro_3024,11,4,,1,1,1
2026-10-05T22:04:42.076045+00:00,2026-10-05T22:04:43+00:00,2026-10-05T22:04:43+00:00,bcycle_lametro_3025,8,6,,0,0,1
2026-10-05T22:04:42.076045+00:00,2026-10-05T22:04:43+00:00,2026-10-05T22:04:43+00:00,bcycle_lametro_3026,5,10,,1,1,1
2026-10-05T22:04:42.076045+00:00,2026-10-05T22:04:43+00:00,2026-10-05T22:04:43+00:00,bcycle_lametro_3027,4,10,,1,1,1
2026-10-05T22:04:42.076045+00:00,2026-10-05T22:04:43+00:00,2026-10-05T22:04:43+00:00,bcycle_lametro_3030,9,20,,1,1,1
2026-10-05T22:04:42.076045+00:00,2026-10-05T22:04:43+00:00,2026-10-05T22:04:43+00:00,bcycle_lametro_3032,18,9,,1,1,1
2026-10-05T22:04:42.076045+00:00,2026-10-05T22:04:43+00:00,2026-10-05T22:04:43+00:00,bcycle_lametro_3033,4,11,,1,1,1
2026-10-05T22:04:42.076045+00:00,2026-10-05T22:04:43+00:00,2026-10-05T22:04:43+00:00,bcycle_lametro_3034,14,11,,1,1,1
2026-10-05T22:04:42.076045+00:00,2026-10-05T22:04:43+00:00,2026-10-05T22:04:43+00:00,bcycle_lametro_3035,4,19,,1,1,1
2026-10-05T22:04:42.076045+00:00,2026-10-05T22:04:43+00:00,2026-10-05T22:04:43+00:00,bcycle_lametro_3036,2,12,,1,1,1
2026-10-05T22:04:42.076045+00:00,2026-10-05T22:04:43+00:00,2026-10-05T22:04:43+00:00,bcycle_lametro_3037,10,8,,1,1,1
2026-10-05T22:04:42.076045+00:00,2026-10-05T22:04:43+00:00,2026-10-05T22:04:43+00:00,bcycle_lametro_3040,1,2,,1,1,1
2026-10-05T22:04:42.076045+00:00,2026-10-05T22:04:43+00:00,2026-10-05T22:04:43+00:00,bcycle_lametro_3042,6,22,,1,1,1
2026-10-05T22:04:42.076045+00:00,2026-10-05T22:04:43+00:00,2026-10-05T22:04:43+00:00,bcycle_lametro_3045,6,4,,1,1,1
2026-10-05T22:04:42.076045+00:00,2026-10-05T22:04:43+00:00,2026-10-05T22:04:43+00:00,bcycle_lametro_3046,13,4,,1,1,1
2026-10-05T22:04:42.076045+00:00,2026-10-05T22:04:43+00:00,2026-10-05T22:04:43+00:00,bcycle_lametro_3047,16,9,,1,1,1
2026-10-05T22:04:42.076045+00:00,2026-10-05T22:04:43+00:00,2026-10-05T22:04:43+00:00,bcycle_lametro_3048,9,7,,1,1,1
2026-10-05T22:04:42.076045+00:00,2026-10-05T22:04:43+00:00,2026-10-05T22:04:43+00:00,bcycle_lametro_3052,4,17,,1,1,1
2026-10-05T22:04:42.076045+00:00,2026-10-05T22:04:43+00:00,2026-10-05T22:04:43+00:00,bcycle_lametro_3054,6,9,,1,1,1
2026-10-05T22:04:42.076045+00:00,2026-10-05T22:04:43+00:00,2026-10-05T22:04:43+00:00,bcycle_lametro_3056,6,9,,1,1,1
2026-10-05T22:04:42.076045+00:00,2026-10-05T22:04:43+00:00,2026-10-05T22:04:43+00:00,bcycle_lametro_3058,9,6,,1,1,1
2026-10-05T22:04:42.076045+00:00,2026-10-05T22:04:43+00:00,2026-10-05T22:04:43+00:00,bcycle_lametro_3062,5,10,,1,1,1
2026-10-05T22:04:42.076045+00:00,2026-10-05T22:04:43+00:00,2026-10-05T22:04:43+00:00,bcycle_lametro_3063,0,22,,0,0,0
2026-10-05T22:04:42.076045+00:00,2026-10-05T22:04:43+00:00,2026-10-05T22:04:43+00:00,bcycle_lametro_3064,10,5,,1,1,1
2026-10-05T22:04:42.076045+00:00,2026-10-05T22:04:43+00:00,2026-10-05T22:04:43+00:00,bcycle_lametro_3065,8,7,,1,1,1
2026-10-05T22:04:42.076045+00:00,2026-10-05T22:04:43+00:00,2026-10-05T22:04:43+00:00,bcycle_lametro_3066,7,8,,0,0,1
2026-10-05T22:04:42.076045+00:00,2026-10-05T22:04:43+00:00,2026-10-05T22:04:43+00:00,bcycle_lametro_3068,4,10,,1,1,1
2026-10-05T22:04:42.076045+00:00,2026-10-05T22:04:43+00:00,2026-10-05T22:04:43+00:00,bcycle_lametro_3069,5,12,,1,1,1
2026-10-05T22:04:42.076045+00:00,2026-10-05T22:04:43+00:00,2026-10-05T22:04:43+00:00,bcycle_lametro_3074,13,9,,1,1,1
2026-10-05T22:04:42.076045+00:00,2026-10-05T22:04:43+00:00,2026-10-05T22:04:43+00:00,bcycle_lametro_3075,6,9,,1,1,1
2026-10-05T22:04:42.076045+00:00,2026-10-05T22:04:43+00:00,2026-10-05T22:04:43+00:00,bcycle_lametro_3076,8,4,,1,1,1
2026-10-05T22:04:42.076045+00:00,2026-10-05T22:04:43+00:00,2026-10-05T22:04:43+00:00,bcycle_lametro_3077,5,8,,1,1,1
2026-10-05T22:04:42.076045+00:00,2026-10-05T22:04:43+00:00,2026-10-05T22:04:43+00:00,bcycle_lametro_3078,8,7,,1,1,1
2026-10-05T22:04:42.076045+00:00,2026-10-05T22:04:43+00:00,2026-10-05T22:04:43+00:00,bcycle_lametro_3079,2,12,,1,1,1
2026-10-05T22:04:42.076045+00:00,2026-10-05T22:04:43+00:00,2026-10-05T22:04:43+00:00,bcycle_lametro_3081,6,6,,0,0,1
2026-10-05T22:04:42.076045+00:00,2026-10-05T22:04:43+00:00,2026-10-05T22:04:43+00:00,bcycle_lametro_3082,11,11,,1,1,1
2026-10-05T22:04:42.076045+00:00,2026-10-05T22:04:43+00:00,2026-10-05T22:04:43+00:00,bcycle_lametro_4202,4,16,,1,1,1
2026-10-05T22:04:42.076045+00:00,2026-10-05T22:04:43+00:00,2026-10-05T22:04:43+00:00,bcycle_lametro_4204,9,6,,1,1,1
2026-10-05T22:04:42.076045+00:00,2026-10-05T22:04:43+00:00,2026-10-05T22:04:43+00:00,bcycle_lametro_4205,3,13,,1,1,1
2026-10-05T22:04:42.076045+00:00,2026-10-05T22:04:43+00:00,2026-10-05T22:04:43+00:00,bcycle_lametro_4206,4,18,,1,1,1
2026-10-05T22:04:42.076045+00:00,2026-10-05T22:04:43+00:00,2026-10-05T22:04:43+00:00,bcycle_lametro_4207,9,10,,1,1,1
2026-10-05T22:04:42.076045+00:00,2026-10-05T22:04:43+00:00,2026-10-05T22:04:43+00:00,bcycle_lametro_4208,2,15,,1,1,1
2026-10-05T22:04:42.076045+00:00,2026-10-05T22:04:43+00:00,2026-10-05T22:04:43+00:00,bcycle_lametro_4209,9,14,,1,1,1
2026-10-05T22:04:42.076045+00:00,2026-10-05T22:04:43+00:00,2026-10-05T22:04:43+00:00,bcycle_lametro_4210,0,15,,1,1,1
2026-10-05T22:04:42.076045+00:00,2026-10-05T22:04:43+00:00,2026-10-05T22:04:43+00:00,bcycle_lametro_4211,5,9,,1,1,1
2026-10-05T22:04:42.076045+00:00,2026-10-05T22:04:43+00:00,2026-10-05T22:04:43+00:00,bcycle_lametro_4212,2,19,,1,1,1
2026-10-05T22:04:42.076045+00:00,2026-10-05T22:04:43+00:00,2026-10-05T22:04:43+00:00,bcycle_lametro_4213,2,13,,1,1,1
2026-10-05T22:04:42.076045+00:00,2026-10-05T22:04:43+00:00,2026-10-05T22:04:43+00:00,bcycle_lametro_4214,7,18,,1,1,1
2026-10-05T22:04:42.076045+00:00,2026-10-05T22:04:43+00:00,2026-10-05T22:04:43+00:00,bcycle_lametro_4215,19,21,,1,1,1
2026-10-05T22:04:42.076045+00:00,2026-10-05T22:04:43+00:00,2026-10-05T22:04:43+00:00,bcycle_lametro_4216,9,10,,1,1,1
2026-10-05T22:04:42.076045+00:00,2026-10-05T22:04:43+00:00,2026-10-05T22:04:43+00:00,bcycle_lametro_4217,6,5,,0,0,1
2026-10-05T22:04:42.076045+00:00,2026-10-05T22:04:43+00:00,2026-10-05T22:04:43+00:00,bcycle_lametro_4220,8,6,,1,1,1
2026-10-05T22:04:42.076045+00:00,2026-10-05T22:04:43+00:00,2026-10-05T22:04:43+00:00,bcycle_lametro_4227,8,8,,1,1,1
2026-10-05T22:04:42.076045+00:00,2026-10-05T22:04:43+00:00,2026-10-05T22:04:43+00:00,bcycle_lametro_4245,13,1,,1,1,1
2026-10-05T22:04:42.076045+00:00,2026-10-05T22:04:43+00:00,2026-10-05T22:04:43+00:00,bcycle_lametro_4246,9,5,,1,1,1
2026-10-05T22:04:42.076045+00:00,2026-10-05T22:04:43+00:00,2026-10-05T22:04:43+00:00,bcycle_lametro_4247,5,3,,1,1,1
2026-10-05T22:04:42.076045+00:00,2026-10-05T22:04:43+00:00,2026-10-05T22:04:43+00:00,bcycle_lametro_4248,3,15,,1,1,1
2026-10-05T22:04:42.076045+00:00,2026-10-05T22:04:43+00:00,2026-10-05T22:04:43+00:00,bcycle_lametro_4249,10,4,,1,1,1
2026-10-05T22:04:42.076045+00:00,2026-10-05T22:04:43+00:00,2026-10-05T22:04:43+00:00,bcycle_lametro_4250,9,6,,0,0,1
2026-10-05T22:04:42.076045+00:00,2026-10-05T22:04:43+00:00,2026-10-05T22:04:43+00:00,bcycle_lametro_4254,7,8,,1,1,1
2026-10-05T22:04:42.076045+00:00,2026-10-05T22:04:43+00:00,2026-10-05T22:04:43+00:00,bcycle_lametro_4255,3,7,,1,1,1
2026-10-05T22:04:42.076045+00:00,2026-10-05T22:04:43+00:00,2026-10-05T22:04:43+00:00,bcycle_lametro_4266,7,8,,1,1,1
2026-10-05T22:04:42.076045+00:00,2026-10-05T22:04:43+00:00,2026-10-05T22:04:43+00:00,bcycle_lametro_4267,2,7,,1,1,1
2026-10-05T22:04:42.076045+00:00,2026-10-05T22:04:43+00:00,2026-10-05T22:04:43+00:00,bcycle_lametro_4273,6,8,,1,1,1
2026-10-05T22:04:42.076045+00:00,2026-10-05T22:04:43+00:00,2026-10-05T22:04:43+00:00,bcycle_lametro_4275,4,11,,1,1,1
2026-10-05T22:04:42.076045+00:00,2026-10-05T22:04:43+00:00,2026-10-05T22:04:43+00:00,bcycle_lametro_4293,1,9,,1,1,1
2026-10-05T22:04:42.076045+00:00,2026-10-05T22:04:43+00:00,2026-10-05T22:04:43+00:00,bcycle_lametro_4300,7,7,,1,1,1
2026-10-05T22:04:42.076045+00:00,2026-10-05T22:04:43+00:00,2026-10-05T22:04:43+00:00,bcycle_lametro_4301,0,9,,1,1,1
2026-10-05T22:04:42.076045+00:00,2026-10-05T22:04:43+00:00,2026-10-05T22:04:43+00:00,bcycle_lametro_4303,3,7,,1,1,1
2026-10-05T22:04:42.076045+00:00,2026-10-05T22:04:43+00:00,2026-10-05T22:04:43+00:00,bcycle_lametro_4304,3,8,,1,1,1
2026-10-05T22:04:42.076045+00:00,2026-10-05T22:04:43+00:00,2026-10-05T22:04:43+00:00,bcycle_lametro_4306,6,7,,1,1,1
2026-10-05T22:04:42.076045+00:00,2026-10-05T22:04:43+00:00,2026-10-05T22:04:43+00:00,bcycle_lametro_4311,7,8,,1,1,1
2026-10-05T22:04:42.076045+00:00,2026-10-05T22:04:43+00:00,2026-10-05T22:04:43+00:00,bcycle_lametro_4312,0,0,,1,1,1
2026-10-05T22:04:42.076045+00:00,2026-10-05T22:04:43+00:00,2026-10-05T22:04:43+00:00,bcycle_lametro_4313,5,7,,1,1,1
2026-10-05T22:04:42.076045+00:00,2026-10-05T22:04:43+00:00,2026-10-05T22:04:43+00:00,bcycle_lametro_4314,4,11,,1,1,1
2026-10-05T22:04:42.076045+00:00,2026-10-05T22:04:43+00:00,2026-10-05T22:04:43+00:00,bcycle_lametro_4315,6,2,,0,0,1
2026-10-05T22:04:42.076045+00:00,2026-10-05T22:04:43+00:00,2026-10-05T22:04:43+00:00,bcycle_lametro_4387,2,14,,1,1,1
2026-10-05T22:04:42.076045+00:00,2026-10-05T22:04:43+00:00,2026-10-05T22:04:43+00:00,bcycle_lametro_4390,7,5,,1,1,1
2026-10-05T22:04:42.076045+00:00,2026-10-05T22:04:43+00:00,2026-10-05T22:04:43+00:00,bcycle_lametro_4401,2,8,,1,1,1
2026-10-05T22:04:42.076045+00:00,2026-10-05T22:04:43+00:00,2026-10-05T22:04:43+00:00,bcycle_lametro_4404,11,4,,0,0,1
2026-10-05T22:04:42.076045+00:00,2026-10-05T22:04:43+00:00,2026-10-05T22:04:43+00:00,bcycle_lametro_4405,7,6,,1,1,1
2026-10-05T22:04:42.076045+00:00,2026-10-05T22:04:43+00:00,2026-10-05T22:04:43+00:00,bcycle_lametro_4406,6,8,,1,1,1
2026-10-05T22:04:42.076045+00:00,2026-10-05T22:04:43+00:00,2026-10-05T22:04:43+00:00,bcycle_lametro_4410,8,8,,1,1,1
2026-10-05T22:04:42.076045+00:00,2026-10-05T22:04:43+00:00,2026-10-05T22:04:43+00:00,bcycle_lametro_4436,4,4,,0,0,1
2026-10-05T22:04:42.076045+00:00,2026-10-05T22:04:43+00:00,2026-10-05T22:04:43+00:00,bcycle_lametro_4437,2,11,,1,1,1
2026-10-05T22:04:42.076045+00:00,2026-10-05T22:04:43+00:00,2026-10-05T22:04:43+00:00,bcycle_lametro_4440,4,14,,1,1,1
2026-10-05T22:04:42.076045+00:00,2026-10-05T22:04:43+00:00,2026-10-05T22:04:43+00:00,bcycle_lametro_4441,0,7,,1,1,1
2026-10-05T22:04:42.076045+00:00,2026-10-05T22:04:43+00:00,2026-10-05T22:04:43+00:00,bcycle_lametro_4442,2,10,,1,1,1
2026-10-05T22:04:42.076045+00:00,2026-10-05T22:04:43+00:00,2026-10-05T22:04:43+00:00,bcycle_lametro_4443,5,2,,1,1,1
2026-10-05T22:04:42.076045+00:00,2026-10-05T22:04:43+00:00,2026-10-05T22:04:43+00:00,bcycle_lametro_4444,3,6,,1,1,1
2026-10-05T22:04:42.076045+00:00,2026-10-05T22:04:43+00:00,2026-10-05T22:04:43+00:00,bcycle_lametro_4445,9,6,,1,1,1
2026-10-05T22:04:42.076045+00:00,2026-10-05T22:04:43+00:00,2026-10-05T22:04:43+00:00,bcycle_lametro_4446,1,7,,1,1,1
2026-10-05T22:04:42.076045+00:00,2026-10-05T22:04:43+00:00,2026-10-05T22:04:43+00:00,bcycle_lametro_4447,2,10,,1,1,1
2026-10-05T22:04:42.076045+00:00,2026-10-05T22:04:43+00:00,2026-10-05T22:04:43+00:00,bcycle_lametro_4448,6,12,,1,1,1
2026-10-05T22:04:42.076045+00:00,2026-10-05T22:04:43+00:00,2026-10-05T22:04:43+00:00,bcycle_lametro_4449,7,6,,1,1,1
2026-10-05T22:04:42.076045+00:00,2026-10-05T22:04:43+00:00,2026-10-05T22:04:43+00:00,bcycle_lametro_4450,8,6,,1,1,1
2026-10-05T22:04:42.076045+00:00,2026-10-05T22:04:43+00:00,2026-10-05T22:04:43+00:00,bcycle_lametro_4451,5,4,,1,1,1
2026-10-05T22:04:42.076045+00:00,2026-10-05T22:04:43+00:00,2026-10-05T22:04:43+00:00,bcycle_lametro_4452,8,2,,1,1,1
2026-10-05T22:04:42.076045+00:00,2026-10-05T22:04:43+00:00,2026-10-05T22:04:43+00:00,bcycle_lametro_4453,6,4,,1,1,1
2026-10-05T22:04:42.076045+00:00,2026-10-05T22:04:43+00:00,2026-10-05T22:04:43+00:00,bcycle_lametro_4454,8,6,,0,0,1
2026-10-05T22:04:42.076045+00:00,2026-10-05T22:04:43+00:00,2026-10-05T22:04:43+00:00,bcycle_lametro_4455,7,8,,1,1,1
2026-10-05T22:04:42.076045+00:00,2026-10-05T22:04:43+00:00,2026-10-05T22:04:43+00:00,bcycle_lametro_4456,9,6,,1,1,1
2026-10-05T22:04:42.076045+00:00,2026-10-05T22:04:43+00:00,2026-10-05T22:04:43+00:00,bcycle_lametro_4457,5,3,,1,1,1
2026-10-05T22:04:42.076045+00:00,2026-10-05T22:04:43+00:00,2026-10-05T22:04:43+00:00,bcycle_lametro_4472,10,6,,1,1,1
2026-10-05T22:04:42.076045+00:00,2026-10-05T22:04:43+00:00,2026-10-05T22:04:43+00:00,bcycle_lametro_4473,6,2,,1,1,1
2026-10-05T22:04:42.076045+00:00,2026-10-05T22:04:43+00:00,2026-10-05T22:04:43+00:00,bcycle_lametro_4474,1,9,,1,1,1
2026-10-05T22:04:42.076045+00:00,2026-10-05T22:04:43+00:00,2026-10-05T22:04:43+00:00,bcycle_lametro_4475,4,7,,1,1,1
2026-10-05T22:04:42.076045+00:00,2026-10-05T22:04:43+00:00,2026-10-05T22:04:43+00:00,bcycle_lametro_4476,3,10,,1,1,1
2026-10-05T22:04:42.076045+00:00,2026-10-05T22:04:43+00:00,2026-10-05T22:04:43+00:00,bcycle_lametro_4477,2,11,,1,1,1
2026-10-05T22:04:42.076045+00:00,2026-10-05T22:04:43+00:00,2026-10-05T22:04:43+00:00,bcycle_lametro_4479,2,10,,1,1,1
2026-10-05T22:04:42.076045+00:00,2026-10-05T22:04:43+00:00,2026-10-05T22:04:43+00:00,bcycle_lametro_4483,3,9,,1,1,1
2026-10-05T22:04:42.076045+00:00,2026-10-05T22:04:43+00:00,2026-10-05T22:04:43+00:00,bcycle_lametro_4487,8,8,,1,1,1
2026-10-05T22:04:42.076045+00:00,2026-10-05T22:04:43+00:00,2026-10-05T22:04:43+00:00,bcycle_lametro_4490,6,9,,1,1,1
2026-10-05T22:04:42.076045+00:00,2026-10-05T22:04:43+00:00,2026-10-05T22:04:43+00:00,bcycle_lametro_4491,9,4,,1,1,1
2026-10-05T22:04:42.076045+00:00,2026-10-05T22:04:43+00:00,2026-10-05T22:04:43+00:00,bcycle_lametro_4492,0,19,,1,1,1
2026-10-05T22:04:42.076045+00:00,2026-10-05T22:04:43+00:00,2026-10-05T22:04:43+00:00,bcycle_lametro_4493,8,8,,1,1,1
2026-10-05T22:04:42.076045+00:00,2026-10-05T22:04:43+00:00,2026-10-05T22:04:43+00:00,bcycle_lametro_4494,7,2,,0,0,1
2026-10-05T22:04:42.076045+00:00,2026-10-05T22:04:43+00:00,2026-10-05T22:04:43+00:00,bcycle_lametro_4509,7,3,,1,1,1
2026-10-05T22:04:42.076045+00:00,2026-10-05T22:04:43+00:00,2026-10-05T22:04:43+00:00,bcycle_lametro_4510,1,9,,1,1,1
2026-10-05T22:04:42.076045+00:00,2026-10-05T22:04:43+00:00,2026-10-05T22:04:43+00:00,bcycle_lametro_4511,3,16,,1,1,1
2026-10-05T22:04:42.076045+00:00,2026-10-05T22:04:43+00:00,2026-10-05T22:04:43+00:00,bcycle_lametro_4512,11,5,,1,1,1
2026-10-05T22:04:42.076045+00:00,2026-10-05T22:04:43+00:00,2026-10-05T22:04:43+00:00,bcycle_lametro_4514,8,13,,1,1,1
2026-10-05T22:04:42.076045+00:00,2026-10-05T22:04:43+00:00,2026-10-05T22:04:43+00:00,bcycle_lametro_4515,3,6,,1,1,1
2026-10-05T22:04:42.076045+00:00,2026-10-05T22:04:43+00:00,2026-10-05T22:04:43+00:00,bcycle_lametro_4517,9,2,,1,1,1
2026-10-05T22:04:42.076045+00:00,2026-10-05T22:04:43+00:00,2026-10-05T22:04:43+00:00,bcycle_lametro_4521,9,3,,1,1,1
2026-10-05T22:04:42.076045+00:00,2026-10-05T22:04:43+00:00,2026-10-05T22:04:43+00:00,bcycle_lametro_4523,10,5,,1,1,1
2026-10-05T22:04:42.076045+00:00,2026-10-05T22:04:43+00:00,2026-10-05T22:04:43+00:00,bcycle_lametro_4524,4,10,,1,1,1
2026-10-05T22:04:42.076045+00:00,2026-10-05T22:04:43+00:00,2026-10-05T22:04:43+00:00,bcycle_lametro_4525,8,3,,1,1,1
2026-10-05T22:04:42.076045+00:00,2026-10-05T22:04:43+00:00,2026-10-05T22:04:43+00:00,bcycle_lametro_4526,8,13,,1,1,1
2026-10-05T22:04:42.076045+00:00,2026-10-05T22:04:43+00:00,2026-10-05T22:04:43+00:00,bcycle_lametro_4527,11,3,,1,1,1
2026-10-05T22:04:42.076045+00:00,2026-10-05T22:04:43+00:00,2026-10-05T22:04:43+00:00,bcycle_lametro_4528,12,2,,1,1,1
2026-10-05T22:04:42.076045+00:00,2026-10-05T22:04:43+00:00,2026-10-05T22:04:43+00:00,bcycle_lametro_4529,5,8,,1,1,1
2026-10-05T22:04:42.076045+00:00,2026-10-05T22:04:43+00:00,2026-10-05T22:04:43+00:00,bcycle_lametro_4534,8,7,,1,1,1
2026-10-05T22:04:42.076045+00:00,2026-10-05T22:04:43+00:00,2026-10-05T22:04:43+00:00,bcycle_lametro_4536,5,5,,1,1,1
2026-10-05T22:04:42.076045+00:00,2026-10-05T22:04:43+00:00,2026-10-05T22:04:43+00:00,bcycle_lametro_4537,8,10,,1,1,1
2026-10-05T22:04:42.076045+00:00,2026-10-05T22:04:43+00:00,2026-10-05T22:04:43+00:00,bcycle_lametro_4538,5,3,,0,0,1
2026-10-05T22:04:42.076045+00:00,2026-10-05T22:04:43+00:00,2026-10-05T22:04:43+00:00,bcycle_lametro_4540,6,8,,1,1,1
2026-10-05T22:04:42.076045+00:00,2026-10-05T22:04:43+00:00,2026-10-05T22:04:43+00:00,bcycle_lametro_4543,6,2,,1,1,1
2026-10-05T22:04:42.076045+00:00,2026-10-05T22:04:43+00:00,2026-10-05T22:04:43+00:00,bcycle_lametro_4544,7,5,,1,1,1
2026-10-05T22:04:42.076045+00:00,2026-10-05T22:04:43+00:00,2026-10-05T22:04:43+00:00,bcycle_lametro_4545,8,0,,1,1,1
2026-10-05T22:04:42.076045+00:00,2026-10-05T22:04:43+00:00,2026-10-05T22:04:43+00:00,bcycle_lametro_4546,5,14,,1,1,1
2026-10-05T22:04:42.076045+00:00,2026-10-05T22:04:43+00:00,2026-10-05T22:04:43+00:00,bcycle_lametro_4547,5,5,,1,1,1
2026-10-05T22:04:42.076045+00:00,2026-10-05T22:04:43+00:00,2026-10-05T22:04:43+00:00,bcycle_lametro_4548,4,8,,1,1,1
2026-10-05T22:04:42.076045+00:00,2026-10-05T22:04:43+00:00,2026-10-05T22:04:43+00:00,bcycle_lametro_4549,9,7,,1,1,1
2026-10-05T22:04:42.076045+00:00,2026-10-05T22:04:43+00:00,2026-10-05T22:04:43+00:00,bcycle_lametro_4552,11,1,,1,1,1
2026-10-05T22:04:42.076045+00:00,2026-10-05T22:04:43+00:00,2026-10-05T22:04:43+00:00,bcycle_lametro_4553,4,5,,1,1,1
2026-10-05T22:04:42.076045+00:00,2026-10-05T22:04:43+00:00,2026-10-05T22:04:43+00:00,bcycle_lametro_4554,2,9,,1,1,1
2026-10-05T22:04:42.076045+00:00,2026-10-05T22:04:43+00:00,2026-10-05T22:04:43+00:00,bcycle_lametro_4555,4,4,,1,1,1
2026-10-05T22:04:42.076045+00:00,2026-10-05T22:04:43+00:00,2026-10-05T22:04:43+00:00,bcycle_lametro_4556,5,8,,1,1,1
2026-10-05T22:04:42.076045+00:00,2026-10-05T22:04:43+00:00,2026-10-05T22:04:43+00:00,bcycle_lametro_4557,5,6,,1,1,1
2026-10-05T22:04:42.076045+00:00,2026-10-05T22:04:43+00:00,2026-10-05T22:04:43+00:00,bcycle_lametro_4558,1,16,,1,1,1
2026-10-05T22:04:42.076045+00:00,2026-10-05T22:04:43+00:00,2026-10-05T22:04:43+00:00,bcycle_lametro_4561,1,8,,1,1,1
2026-10-05T22:04:42.076045+00:00,2026-10-05T22:04:43+00:00,2026-10-05T22:04:43+00:00,bcycle_lametro_4562,7,7,,1,1,1
2026-10-05T22:04:42.076045+00:00,2026-10-05T22:04:43+00:00,2026-10-05T22:04:43+00:00,bcycle_lametro_4563,8,1,,1,1,1
2026-10-05T22:04:42.076045+00:00,2026-10-05T22:04:43+00:00,2026-10-05T22:04:43+00:00,bcycle_lametro_4564,7,8,,1,1,1
2026-10-05T22:04:42.076045+00:00,2026-10-05T22:04:43+00:00,2026-10-05T22:04:43+00:00,bcycle_lametro_4565,3,9,,1,1,1
2026-10-05T22:04:42.076045+00:00,2026-10-05T22:04:43+00:00,2026-10-05T22:04:43+00:00,bcycle_lametro_4566,7,7,,1,1,1
2026-10-05T22:04:42.076045+00:00,2026-10-05T22:04:43+00:00,2026-10-05T22:04:43+00:00,bcycle_lametro_4567,2,9,,1,1,1
2026-10-05T22:04:42.076045+00:00,2026-10-05T22:04:43+00:00,2026-10-05T22:04:43+00:00,bcycle_lametro_4568,3,10,,1,1,1
2026-10-05T22:04:42.076045+00:00,2026-10-05T22:04:43+00:00,2026-10-05T22:04:43+00:00,bcycle_lametro_4569,7,2,,1,1,1
2026-10-05T22:04:42.076045+00:00,2026-10-05T22:04:43+00:00,2026-10-05T22:04:43+00:00,bcycle_lametro_4570,6,9,,1,1,1
2026-10-05T22:04:42.076045+00:00,2026-10-05T22:04:43+00:00,2026-10-05T22:04:43+00:00,bcycle_lametro_4571,4,3,,1,1,1
2026-10-05T22:04:42.076045+00:00,2026-10-05T22:04:43+00:00,2026-10-05T22:04:43+00:00,bcycle_lametro_4575,4,5,,1,1,1
2026-10-05T22:04:42.076045+00:00,2026-10-05T22:04:43+00:00,2026-10-05T22:04:43+00:00,bcycle_lametro_4576,6,5,,1,1,1
2026-10-05T22:04:42.076045+00:00,2026-10-05T22:04:43+00:00,2026-10-05T22:04:43+00:00,bcycle_lametro_4578,5,2,,1,1,1
2026-10-05T22:04:42.076045+00:00,2026-10-05T22:04:43+00:00,2026-10-05T22:04:43+00:00,bcycle_lametro_4579,3,9,,0,0,1
2026-10-05T22:04:42.076045+00:00,2026-10-05T22:04:43+00:00,2026-10-05T22:04:43+00:00,bcycle_lametro_4580,2,6,,1,1,1
2026-10-05T22:04:42.076045+00:00,2026-10-05T22:04:43+00:00,2026-10-05T22:04:43+00:00,bcycle_lametro_4581,6,10,,1,1,1
2026-10-05T22:04:42.076045+00:00,2026-10-05T22:04:43+00:00,2026-10-05T22:04:43+00:00,bcycle_lametro_4583,11,7,,1,1,1
2026-10-05T22:04:42.076045+00:00,2026-10-05T22:04:43+00:00,2026-10-05T22:04:43+00:00,bcycle_lametro_4584,10,4,,1,1,1
2026-10-05T22:04:42.076045+00:00,2026-10-05T22:04:43+00:00,2026-10-05T22:04:43+00:00,bcycle_lametro_4587,2,9,,1,1,1
2026-10-05T22:04:42.076045+00:00,2026-10-05T22:04:43+00:00,2026-10-05T22:04:43+00:00,bcycle_lametro_4595,5,13,,1,1,1
2026-10-05T22:04:42.076045+00:00,2026-10-05T22:04:43+00:00,2026-10-05T22:04:43+00:00,bcycle_lametro_4596,4,11,,1,1,1
2026-10-05T22:04:42.076045+00:00,2026-10-05T22:04:43+00:00,2026-10-05T22:04:43+00:00,bcycle_lametro_4597,4,6,,1,1,1
2026-10-05T22:04:42.076045+00:00,2026-10-05T22:04:43+00:00,2026-10-05T22:04:43+00:00,bcycle_lametro_4598,2,7,,1,1,1
2026-10-05T22:04:42.076045+00:00,2026-10-05T22:04:43+00:00,2026-10-05T22:04:43+00:00,bcycle_lametro_4599,4,8,,1,1,1
2026-10-05T22:04:42.076045+00:00,2026-10-05T22:04:43+00:00,2026-10-05T22:04:43+00:00,bcycle_lametro_4600,6,4,,1,1,1
2026-10-05T22:04:42.076045+00:00,2026-10-05T22:04:43+00:00,2026-10-05T22:04:43+00:00,bcycle_lametro_4601,4,7,,1,1,1
2026-10-05T22:04:42.076045+00:00,2026-10-05T22:04:43+00:00,2026-10-05T22:04:43+00:00,bcycle_lametro_4603,8,10,,1,1,1
2026-10-05T22:04:42.076045+00:00,2026-10-05T22:04:43+00:00,2026-10-05T22:04:43+00:00,bcycle_lametro_4604,8,4,,1,1,1
2026-10-05T22:04:42.076045+00:00,2026-10-05T22:04:43+00:00,2026-10-05T22:04:43+00:00,bcycle_lametro_4605,8,5,,1,1,1
2026-10-05T22:04:42.076045+00:00,2026-10-05T22:04:43+00:00,2026-10-05T22:04:43+00:00,bcycle_lametro_4606,4,16,,1,1,1
2026-10-05T22:04:42.076045+00:00,2026-10-05T22:04:43+00:00,2026-10-05T22:04:43+00:00,bcycle_lametro_4613,5,14,,1,1,1
2026-10-05T22:04:42.076045+00:00,2026-10-05T22:04:43+00:00,2026-10-05T22:04:43+00:00,bcycle_lametro_4614,8,12,,1,1,1
2026-10-05T22:04:42.076045+00:00,2026-10-05T22:04:43+00:00,2026-10-05T22:04:43+00:00,bcycle_lametro_4627,5,12,,1,1,1
2026-10-05T22:04:42.076045+00:00,2026-10-05T22:04:43+00:00,2026-10-05T22:04:43+00:00,bcycle_lametro_4628,9,3,,1,1,1
2026-10-05T22:04:42.076045+00:00,2026-10-05T22:04:43+00:00,2026-10-05T22:04:43+00:00,bcycle_lametro_4632,6,9,,0,0,1
2026-10-05T22:04:42.076045+00:00,2026-10-05T22:04:43+00:00,2026-10-05T22:04:43+00:00,bcycle_lametro_4643,7,13,,1,1,1
2026-10-05T22:04:42.076045+00:00,2026-10-05T22:04:43+00:00,2026-10-05T22:04:43+00:00,bcycle_lametro_4644,5,7,,1,1,1
2026-10-05T22:04:42.076045+00:00,2026-10-05T22:04:43+00:00,2026-10-05T22:04:43+00:00,bcycle_lametro_4645,7,5,,1,1,1
2026-10-05T22:04:42.076045+00:00,2026-10-05T22:04:43+00:00,2026-10-05T22:04:43+00:00,bcycle_lametro_4652,6,5,,1,1,1
2026-10-05T22:04:42.076045+00:00,2026-10-05T22:04:43+00:00,2026-10-05T22:04:43+00:00,bcycle_lametro_4660,5,12,,1,1,1
2026-10-05T22:04:42.076045+00:00,2026-10-05T22:04:43+00:00,2026-10-05T22:04:43+00:00,bcycle_lametro_4664,8,11,,1,1,1
2026-10-05T22:04:42.076045+00:00,2026-10-05T22:04:43+00:00,2026-10-05T22:04:43+00:00,bcycle_lametro_4672,9,6,,1,1,1
2026-10-05T22:04:42.076045+00:00,2026-10-05T22:04:43+00:00,2026-10-05T22:04:43+00:00,bcycle_lametro_4680,8,10,,1,1,1
2026-10-05T22:04:42.076045+00:00,2026-10-05T22:04:43+00:00,2026-10-05T22:04:43+00:00,bcycle_lametro_4689,6,9,,1,1,1
2026-10-05T22:04:42.076045+00:00,2026-10-05T22:04:43+00:00,2026-10-05T22:04:43+00:00,bcycle_lametro_4690,7,7,,1,1,1
2026-10-05T22:04:42.076045+00:00,2026-10-05T22:04:43+00:00,2026-10-05T22:04:43+00:00,bcycle_lametro_4696,11,3,,1,1,1
2026-10-05T22:04:42.076045+00:00,2026-10-05T22:04:43+00:00,2026-10-05T22:04:43+00:00,bcycle_lametro_4697,8,7,,1,1,1
2026-10-05T22:04:42.076045+00:00,2026-10-05T22:04:43+00:00,2026-10-05T22:04:43+00:00,bcycle_lametro_4698,6,8,,1,1,1
2026-10-05T22:04:42.076045+00:00,2026-10-05T22:04:43+00:00,2026-10-05T22:04:43+00:00,bcycle_lametro_4699,8,7,,1,1,1
2026-10-05T22:04:42.076045+00:00,2026-10-05T22:04:43+00:00,2026-10-05T22:04:43+00:00,bcycle_lametro_4700,14,3,,0,0,1
2026-10-05T22:04:42.076045+00:00,2026-10-05T22:04:43+00:00,2026-10-05T22:04:43+00:00,bcycle_lametro_4707,8,5,,1,1,1
2026-10-05T22:04:42.076045+00:00,2026-10-05T22:04:43+00:00,2026-10-05T22:04:43+00:00,bcycle_lametro_4729,5,8,,0,0,1
2026-10-05T22:04:42.076045+00:00,2026-10-05T22:04:43+00:00,2026-10-05T22:04:43+00:00,bcycle_lametro_4730,5,8,,1,1,1
2026-10-05T22:04:42.076045+00:00,2026-10-05T22:04:43+00:00,2026-10-05T22:04:43+00:00,bcycle_lametro_4732,10,11,,1,1,1
2026-10-05T22:04:42.076045+00:00,2026-10-05T22:04:43+00:00,2026-10-05T22:04:43+00:00,bcycle_lametro_4733,6,17,,1,1,1
2026-10-05T22:04:42.076045+00:00,2026-10-05T22:04:43+00:00,2026-10-05T22:04:43+00:00,bcycle_lametro_4734,9,6,,1,1,1
2026-10-05T22:04:42.076045+00:00,2026-10-05T22:04:43+00:00,2026-10-05T22:04:43+00:00,bcycle_lametro_4735,9,3,,1,1,1
2026-10-05T22:04:42.076045+00:00,2026-10-05T22:04:43+00:00,2026-10-05T22:04:43+00:00,bcycle_lametro_4736,6,9,,1,1,1
2026-10-05T22:04:42.076045+00:00,2026-10-05T22:04:43+00:00,2026-10-05T22:04:43+00:00,bcycle_lametro_4740,12,10,,1,1,1
2026-10-05T22:04:42.076045+00:00,2026-10-05T22:04:43+00:00,2026-10-05T22:04:43+00:00,bcycle_lametro_4745,5,5,,1,1,1
