fetched_at,last_updated,last_reported,station_id,bikes_available,docks_available,ebikes_available,is_renting,is_returning,is_installed
2026-09-28T00:42:11.656290+00:00,2026-09-28T00:42:13+00:00,2026-09-28T00:42:13+00:00,bcycle_lametro_3005,10,20,,1,1,1
2026-09-28T00:42:11.656290+00:00,2026-09-28T00:42:13+00:00,2026-09-28T00:42:13+00:00,bcycle_lametro_3006,16,13,,1,1,1
2026-09-28T00:42:11.656290+00:00,2026-09-28T00:42:13+00:00,2026-09-28T00:42:13+00:00,bcycle_lametro_3007,8,14,,1,1,1
2026-09-28T00:42:11.656290+00:00,2026-09-28T00:42:13+00:00,2026-09-28T00:42:13+00:00,bcycle_lametro_3008,6,9,,1,1,1
2026-09-28T00:42:11.656290+00:00,2026-09-28T00:42:13+00:00,2026-09-28T00:42:13+00:00,bcycle_lametro_3010,10,5,,1,1,1
2026-09-28T00:42:11.656290+00:00,2026-09-28T00:42:13+00:00,2026-09-28T00:42:13+00:00,bcycle_lametro_3011,6,10,,1,1,1
2026-09-28T00:42:11.656290+00:00,2026-09-28T00:42:13+00:00,2026-09-28T00:42:13+00:00,bcycle_lametro_3014,15,12,,1,1,1
2026-09-28T00:42:11.656290+00:00,2026-09-28T00:42:13+00:00,2026-09-28T00:42:13+00:00,bcycle_lametro_3016,2,13,,1,1,1
2026-09-28T00:42:11.656290+00:00,2026-09-28T00:42:13+00:00,2026-09-28T00:42:13+00:00,bcycle_lametro_3018,13,5,,1,1,1
2026-09-28T00:42:11.656290+00:00,2026-09-28T00:42:13+00:00,2026-09-28T00:42:13+00:00,bcycle_lametro_3019,8,11,,1,1,1
2026-09-28T00:42:11.656290+00:00,2026-09-28T00:42:13+00:00,2026-09-28T00:42:13+00:00,bcycle_lametro_3020,5,10,,1,1,1
2026-09-28T00:42:11.656290+00:00,2026-09-28T00:42:13+00:00,2026-09-28T00:42:13+00:00,bcycle_lametro_3022,6,14,,1,1,1
2026-09-28T00:42:11.656290+00:00,2026-09-28T00:42:13+00:00,2026-09-28T00:42:13+00:00,bcycle_lametro_3024,5,10,,1,1,1
2026-09-28T00:42:11.656290+00:00,2026-09-28T00:42:13+00:00,2026-09-28T00:42:13+00:00,bcycle_lametro_3025,10,4,,1,1,1
2026-09-28T00:42:11.656290+00:00,2026-09-28T00:42:13+00:00,2026-09-28T00:42:13+00:00,bcycle_lametro_3026,5,10,,1,1,1
2026-09-28T00:42:11.656290+00:00,2026-09-28T00:42:13+00:00,2026-09-28T00:42:13+00:00,bcycle_lametro_3027,6,9,,1,1,1
2026-09-28T00:42:11.656290+00:00,2026-09-28T00:42:13+00:00,2026-09-28T00:42:13+00:00,bcycle_lametro_3030,11,18,,1,1,1
2026-09-28T00:42:11.656290+00:00,2026-09-28T00:42:13+00:00,2026-09-28T00:42:13+00:00,bcycle_lametro_3032,9,18,,1,1,1
2026-09-28T00:42:11.656290+00:00,2026-09-28T00:42:13+00:00,2026-09-28T00:42:13+00:00,bcycle_lametro_3033,4,11,,1,1,1
2026-09-28T00:42:11.656290+00:00,2026-09-28T00:42:13+00:00,2026-09-28T00:42:13+00:00,bcycle_lametro_3034,13,9,,1,1,1
2026-09-28T00:42:11.656290+00:00,2026-09-28T00:42:13+00:00,2026-09-28T00:42:13+00:00,bcycle_lametro_3035,13,10,,1,1,1
2026-09-28T00:42:11.656290+00:00,2026-09-28T00:42:13+00:00,2026-09-28T00:42:13+00:00,bcycle_lametro_3036,6,9,,1,1,1
2026-09-28T00:42:11.656290+00:00,2026-09-28T00:42:13+00:00,2026-09-28T00:42:13+00:00,bcycle_lametro_3037,8,9,,1,1,1
2026-09-28T00:42:11.656290+00:00,2026-09-28T00:42:13+00:00,2026-09-28T00:42:13+00:00,bcycle_lametro_3040,1,2,,1,1,1
2026-09-28T00:42:11.656290+00:00,2026-09-28T00:42:13+00:00,2026-09-28T00:42:13+00:00,bcycle_lametro_3042,18,9,,1,1,1
2026-09-28T00:42:11.656290+00:00,2026-09-28T00:42:13+00:00,2026-09-28T00:42:13+00:00,bcycle_lametro_3045,2,8,,1,1,1
2026-09-28T00:42:11.656290+00:00,2026-09-28T00:42:13+00:00,2026-09-28T00:42:13+00:00,bcycle_lametro_3046,9,8,,1,1,1
2026-09-28T00:42:11.656290+00:00,2026-09-28T00:42:13+00:00,2026-09-28T00:42:13+00:00,bcycle_lametro_3047,14,11,,1,1,1
2026-09-28T00:42:11.656290+00:00,2026-09-28T00:42:13+00:00,2026-09-28T00:42:13+00:00,bcycle_lametro_3048,3,13,,1,1,1
2026-09-28T00:42:11.656290+00:00,2026-09-28T00:42:13+00:00,2026-09-28T00:42:13+00:00,bcycle_lametro_3052,8,14,,1,1,1
2026-09-28T00:42:11.656290+00:00,2026-09-28T00:42:13+00:00,2026-09-28T00:42:13+00:00,bcycle_lametro_3054,5,10,,1,1,1
2026-09-28T00:42:11.656290+00:00,2026-09-28T00:42:13+00:00,2026-09-28T00:42:13+00:00,bcycle_lametro_3056,8,7,,1,1,1
2026-09-28T00:42:11.656290+00:00,2026-09-28T00:42:13+00:00,2026-09-28T00:42:13+00:00,bcycle_lametro_3058,9,6,,1,1,1
2026-09-28T00:42:11.656290+00:00,2026-09-28T00:42:13+00:00,2026-09-28T00:42:13+00:00,bcycle_lametro_3062,3,12,,1,1,1
2026-09-28T00:42:11.656290+00:00,2026-09-28T00:42:13+00:00,2026-09-28T00:42:13+00:00,bcycle_lametro_3063,4,18,,1,1,1
2026-09-28T00:42:11.656290+00:00,2026-09-28T00:42:13+00:00,2026-09-28T00:42:13+00:00,bcycle_lametro_3064,2,15,,1,1,1
2026-09-28T00:42:11.656290+00:00,2026-09-28T00:42:13+00:00,2026-09-28T00:42:13+00:00,bcycle_lametro_3065,5,10,,1,1,1
2026-09-28T00:42:11.656290+00:00,2026-09-28T00:42:13+00:00,2026-09-28T00:42:13+00:00,bcycle_lametro_3066,11,4,,1,1,1
2026-09-28T00:42:11.656290+00:00,2026-09-28T00:42:13+00:00,2026-09-28T00:42:13+00:00,bcycle_lametro_3068,6,8,,1,1,1
2026-09-28T00:42:11.656290+00:00,2026-09-28T00:42:13+00:00,2026-09-28T00:42:13+00:00,bcycle_lametro_3069,6,11,,1,1,1
2026-09-28T00:42:11.656290+00:00,2026-09-28T00:42:13+00:00,2026-09-28T00:42:13+00:00,bcycle_lametro_3074,6,16,,1,1,1
2026-09-28T00:42:11.656290+00:00,2026-09-28T00:42:13+00:00,2026-09-28T00:42:13+00:00,bcycle_lametro_3075,12,4,,1,1,1
2026-09-28T00:42:11.656290+00:00,2026-09-28T00:42:13+00:00,2026-09-28T00:42:13+00:00,bcycle_lametro_3076,3,9,,1,1,1
2026-09-28T00:42:11.656290+00:00,2026-09-28T00:42:13+00:00,2026-09-28T00:42:13+00:00,bcycle_lametro_3077,6,7,,1,1,1
2026-09-28T00:42:11.656290+00:00,2026-09-28T00:42:13+00:00,2026-09-28T00:42:13+00:00,bcycle_lametro_3078,9,6,,1,1,1
2026-09-28T00:42:11.656290+00:00,2026-09-28T00:42:13+00:00,2026-09-28T00:42:13+00:00,bcycle_lametro_3079,3,11,,1,1,1
2026-09-28T00:42:11.656290+00:00,2026-09-28T00:42:13+00:00,2026-09-28T00:42:13+00:00,bcycle_lametro_3081,7,5,,1,1,1
2026-09-28T00:42:11.656290+00:00,2026-09-28T00:42:13+00:00,2026-09-28T00:42:13+00:00,bcycle_lametro_3082,13,9,,1,1,1
2026-09-28T00:42:11.656290+00:00,2026-09-28T00:42:13+00:00,2026-09-28T00:42:13+00:00,bcycle_lametro_4202,7,13,,1,1,1
2026-09-28T00:42:11.656290+00:00,2026-09-28T00:42:13+00:00,2026-09-28T00:42:13+00:00,bcycle_lametro_4204,13,3,,1,1,1
2026-09-28T00:42:11.656290+00:00,2026-09-28T00:42:13+00:00,2026-09-28T00:42:13+00:00,bcycle_lametro_4205,3,13,,1,1,1
2026-09-28T00:42:11.656290+00:00,2026-09-28T00:42:13+00:00,2026-09-28T00:42:13+00:00,bcycle_lametro_4206,8,15,,1,1,1
2026-09-28T00:42:11.656290+00:00,2026-09-28T00:42:13+00:00,2026-09-28T00:42:13+00:00,bcycle_lametro_4207,5,14,,1,1,1
2026-09-28T00:42:11.656290+00:00,2026-09-28T00:42:13+00:00,2026-09-28T00:42:13+00:00,bcycle_lametro_4208,7,10,,1,1,1
2026-09-28T00:42:11.656290+00:00,2026-09-28T00:42:13+00:00,2026-09-28T00:42:13+00:00,bcycle_lametro_4209,6,17,,1,1,1
2026-09-28T00:42:11.656290+00:00,2026-09-28T00:42:13+00:00,2026-09-28T00:42:13+00:00,bcycle_lametro_4210,3,12,,1,1,1
2026-09-28T00:42:11.656290+00:00,2026-09-28T00:42:13+00:00,2026-09-28T00:42:13+00:00,bcycle_lametro_4211,6,6,,1,1,1
2026-09-28T00:42:11.656290+00:00,2026-09-28T00:42:13+00:00,2026-09-28T00:42:13+00:00,bcycle_lametro_4212,17,4,,1,1,1
2026-09-28T00:42:11.656290+00:00,2026-09-28T00:42:13+00:00,2026-09-28T00:42:13+00:00,bcycle_lametro_4213,5,10,,1,1,1
2026-09-28T00:42:11.656290+00:00,2026-09-28T00:42:13+00:00,2026-09-28T00:42:13+00:00,bcycle_lametro_4214,1,25,,1,1,1
2026-09-28T00:42:11.656290+00:00,2026-09-28T00:42:13+00:00,2026-09-28T00:42:13+00:00,bcycle_lametro_4215,6,34,,1,1,1
2026-09-28T00:42:11.656290+00:00,2026-09-28T00:42:13+00:00,2026-09-28T00:42:13+00:00,bcycle_lametro_4216,5,14,,1,1,1
2026-09-28T00:42:11.656290+00:00,2026-09-28T00:42:13+00:00,2026-09-28T00:42:13+00:00,bcycle_lametro_4217,3,8,,1,1,1
2026-09-28T00:42:11.656290+00:00,2026-09-28T00:42:13+00:00,2026-09-28T00:42:13+00:00,bcycle_lametro_4220,10,5,,1,1,1
2026-09-28T00:42:11.656290+00:00,2026-09-28T00:42:13+00:00,2026-09-28T00:42:13+00:00,bcycle_lametro_4227,11,5,,1,1,1
2026-09-28T00:42:11.656290+00:00,2026-09-28T00:42:13+00:00,2026-09-28T00:42:13+00:00,bcycle_lametro_4245,7,7,,1,1,1
2026-09-28T00:42:11.656290+00:00,2026-09-28T00:42:13+00:00,2026-09-28T00:42:13+00:00,bcycle_lametro_4246,8,6,,1,1,1
2026-09-28T00:42:11.656290+00:00,2026-09-28T00:42:13+00:00,2026-09-28T00:42:13+00:00,bcycle_lametro_4247,4,4,,1,1,1
2026-09-28T00:42:11.656290+00:00,2026-09-28T00:42:13+00:00,2026-09-28T00:42:13+00:00,bcycle_lametro_4248,6,13,,1,1,1
2026-09-28T00:42:11.656290+00:00,2026-09-28T00:42:13+00:00,2026-09-28T00:42:13+00:00,bcycle_lametro_4249,11,4,,1,1,1
2026-09-28T00:42:11.656290+00:00,2026-09-28T00:42:13+00:00,2026-09-28T00:42:13+00:00,bcycle_lametro_4250,6,9,,1,1,1
2026-09-28T00:42:11.656290+00:00,2026-09-28T00:42:13+00:00,2026-09-28T00:42:13+00:00,bcycle_lametro_4254,6,9,,1,1,1
2026-09-28T00:42:11.656290+00:00,2026-09-28T00:42:13+00:00,2026-09-28T00:42:13+00:00,bcycle_lametro_4255,4,6,,1,1,1
2026-09-28T00:42:11.656290+00:00,2026-09-28T00:42:13+00:00,2026-09-28T00:42:13+00:00,bcycle_lametro_4266,5,10,,1,1,1
2026-09-28T00:42:11.656290+00:00,2026-09-28T00:42:13+00:00,2026-09-28T00:42:13+00:00,bcycle_lametro_4267,6,3,,1,1,1
2026-09-28T00:42:11.656290+00:00,2026-09-28T00:42:13+00:00,2026-09-28T00:42:13+00:00,bcycle_lametro_4273,10,5,,1,1,1
2026-09-28T00:42:11.656290+00:00,2026-09-28T00:42:13+00:00,2026-09-28T00:42:13+00:00,bcycle_lametro_4275,6,9,,1,1,1
2026-09-28T00:42:11.656290+00:00,2026-09-28T00:42:13+00:00,2026-09-28T00:42:13+00:00,bcycle_lametro_4293,4,6,,1,1,1
2026-09-28T00:42:11.656290+00:00,2026-09-28T00:42:13+00:00,2026-09-28T00:42:13+00:00,bcycle_lametro_4300,3,9,,1,1,1
2026-09-28T00:42:11.656290+00:00,2026-09-28T00:42:13+00:00,2026-09-28T00:42:13+00:00,bcycle_lametro_4301,6,4,,1,1,1
2026-09-28T00:42:11.656290+00:00,2026-09-28T00:42:13+00:00,2026-09-28T00:42:13+00:00,bcycle_lametro_4303,4,6,,1,1,1
2026-09-28T00:42:11.656290+00:00,2026-09-28T00:42:13+00:00,2026-09-28T00:42:13+00:00,bcycle_lametro_4304,6,5,,1,1,1
2026-09-28T00:42:11.656290+00:00,2026-09-28T00:42:13+00:00,2026-09-28T00:42:13+00:00,bcycle_lametro_4306,5,8,,1,1,1
2026-09-28T00:42:11.656290+00:00,2026-09-28T00:42:13+00:00,2026-09-28T00:42:13+00:00,bcycle_lametro_4311,5,8,,1,1,1
2026-09-28T00:42:11.656290+00:00,2026-09-28T00:42:13+00:00,2026-09-28T00:42:13+00:00,bcycle_lametro_4312,6,7,,1,1,1
2026-09-28T00:42:11.656290+00:00,2026-09-28T00:42:13+00:00,2026-09-28T00:42:13+00:00,bcycle_lametro_4313,7,5,,1,1,1
2026-09-28T00:42:11.656290+00:00,2026-09-28T00:42:13+00:00,2026-09-28T00:42:13+00:00,bcycle_lametro_4314,2,13,,1,1,1
2026-09-28T00:42:11.656290+00:00,2026-09-28T00:42:13+00:00,2026-09-28T00:42:13+00:00,bcycle_lametro_4315,2,6,,1,1,1
2026-09-28T00:42:11.656290+00:00,2026-09-28T00:42:13+00:00,2026-09-28T00:42:13+00:00,bcycle_lametro_4387,7,9,,1,1,1
2026-09-28T00:42:11.656290+00:00,2026-09-28T00:42:13+00:00,2026-09-28T00:42:13+00:00,bcycle_lametro_4390,5,7,,1,1,1
2026-09-28T00:42:11.656290+00:00,2026-09-28T00:42:13+00:00,2026-09-28T00:42:13+00:00,bcycle_lametro_4401,3,7,,1,1,1
2026-09-28T00:42:11.656290+00:00,2026-09-28T00:42:13+00:00,2026-09-28T00:42:13+00:00,bcycle_lametro_4404,11,4,,1,1,1
2026-09-28T00:42:11.656290+00:00,2026-09-28T00:42:13+00:00,2026-09-28T00:42:13+00:00,bcycle_lametro_4405,8,5,,1,1,1
2026-09-28T00:42:11.656290+00:00,2026-09-28T00:42:13+00:00,2026-09-28T00:42:13+00:00,bcycle_lametro_4406,7,7,,1,1,1
2026-09-28T00:42:11.656290+00:00,2026-09-28T00:42:13+00:00,2026-09-28T00:42:13+00:00,bcycle_lametro_4410,4,8,,1,1,1
2026-09-28T00:42:11.656290+00:00,2026-09-28T00:42:13+00:00,2026-09-28T00:42:13+00:00,bcycle_lametro_4436,3,6,,1,1,1
2026-09-28T00:42:11.656290+00:00,2026-09-28T00:42:13+00:00,2026-09-28T00:42:13+00:00,bcycle_lametro_4437,3,10,,1,1,1
2026-09-28T00:42:11.656290+00:00,2026-09-28T00:42:13+00:00,2026-09-28T00:42:13+00:00,bcycle_lametro_4440,9,9,,1,1,1
2026-09-28T00:42:11.656290+00:00,2026-09-28T00:42:13+00:00,2026-09-28T00:42:13+00:00,bcycle_lametro_4441,3,4,,1,1,1
2026-09-28T00:42:11.656290+00:00,2026-09-28T00:42:13+00:00,2026-09-28T00:42:13+00:00,bcycle_lametro_4442,6,6,,1,1,1
2026-09-28T00:42:11.656290+00:00,2026-09-28T00:42:13+00:00,2026-09-28T00:42:13+00:00,bcycle_lametro_4443,7,1,,1,1,1
2026-09-28T00:42:11.656290+00:00,2026-09-28T00:42:13+00:00,2026-09-28T00:42:13+00:00,bcycle_lametro_4444,0,9,,1,1,1
2026-09-28T00:42:11.656290+00:00,2026-09-28T00:42:13+00:00,2026-09-28T00:42:13+00:00,bcycle_lametro_4445,4,11,,1,1,1
2026-09-28T00:42:11.656290+00:00,2026-09-28T00:42:13+00:00,2026-09-28T00:42:13+00:00,bcycle_lametro_4446,8,0,,1,1,1
2026-09-28T00:42:11.656290+00:00,2026-09-28T00:42:13+00:00,2026-09-28T00:42:13+00:00,bcycle_lametro_4447,6,6,,1,1,1
2026-09-28T00:42:11.656290+00:00,2026-09-28T00:42:13+00:00,2026-09-28T00:42:13+00:00,bcycle_lametro_4448,7,11,,1,1,1
2026-09-28T00:42:11.656290+00:00,2026-09-28T00:42:13+00:00,2026-09-28T00:42:13+00:00,bcycle_lametro_4449,6,7,,1,1,1
2026-09-28T00:42:11.656290+00:00,2026-09-28T00:42:13+00:00,2026-09-28T00:42:13+00:00,bcycle_lametro_4450,5,8,,1,1,1
2026-09-28T00:42:11.656290+00:00,2026-09-28T00:42:13+00:00,2026-09-28T00:42:13+00:00,bcycle_lametro_4451,3,6,,1,1,1
2026-09-28T00:42:11.656290+00:00,2026-09-28T00:42:13+00:00,2026-09-28T00:42:13+00:00,bcycle_lametro_4452,2,8,,1,1,1
2026-09-28T00:42:11.656290+00:00,2026-09-28T00:42:13+00:00,2026-09-28T00:42:13+00:00,bcycle_lametro_4453,3,7,,1,1,1
2026-09-28T00:42:11.656290+00:00,2026-09-28T00:42:13+00:00,2026-09-28T00:42:13+00:00,bcycle_lametro_4454,7,7,,1,1,1
2026-09-28T00:42:11.656290+00:00,2026-09-28T00:42:13+00:00,2026-09-28T00:42:13+00:00,bcycle_lametro_4455,8,7,,1,1,1
2026-09-28T00:42:11.656290+00:00,2026-09-28T00:42:13+00:00,2026-09-28T00:42:13+00:00,bcycle_lametro_4456,9,6,,1,1,1
2026-09-28T00:42:11.656290+00:00,2026-09-28T00:42:13+00:00,2026-09-28T00:42:13+00:00,bcycle_lametro_4457,6,2,,1,1,1
2026-09-28T00:42:11.656290+00:00,2026-09-28T00:42:13+00:00,2026-09-28T00:42:13+00:00,bcycle_lametro_4472,7,9,,1,1,1
2026-09-28T00:42:11.656290+00:00,2026-09-28T00:42:13+00:00,2026-09-28T00:42:13+00:00,bcycle_lametro_4473,5,3,,1,1,1
2026-09-28T00:42:11.656290+00:00,2026-09-28T00:42:13+00:00,2026-09-28T00:42:13+00:00,bcycle_lametro_4474,4,6,,1,1,1
2026-09-28T00:42:11.656290+00:00,2026-09-28T00:42:13+00:00,2026-09-28T00:42:13+00:00,bcycle_lametro_4475,6,5,,1,1,1
2026-09-28T00:42:11.656290+00:00,2026-09-28T00:42:13+00:00,2026-09-28T00:42:13+00:00,bcycle_lametro_4476,4,10,,1,1,1
2026-09-28T00:42:11.656290+00:00,2026-09-28T00:42:13+00:00,2026-09-28T00:42:13+00:00,bcycle_lametro_4477,5,8,,1,1,1
2026-09-28T00:42:11.656290+00:00,2026-09-28T00:42:13+00:00,2026-09-28T00:42:13+00:00,bcycle_lametro_4479,4,8,,1,1,1
2026-09-28T00:42:11.656290+00:00,2026-09-28T00:42:13+00:00,2026-09-28T00:42:13+00:00,bcycle_lametro_4483,5,7,,1,1,1
2026-09-28T00:42:11.656290+00:00,2026-09-28T00:42:13+00:00,2026-09-28T00:42:13+00:00,bcycle_lametro_4487,9,7,,1,1,1
2026-09-28T00:42:11.656290+00:00,2026-09-28T00:42:13+00:00,2026-09-28T00:42:13+00:00,bcycle_lametro_4490,9,6,,1,1,1
2026-09-28T00:42:11.656290+00:00,2026-09-28T00:42:13+00:00,2026-09-28T00:42:13+00:00,bcycle_lametro_4491,10,3,,1,1,1
2026-09-28T00:42:11.656290+00:00,2026-09-28T00:42:13+00:00,2026-09-28T00:42:13+00:00,bcycle_lametro_4492,10,9,,1,1,1
2026-09-28T00:42:11.656290+00:00,2026-09-28T00:42:13+00:00,2026-09-28T00:42:13+00:00,bcycle_lametro_4493,4,12,,1,1,1
2026-09-28T00:42:11.656290+00:00,2026-09-28T00:42:13+00:00,2026-09-28T00:42:13+00:00,bcycle_lametro_4494,6,3,,1,1,1
2026-09-28T00:42:11.656290+00:00,2026-09-28T00:42:13+00:00,2026-09-28T00:42:13+00:00,bcycle_lametro_4509,3,7,,1,1,1
2026-09-28T00:42:11.656290+00:00,2026-09-28T00:42:13+00:00,2026-09-28T00:42:13+00:00,bcycle_lametro_4510,4,6,,1,1,1
2026-09-28T00:42:11.656290+00:00,2026-09-28T00:42:13+00:00,2026-09-28T00:42:13+00:00,bcycle_lametro_4511,8,11,,1,1,1
2026-09-28T00:42:11.656290+00:00,2026-09-28T00:42:13+00:00,2026-09-28T00:42:13+00:00,bcycle_lametro_4512,8,8,,1,1,1
2026-09-28T00:42:11.656290+00:00,2026-09-28T00:42:13+00:00,2026-09-28T00:42:13+00:00,bcycle_lametro_4514,7,14,,1,1,1
2026-09-28T00:42:11.656290+00:00,2026-09-28T00:42:13+00:00,2026-09-28T00:42:13+00:00,bcycle_lametro_4515,7,2,,1,1,1
2026-09-28T00:42:11.656290+00:00,2026-09-28T00:42:13+00:00,2026-09-28T00:42:13+00:00,bcycle_lametro_4517,7,4,,1,1,1
2026-09-28T00:42:11.656290+00:00,2026-09-28T00:42:13+00:00,2026-09-28T00:42:13+00:00,bcycle_lametro_4521,5,7,,1,1,1
2026-09-28T00:42:11.656290+00:00,2026-09-28T00:42:13+00:00,2026-09-28T00:42:13+00:00,bcycle_lametro_4523,12,3,,1,1,1
2026-09-28T00:42:11.656290+00:00,2026-09-28T00:42:13+00:00,2026-09-28T00:42:13+00:00,bcycle_lametro_4524,1,13,,1,1,1
2026-09-28T00:42:11.656290+00:00,2026-09-28T00:42:13+00:00,2026-09-28T00:42:13+00:00,bcycle_lametro_4525,7,4,,1,1,1
2026-09-28T00:42:11.656290+00:00,2026-09-28T00:42:13+00:00,2026-09-28T00:42:13+00:00,bcycle_lametro_4526,4,17,,1,1,1
2026-09-28T00:42:11.656290+00:00,2026-09-28T00:42:13+00:00,2026-09-28T00:42:13+00:00,bcycle_lametro_4527,6,8,,1,1,1
2026-09-28T00:42:11.656290+00:00,2026-09-28T00:42:13+00:00,2026-09-28T00:42:13+00:00,bcycle_lametro_4528,9,5,,1,1,1
2026-09-28T00:42:11.656290+00:00,2026-09-28T00:42:13+00:00,2026-09-28T00:42:13+00:00,bcycle_lametro_4529,5,8,,1,1,1
2026-09-28T00:42:11.656290+00:00,2026-09-28T00:42:13+00:00,2026-09-28T00:42:13+00:00,bcycle_lametro_4534,8,7,,1,1,1
2026-09-28T00:42:11.656290+00:00,2026-09-28T00:42:13+00:00,2026-09-28T00:42:13+00:00,bcycle_lametro_4536,5,5,,1,1,1
2026-09-28T00:42:11.656290+00:00,2026-09-28T00:42:13+00:00,2026-09-28T00:42:13+00:00,bcycle_lametro_4537,5,13,,1,1,1
2026-09-28T00:42:11.656290+00:00,2026-09-28T00:42:13+00:00,2026-09-28T00:42:13+00:00,bcycle_lametro_4538,2,6,,1,1,1
2026-09-28T00:42:11.656290+00:00,2026-09-28T00:42:13+00:00,2026-09-28T00:42:13+00:00,bcycle_lametro_4540,5,9,,1,1,1
2026-09-28T00:42:11.656290+00:00,2026-09-28T00:42:13+00:00,2026-09-28T00:42:13+00:00,bcycle_lametro_4543,6,2,,1,1,1
2026-09-28T00:42:11.656290+00:00,2026-09-28T00:42:13+00:00,2026-09-28T00:42:13+00:00,bcycle_lametro_4544,3,11,,1,1,1
2026-09-28T00:42:11.656290+00:00,2026-09-28T00:42:13+00:00,2026-09-28T00:42:13+00:00,bcycle_lametro_4545,3,5,,1,1,1
2026-09-28T00:42:11.656290+00:00,2026-09-28T00:42:13+00:00,2026-09-28T00:42:13+00:00,bcycle_lametro_4546,10,9,,1,1,1
2026-09-28T00:42:11.656290+00:00,2026-09-28T00:42:13+00:00,2026-09-28T00:42:13+00:00,bcycle_lametro_4547,7,3,,1,1,1
2026-09-28T00:42:11.656290+00:00,2026-09-28T00:42:13+00:00,2026-09-28T00:42:13+00:00,bcycle_lametro_4548,5,7,,1,1,1
2026-09-28T00:42:11.656290+00:00,2026-09-28T00:42:13+00:00,2026-09-28T00:42:13+00:00,bcycle_lametro_4549,11,5,,1,1,1
2026-09-28T00:42:11.656290+00:00,2026-09-28T00:42:13+00:00,2026-09-28T00:42:13+00:00,bcycle_lametro_4552,10,2,,1,1,1
2026-09-28T00:42:11.656290+00:00,2026-09-28T00:42:13+00:00,2026-09-28T00:42:13+00:00,bcycle_lametro_4553,2,7,,1,1,1
2026-09-28T00:42:11.656290+00:00,2026-09-28T00:42:13+00:00,2026-09-28T00:42:13+00:00,bcycle_lametro_4554,5,6,,1,1,1
2026-09-28T00:42:11.656290+00:00,2026-09-28T00:42:13+00:00,2026-09-28T00:42:13+00:00,bcycle_lametro_4555,4,4,,1,1,1
2026-09-28T00:42:11.656290+00:00,2026-09-28T00:42:13+00:00,2026-09-28T00:42:13+00:00,bcycle_lametro_4556,3,10,,1,1,1
2026-09-28T00:42:11.656290+00:00,2026-09-28T00:42:13+00:00,2026-09-28T00:42:13+00:00,bcycle_lametro_4557,4,7,,1,1,1
2026-09-28T00:42:11.656290+00:00,2026-09-28T00:42:13+00:00,2026-09-28T00:42:13+00:00,bcycle_lametro_4558,8,9,,1,1,1
2026-09-28T00:42:11.656290+00:00,2026-09-28T00:42:13+00:00,2026-09-28T00:42:13+00:00,bcycle_lametro_4561,7,2,,1,1,1
2026-09-28T00:42:11.656290+00:00,2026-09-28T00:42:13+00:00,2026-09-28T00:42:13+00:00,bcycle_lametro_4562,8,6,,1,1,1
2026-09-28T00:42:11.656290+00:00,2026-09-28T00:42:13+00:00,2026-09-28T00:42:13+00:00,bcycle_lametro_4563,4,5,,1,1,1
2026-09-28T00:42:11.656290+00:00,2026-09-28T00:42:13+00:00,2026-09-28T00:42:13+00:00,bcycle_lametro_4564,9,6,,1,1,1
2026-09-28T00:42:11.656290+00:00,2026-09-28T00:42:13+00:00,2026-09-28T00:42:13+00:00,bcycle_lametro_4565,2,10,,1,1,1
2026-09-28T00:42:11.656290+00:00,2026-09-28T00:42:13+00:00,2026-09-28T00:42:13+00:00,bcycle_lametro_4566,6,9,,1,1,1
2026-09-28T00:42:11.656290+00:00,2026-09-28T00:42:13+00:00,2026-09-28T00:42:13+00:00,bcycle_lametro_4567,4,7,,1,1,1
2026-09-28T00:42:11.656290+00:00,2026-09-28T00:42:13+00:00,2026-09-28T00:42:13+00:00,bcycle_lametro_4568,7,7,,1,1,1
2026-09-28T00:42:11.656290+00:00,2026-09-28T00:42:13+00:00,2026-09-28T00:42:13+00:00,bcycle_lametro_4569,2,7,,1,1,1
2026-09-28T00:42:11.656290+00:00,2026-09-28T00:42:13+00:00,2026-09-28T00:42:13+00:00,bcycle_lametro_4570,6,9,,1,1,1
2026-09-28T00:42:11.656290+00:00,2026-09-28T00:42:13+00:00,2026-09-28T00:42:13+00:00,bcycle_lametro_4571,4,3,,1,1,1
2026-09-28T00:42:11.656290+00:00,2026-09-28T00:42:13+00:00,2026-09-28T00:42:13+00:00,bcycle_lametro_4575,2,9,,1,1,1
2026-09-28T00:42:11.656290+00:00,2026-09-28T00:42:13+00:00,2026-09-28T00:42:13+00:00,bcycle_lametro_4576,1,10,,1,1,1
2026-09-28T00:42:11.656290+00:00,2026-09-28T00:42:13+00:00,2026-09-28T00:42:13+00:00,bcycle_lametro_4578,3,4,,1,1,1
2026-09-28T00:42:11.656290+00:00,2026-09-28T00:42:13+00:00,2026-09-28T00:42:13+00:00,bcycle_lametro_4579,6,6,,1,1,1
2026-09-28T00:42:11.656290+00:00,2026-09-28T00:42:13+00:00,2026-09-28T00:42:13+00:00,bcycle_lametro_4580,6,2,,1,1,1
2026-09-28T00:42:11.656290+00:00,2026-09-28T00:42:13+00:00,2026-09-28T00:42:13+00:00,bcycle_lametro_4581,5,12,,1,1,1
2026-09-28T00:42:11.656290+00:00,2026-09-28T00:42:13+00:00,2026-09-28T00:42:13+00:00,bcycle_lametro_4583,6,12,,1,1,1
2026-09-28T00:42:11.656290+00:00,2026-09-28T00:42:13+00:00,2026-09-28T00:42:13+00:00,bcycle_lametro_4584,6,8,,1,1,1
2026-09-28T00:42:11.656290+00:00,2026-09-28T00:42:13+00:00,2026-09-28T00:42:13+00:00,bcycle_lametro_4587,8,3,,1,1,1
2026-09-28T00:42:11.656290+00:00,2026-09-28T00:42:13+00:00,2026-09-28T00:42:13+00:00,bcycle_lametro_4595,4,14,,1,1,1
2026-09-28T00:42:11.656290+00:00,2026-09-28T00:42:13+00:00,2026-09-28T00:42:13+00:00,bcycle_lametro_4596,5,10,,1,1,1
2026-09-28T00:42:11.656290+00:00,2026-09-28T00:42:13+00:00,2026-09-28T00:42:13+00:00,bcycle_lametro_4597,3,8,,1,1,1
2026-09-28T00:42:11.656290+00:00,2026-09-28T00:42:13+00:00,2026-09-28T00:42:13+00:00,bcycle_lametro_4598,6,3,,1,1,1
2026-09-28T00:42:11.656290+00:00,2026-09-28T00:42:13+00:00,2026-09-28T00:42:13+00:00,bcycle_lametro_4599,2,10,,1,1,1
2026-09-28T00:42:11.656290+00:00,2026-09-28T00:42:13+00:00,2026-09-28T00:42:13+00:00,bcycle_lametro_4600,4,6,,1,1,1
2026-09-28T00:42:11.656290+00:00,2026-09-28T00:42:13+00:00,2026-09-28T00:42:13+00:00,bcycle_lametro_4601,5,6,,1,1,1
2026-09-28T00:42:11.656290+00:00,2026-09-28T00:42:13+00:00,2026-09-28T00:42:13+00:00,bcycle_lametro_4603,6,12,,1,1,1
2026-09-28T00:42:11.656290+00:00,2026-09-28T00:42:13+00:00,2026-09-28T00:42:13+00:00,bcycle_lametro_4604,7,5,,1,1,1
2026-09-28T00:42:11.656290+00:00,2026-09-28T00:42:13+00:00,2026-09-28T00:42:13+00:00,bcycle_lametro_4605,8,5,,1,1,1
2026-09-28T00:42:11.656290+00:00,2026-09-28T00:42:13+00:00,2026-09-28T00:42:13+00:00,bcycle_lametro_4606,2,18,,1,1,1
2026-09-28T00:42:11.656290+00:00,2026-09-28T00:42:13+00:00,2026-09-28T00:42:13+00:00,bcycle_lametro_4613,5,13,,1,1,1
2026-09-28T00:42:11.656290+00:00,2026-09-28T00:42:13+00:00,2026-09-28T00:42:13+00:00,bcycle_lametro_4614,3,17,,1,1,1
2026-09-28T00:42:11.656290+00:00,2026-09-28T00:42:13+00:00,2026-09-28T00:42:13+00:00,bcycle_lametro_4627,1,16,,1,1,1
2026-09-28T00:42:11.656290+00:00,2026-09-28T00:42:13+00:00,2026-09-28T00:42:13+00:00,bcycle_lametro_4628,8,5,,1,1,1
2026-09-28T00:42:11.656290+00:00,2026-09-28T00:42:13+00:00,2026-09-28T00:42:13+00:00,bcycle_lametro_4632,7,8,,1,1,1
2026-09-28T00:42:11.656290+00:00,2026-09-28T00:42:13+00:00,2026-09-28T00:42:13+00:00,bcycle_lametro_4643,3,17,,1,1,1
2026-09-28T00:42:11.656290+00:00,2026-09-28T00:42:13+00:00,2026-09-28T00:42:13+00:00,bcycle_lametro_4644,5,7,,1,1,1
2026-09-28T00:42:11.656290+00:00,2026-09-28T00:42:13+00:00,2026-09-28T00:42:13+00:00,bcycle_lametro_4645,6,6,,1,1,1
2026-09-28T00:42:11.656290+00:00,2026-09-28T00:42:13+00:00,2026-09-28T00:42:13+00:00,bcycle_lametro_4652,2,9,,1,1,1
2026-09-28T00:42:11.656290+00:00,2026-09-28T00:42:13+00:00,2026-09-28T00:42:13+00:00,bcycle_lametro_4660,2,15,,1,1,1
2026-09-28T00:42:11.656290+00:00,2026-09-28T00:42:13+00:00,2026-09-28T00:42:13+00:00,bcycle_lametro_4664,10,10,,1,1,1
2026-09-28T00:42:11.656290+00:00,2026-09-28T00:42:13+00:00,2026-09-28T00:42:13+00:00,bcycle_lametro_4672,8,7,,1,1,1
2026-09-28T00:42:11.656290+00:00,2026-09-28T00:42:13+00:00,2026-09-28T00:42:13+00:00,bcycle_lametro_4680,8,10,,1,1,1
2026-09-28T00:42:11.656290+00:00,2026-09-28T00:42:13+00:00,2026-09-28T00:42:13+00:00,bcycle_lametro_4689,10,5,,1,1,1
2026-09-28T00:42:11.656290+00:00,2026-09-28T00:42:13+00:00,2026-09-28T00:42:13+00:00,bcycle_lametro_4690,12,2,,1,1,1
2026-09-28T00:42:11.656290+00:00,2026-09-28T00:42:13+00:00,2026-09-28T00:42:13+00:00,bcycle_lametro_4696,8,6,,1,1,1
2026-09-28T00:42:11.656290+00:00,2026-09-28T00:42:13+00:00,2026-09-28T00:42:13+00:00,bcycle_lametro_4697,7,8,,1,1,1
2026-09-28T00:42:11.656290+00:00,2026-09-28T00:42:13+00:00,2026-09-28T00:42:13+00:00,bcycle_lametro_4698,9,4,,1,1,1
2026-09-28T00:42:11.656290+00:00,2026-09-28T00:42:13+00:00,2026-09-28T00:42:13+00:00,bcycle_lametro_4699,7,8,,1,1,1
2026-09-28T00:42:11.656290+00:00,2026-09-28T00:42:13+00:00,2026-09-28T00:42:13+00:00,bcycle_lametro_4700,10,7,,1,1,1
2026-09-28T00:42:11.656290+00:00,2026-09-28T00:42:13+00:00,2026-09-28T00:42:13+00:00,bcycle_lametro_4707,5,8,,1,1,1
2026-09-28T00:42:11.656290+00:00,2026-09-28T00:42:13+00:00,2026-09-28T00:42:13+00:00,bcycle_lametro_4729,4,9,,1,1,1
2026-09-28T00:42:11.656290+00:00,2026-09-28T00:42:13+00:00,2026-09-28T00:42:13+00:00,bcycle_lametro_4730,10,3,,1,1,1
2026-09-28T00:42:11.656290+00:00,2026-09-28T00:42:13+00:00,2026-09-28T00:42:13+00:00,bcycle_lametro_4732,7,14,,1,1,1
2026-09-28T00:42:11.656290+00:00,2026-09-28T00:42:13+00:00,2026-09-28T00:42:13+00:00,bcycle_lametro_4733,0,22,,1,1,1
2026-09-28T00:42:11.656290+00:00,2026-09-28T00:42:13+00:00,2026-09-28T00:42:13+00:00,bcycle_lametro_4734,3,12,,1,1,1
2026-09-28T00:42:11.656290+00:00,2026-09-28T00:42:13+00:00,2026-09-28T00:42:13+00:00,bcycle_lametro_4735,8,4,,1,1,1
2026-09-28T00:42:11.656290+00:00,2026-09-28T00:42:13+00:00,2026-09-28T00:42:13+00:00,bcycle_lametro_4736,6,9,,1,1,1
2026-09-28T00:42:11.656290+00:00,2026-09-28T00:42:13+00:00,2026-09-28T00:42:13+00:00,bcycle_lametro_4740,15,6,,1,1,1
2026-09-28T00:42:11.656290+00:00,2026-09-28T00:42:13+00:00,2026-09-28T00:42:13+00:00,bcycle_lametro_4745,3,8,,1,1,1
2026-09-28T05:54:37.693121+00:00,2026-09-28T05:53:51+00:00,2026-09-28T05:53:51+00:00,bcycle_lametro_3005,11,19,,1,1,1
2026-09-28T05:54:37.693121+00:00,2026-09-28T05:53:51+00:00,2026-09-28T05:53:51+00:00,bcycle_lametro_3006,16,13,,1,1,1
2026-09-28T05:54:37.693121+00:00,2026-09-28T05:53:51+00:00,2026-09-28T05:53:51+00:00,bcycle_lametro_3007,6,16,,1,1,1
2026-09-28T05:54:37.693121+00:00,2026-09-28T05:53:51+00:00,2026-09-28T05:53:51+00:00,bcycle_lametro_3008,8,7,,1,1,1
2026-09-28T05:54:37.693121+00:00,2026-09-28T05:53:51+00:00,2026-09-28T05:53:51+00:00,bcycle_lametro_3010,10,5,,1,1,1
2026-09-28T05:54:37.693121+00:00,2026-09-28T05:53:51+00:00,2026-09-28T05:53:51+00:00,bcycle_lametro_3011,6,10,,1,1,1
2026-09-28T05:54:37.693121+00:00,2026-09-28T05:53:51+00:00,2026-09-28T05:53:51+00:00,bcycle_lametro_3014,14,13,,1,1,1
2026-09-28T05:54:37.693121+00:00,2026-09-28T05:53:51+00:00,2026-09-28T05:53:51+00:00,bcycle_lametro_3016,2,13,,1,1,1
2026-09-28T05:54:37.693121+00:00,2026-09-28T05:53:51+00:00,2026-09-28T05:53:51+00:00,bcycle_lametro_3018,15,3,,1,1,1
2026-09-28T05:54:37.693121+00:00,2026-09-28T05:53:51+00:00,2026-09-28T05:53:51+00:00,bcycle_lametro_3019,8,11,,1,1,1
2026-09-28T05:54:37.693121+00:00,2026-09-28T05:53:51+00:00,2026-09-28T05:53:51+00:00,bcycle_lametro_3020,5,10,,1,1,1
2026-09-28T05:54:37.693121+00:00,2026-09-28T05:53:51+00:00,2026-09-28T05:53:51+00:00,bcycle_lametro_3022,6,14,,1,1,1
2026-09-28T05:54:37.693121+00:00,2026-09-28T05:53:51+00:00,2026-09-28T05:53:51+00:00,bcycle_lametro_3024,4,11,,1,1,1
2026-09-28T05:54:37.693121+00:00,2026-09-28T05:53:51+00:00,2026-09-28T05:53:51+00:00,bcycle_lametro_3025,10,4,,1,1,1
2026-09-28T05:54:37.693121+00:00,2026-09-28T05:53:51+00:00,2026-09-28T05:53:51+00:00,bcycle_lametro_3026,7,8,,1,1,1
2026-09-28T05:54:37.693121+00:00,2026-09-28T05:53:51+00:00,2026-09-28T05:53:51+00:00,bcycle_lametro_3027,6,9,,1,1,1
2026-09-28T05:54:37.693121+00:00,2026-09-28T05:53:51+00:00,2026-09-28T05:53:51+00:00,bcycle_lametro_3030,12,17,,1,1,1
2026-09-28T05:54:37.693121+00:00,2026-09-28T05:53:51+00:00,2026-09-28T05:53:51+00:00,bcycle_lametro_3032,10,17,,1,1,1
2026-09-28T05:54:37.693121+00:00,2026-09-28T05:53:51+00:00,2026-09-28T05:53:51+00:00,bcycle_lametro_3033,4,11,,1,1,1
2026-09-28T05:54:37.693121+00:00,2026-09-28T05:53:51+00:00,2026-09-28T05:53:51+00:00,bcycle_lametro_3034,13,9,,1,1,1
2026-09-28T05:54:37.693121+00:00,2026-09-28T05:53:51+00:00,2026-09-28T05:53:51+00:00,bcycle_lametro_3035,12,11,,1,1,1
2026-09-28T05:54:37.693121+00:00,2026-09-28T05:53:51+00:00,2026-09-28T05:53:51+00:00,bcycle_lametro_3036,6,9,,1,1,1
2026-09-28T05:54:37.693121+00:00,2026-09-28T05:53:51+00:00,2026-09-28T05:53:51+00:00,bcycle_lametro_3037,8,9,,1,1,1
2026-09-28T05:54:37.693121+00:00,2026-09-28T05:53:51+00:00,2026-09-28T05:53:51+00:00,bcycle_lametro_3040,1,2,,1,1,1
2026-09-28T05:54:37.693121+00:00,2026-09-28T05:53:51+00:00,2026-09-28T05:53:51+00:00,bcycle_lametro_3042,19,8,,1,1,1
2026-09-28T05:54:37.693121+00:00,2026-09-28T05:53:51+00:00,2026-09-28T05:53:51+00:00,bcycle_lametro_3045,3,7,,1,1,1
2026-09-28T05:54:37.693121+00:00,2026-09-28T05:53:51+00:00,2026-09-28T05:53:51+00:00,bcycle_lametro_3046,9,8,,1,1,1
2026-09-28T05:54:37.693121+00:00,2026-09-28T05:53:51+00:00,2026-09-28T05:53:51+00:00,bcycle_lametro_3047,15,10,,1,1,1
2026-09-28T05:54:37.693121+00:00,2026-09-28T05:53:51+00:00,2026-09-28T05:53:51+00:00,bcycle_lametro_3048,3,13,,1,1,1
2026-09-28T05:54:37.693121+00:00,2026-09-28T05:53:51+00:00,2026-09-28T05:53:51+00:00,bcycle_lametro_3052,8,14,,1,1,1
2026-09-28T05:54:37.693121+00:00,2026-09-28T05:53:51+00:00,2026-09-28T05:53:51+00:00,bcycle_lametro_3054,5,10,,1,1,1
2026-09-28T05:54:37.693121+00:00,2026-09-28T05:53:51+00:00,2026-09-28T05:53:51+00:00,bcycle_lametro_3056,8,7,,1,1,1
2026-09-28T05:54:37.693121+00:00,2026-09-28T05:53:51+00:00,2026-09-28T05:53:51+00:00,bcycle_lametro_3058,9,6,,1,1,1
2026-09-28T05:54:37.693121+00:00,2026-09-28T05:53:51+00:00,2026-09-28T05:53:51+00:00,bcycle_lametro_3062,2,13,,1,1,1
2026-09-28T05:54:37.693121+00:00,2026-09-28T05:53:51+00:00,2026-09-28T05:53:51+00:00,bcycle_lametro_3063,2,20,,1,1,1
2026-09-28T05:54:37.693121+00:00,2026-09-28T05:53:51+00:00,2026-09-28T05:53:51+00:00,bcycle_lametro_3064,10,7,,1,1,1
2026-09-28T05:54:37.693121+00:00,2026-09-28T05:53:51+00:00,2026-09-28T05:53:51+00:00,bcycle_lametro_3065,5,10,,1,1,1
2026-09-28T05:54:37.693121+00:00,2026-09-28T05:53:51+00:00,2026-09-28T05:53:51+00:00,bcycle_lametro_3066,8,7,,1,1,1
2026-09-28T05:54:37.693121+00:00,2026-09-28T05:53:51+00:00,2026-09-28T05:53:51+00:00,bcycle_lametro_3068,7,7,,1,1,1
2026-09-28T05:54:37.693121+00:00,2026-09-28T05:53:51+00:00,2026-09-28T05:53:51+00:00,bcycle_lametro_3069,7,10,,1,1,1
2026-09-28T05:54:37.693121+00:00,2026-09-28T05:53:51+00:00,2026-09-28T05:53:51+00:00,bcycle_lametro_3074,6,16,,1,1,1
2026-09-28T05:54:37.693121+00:00,2026-09-28T05:53:51+00:00,2026-09-28T05:53:51+00:00,bcycle_lametro_3075,11,5,,1,1,1
2026-09-28T05:54:37.693121+00:00,2026-09-28T05:53:51+00:00,2026-09-28T05:53:51+00:00,bcycle_lametro_3076,3,9,,1,1,1
2026-09-28T05:54:37.693121+00:00,2026-09-28T05:53:51+00:00,2026-09-28T05:53:51+00:00,bcycle_lametro_3077,6,7,,1,1,1
2026-09-28T05:54:37.693121+00:00,2026-09-28T05:53:51+00:00,2026-09-28T05:53:51+00:00,bcycle_lametro_3078,9,6,,1,1,1
2026-09-28T05:54:37.693121+00:00,2026-09-28T05:53:51+00:00,2026-09-28T05:53:51+00:00,bcycle_lametro_3079,3,11,,1,1,1
2026-09-28T05:54:37.693121+00:00,2026-09-28T05:53:51+00:00,2026-09-28T05:53:51+00:00,bcycle_lametro_3081,7,5,,1,1,1
2026-09-28T05:54:37.693121+00:00,2026-09-28T05:53:51+00:00,2026-09-28T05:53:51+00:00,bcycle_lametro_3082,11,11,,1,1,1
2026-09-28T05:54:37.693121+00:00,2026-09-28T05:53:51+00:00,2026-09-28T05:53:51+00:00,bcycle_lametro_4202,7,13,,1,1,1
2026-09-28T05:54:37.693121+00:00,2026-09-28T05:53:51+00:00,2026-09-28T05:53:51+00:00,bcycle_lametro_4204,12,4,,1,1,1
2026-09-28T05:54:37.693121+00:00,2026-09-28T05:53:51+00:00,2026-09-28T05:53:51+00:00,bcycle_lametro_4205,3,13,,1,1,1
2026-09-28T05:54:37.693121+00:00,2026-09-28T05:53:51+00:00,2026-09-28T05:53:51+00:00,bcycle_lametro_4206,10,13,,1,1,1
2026-09-28T05:54:37.693121+00:00,2026-09-28T05:53:51+00:00,2026-09-28T05:53:51+00:00,bcycle_lametro_4207,5,14,,1,1,1
2026-09-28T05:54:37.693121+00:00,2026-09-28T05:53:51+00:00,2026-09-28T05:53:51+00:00,bcycle_lametro_4208,8,9,,1,1,1
2026-09-28T05:54:37.693121+00:00,2026-09-28T05:53:51+00:00,2026-09-28T05:53:51+00:00,bcycle_lametro_4209,6,17,,1,1,1
2026-09-28T05:54:37.693121+00:00,2026-09-28T05:53:51+00:00,2026-09-28T05:53:51+00:00,bcycle_lametro_4210,6,9,,1,1,1
2026-09-28T05:54:37.693121+00:00,2026-09-28T05:53:51+00:00,2026-09-28T05:53:51+00:00,bcycle_lametro_4211,5,7,,1,1,1
2026-09-28T05:54:37.693121+00:00,2026-09-28T05:53:51+00:00,2026-09-28T05:53:51+00:00,bcycle_lametro_4212,10,11,,1,1,1
2026-09-28T05:54:37.693121+00:00,2026-09-28T05:53:51+00:00,2026-09-28T05:53:51+00:00,bcycle_lametro_4213,6,9,,1,1,1
2026-09-28T05:54:37.693121+00:00,2026-09-28T05:53:51+00:00,2026-09-28T05:53:51+00:00,bcycle_lametro_4214,12,14,,1,1,1
2026-09-28T05:54:37.693121+00:00,2026-09-28T05:53:51+00:00,2026-09-28T05:53:51+00:00,bcycle_lametro_4215,11,29,,1,1,1
2026-09-28T05:54:37.693121+00:00,2026-09-28T05:53:51+00:00,2026-09-28T05:53:51+00:00,bcycle_lametro_4216,7,12,,1,1,1
2026-09-28T05:54:37.693121+00:00,2026-09-28T05:53:51+00:00,2026-09-28T05:53:51+00:00,bcycle_lametro_4217,5,6,,1,1,1
2026-09-28T05:54:37.693121+00:00,2026-09-28T05:53:51+00:00,2026-09-28T05:53:51+00:00,bcycle_lametro_4220,8,7,,1,1,1
2026-09-28T05:54:37.693121+00:00,2026-09-28T05:53:51+00:00,2026-09-28T05:53:51+00:00,bcycle_lametro_4227,11,5,,1,1,1
2026-09-28T05:54:37.693121+00:00,2026-09-28T05:53:51+00:00,2026-09-28T05:53:51+00:00,bcycle_lametro_4245,5,9,,1,1,1
2026-09-28T05:54:37.693121+00:00,2026-09-28T05:53:51+00:00,2026-09-28T05:53:51+00:00,bcycle_lametro_4246,8,6,,1,1,1
2026-09-28T05:54:37.693121+00:00,2026-09-28T05:53:51+00:00,2026-09-28T05:53:51+00:00,bcycle_lametro_4247,4,4,,1,1,1
2026-09-28T05:54:37.693121+00:00,2026-09-28T05:53:51+00:00,2026-09-28T05:53:51+00:00,bcycle_lametro_4248,6,13,,1,1,1
2026-09-28T05:54:37.693121+00:00,2026-09-28T05:53:51+00:00,2026-09-28T05:53:51+00:00,bcycle_lametro_4249,12,3,,1,1,1
2026-09-28T05:54:37.693121+00:00,2026-09-28T05:53:51+00:00,2026-09-28T05:53:51+00:00,bcycle_lametro_4250,7,8,,1,1,1
2026-09-28T05:54:37.693121+00:00,2026-09-28T05:53:51+00:00,2026-09-28T05:53:51+00:00,bcycle_lametro_4254,7,8,,1,1,1
2026-09-28T05:54:37.693121+00:00,2026-09-28T05:53:51+00:00,2026-09-28T05:53:51+00:00,bcycle_lametro_4255,4,6,,1,1,1
2026-09-28T05:54:37.693121+00:00,2026-09-28T05:53:51+00:00,2026-09-28T05:53:51+00:00,bcycle_lametro_4266,6,9,,1,1,1
2026-09-28T05:54:37.693121+00:00,2026-09-28T05:53:51+00:00,2026-09-28T05:53:51+00:00,bcycle_lametro_4267,6,3,,1,1,1
2026-09-28T05:54:37.693121+00:00,2026-09-28T05:53:51+00:00,2026-09-28T05:53:51+00:00,bcycle_lametro_4273,9,6,,1,1,1
2026-09-28T05:54:37.693121+00:00,2026-09-28T05:53:51+00:00,2026-09-28T05:53:51+00:00,bcycle_lametro_4275,7,8,,1,1,1
2026-09-28T05:54:37.693121+00:00,2026-09-28T05:53:51+00:00,2026-09-28T05:53:51+00:00,bcycle_lametro_4293,4,6,,1,1,1
2026-09-28T05:54:37.693121+00:00,2026-09-28T05:53:51+00:00,2026-09-28T05:53:51+00:00,bcycle_lametro_4300,3,9,,1,1,1
2026-09-28T05:54:37.693121+00:00,2026-09-28T05:53:51+00:00,2026-09-28T05:53:51+00:00,bcycle_lametro_4301,6,4,,1,1,1
2026-09-28T05:54:37.693121+00:00,2026-09-28T05:53:51+00:00,2026-09-28T05:53:51+00:00,bcycle_lametro_4303,4,6,,1,1,1
2026-09-28T05:54:37.693121+00:00,2026-09-28T05:53:51+00:00,2026-09-28T05:53:51+00:00,bcycle_lametro_4304,5,6,,1,1,1
2026-09-28T05:54:37.693121+00:00,2026-09-28T05:53:51+00:00,2026-09-28T05:53:51+00:00,bcycle_lametro_4306,5,8,,1,1,1
2026-09-28T05:54:37.693121+00:00,2026-09-28T05:53:51+00:00,2026-09-28T05:53:51+00:00,bcycle_lametro_4311,4,9,,1,1,1
2026-09-28T05:54:37.693121+00:00,2026-09-28T05:53:51+00:00,2026-09-28T05:53:51+00:00,bcycle_lametro_4312,7,6,,1,1,1
2026-09-28T05:54:37.693121+00:00,2026-09-28T05:53:51+00:00,2026-09-28T05:53:51+00:00,bcycle_lametro_4313,6,6,,1,1,1
2026-09-28T05:54:37.693121+00:00,2026-09-28T05:53:51+00:00,2026-09-28T05:53:51+00:00,bcycle_lametro_4314,3,12,,1,1,1
2026-09-28T05:54:37.693121+00:00,2026-09-28T05:53:51+00:00,2026-09-28T05:53:51+00:00,bcycle_lametro_4315,4,4,,1,1,1
2026-09-28T05:54:37.693121+00:00,2026-09-28T05:53:51+00:00,2026-09-28T05:53:51+00:00,bcycle_lametro_4387,7,9,,1,1,1
2026-09-28T05:54:37.693121+00:00,2026-09-28T05:53:51+00:00,2026-09-28T05:53:51+00:00,bcycle_lametro_4390,6,6,,1,1,1
2026-09-28T05:54:37.693121+00:00,2026-09-28T05:53:51+00:00,2026-09-28T05:53:51+00:00,bcycle_lametro_4401,3,7,,1,1,1
2026-09-28T05:54:37.693121+00:00,2026-09-28T05:53:51+00:00,2026-09-28T05:53:51+00:00,bcycle_lametro_4404,11,4,,1,1,1
2026-09-28T05:54:37.693121+00:00,2026-09-28T05:53:51+00:00,2026-09-28T05:53:51+00:00,bcycle_lametro_4405,8,5,,1,1,1
2026-09-28T05:54:37.693121+00:00,2026-09-28T05:53:51+00:00,2026-09-28T05:53:51+00:00,bcycle_lametro_4406,5,9,,1,1,1
2026-09-28T05:54:37.693121+00:00,2026-09-28T05:53:51+00:00,2026-09-28T05:53:51+00:00,bcycle_lametro_4410,3,9,,1,1,1
2026-09-28T05:54:37.693121+00:00,2026-09-28T05:53:51+00:00,2026-09-28T05:53:51+00:00,bcycle_lametro_4436,3,6,,1,1,1
2026-09-28T05:54:37.693121+00:00,2026-09-28T05:53:51+00:00,2026-09-28T05:53:51+00:00,bcycle_lametro_4437,3,10,,1,1,1
2026-09-28T05:54:37.693121+00:00,2026-09-28T05:53:51+00:00,2026-09-28T05:53:51+00:00,bcycle_lametro_4440,7,11,,1,1,1
2026-09-28T05:54:37.693121+00:00,2026-09-28T05:53:51+00:00,2026-09-28T05:53:51+00:00,bcycle_lametro_4441,4,3,,1,1,1
2026-09-28T05:54:37.693121+00:00,2026-09-28T05:53:51+00:00,2026-09-28T05:53:51+00:00,bcycle_lametro_4442,7,5,,1,1,1
2026-09-28T05:54:37.693121+00:00,2026-09-28T05:53:51+00:00,2026-09-28T05:53:51+00:00,bcycle_lametro_4443,7,1,,1,1,1
2026-09-28T05:54:37.693121+00:00,2026-09-28T05:53:51+00:00,2026-09-28T05:53:51+00:00,bcycle_lametro_4444,2,7,,1,1,1
2026-09-28T05:54:37.693121+00:00,2026-09-28T05:53:51+00:00,2026-09-28T05:53:51+00:00,bcycle_lametro_4445,4,11,,1,1,1
2026-09-28T05:54:37.693121+00:00,2026-09-28T05:53:51+00:00,2026-09-28T05:53:51+00:00,bcycle_lametro_4446,8,0,,1,1,1
2026-09-28T05:54:37.693121+00:00,2026-09-28T05:53:51+00:00,2026-09-28T05:53:51+00:00,bcycle_lametro_4447,6,6,,1,1,1
2026-09-28T05:54:37.693121+00:00,2026-09-28T05:53:51+00:00,2026-09-28T05:53:51+00:00,bcycle_lametro_4448,7,11,,1,1,1
2026-09-28T05:54:37.693121+00:00,2026-09-28T05:53:51+00:00,2026-09-28T05:53:51+00:00,bcycle_lametro_4449,8,5,,1,1,1
2026-09-28T05:54:37.693121+00:00,2026-09-28T05:53:51+00:00,2026-09-28T05:53:51+00:00,bcycle_lametro_4450,5,8,,1,1,1
2026-09-28T05:54:37.693121+00:00,2026-09-28T05:53:51+00:00,2026-09-28T05:53:51+00:00,bcycle_lametro_4451,3,6,,1,1,1
2026-09-28T05:54:37.693121+00:00,2026-09-28T05:53:51+00:00,2026-09-28T05:53:51+00:00,bcycle_lametro_4452,2,8,,1,1,1
2026-09-28T05:54:37.693121+00:00,2026-09-28T05:53:51+00:00,2026-09-28T05:53:51+00:00,bcycle_lametro_4453,3,7,,1,1,1
2026-09-28T05:54:37.693121+00:00,2026-09-28T05:53:51+00:00,2026-09-28T05:53:51+00:00,bcycle_lametro_4454,8,6,,1,1,1
2026-09-28T05:54:37.693121+00:00,2026-09-28T05:53:51+00:00,2026-09-28T05:53:51+00:00,bcycle_lametro_4455,8,7,,1,1,1
2026-09-28T05:54:37.693121+00:00,2026-09-28T05:53:51+00:00,2026-09-28T05:53:51+00:00,bcycle_lametro_4456,9,6,,1,1,1
2026-09-28T05:54:37.693121+00:00,2026-09-28T05:53:51+00:00,2026-09-28T05:53:51+00:00,bcycle_lametro_4457,6,2,,1,1,1
2026-09-28T05:54:37.693121+00:00,2026-09-28T05:53:51+00:00,2026-09-28T05:53:51+00:00,bcycle_lametro_4472,7,9,,1,1,1
2026-09-28T05:54:37.693121+00:00,2026-09-28T05:53:51+00:00,2026-09-28T05:53:51+00:00,bcycle_lametro_4473,5,3,,1,1,1
2026-09-28T05:54:37.693121+00:00,2026-09-28T05:53:51+00:00,2026-09-28T05:53:51+00:00,bcycle_lametro_4474,4,6,,1,1,1
2026-09-28T05:54:37.693121+00:00,2026-09-28T05:53:51+00:00,2026-09-28T05:53:51+00:00,bcycle_lametro_4475,7,4,,1,1,1
2026-09-28T05:54:37.693121+00:00,2026-09-28T05:53:51+00:00,2026-09-28T05:53:51+00:00,bcycle_lametro_4476,4,10,,1,1,1
2026-09-28T05:54:37.693121+00:00,2026-09-28T05:53:51+00:00,2026-09-28T05:53:51+00:00,bcycle_lametro_4477,4,9,,1,1,1
2026-09-28T05:54:37.693121+00:00,2026-09-28T05:53:51+00:00,2026-09-28T05:53:51+00:00,bcycle_lametro_4479,4,8,,1,1,1
2026-09-28T05:54:37.693121+00:00,2026-09-28T05:53:51+00:00,2026-09-28T05:53:51+00:00,bcycle_lametro_4483,5,7,,1,1,1
2026-09-28T05:54:37.693121+00:00,2026-09-28T05:53:51+00:00,2026-09-28T05:53:51+00:00,bcycle_lametro_4487,10,6,,1,1,1
2026-09-28T05:54:37.693121+00:00,2026-09-28T05:53:51+00:00,2026-09-28T05:53:51+00:00,bcycle_lametro_4490,9,6,,1,1,1
2026-09-28T05:54:37.693121+00:00,2026-09-28T05:53:51+00:00,2026-09-28T05:53:51+00:00,bcycle_lametro_4491,9,4,,1,1,1
2026-09-28T05:54:37.693121+00:00,2026-09-28T05:53:51+00:00,2026-09-28T05:53:51+00:00,bcycle_lametro_4492,10,9,,1,1,1
2026-09-28T05:54:37.693121+00:00,2026-09-28T05:53:51+00:00,2026-09-28T05:53:51+00:00,bcycle_lametro_4493,5,11,,1,1,1
2026-09-28T05:54:37.693121+00:00,2026-09-28T05:53:51+00:00,2026-09-28T05:53:51+00:00,bcycle_lametro_4494,6,3,,1,1,1
2026-09-28T05:54:37.693121+00:00,2026-09-28T05:53:51+00:00,2026-09-28T05:53:51+00:00,bcycle_lametro_4509,3,7,,1,1,1
2026-09-28T05:54:37.693121+00:00,2026-09-28T05:53:51+00:00,2026-09-28T05:53:51+00:00,bcycle_lametro_4510,4,6,,1,1,1
2026-09-28T05:54:37.693121+00:00,2026-09-28T05:53:51+00:00,2026-09-28T05:53:51+00:00,bcycle_lametro_4511,8,11,,1,1,1
2026-09-28T05:54:37.693121+00:00,2026-09-28T05:53:51+00:00,2026-09-28T05:53:51+00:00,bcycle_lametro_4512,8,8,,1,1,1
2026-09-28T05:54:37.693121+00:00,2026-09-28T05:53:51+00:00,2026-09-28T05:53:51+00:00,bcycle_lametro_4514,9,12,,1,1,1
2026-09-28T05:54:37.693121+00:00,2026-09-28T05:53:51+00:00,2026-09-28T05:53:51+00:00,bcycle_lametro_4515,6,3,,1,1,1
2026-09-28T05:54:37.693121+00:00,2026-09-28T05:53:51+00:00,2026-09-28T05:53:51+00:00,bcycle_lametro_4517,7,4,,1,1,1
2026-09-28T05:54:37.693121+00:00,2026-09-28T05:53:51+00:00,2026-09-28T05:53:51+00:00,bcycle_lametro_4521,8,4,,1,1,1
2026-09-28T05:54:37.693121+00:00,2026-09-28T05:53:51+00:00,2026-09-28T05:53:51+00:00,bcycle_lametro_4523,13,2,,1,1,1
2026-09-28T05:54:37.693121+00:00,2026-09-28T05:53:51+00:00,2026-09-28T05:53:51+00:00,bcycle_lametro_4524,3,11,,1,1,1
2026-09-28T05:54:37.693121+00:00,2026-09-28T05:53:51+00:00,2026-09-28T05:53:51+00:00,bcycle_lametro_4525,7,4,,1,1,1
2026-09-28T05:54:37.693121+00:00,2026-09-28T05:53:51+00:00,2026-09-28T05:53:51+00:00,bcycle_lametro_4526,4,17,,1,1,1
2026-09-28T05:54:37.693121+00:00,2026-09-28T05:53:51+00:00,2026-09-28T05:53:51+00:00,bcycle_lametro_4527,7,7,,1,1,1
2026-09-28T05:54:37.693121+00:00,2026-09-28T05:53:51+00:00,2026-09-28T05:53:51+00:00,bcycle_lametro_4528,10,4,,1,1,1
2026-09-28T05:54:37.693121+00:00,2026-09-28T05:53:51+00:00,2026-09-28T05:53:51+00:00,bcycle_lametro_4529,4,9,,1,1,1
2026-09-28T05:54:37.693121+00:00,2026-09-28T05:53:51+00:00,2026-09-28T05:53:51+00:00,bcycle_lametro_4534,8,7,,1,1,1
2026-09-28T05:54:37.693121+00:00,2026-09-28T05:53:51+00:00,2026-09-28T05:53:51+00:00,bcycle_lametro_4536,2,8,,1,1,1
2026-09-28T05:54:37.693121+00:00,2026-09-28T05:53:51+00:00,2026-09-28T05:53:51+00:00,bcycle_lametro_4537,5,13,,1,1,1
2026-09-28T05:54:37.693121+00:00,2026-09-28T05:53:51+00:00,2026-09-28T05:53:51+00:00,bcycle_lametro_4538,2,6,,1,1,1
2026-09-28T05:54:37.693121+00:00,2026-09-28T05:53:51+00:00,2026-09-28T05:53:51+00:00,bcycle_lametro_4540,5,9,,1,1,1
2026-09-28T05:54:37.693121+00:00,2026-09-28T05:53:51+00:00,2026-09-28T05:53:51+00:00,bcycle_lametro_4543,8,0,,1,1,1
2026-09-28T05:54:37.693121+00:00,2026-09-28T05:53:51+00:00,2026-09-28T05:53:51+00:00,bcycle_lametro_4544,6,8,,1,1,1
2026-09-28T05:54:37.693121+00:00,2026-09-28T05:53:51+00:00,2026-09-28T05:53:51+00:00,bcycle_lametro_4545,3,5,,1,1,1
2026-09-28T05:54:37.693121+00:00,2026-09-28T05:53:51+00:00,2026-09-28T05:53:51+00:00,bcycle_lametro_4546,12,7,,1,1,1
2026-09-28T05:54:37.693121+00:00,2026-09-28T05:53:51+00:00,2026-09-28T05:53:51+00:00,bcycle_lametro_4547,4,6,,1,1,1
2026-09-28T05:54:37.693121+00:00,2026-09-28T05:53:51+00:00,2026-09-28T05:53:51+00:00,bcycle_lametro_4548,4,8,,1,1,1
2026-09-28T05:54:37.693121+00:00,2026-09-28T05:53:51+00:00,2026-09-28T05:53:51+00:00,bcycle_lametro_4549,11,5,,1,1,1
2026-09-28T05:54:37.693121+00:00,2026-09-28T05:53:51+00:00,2026-09-28T05:53:51+00:00,bcycle_lametro_4552,9,3,,1,1,1
2026-09-28T05:54:37.693121+00:00,2026-09-28T05:53:51+00:00,2026-09-28T05:53:51+00:00,bcycle_lametro_4553,3,6,,1,1,1
2026-09-28T05:54:37.693121+00:00,2026-09-28T05:53:51+00:00,2026-09-28T05:53:51+00:00,bcycle_lametro_4554,7,4,,1,1,1
2026-09-28T05:54:37.693121+00:00,2026-09-28T05:53:51+00:00,2026-09-28T05:53:51+00:00,bcycle_lametro_4555,5,3,,1,1,1
2026-09-28T05:54:37.693121+00:00,2026-09-28T05:53:51+00:00,2026-09-28T05:53:51+00:00,bcycle_lametro_4556,3,10,,1,1,1
2026-09-28T05:54:37.693121+00:00,2026-09-28T05:53:51+00:00,2026-09-28T05:53:51+00:00,bcycle_lametro_4557,4,7,,1,1,1
2026-09-28T05:54:37.693121+00:00,2026-09-28T05:53:51+00:00,2026-09-28T05:53:51+00:00,bcycle_lametro_4558,7,10,,1,1,1
2026-09-28T05:54:37.693121+00:00,2026-09-28T05:53:51+00:00,2026-09-28T05:53:51+00:00,bcycle_lametro_4561,7,2,,1,1,1
2026-09-28T05:54:37.693121+00:00,2026-09-28T05:53:51+00:00,2026-09-28T05:53:51+00:00,bcycle_lametro_4562,8,6,,1,1,1
2026-09-28T05:54:37.693121+00:00,2026-09-28T05:53:51+00:00,2026-09-28T05:53:51+00:00,bcycle_lametro_4563,5,4,,1,1,1
2026-09-28T05:54:37.693121+00:00,2026-09-28T05:53:51+00:00,2026-09-28T05:53:51+00:00,bcycle_lametro_4564,9,6,,1,1,1
2026-09-28T05:54:37.693121+00:00,2026-09-28T05:53:51+00:00,2026-09-28T05:53:51+00:00,bcycle_lametro_4565,2,10,,1,1,1
2026-09-28T05:54:37.693121+00:00,2026-09-28T05:53:51+00:00,2026-09-28T05:53:51+00:00,bcycle_lametro_4566,7,8,,1,1,1
2026-09-28T05:54:37.693121+00:00,2026-09-28T05:53:51+00:00,2026-09-28T05:53:51+00:00,bcycle_lametro_4567,4,7,,1,1,1
2026-09-28T05:54:37.693121+00:00,2026-09-28T05:53:51+00:00,2026-09-28T05:53:51+00:00,bcycle_lametro_4568,7,7,,1,1,1
2026-09-28T05:54:37.693121+00:00,2026-09-28T05:53:51+00:00,2026-09-28T05:53:51+00:00,bcycle_lametro_4569,2,7,,1,1,1
2026-09-28T05:54:37.693121+00:00,2026-09-28T05:53:51+00:00,2026-09-28T05:53:51+00:00,bcycle_lametro_4570,6,9,,1,1,1
2026-09-28T05:54:37.693121+00:00,2026-09-28T05:53:51+00:00,2026-09-28T05:53:51+00:00,bcycle_lametro_4571,5,1,,1,1,1
2026-09-28T05:54:37.693121+00:00,2026-09-28T05:53:51+00:00,2026-09-28T05:53:51+00:00,bcycle_lametro_4575,2,9,,1,1,1
2026-09-28T05:54:37.693121+00:00,2026-09-28T05:53:51+00:00,2026-09-28T05:53:51+00:00,bcycle_lametro_4576,1,10,,1,1,1
2026-09-28T05:54:37.693121+00:00,2026-09-28T05:53:51+00:00,2026-09-28T05:53:51+00:00,bcycle_lametro_4578,4,3,,1,1,1
2026-09-28T05:54:37.693121+00:00,2026-09-28T05:53:51+00:00,2026-09-28T05:53:51+00:00,bcycle_lametro_4579,6,6,,1,1,1
2026-09-28T05:54:37.693121+00:00,2026-09-28T05:53:51+00:00,2026-09-28T05:53:51+00:00,bcycle_lametro_4580,6,2,,1,1,1
2026-09-28T05:54:37.693121+00:00,2026-09-28T05:53:51+00:00,2026-09-28T05:53:51+00:00,bcycle_lametro_4581,6,11,,1,1,1
2026-09-28T05:54:37.693121+00:00,2026-09-28T05:53:51+00:00,2026-09-28T05:53:51+00:00,bcycle_lametro_4583,6,12,,1,1,1
2026-09-28T05:54:37.693121+00:00,2026-09-28T05:53:51+00:00,2026-09-28T05:53:51+00:00,bcycle_lametro_4584,6,8,,1,1,1
2026-09-28T05:54:37.693121+00:00,2026-09-28T05:53:51+00:00,2026-09-28T05:53:51+00:00,bcycle_lametro_4587,7,4,,1,1,1
2026-09-28T05:54:37.693121+00:00,2026-09-28T05:53:51+00:00,2026-09-28T05:53:51+00:00,bcycle_lametro_4595,4,14,,1,1,1
2026-09-28T05:54:37.693121+00:00,2026-09-28T05:53:51+00:00,2026-09-28T05:53:51+00:00,bcycle_lametro_4596,5,10,,1,1,1
2026-09-28T05:54:37.693121+00:00,2026-09-28T05:53:51+00:00,2026-09-28T05:53:51+00:00,bcycle_lametro_4597,4,7,,1,1,1
2026-09-28T05:54:37.693121+00:00,2026-09-28T05:53:51+00:00,2026-09-28T05:53:51+00:00,bcycle_lametro_4598,2,7,,1,1,1
2026-09-28T05:54:37.693121+00:00,2026-09-28T05:53:51+00:00,2026-09-28T05:53:51+00:00,bcycle_lametro_4599,2,10,,1,1,1
2026-09-28T05:54:37.693121+00:00,2026-09-28T05:53:51+00:00,2026-09-28T05:53:51+00:00,bcycle_lametro_4600,4,6,,1,1,1
2026-09-28T05:54:37.693121+00:00,2026-09-28T05:53:51+00:00,2026-09-28T05:53:51+00:00,bcycle_lametro_4601,5,6,,1,1,1
2026-09-28T05:54:37.693121+00:00,2026-09-28T05:53:51+00:00,2026-09-28T05:53:51+00:00,bcycle_lametro_4603,5,13,,1,1,1
2026-09-28T05:54:37.693121+00:00,2026-09-28T05:53:51+00:00,2026-09-28T05:53:51+00:00,bcycle_lametro_4604,7,5,,1,1,1
2026-09-28T05:54:37.693121+00:00,2026-09-28T05:53:51+00:00,2026-09-28T05:53:51+00:00,bcycle_lametro_4605,8,5,,1,1,1
2026-09-28T05:54:37.693121+00:00,2026-09-28T05:53:51+00:00,2026-09-28T05:53:51+00:00,bcycle_lametro_4606,3,17,,1,1,1
2026-09-28T05:54:37.693121+00:00,2026-09-28T05:53:51+00:00,2026-09-28T05:53:51+00:00,bcycle_lametro_4613,3,14,,1,1,1
2026-09-28T05:54:37.693121+00:00,2026-09-28T05:53:51+00:00,2026-09-28T05:53:51+00:00,bcycle_lametro_4614,3,17,,1,1,1
2026-09-28T05:54:37.693121+00:00,2026-09-28T05:53:51+00:00,2026-09-28T05:53:51+00:00,bcycle_lametro_4627,2,15,,1,1,1
2026-09-28T05:54:37.693121+00:00,2026-09-28T05:53:51+00:00,2026-09-28T05:53:51+00:00,bcycle_lametro_4628,8,5,,1,1,1
2026-09-28T05:54:37.693121+00:00,2026-09-28T05:53:51+00:00,2026-09-28T05:53:51+00:00,bcycle_lametro_4632,10,5,,1,1,1
2026-09-28T05:54:37.693121+00:00,2026-09-28T05:53:51+00:00,2026-09-28T05:53:51+00:00,bcycle_lametro_4643,8,12,,1,1,1
2026-09-28T05:54:37.693121+00:00,2026-09-28T05:53:51+00:00,2026-09-28T05:53:51+00:00,bcycle_lametro_4644,4,8,,1,1,1
2026-09-28T05:54:37.693121+00:00,2026-09-28T05:53:51+00:00,2026-09-28T05:53:51+00:00,bcycle_lametro_4645,6,6,,1,1,1
2026-09-28T05:54:37.693121+00:00,2026-09-28T05:53:51+00:00,2026-09-28T05:53:51+00:00,bcycle_lametro_4652,2,9,,1,1,1
2026-09-28T05:54:37.693121+00:00,2026-09-28T05:53:51+00:00,2026-09-28T05:53:51+00:00,bcycle_lametro_4660,2,15,,1,1,1
2026-09-28T05:54:37.693121+00:00,2026-09-28T05:53:51+00:00,2026-09-28T05:53:51+00:00,bcycle_lametro_4664,9,11,,1,1,1
2026-09-28T05:54:37.693121+00:00,2026-09-28T05:53:51+00:00,2026-09-28T05:53:51+00:00,bcycle_lametro_4672,9,6,,1,1,1
2026-09-28T05:54:37.693121+00:00,2026-09-28T05:53:51+00:00,2026-09-28T05:53:51+00:00,bcycle_lametro_4680,8,10,,1,1,1
2026-09-28T05:54:37.693121+00:00,2026-09-28T05:53:51+00:00,2026-09-28T05:53:51+00:00,bcycle_lametro_4689,10,5,,1,1,1
2026-09-28T05:54:37.693121+00:00,2026-09-28T05:53:51+00:00,2026-09-28T05:53:51+00:00,bcycle_lametro_4690,12,2,,1,1,1
2026-09-28T05:54:37.693121+00:00,2026-09-28T05:53:51+00:00,2026-09-28T05:53:51+00:00,bcycle_lametro_4696,7,7,,1,1,1
2026-09-28T05:54:37.693121+00:00,2026-09-28T05:53:51+00:00,2026-09-28T05:53:51+00:00,bcycle_lametro_4697,8,7,,1,1,1
2026-09-28T05:54:37.693121+00:00,2026-09-28T05:53:51+00:00,2026-09-28T05:53:51+00:00,bcycle_lametro_4698,9,4,,1,1,1
2026-09-28T05:54:37.693121+00:00,2026-09-28T05:53:51+00:00,2026-09-28T05:53:51+00:00,bcycle_lametro_4699,6,9,,1,1,1
2026-09-28T05:54:37.693121+00:00,2026-09-28T05:53:51+00:00,2026-09-28T05:53:51+00:00,bcycle_lametro_4700,11,6,,1,1,1
2026-09-28T05:54:37.693121+00:00,2026-09-28T05:53:51+00:00,2026-09-28T05:53:51+00:00,bcycle_lametro_4707,5,8,,1,1,1
2026-09-28T05:54:37.693121+00:00,2026-09-28T05:53:51+00:00,2026-09-28T05:53:51+00:00,bcycle_lametro_4729,4,9,,1,1,1
2026-09-28T05:54:37.693121+00:00,2026-09-28T05:53:51+00:00,2026-09-28T05:53:51+00:00,bcycle_lametro_4730,9,4,,0,0,1
2026-09-28T05:54:37.693121+00:00,2026-09-28T05:53:51+00:00,2026-09-28T05:53:51+00:00,bcycle_lametro_4732,7,14,,1,1,1
2026-09-28T05:54:37.693121+00:00,2026-09-28T05:53:51+00:00,2026-09-28T05:53:51+00:00,bcycle_lametro_4733,1,21,,1,1,1
2026-09-28T05:54:37.693121+00:00,2026-09-28T05:53:51+00:00,2026-09-28T05:53:51+00:00,bcycle_lametro_4734,1,14,,1,1,1
2026-09-28T05:54:37.693121+00:00,2026-09-28T05:53:51+00:00,2026-09-28T05:53:51+00:00,bcycle_lametro_4735,9,3,,1,1,1
2026-09-28T05:54:37.693121+00:00,2026-09-28T05:53:51+00:00,2026-09-28T05:53:51+00:00,bcycle_lametro_4736,6,9,,1,1,1
2026-09-28T05:54:37.693121+00:00,2026-09-28T05:53:51+00:00,2026-09-28T05:53:51+00:00,bcycle_lametro_4740,12,9,,1,1,1
2026-09-28T05:54:37.693121+00:00,2026-09-28T05:53:51+00:00,2026-09-28T05:53:51+00:00,bcycle_lametro_4745,3,8,,1,1,1
2026-09-28T13:29:04.578750+00:00,2026-09-28T13:29:03+00:00,2026-09-28T13:29:03+00:00,bcycle_lametro_3005,11,19,,1,1,1
2026-09-28T13:29:04.578750+00:00,2026-09-28T13:29:03+00:00,2026-09-28T13:29:03+00:00,bcycle_lametro_3006,16,13,,1,1,1
2026-09-28T13:29:04.578750+00:00,2026-09-28T13:29:03+00:00,2026-09-28T13:29:03+00:00,bcycle_lametro_3007,6,16,,1,1,1
2026-09-28T13:29:04.578750+00:00,2026-09-28T13:29:03+00:00,2026-09-28T13:29:03+00:00,bcycle_lametro_3008,8,7,,1,1,1
2026-09-28T13:29:04.578750+00:00,2026-09-28T13:29:03+00:00,2026-09-28T13:29:03+00:00,bcycle_lametro_3010,10,5,,1,1,1
2026-09-28T13:29:04.578750+00:00,2026-09-28T13:29:03+00:00,2026-09-28T13:29:03+00:00,bcycle_lametro_3011,6,10,,1,1,1
2026-09-28T13:29:04.578750+00:00,2026-09-28T13:29:03+00:00,2026-09-28T13:29:03+00:00,bcycle_lametro_3014,14,13,,1,1,1
2026-09-28T13:29:04.578750+00:00,2026-09-28T13:29:03+00:00,2026-09-28T13:29:03+00:00,bcycle_lametro_3016,2,13,,1,1,1
2026-09-28T13:29:04.578750+00:00,2026-09-28T13:29:03+00:00,2026-09-28T13:29:03+00:00,bcycle_lametro_3018,15,3,,1,1,1
2026-09-28T13:29:04.578750+00:00,2026-09-28T13:29:03+00:00,2026-09-28T13:29:03+00:00,bcycle_lametro_3019,8,11,,1,1,1
2026-09-28T13:29:04.578750+00:00,2026-09-28T13:29:03+00:00,2026-09-28T13:29:03+00:00,bcycle_lametro_3020,5,10,,1,1,1
2026-09-28T13:29:04.578750+00:00,2026-09-28T13:29:03+00:00,2026-09-28T13:29:03+00:00,bcycle_lametro_3022,6,14,,1,1,1
2026-09-28T13:29:04.578750+00:00,2026-09-28T13:29:03+00:00,2026-09-28T13:29:03+00:00,bcycle_lametro_3024,4,11,,1,1,1
2026-09-28T13:29:04.578750+00:00,2026-09-28T13:29:03+00:00,2026-09-28T13:29:03+00:00,bcycle_lametro_3025,10,4,,1,1,1
2026-09-28T13:29:04.578750+00:00,2026-09-28T13:29:03+00:00,2026-09-28T13:29:03+00:00,bcycle_lametro_3026,6,9,,1,1,1
2026-09-28T13:29:04.578750+00:00,2026-09-28T13:29:03+00:00,2026-09-28T13:29:03+00:00,bcycle_lametro_3027,6,9,,1,1,1
2026-09-28T13:29:04.578750+00:00,2026-09-28T13:29:03+00:00,2026-09-28T13:29:03+00:00,bcycle_lametro_3030,12,17,,1,1,1
2026-09-28T13:29:04.578750+00:00,2026-09-28T13:29:03+00:00,2026-09-28T13:29:03+00:00,bcycle_lametro_3032,10,17,,1,1,1
2026-09-28T13:29:04.578750+00:00,2026-09-28T13:29:03+00:00,2026-09-28T13:29:03+00:00,bcycle_lametro_3033,4,11,,1,1,1
2026-09-28T13:29:04.578750+00:00,2026-09-28T13:29:03+00:00,2026-09-28T13:29:03+00:00,bcycle_lametro_3034,12,10,,1,1,1
2026-09-28T13:29:04.578750+00:00,2026-09-28T13:29:03+00:00,2026-09-28T13:29:03+00:00,bcycle_lametro_3035,13,10,,1,1,1
2026-09-28T13:29:04.578750+00:00,2026-09-28T13:29:03+00:00,2026-09-28T13:29:03+00:00,bcycle_lametro_3036,6,9,,1,1,1
2026-09-28T13:29:04.578750+00:00,2026-09-28T13:29:03+00:00,2026-09-28T13:29:03+00:00,bcycle_lametro_3037,8,9,,1,1,1
2026-09-28T13:29:04.578750+00:00,2026-09-28T13:29:03+00:00,2026-09-28T13:29:03+00:00,bcycle_lametro_3040,1,2,,1,1,1
2026-09-28T13:29:04.578750+00:00,2026-09-28T13:29:03+00:00,2026-09-28T13:29:03+00:00,bcycle_lametro_3042,20,7,,1,1,1
2026-09-28T13:29:04.578750+00:00,2026-09-28T13:29:03+00:00,2026-09-28T13:29:03+00:00,bcycle_lametro_3045,3,7,,1,1,1
2026-09-28T13:29:04.578750+00:00,2026-09-28T13:29:03+00:00,2026-09-28T13:29:03+00:00,bcycle_lametro_3046,9,8,,1,1,1
2026-09-28T13:29:04.578750+00:00,2026-09-28T13:29:03+00:00,2026-09-28T13:29:03+00:00,bcycle_lametro_3047,15,10,,1,1,1
2026-09-28T13:29:04.578750+00:00,2026-09-28T13:29:03+00:00,2026-09-28T13:29:03+00:00,bcycle_lametro_3048,5,11,,1,1,1
2026-09-28T13:29:04.578750+00:00,2026-09-28T13:29:03+00:00,2026-09-28T13:29:03+00:00,bcycle_lametro_3052,8,14,,1,1,1
2026-09-28T13:29:04.578750+00:00,2026-09-28T13:29:03+00:00,2026-09-28T13:29:03+00:00,bcycle_lametro_3054,5,10,,1,1,1
2026-09-28T13:29:04.578750+00:00,2026-09-28T13:29:03+00:00,2026-09-28T13:29:03+00:00,bcycle_lametro_3056,8,7,,1,1,1
2026-09-28T13:29:04.578750+00:00,2026-09-28T13:29:03+00:00,2026-09-28T13:29:03+00:00,bcycle_lametro_3058,10,5,,1,1,1
2026-09-28T13:29:04.578750+00:00,2026-09-28T13:29:03+00:00,2026-09-28T13:29:03+00:00,bcycle_lametro_3062,0,15,,1,1,1
2026-09-28T13:29:04.578750+00:00,2026-09-28T13:29:03+00:00,2026-09-28T13:29:03+00:00,bcycle_lametro_3063,2,20,,1,1,1
2026-09-28T13:29:04.578750+00:00,2026-09-28T13:29:03+00:00,2026-09-28T13:29:03+00:00,bcycle_lametro_3064,11,6,,1,1,1
2026-09-28T13:29:04.578750+00:00,2026-09-28T13:29:03+00:00,2026-09-28T13:29:03+00:00,bcycle_lametro_3065,5,10,,1,1,1
2026-09-28T13:29:04.578750+00:00,2026-09-28T13:29:03+00:00,2026-09-28T13:29:03+00:00,bcycle_lametro_3066,7,8,,1,1,1
2026-09-28T13:29:04.578750+00:00,2026-09-28T13:29:03+00:00,2026-09-28T13:29:03+00:00,bcycle_lametro_3068,7,7,,1,1,1
2026-09-28T13:29:04.578750+00:00,2026-09-28T13:29:03+00:00,2026-09-28T13:29:03+00:00,bcycle_lametro_3069,7,10,,1,1,1
2026-09-28T13:29:04.578750+00:00,2026-09-28T13:29:03+00:00,2026-09-28T13:29:03+00:00,bcycle_lametro_3074,6,16,,1,1,1
2026-09-28T13:29:04.578750+00:00,2026-09-28T13:29:03+00:00,2026-09-28T13:29:03+00:00,bcycle_lametro_3075,11,5,,1,1,1
2026-09-28T13:29:04.578750+00:00,2026-09-28T13:29:03+00:00,2026-09-28T13:29:03+00:00,bcycle_lametro_3076,3,9,,1,1,1
2026-09-28T13:29:04.578750+00:00,2026-09-28T13:29:03+00:00,2026-09-28T13:29:03+00:00,bcycle_lametro_3077,6,7,,1,1,1
2026-09-28T13:29:04.578750+00:00,2026-09-28T13:29:03+00:00,2026-09-28T13:29:03+00:00,bcycle_lametro_3078,9,6,,1,1,1
2026-09-28T13:29:04.578750+00:00,2026-09-28T13:29:03+00:00,2026-09-28T13:29:03+00:00,bcycle_lametro_3079,3,11,,1,1,1
2026-09-28T13:29:04.578750+00:00,2026-09-28T13:29:03+00:00,2026-09-28T13:29:03+00:00,bcycle_lametro_3081,7,5,,1,1,1
2026-09-28T13:29:04.578750+00:00,2026-09-28T13:29:03+00:00,2026-09-28T13:29:03+00:00,bcycle_lametro_3082,11,11,,1,1,1
2026-09-28T13:29:04.578750+00:00,2026-09-28T13:29:03+00:00,2026-09-28T13:29:03+00:00,bcycle_lametro_4202,7,13,,1,1,1
2026-09-28T13:29:04.578750+00:00,2026-09-28T13:29:03+00:00,2026-09-28T13:29:03+00:00,bcycle_lametro_4204,15,1,,1,1,1
2026-09-28T13:29:04.578750+00:00,2026-09-28T13:29:03+00:00,2026-09-28T13:29:03+00:00,bcycle_lametro_4205,3,13,,1,1,1
2026-09-28T13:29:04.578750+00:00,2026-09-28T13:29:03+00:00,2026-09-28T13:29:03+00:00,bcycle_lametro_4206,10,13,,1,1,1
2026-09-28T13:29:04.578750+00:00,2026-09-28T13:29:03+00:00,2026-09-28T13:29:03+00:00,bcycle_lametro_4207,5,14,,1,1,1
2026-09-28T13:29:04.578750+00:00,2026-09-28T13:29:03+00:00,2026-09-28T13:29:03+00:00,bcycle_lametro_4208,8,9,,1,1,1
2026-09-28T13:29:04.578750+00:00,2026-09-28T13:29:03+00:00,2026-09-28T13:29:03+00:00,bcycle_lametro_4209,6,17,,1,1,1
2026-09-28T13:29:04.578750+00:00,2026-09-28T13:29:03+00:00,2026-09-28T13:29:03+00:00,bcycle_lametro_4210,6,9,,1,1,1
2026-09-28T13:29:04.578750+00:00,2026-09-28T13:29:03+00:00,2026-09-28T13:29:03+00:00,bcycle_lametro_4211,5,7,,1,1,1
2026-09-28T13:29:04.578750+00:00,2026-09-28T13:29:03+00:00,2026-09-28T13:29:03+00:00,bcycle_lametro_4212,10,11,,1,1,1
2026-09-28T13:29:04.578750+00:00,2026-09-28T13:29:03+00:00,2026-09-28T13:29:03+00:00,bcycle_lametro_4213,6,9,,1,1,1
2026-09-28T13:29:04.578750+00:00,2026-09-28T13:29:03+00:00,2026-09-28T13:29:03+00:00,bcycle_lametro_4214,12,14,,1,1,1
2026-09-28T13:29:04.578750+00:00,2026-09-28T13:29:03+00:00,2026-09-28T13:29:03+00:00,bcycle_lametro_4215,11,29,,1,1,1
2026-09-28T13:29:04.578750+00:00,2026-09-28T13:29:03+00:00,2026-09-28T13:29:03+00:00,bcycle_lametro_4216,7,12,,1,1,1
2026-09-28T13:29:04.578750+00:00,2026-09-28T13:29:03+00:00,2026-09-28T13:29:03+00:00,bcycle_lametro_4217,5,6,,1,1,1
2026-09-28T13:29:04.578750+00:00,2026-09-28T13:29:03+00:00,2026-09-28T13:29:03+00:00,bcycle_lametro_4220,8,7,,1,1,1
2026-09-28T13:29:04.578750+00:00,2026-09-28T13:29:03+00:00,2026-09-28T13:29:03+00:00,bcycle_lametro_4227,11,5,,1,1,1
2026-09-28T13:29:04.578750+00:00,2026-09-28T13:29:03+00:00,2026-09-28T13:29:03+00:00,bcycle_lametro_4245,5,9,,1,1,1
2026-09-28T13:29:04.578750+00:00,2026-09-28T13:29:03+00:00,2026-09-28T13:29:03+00:00,bcycle_lametro_4246,8,6,,1,1,1
2026-09-28T13:29:04.578750+00:00,2026-09-28T13:29:03+00:00,2026-09-28T13:29:03+00:00,bcycle_lametro_4247,5,3,,1,1,1
2026-09-28T13:29:04.578750+00:00,2026-09-28T13:29:03+00:00,2026-09-28T13:29:03+00:00,bcycle_lametro_4248,6,13,,1,1,1
2026-09-28T13:29:04.578750+00:00,2026-09-28T13:29:03+00:00,2026-09-28T13:29:03+00:00,bcycle_lametro_4249,12,3,,1,1,1
2026-09-28T13:29:04.578750+00:00,2026-09-28T13:29:03+00:00,2026-09-28T13:29:03+00:00,bcycle_lametro_4250,7,8,,1,1,1
2026-09-28T13:29:04.578750+00:00,2026-09-28T13:29:03+00:00,2026-09-28T13:29:03+00:00,bcycle_lametro_4254,7,8,,1,1,1
2026-09-28T13:29:04.578750+00:00,2026-09-28T13:29:03+00:00,2026-09-28T13:29:03+00:00,bcycle_lametro_4255,4,6,,1,1,1
2026-09-28T13:29:04.578750+00:00,2026-09-28T13:29:03+00:00,2026-09-28T13:29:03+00:00,bcycle_lametro_4266,7,8,,1,1,1
2026-09-28T13:29:04.578750+00:00,2026-09-28T13:29:03+00:00,2026-09-28T13:29:03+00:00,bcycle_lametro_4267,6,3,,1,1,1
2026-09-28T13:29:04.578750+00:00,2026-09-28T13:29:03+00:00,2026-09-28T13:29:03+00:00,bcycle_lametro_4273,8,7,,1,1,1
2026-09-28T13:29:04.578750+00:00,2026-09-28T13:29:03+00:00,2026-09-28T13:29:03+00:00,bcycle_lametro_4275,7,8,,1,1,1
2026-09-28T13:29:04.578750+00:00,2026-09-28T13:29:03+00:00,2026-09-28T13:29:03+00:00,bcycle_lametro_4293,4,6,,1,1,1
2026-09-28T13:29:04.578750+00:00,2026-09-28T13:29:03+00:00,2026-09-28T13:29:03+00:00,bcycle_lametro_4300,3,9,,1,1,1
2026-09-28T13:29:04.578750+00:00,2026-09-28T13:29:03+00:00,2026-09-28T13:29:03+00:00,bcycle_lametro_4301,5,5,,1,1,1
2026-09-28T13:29:04.578750+00:00,2026-09-28T13:29:03+00:00,2026-09-28T13:29:03+00:00,bcycle_lametro_4303,4,6,,1,1,1
2026-09-28T13:29:04.578750+00:00,2026-09-28T13:29:03+00:00,2026-09-28T13:29:03+00:00,bcycle_lametro_4304,5,6,,1,1,1
2026-09-28T13:29:04.578750+00:00,2026-09-28T13:29:03+00:00,2026-09-28T13:29:03+00:00,bcycle_lametro_4306,5,8,,1,1,1
2026-09-28T13:29:04.578750+00:00,2026-09-28T13:29:03+00:00,2026-09-28T13:29:03+00:00,bcycle_lametro_4311,4,9,,1,1,1
2026-09-28T13:29:04.578750+00:00,2026-09-28T13:29:03+00:00,2026-09-28T13:29:03+00:00,bcycle_lametro_4312,7,6,,1,1,1
2026-09-28T13:29:04.578750+00:00,2026-09-28T13:29:03+00:00,2026-09-28T13:29:03+00:00,bcycle_lametro_4313,5,7,,1,1,1
2026-09-28T13:29:04.578750+00:00,2026-09-28T13:29:03+00:00,2026-09-28T13:29:03+00:00,bcycle_lametro_4314,3,12,,1,1,1
2026-09-28T13:29:04.578750+00:00,2026-09-28T13:29:03+00:00,2026-09-28T13:29:03+00:00,bcycle_lametro_4315,4,4,,1,1,1
2026-09-28T13:29:04.578750+00:00,2026-09-28T13:29:03+00:00,2026-09-28T13:29:03+00:00,bcycle_lametro_4387,6,10,,1,1,1
2026-09-28T13:29:04.578750+00:00,2026-09-28T13:29:03+00:00,2026-09-28T13:29:03+00:00,bcycle_lametro_4390,7,5,,1,1,1
2026-09-28T13:29:04.578750+00:00,2026-09-28T13:29:03+00:00,2026-09-28T13:29:03+00:00,bcycle_lametro_4401,3,7,,1,1,1
2026-09-28T13:29:04.578750+00:00,2026-09-28T13:29:03+00:00,2026-09-28T13:29:03+00:00,bcycle_lametro_4404,11,4,,1,1,1
2026-09-28T13:29:04.578750+00:00,2026-09-28T13:29:03+00:00,2026-09-28T13:29:03+00:00,bcycle_lametro_4405,8,5,,1,1,1
2026-09-28T13:29:04.578750+00:00,2026-09-28T13:29:03+00:00,2026-09-28T13:29:03+00:00,bcycle_lametro_4406,5,9,,1,1,1
2026-09-28T13:29:04.578750+00:00,2026-09-28T13:29:03+00:00,2026-09-28T13:29:03+00:00,bcycle_lametro_4410,4,8,,1,1,1
2026-09-28T13:29:04.578750+00:00,2026-09-28T13:29:03+00:00,2026-09-28T13:29:03+00:00,bcycle_lametro_4436,3,6,,1,1,1
2026-09-28T13:29:04.578750+00:00,2026-09-28T13:29:03+00:00,2026-09-28T13:29:03+00:00,bcycle_lametro_4437,3,10,,1,1,1
2026-09-28T13:29:04.578750+00:00,2026-09-28T13:29:03+00:00,2026-09-28T13:29:03+00:00,bcycle_lametro_4440,7,11,,1,1,1
2026-09-28T13:29:04.578750+00:00,2026-09-28T13:29:03+00:00,2026-09-28T13:29:03+00:00,bcycle_lametro_4441,5,2,,1,1,1
2026-09-28T13:29:04.578750+00:00,2026-09-28T13:29:03+00:00,2026-09-28T13:29:03+00:00,bcycle_lametro_4442,8,4,,1,1,1
2026-09-28T13:29:04.578750+00:00,2026-09-28T13:29:03+00:00,2026-09-28T13:29:03+00:00,bcycle_lametro_4443,6,2,,1,1,1
2026-09-28T13:29:04.578750+00:00,2026-09-28T13:29:03+00:00,2026-09-28T13:29:03+00:00,bcycle_lametro_4444,3,6,,1,1,1
2026-09-28T13:29:04.578750+00:00,2026-09-28T13:29:03+00:00,2026-09-28T13:29:03+00:00,bcycle_lametro_4445,4,11,,1,1,1
2026-09-28T13:29:04.578750+00:00,2026-09-28T13:29:03+00:00,2026-09-28T13:29:03+00:00,bcycle_lametro_4446,7,1,,1,1,1
2026-09-28T13:29:04.578750+00:00,2026-09-28T13:29:03+00:00,2026-09-28T13:29:03+00:00,bcycle_lametro_4447,6,6,,0,0,1
2026-09-28T13:29:04.578750+00:00,2026-09-28T13:29:03+00:00,2026-09-28T13:29:03+00:00,bcycle_lametro_4448,8,10,,1,1,1
2026-09-28T13:29:04.578750+00:00,2026-09-28T13:29:03+00:00,2026-09-28T13:29:03+00:00,bcycle_lametro_4449,8,5,,1,1,1
2026-09-28T13:29:04.578750+00:00,2026-09-28T13:29:03+00:00,2026-09-28T13:29:03+00:00,bcycle_lametro_4450,5,8,,1,1,1
2026-09-28T13:29:04.578750+00:00,2026-09-28T13:29:03+00:00,2026-09-28T13:29:03+00:00,bcycle_lametro_4451,3,6,,1,1,1
2026-09-28T13:29:04.578750+00:00,2026-09-28T13:29:03+00:00,2026-09-28T13:29:03+00:00,bcycle_lametro_4452,2,8,,1,1,1
2026-09-28T13:29:04.578750+00:00,2026-09-28T13:29:03+00:00,2026-09-28T13:29:03+00:00,bcycle_lametro_4453,3,7,,1,1,1
2026-09-28T13:29:04.578750+00:00,2026-09-28T13:29:03+00:00,2026-09-28T13:29:03+00:00,bcycle_lametro_4454,8,6,,1,1,1
2026-09-28T13:29:04.578750+00:00,2026-09-28T13:29:03+00:00,2026-09-28T13:29:03+00:00,bcycle_lametro_4455,8,7,,1,1,1
2026-09-28T13:29:04.578750+00:00,2026-09-28T13:29:03+00:00,2026-09-28T13:29:03+00:00,bcycle_lametro_4456,8,7,,1,1,1
2026-09-28T13:29:04.578750+00:00,2026-09-28T13:29:03+00:00,2026-09-28T13:29:03+00:00,bcycle_lametro_4457,5,3,,1,1,1
2026-09-28T13:29:04.578750+00:00,2026-09-28T13:29:03+00:00,2026-09-28T13:29:03+00:00,bcycle_lametro_4472,7,9,,1,1,1
2026-09-28T13:29:04.578750+00:00,2026-09-28T13:29:03+00:00,2026-09-28T13:29:03+00:00,bcycle_lametro_4473,5,3,,1,1,1
2026-09-28T13:29:04.578750+00:00,2026-09-28T13:29:03+00:00,2026-09-28T13:29:03+00:00,bcycle_lametro_4474,4,6,,1,1,1
2026-09-28T13:29:04.578750+00:00,2026-09-28T13:29:03+00:00,2026-09-28T13:29:03+00:00,bcycle_lametro_4475,5,6,,1,1,1
2026-09-28T13:29:04.578750+00:00,2026-09-28T13:29:03+00:00,2026-09-28T13:29:03+00:00,bcycle_lametro_4476,4,10,,1,1,1
2026-09-28T13:29:04.578750+00:00,2026-09-28T13:29:03+00:00,2026-09-28T13:29:03+00:00,bcycle_lametro_4477,4,9,,1,1,1
2026-09-28T13:29:04.578750+00:00,2026-09-28T13:29:03+00:00,2026-09-28T13:29:03+00:00,bcycle_lametro_4479,3,9,,1,1,1
2026-09-28T13:29:04.578750+00:00,2026-09-28T13:29:03+00:00,2026-09-28T13:29:03+00:00,bcycle_lametro_4483,5,7,,1,1,1
2026-09-28T13:29:04.578750+00:00,2026-09-28T13:29:03+00:00,2026-09-28T13:29:03+00:00,bcycle_lametro_4487,10,6,,1,1,1
2026-09-28T13:29:04.578750+00:00,2026-09-28T13:29:03+00:00,2026-09-28T13:29:03+00:00,bcycle_lametro_4490,10,5,,1,1,1
2026-09-28T13:29:04.578750+00:00,2026-09-28T13:29:03+00:00,2026-09-28T13:29:03+00:00,bcycle_lametro_4491,8,5,,1,1,1
2026-09-28T13:29:04.578750+00:00,2026-09-28T13:29:03+00:00,2026-09-28T13:29:03+00:00,bcycle_lametro_4492,10,9,,1,1,1
2026-09-28T13:29:04.578750+00:00,2026-09-28T13:29:03+00:00,2026-09-28T13:29:03+00:00,bcycle_lametro_4493,5,11,,1,1,1
2026-09-28T13:29:04.578750+00:00,2026-09-28T13:29:03+00:00,2026-09-28T13:29:03+00:00,bcycle_lametro_4494,6,3,,1,1,1
2026-09-28T13:29:04.578750+00:00,2026-09-28T13:29:03+00:00,2026-09-28T13:29:03+00:00,bcycle_lametro_4509,3,7,,1,1,1
2026-09-28T13:29:04.578750+00:00,2026-09-28T13:29:03+00:00,2026-09-28T13:29:03+00:00,bcycle_lametro_4510,4,6,,1,1,1
2026-09-28T13:29:04.578750+00:00,2026-09-28T13:29:03+00:00,2026-09-28T13:29:03+00:00,bcycle_lametro_4511,8,11,,1,1,1
2026-09-28T13:29:04.578750+00:00,2026-09-28T13:29:03+00:00,2026-09-28T13:29:03+00:00,bcycle_lametro_4512,8,8,,1,1,1
2026-09-28T13:29:04.578750+00:00,2026-09-28T13:29:03+00:00,2026-09-28T13:29:03+00:00,bcycle_lametro_4514,9,12,,1,1,1
2026-09-28T13:29:04.578750+00:00,2026-09-28T13:29:03+00:00,2026-09-28T13:29:03+00:00,bcycle_lametro_4515,6,3,,1,1,1
2026-09-28T13:29:04.578750+00:00,2026-09-28T13:29:03+00:00,2026-09-28T13:29:03+00:00,bcycle_lametro_4517,7,4,,1,1,1
2026-09-28T13:29:04.578750+00:00,2026-09-28T13:29:03+00:00,2026-09-28T13:29:03+00:00,bcycle_lametro_4521,8,4,,1,1,1
2026-09-28T13:29:04.578750+00:00,2026-09-28T13:29:03+00:00,2026-09-28T13:29:03+00:00,bcycle_lametro_4523,12,3,,1,1,1
2026-09-28T13:29:04.578750+00:00,2026-09-28T13:29:03+00:00,2026-09-28T13:29:03+00:00,bcycle_lametro_4524,4,10,,1,1,1
2026-09-28T13:29:04.578750+00:00,2026-09-28T13:29:03+00:00,2026-09-28T13:29:03+00:00,bcycle_lametro_4525,7,4,,1,1,1
2026-09-28T13:29:04.578750+00:00,2026-09-28T13:29:03+00:00,2026-09-28T13:29:03+00:00,bcycle_lametro_4526,4,17,,1,1,1
2026-09-28T13:29:04.578750+00:00,2026-09-28T13:29:03+00:00,2026-09-28T13:29:03+00:00,bcycle_lametro_4527,7,7,,1,1,1
2026-09-28T13:29:04.578750+00:00,2026-09-28T13:29:03+00:00,2026-09-28T13:29:03+00:00,bcycle_lametro_4528,10,4,,1,1,1
2026-09-28T13:29:04.578750+00:00,2026-09-28T13:29:03+00:00,2026-09-28T13:29:03+00:00,bcycle_lametro_4529,4,9,,1,1,1
2026-09-28T13:29:04.578750+00:00,2026-09-28T13:29:03+00:00,2026-09-28T13:29:03+00:00,bcycle_lametro_4534,8,7,,1,1,1
2026-09-28T13:29:04.578750+00:00,2026-09-28T13:29:03+00:00,2026-09-28T13:29:03+00:00,bcycle_lametro_4536,2,8,,1,1,1
2026-09-28T13:29:04.578750+00:00,2026-09-28T13:29:03+00:00,2026-09-28T13:29:03+00:00,bcycle_lametro_4537,5,13,,1,1,1
2026-09-28T13:29:04.578750+00:00,2026-09-28T13:29:03+00:00,2026-09-28T13:29:03+00:00,bcycle_lametro_4538,2,6,,1,1,1
2026-09-28T13:29:04.578750+00:00,2026-09-28T13:29:03+00:00,2026-09-28T13:29:03+00:00,bcycle_lametro_4540,5,9,,1,1,1
2026-09-28T13:29:04.578750+00:00,2026-09-28T13:29:03+00:00,2026-09-28T13:29:03+00:00,bcycle_lametro_4543,8,0,,1,1,1
2026-09-28T13:29:04.578750+00:00,2026-09-28T13:29:03+00:00,2026-09-28T13:29:03+00:00,bcycle_lametro_4544,7,7,,1,1,1
2026-09-28T13:29:04.578750+00:00,2026-09-28T13:29:03+00:00,2026-09-28T13:29:03+00:00,bcycle_lametro_4545,3,5,,1,1,1
2026-09-28T13:29:04.578750+00:00,2026-09-28T13:29:03+00:00,2026-09-28T13:29:03+00:00,bcycle_lametro_4546,12,7,,1,1,1
2026-09-28T13:29:04.578750+00:00,2026-09-28T13:29:03+00:00,2026-09-28T13:29:03+00:00,bcycle_lametro_4547,4,6,,1,1,1
2026-09-28T13:29:04.578750+00:00,2026-09-28T13:29:03+00:00,2026-09-28T13:29:03+00:00,bcycle_lametro_4548,4,8,,1,1,1
2026-09-28T13:29:04.578750+00:00,2026-09-28T13:29:03+00:00,2026-09-28T13:29:03+00:00,bcycle_lametro_4549,11,5,,1,1,1
2026-09-28T13:29:04.578750+00:00,2026-09-28T13:29:03+00:00,2026-09-28T13:29:03+00:00,bcycle_lametro_4552,9,3,,1,1,1
2026-09-28T13:29:04.578750+00:00,2026-09-28T13:29:03+00:00,2026-09-28T13:29:03+00:00,bcycle_lametro_4553,3,6,,1,1,1
2026-09-28T13:29:04.578750+00:00,2026-09-28T13:29:03+00:00,2026-09-28T13:29:03+00:00,bcycle_lametro_4554,7,4,,1,1,1
2026-09-28T13:29:04.578750+00:00,2026-09-28T13:29:03+00:00,2026-09-28T13:29:03+00:00,bcycle_lametro_4555,5,3,,1,1,1
2026-09-28T13:29:04.578750+00:00,2026-09-28T13:29:03+00:00,2026-09-28T13:29:03+00:00,bcycle_lametro_4556,3,10,,1,1,1
2026-09-28T13:29:04.578750+00:00,2026-09-28T13:29:03+00:00,2026-09-28T13:29:03+00:00,bcycle_lametro_4557,4,7,,1,1,1
2026-09-28T13:29:04.578750+00:00,2026-09-28T13:29:03+00:00,2026-09-28T13:29:03+00:00,bcycle_lametro_4558,7,10,,1,1,1
2026-09-28T13:29:04.578750+00:00,2026-09-28T13:29:03+00:00,2026-09-28T13:29:03+00:00,bcycle_lametro_4561,6,3,,1,1,1
2026-09-28T13:29:04.578750+00:00,2026-09-28T13:29:03+00:00,2026-09-28T13:29:03+00:00,bcycle_lametro_4562,8,6,,1,1,1
2026-09-28T13:29:04.578750+00:00,2026-09-28T13:29:03+00:00,2026-09-28T13:29:03+00:00,bcycle_lametro_4563,5,4,,1,1,1
2026-09-28T13:29:04.578750+00:00,2026-09-28T13:29:03+00:00,2026-09-28T13:29:03+00:00,bcycle_lametro_4564,9,6,,1,1,1
2026-09-28T13:29:04.578750+00:00,2026-09-28T13:29:03+00:00,2026-09-28T13:29:03+00:00,bcycle_lametro_4565,2,10,,1,1,1
2026-09-28T13:29:04.578750+00:00,2026-09-28T13:29:03+00:00,2026-09-28T13:29:03+00:00,bcycle_lametro_4566,7,8,,1,1,1
2026-09-28T13:29:04.578750+00:00,2026-09-28T13:29:03+00:00,2026-09-28T13:29:03+00:00,bcycle_lametro_4567,4,7,,1,1,1
2026-09-28T13:29:04.578750+00:00,2026-09-28T13:29:03+00:00,2026-09-28T13:29:03+00:00,bcycle_lametro_4568,7,7,,1,1,1
2026-09-28T13:29:04.578750+00:00,2026-09-28T13:29:03+00:00,2026-09-28T13:29:03+00:00,bcycle_lametro_4569,2,7,,1,1,1
2026-09-28T13:29:04.578750+00:00,2026-09-28T13:29:03+00:00,2026-09-28T13:29:03+00:00,bcycle_lametro_4570,6,9,,1,1,1
2026-09-28T13:29:04.578750+00:00,2026-09-28T13:29:03+00:00,2026-09-28T13:29:03+00:00,bcycle_lametro_4571,5,1,,1,1,1
2026-09-28T13:29:04.578750+00:00,2026-09-28T13:29:03+00:00,2026-09-28T13:29:03+00:00,bcycle_lametro_4575,2,9,,1,1,1
2026-09-28T13:29:04.578750+00:00,2026-09-28T13:29:03+00:00,2026-09-28T13:29:03+00:00,bcycle_lametro_4576,1,10,,1,1,1
2026-09-28T13:29:04.578750+00:00,2026-09-28T13:29:03+00:00,2026-09-28T13:29:03+00:00,bcycle_lametro_4578,5,2,,1,1,1
2026-09-28T13:29:04.578750+00:00,2026-09-28T13:29:03+00:00,2026-09-28T13:29:03+00:00,bcycle_lametro_4579,6,6,,1,1,1
2026-09-28T13:29:04.578750+00:00,2026-09-28T13:29:03+00:00,2026-09-28T13:29:03+00:00,bcycle_lametro_4580,6,2,,1,1,1
2026-09-28T13:29:04.578750+00:00,2026-09-28T13:29:03+00:00,2026-09-28T13:29:03+00:00,bcycle_lametro_4581,6,11,,1,1,1
2026-09-28T13:29:04.578750+00:00,2026-09-28T13:29:03+00:00,2026-09-28T13:29:03+00:00,bcycle_lametro_4583,6,12,,1,1,1
2026-09-28T13:29:04.578750+00:00,2026-09-28T13:29:03+00:00,2026-09-28T13:29:03+00:00,bcycle_lametro_4584,7,7,,1,1,1
2026-09-28T13:29:04.578750+00:00,2026-09-28T13:29:03+00:00,2026-09-28T13:29:03+00:00,bcycle_lametro_4587,6,5,,1,1,1
2026-09-28T13:29:04.578750+00:00,2026-09-28T13:29:03+00:00,2026-09-28T13:29:03+00:00,bcycle_lametro_4595,4,14,,0,0,1
2026-09-28T13:29:04.578750+00:00,2026-09-28T13:29:03+00:00,2026-09-28T13:29:03+00:00,bcycle_lametro_4596,5,10,,1,1,1
2026-09-28T13:29:04.578750+00:00,2026-09-28T13:29:03+00:00,2026-09-28T13:29:03+00:00,bcycle_lametro_4597,2,8,,1,1,1
2026-09-28T13:29:04.578750+00:00,2026-09-28T13:29:03+00:00,2026-09-28T13:29:03+00:00,bcycle_lametro_4598,6,3,,1,1,1
2026-09-28T13:29:04.578750+00:00,2026-09-28T13:29:03+00:00,2026-09-28T13:29:03+00:00,bcycle_lametro_4599,2,10,,1,1,1
2026-09-28T13:29:04.578750+00:00,2026-09-28T13:29:03+00:00,2026-09-28T13:29:03+00:00,bcycle_lametro_4600,4,6,,1,1,1
2026-09-28T13:29:04.578750+00:00,2026-09-28T13:29:03+00:00,2026-09-28T13:29:03+00:00,bcycle_lametro_4601,5,6,,1,1,1
2026-09-28T13:29:04.578750+00:00,2026-09-28T13:29:03+00:00,2026-09-28T13:29:03+00:00,bcycle_lametro_4603,5,13,,1,1,1
2026-09-28T13:29:04.578750+00:00,2026-09-28T13:29:03+00:00,2026-09-28T13:29:03+00:00,bcycle_lametro_4604,7,5,,1,1,1
2026-09-28T13:29:04.578750+00:00,2026-09-28T13:29:03+00:00,2026-09-28T13:29:03+00:00,bcycle_lametro_4605,9,4,,1,1,1
2026-09-28T13:29:04.578750+00:00,2026-09-28T13:29:03+00:00,2026-09-28T13:29:03+00:00,bcycle_lametro_4606,2,18,,1,1,1
2026-09-28T13:29:04.578750+00:00,2026-09-28T13:29:03+00:00,2026-09-28T13:29:03+00:00,bcycle_lametro_4613,3,14,,1,1,1
2026-09-28T13:29:04.578750+00:00,2026-09-28T13:29:03+00:00,2026-09-28T13:29:03+00:00,bcycle_lametro_4614,3,17,,1,1,1
2026-09-28T13:29:04.578750+00:00,2026-09-28T13:29:03+00:00,2026-09-28T13:29:03+00:00,bcycle_lametro_4627,2,15,,1,1,1
2026-09-28T13:29:04.578750+00:00,2026-09-28T13:29:03+00:00,2026-09-28T13:29:03+00:00,bcycle_lametro_4628,8,5,,1,1,1
2026-09-28T13:29:04.578750+00:00,2026-09-28T13:29:03+00:00,2026-09-28T13:29:03+00:00,bcycle_lametro_4632,10,5,,1,1,1
2026-09-28T13:29:04.578750+00:00,2026-09-28T13:29:03+00:00,2026-09-28T13:29:03+00:00,bcycle_lametro_4643,7,13,,1,1,1
2026-09-28T13:29:04.578750+00:00,2026-09-28T13:29:03+00:00,2026-09-28T13:29:03+00:00,bcycle_lametro_4644,5,7,,1,1,1
2026-09-28T13:29:04.578750+00:00,2026-09-28T13:29:03+00:00,2026-09-28T13:29:03+00:00,bcycle_lametro_4645,6,6,,1,1,1
2026-09-28T13:29:04.578750+00:00,2026-09-28T13:29:03+00:00,2026-09-28T13:29:03+00:00,bcycle_lametro_4652,2,9,,1,1,1
2026-09-28T13:29:04.578750+00:00,2026-09-28T13:29:03+00:00,2026-09-28T13:29:03+00:00,bcycle_lametro_4660,2,15,,1,1,1
2026-09-28T13:29:04.578750+00:00,2026-09-28T13:29:03+00:00,2026-09-28T13:29:03+00:00,bcycle_lametro_4664,9,11,,1,1,1
2026-09-28T13:29:04.578750+00:00,2026-09-28T13:29:03+00:00,2026-09-28T13:29:03+00:00,bcycle_lametro_4672,10,5,,1,1,1
2026-09-28T13:29:04.578750+00:00,2026-09-28T13:29:03+00:00,2026-09-28T13:29:03+00:00,bcycle_lametro_4680,8,10,,1,1,1
2026-09-28T13:29:04.578750+00:00,2026-09-28T13:29:03+00:00,2026-09-28T13:29:03+00:00,bcycle_lametro_4689,10,5,,1,1,1
2026-09-28T13:29:04.578750+00:00,2026-09-28T13:29:03+00:00,2026-09-28T13:29:03+00:00,bcycle_lametro_4690,12,2,,1,1,1
2026-09-28T13:29:04.578750+00:00,2026-09-28T13:29:03+00:00,2026-09-28T13:29:03+00:00,bcycle_lametro_4696,7,7,,1,1,1
2026-09-28T13:29:04.578750+00:00,2026-09-28T13:29:03+00:00,2026-09-28T13:29:03+00:00,bcycle_lametro_4697,8,7,,0,0,1
2026-09-28T13:29:04.578750+00:00,2026-09-28T13:29:03+00:00,2026-09-28T13:29:03+00:00,bcycle_lametro_4698,9,4,,1,1,1
2026-09-28T13:29:04.578750+00:00,2026-09-28T13:29:03+00:00,2026-09-28T13:29:03+00:00,bcycle_lametro_4699,6,9,,1,1,1
2026-09-28T13:29:04.578750+00:00,2026-09-28T13:29:03+00:00,2026-09-28T13:29:03+00:00,bcycle_lametro_4700,11,6,,1,1,1
2026-09-28T13:29:04.578750+00:00,2026-09-28T13:29:03+00:00,2026-09-28T13:29:03+00:00,bcycle_lametro_4707,7,6,,1,1,1
2026-09-28T13:29:04.578750+00:00,2026-09-28T13:29:03+00:00,2026-09-28T13:29:03+00:00,bcycle_lametro_4729,4,9,,1,1,1
2026-09-28T13:29:04.578750+00:00,2026-09-28T13:29:03+00:00,2026-09-28T13:29:03+00:00,bcycle_lametro_4730,9,4,,0,0,1
2026-09-28T13:29:04.578750+00:00,2026-09-28T13:29:03+00:00,2026-09-28T13:29:03+00:00,bcycle_lametro_4732,7,14,,1,1,1
2026-09-28T13:29:04.578750+00:00,2026-09-28T13:29:03+00:00,2026-09-28T13:29:03+00:00,bcycle_lametro_4733,1,21,,1,1,1
2026-09-28T13:29:04.578750+00:00,2026-09-28T13:29:03+00:00,2026-09-28T13:29:03+00:00,bcycle_lametro_4734,2,13,,1,1,1
2026-09-28T13:29:04.578750+00:00,2026-09-28T13:29:03+00:00,2026-09-28T13:29:03+00:00,bcycle_lametro_4735,9,3,,1,1,1
2026-09-28T13:29:04.578750+00:00,2026-09-28T13:29:03+00:00,2026-09-28T13:29:03+00:00,bcycle_lametro_4736,6,9,,1,1,1
2026-09-28T13:29:04.578750+00:00,2026-09-28T13:29:03+00:00,2026-09-28T13:29:03+00:00,bcycle_lametro_4740,12,9,,1,1,1
2026-09-28T13:29:04.578750+00:00,2026-09-28T13:29:03+00:00,2026-09-28T13:29:03+00:00,bcycle_lametro_4745,3,8,,1,1,1
2026-09-28T20:12:28.760841+00:00,2026-09-28T20:12:04+00:00,2026-09-28T20:12:04+00:00,bcycle_lametro_3005,10,20,,1,1,1
2026-09-28T20:12:28.760841+00:00,2026-09-28T20:12:04+00:00,2026-09-28T20:12:04+00:00,bcycle_lametro_3006,17,12,,1,1,1
2026-09-28T20:12:28.760841+00:00,2026-09-28T20:12:04+00:00,2026-09-28T20:12:04+00:00,bcycle_lametro_3007,8,14,,1,1,1
2026-09-28T20:12:28.760841+00:00,2026-09-28T20:12:04+00:00,2026-09-28T20:12:04+00:00,bcycle_lametro_3008,7,8,,1,1,1
2026-09-28T20:12:28.760841+00:00,2026-09-28T20:12:04+00:00,2026-09-28T20:12:04+00:00,bcycle_lametro_3010,10,5,,1,1,1
2026-09-28T20:12:28.760841+00:00,2026-09-28T20:12:04+00:00,2026-09-28T20:12:04+00:00,bcycle_lametro_3011,6,10,,1,1,1
2026-09-28T20:12:28.760841+00:00,2026-09-28T20:12:04+00:00,2026-09-28T20:12:04+00:00,bcycle_lametro_3014,5,22,,1,1,1
2026-09-28T20:12:28.760841+00:00,2026-09-28T20:12:04+00:00,2026-09-28T20:12:04+00:00,bcycle_lametro_3016,3,12,,1,1,1
2026-09-28T20:12:28.760841+00:00,2026-09-28T20:12:04+00:00,2026-09-28T20:12:04+00:00,bcycle_lametro_3018,15,3,,1,1,1
2026-09-28T20:12:28.760841+00:00,2026-09-28T20:12:04+00:00,2026-09-28T20:12:04+00:00,bcycle_lametro_3019,10,9,,1,1,1
2026-09-28T20:12:28.760841+00:00,2026-09-28T20:12:04+00:00,2026-09-28T20:12:04+00:00,bcycle_lametro_3020,5,10,,1,1,1
2026-09-28T20:12:28.760841+00:00,2026-09-28T20:12:04+00:00,2026-09-28T20:12:04+00:00,bcycle_lametro_3022,11,9,,1,1,1
2026-09-28T20:12:28.760841+00:00,2026-09-28T20:12:04+00:00,2026-09-28T20:12:04+00:00,bcycle_lametro_3024,5,10,,1,1,1
2026-09-28T20:12:28.760841+00:00,2026-09-28T20:12:04+00:00,2026-09-28T20:12:04+00:00,bcycle_lametro_3025,9,5,,1,1,1
2026-09-28T20:12:28.760841+00:00,2026-09-28T20:12:04+00:00,2026-09-28T20:12:04+00:00,bcycle_lametro_3026,5,10,,1,1,1
2026-09-28T20:12:28.760841+00:00,2026-09-28T20:12:04+00:00,2026-09-28T20:12:04+00:00,bcycle_lametro_3027,5,10,,1,1,1
2026-09-28T20:12:28.760841+00:00,2026-09-28T20:12:04+00:00,2026-09-28T20:12:04+00:00,bcycle_lametro_3030,20,9,,1,1,1
2026-09-28T20:12:28.760841+00:00,2026-09-28T20:12:04+00:00,2026-09-28T20:12:04+00:00,bcycle_lametro_3032,11,16,,1,1,1
2026-09-28T20:12:28.760841+00:00,2026-09-28T20:12:04+00:00,2026-09-28T20:12:04+00:00,bcycle_lametro_3033,4,11,,1,1,1
2026-09-28T20:12:28.760841+00:00,2026-09-28T20:12:04+00:00,2026-09-28T20:12:04+00:00,bcycle_lametro_3034,11,11,,1,1,1
2026-09-28T20:12:28.760841+00:00,2026-09-28T20:12:04+00:00,2026-09-28T20:12:04+00:00,bcycle_lametro_3035,13,10,,1,1,1
2026-09-28T20:12:28.760841+00:00,2026-09-28T20:12:04+00:00,2026-09-28T20:12:04+00:00,bcycle_lametro_3036,6,9,,1,1,1
2026-09-28T20:12:28.760841+00:00,2026-09-28T20:12:04+00:00,2026-09-28T20:12:04+00:00,bcycle_lametro_3037,8,10,,1,1,1
2026-09-28T20:12:28.760841+00:00,2026-09-28T20:12:04+00:00,2026-09-28T20:12:04+00:00,bcycle_lametro_3040,1,2,,1,1,1
2026-09-28T20:12:28.760841+00:00,2026-09-28T20:12:04+00:00,2026-09-28T20:12:04+00:00,bcycle_lametro_3042,19,9,,1,1,1
2026-09-28T20:12:28.760841+00:00,2026-09-28T20:12:04+00:00,2026-09-28T20:12:04+00:00,bcycle_lametro_3045,3,7,,1,1,1
2026-09-28T20:12:28.760841+00:00,2026-09-28T20:12:04+00:00,2026-09-28T20:12:04+00:00,bcycle_lametro_3046,9,8,,1,1,1
2026-09-28T20:12:28.760841+00:00,2026-09-28T20:12:04+00:00,2026-09-28T20:12:04+00:00,bcycle_lametro_3047,13,12,,1,1,1
2026-09-28T20:12:28.760841+00:00,2026-09-28T20:12:04+00:00,2026-09-28T20:12:04+00:00,bcycle_lametro_3048,4,12,,1,1,1
2026-09-28T20:12:28.760841+00:00,2026-09-28T20:12:04+00:00,2026-09-28T20:12:04+00:00,bcycle_lametro_3052,7,15,,1,1,1
2026-09-28T20:12:28.760841+00:00,2026-09-28T20:12:04+00:00,2026-09-28T20:12:04+00:00,bcycle_lametro_3054,5,10,,1,1,1
2026-09-28T20:12:28.760841+00:00,2026-09-28T20:12:04+00:00,2026-09-28T20:12:04+00:00,bcycle_lametro_3056,8,7,,1,1,1
2026-09-28T20:12:28.760841+00:00,2026-09-28T20:12:04+00:00,2026-09-28T20:12:04+00:00,bcycle_lametro_3058,9,6,,1,1,1
2026-09-28T20:12:28.760841+00:00,2026-09-28T20:12:04+00:00,2026-09-28T20:12:04+00:00,bcycle_lametro_3062,6,9,,1,1,1
2026-09-28T20:12:28.760841+00:00,2026-09-28T20:12:04+00:00,2026-09-28T20:12:04+00:00,bcycle_lametro_3063,2,20,,1,1,1
2026-09-28T20:12:28.760841+00:00,2026-09-28T20:12:04+00:00,2026-09-28T20:12:04+00:00,bcycle_lametro_3064,12,5,,1,1,1
2026-09-28T20:12:28.760841+00:00,2026-09-28T20:12:04+00:00,2026-09-28T20:12:04+00:00,bcycle_lametro_3065,5,10,,1,1,1
2026-09-28T20:12:28.760841+00:00,2026-09-28T20:12:04+00:00,2026-09-28T20:12:04+00:00,bcycle_lametro_3066,6,9,,1,1,1
2026-09-28T20:12:28.760841+00:00,2026-09-28T20:12:04+00:00,2026-09-28T20:12:04+00:00,bcycle_lametro_3068,5,9,,1,1,1
2026-09-28T20:12:28.760841+00:00,2026-09-28T20:12:04+00:00,2026-09-28T20:12:04+00:00,bcycle_lametro_3069,8,9,,1,1,1
2026-09-28T20:12:28.760841+00:00,2026-09-28T20:12:04+00:00,2026-09-28T20:12:04+00:00,bcycle_lametro_3074,5,17,,1,1,1
2026-09-28T20:12:28.760841+00:00,2026-09-28T20:12:04+00:00,2026-09-28T20:12:04+00:00,bcycle_lametro_3075,9,7,,1,1,1
2026-09-28T20:12:28.760841+00:00,2026-09-28T20:12:04+00:00,2026-09-28T20:12:04+00:00,bcycle_lametro_3076,4,8,,1,1,1
2026-09-28T20:12:28.760841+00:00,2026-09-28T20:12:04+00:00,2026-09-28T20:12:04+00:00,bcycle_lametro_3077,6,7,,1,1,1
2026-09-28T20:12:28.760841+00:00,2026-09-28T20:12:04+00:00,2026-09-28T20:12:04+00:00,bcycle_lametro_3078,9,6,,1,1,1
2026-09-28T20:12:28.760841+00:00,2026-09-28T20:12:04+00:00,2026-09-28T20:12:04+00:00,bcycle_lametro_3079,4,10,,1,1,1
2026-09-28T20:12:28.760841+00:00,2026-09-28T20:12:04+00:00,2026-09-28T20:12:04+00:00,bcycle_lametro_3081,7,5,,1,1,1
2026-09-28T20:12:28.760841+00:00,2026-09-28T20:12:04+00:00,2026-09-28T20:12:04+00:00,bcycle_lametro_3082,10,12,,1,1,1
2026-09-28T20:12:28.760841+00:00,2026-09-28T20:12:04+00:00,2026-09-28T20:12:04+00:00,bcycle_lametro_4202,8,12,,1,1,1
2026-09-28T20:12:28.760841+00:00,2026-09-28T20:12:04+00:00,2026-09-28T20:12:04+00:00,bcycle_lametro_4204,10,6,,1,1,1
2026-09-28T20:12:28.760841+00:00,2026-09-28T20:12:04+00:00,2026-09-28T20:12:04+00:00,bcycle_lametro_4205,2,13,,1,1,1
2026-09-28T20:12:28.760841+00:00,2026-09-28T20:12:04+00:00,2026-09-28T20:12:04+00:00,bcycle_lametro_4206,10,13,,1,1,1
2026-09-28T20:12:28.760841+00:00,2026-09-28T20:12:04+00:00,2026-09-28T20:12:04+00:00,bcycle_lametro_4207,7,12,,1,1,1
2026-09-28T20:12:28.760841+00:00,2026-09-28T20:12:04+00:00,2026-09-28T20:12:04+00:00,bcycle_lametro_4208,7,10,,1,1,1
2026-09-28T20:12:28.760841+00:00,2026-09-28T20:12:04+00:00,2026-09-28T20:12:04+00:00,bcycle_lametro_4209,10,13,,1,1,1
2026-09-28T20:12:28.760841+00:00,2026-09-28T20:12:04+00:00,2026-09-28T20:12:04+00:00,bcycle_lametro_4210,4,11,,1,1,1
2026-09-28T20:12:28.760841+00:00,2026-09-28T20:12:04+00:00,2026-09-28T20:12:04+00:00,bcycle_lametro_4211,7,5,,1,1,1
2026-09-28T20:12:28.760841+00:00,2026-09-28T20:12:04+00:00,2026-09-28T20:12:04+00:00,bcycle_lametro_4212,10,11,,1,1,1
2026-09-28T20:12:28.760841+00:00,2026-09-28T20:12:04+00:00,2026-09-28T20:12:04+00:00,bcycle_lametro_4213,5,10,,1,1,1
2026-09-28T20:12:28.760841+00:00,2026-09-28T20:12:04+00:00,2026-09-28T20:12:04+00:00,bcycle_lametro_4214,4,20,,1,1,1
2026-09-28T20:12:28.760841+00:00,2026-09-28T20:12:04+00:00,2026-09-28T20:12:04+00:00,bcycle_lametro_4215,7,33,,1,1,1
2026-09-28T20:12:28.760841+00:00,2026-09-28T20:12:04+00:00,2026-09-28T20:12:04+00:00,bcycle_lametro_4216,8,11,,1,1,1
2026-09-28T20:12:28.760841+00:00,2026-09-28T20:12:04+00:00,2026-09-28T20:12:04+00:00,bcycle_lametro_4217,5,6,,1,1,1
2026-09-28T20:12:28.760841+00:00,2026-09-28T20:12:04+00:00,2026-09-28T20:12:04+00:00,bcycle_lametro_4220,5,10,,1,1,1
2026-09-28T20:12:28.760841+00:00,2026-09-28T20:12:04+00:00,2026-09-28T20:12:04+00:00,bcycle_lametro_4227,10,6,,1,1,1
2026-09-28T20:12:28.760841+00:00,2026-09-28T20:12:04+00:00,2026-09-28T20:12:04+00:00,bcycle_lametro_4245,13,1,,1,1,1
2026-09-28T20:12:28.760841+00:00,2026-09-28T20:12:04+00:00,2026-09-28T20:12:04+00:00,bcycle_lametro_4246,9,5,,1,1,1
2026-09-28T20:12:28.760841+00:00,2026-09-28T20:12:04+00:00,2026-09-28T20:12:04+00:00,bcycle_lametro_4247,4,4,,1,1,1
2026-09-28T20:12:28.760841+00:00,2026-09-28T20:12:04+00:00,2026-09-28T20:12:04+00:00,bcycle_lametro_4248,5,14,,1,1,1
2026-09-28T20:12:28.760841+00:00,2026-09-28T20:12:04+00:00,2026-09-28T20:12:04+00:00,bcycle_lametro_4249,11,4,,1,1,1
2026-09-28T20:12:28.760841+00:00,2026-09-28T20:12:04+00:00,2026-09-28T20:12:04+00:00,bcycle_lametro_4250,2,13,,1,1,1
2026-09-28T20:12:28.760841+00:00,2026-09-28T20:12:04+00:00,2026-09-28T20:12:04+00:00,bcycle_lametro_4254,6,9,,1,1,1
2026-09-28T20:12:28.760841+00:00,2026-09-28T20:12:04+00:00,2026-09-28T20:12:04+00:00,bcycle_lametro_4255,4,6,,1,1,1
2026-09-28T20:12:28.760841+00:00,2026-09-28T20:12:04+00:00,2026-09-28T20:12:04+00:00,bcycle_lametro_4266,4,11,,1,1,1
2026-09-28T20:12:28.760841+00:00,2026-09-28T20:12:04+00:00,2026-09-28T20:12:04+00:00,bcycle_lametro_4267,5,4,,1,1,1
2026-09-28T20:12:28.760841+00:00,2026-09-28T20:12:04+00:00,2026-09-28T20:12:04+00:00,bcycle_lametro_4273,12,3,,1,1,1
2026-09-28T20:12:28.760841+00:00,2026-09-28T20:12:04+00:00,2026-09-28T20:12:04+00:00,bcycle_lametro_4275,6,9,,1,1,1
2026-09-28T20:12:28.760841+00:00,2026-09-28T20:12:04+00:00,2026-09-28T20:12:04+00:00,bcycle_lametro_4293,3,7,,1,1,1
2026-09-28T20:12:28.760841+00:00,2026-09-28T20:12:04+00:00,2026-09-28T20:12:04+00:00,bcycle_lametro_4300,8,5,,1,1,1
2026-09-28T20:12:28.760841+00:00,2026-09-28T20:12:04+00:00,2026-09-28T20:12:04+00:00,bcycle_lametro_4301,6,4,,1,1,1
2026-09-28T20:12:28.760841+00:00,2026-09-28T20:12:04+00:00,2026-09-28T20:12:04+00:00,bcycle_lametro_4303,4,6,,1,1,1
2026-09-28T20:12:28.760841+00:00,2026-09-28T20:12:04+00:00,2026-09-28T20:12:04+00:00,bcycle_lametro_4304,5,6,,1,1,1
2026-09-28T20:12:28.760841+00:00,2026-09-28T20:12:04+00:00,2026-09-28T20:12:04+00:00,bcycle_lametro_4306,5,8,,1,1,1
2026-09-28T20:12:28.760841+00:00,2026-09-28T20:12:04+00:00,2026-09-28T20:12:04+00:00,bcycle_lametro_4311,5,8,,1,1,1
2026-09-28T20:12:28.760841+00:00,2026-09-28T20:12:04+00:00,2026-09-28T20:12:04+00:00,bcycle_lametro_4312,7,6,,1,1,1
2026-09-28T20:12:28.760841+00:00,2026-09-28T20:12:04+00:00,2026-09-28T20:12:04+00:00,bcycle_lametro_4313,5,7,,1,1,1
2026-09-28T20:12:28.760841+00:00,2026-09-28T20:12:04+00:00,2026-09-28T20:12:04+00:00,bcycle_lametro_4314,3,12,,1,1,1
2026-09-28T20:12:28.760841+00:00,2026-09-28T20:12:04+00:00,2026-09-28T20:12:04+00:00,bcycle_lametro_4315,5,3,,1,1,1
2026-09-28T20:12:28.760841+00:00,2026-09-28T20:12:04+00:00,2026-09-28T20:12:04+00:00,bcycle_lametro_4387,6,10,,1,1,1
2026-09-28T20:12:28.760841+00:00,2026-09-28T20:12:04+00:00,2026-09-28T20:12:04+00:00,bcycle_lametro_4390,6,6,,1,1,1
2026-09-28T20:12:28.760841+00:00,2026-09-28T20:12:04+00:00,2026-09-28T20:12:04+00:00,bcycle_lametro_4401,3,7,,1,1,1
2026-09-28T20:12:28.760841+00:00,2026-09-28T20:12:04+00:00,2026-09-28T20:12:04+00:00,bcycle_lametro_4404,7,8,,1,1,1
2026-09-28T20:12:28.760841+00:00,2026-09-28T20:12:04+00:00,2026-09-28T20:12:04+00:00,bcycle_lametro_4405,8,5,,1,1,1
2026-09-28T20:12:28.760841+00:00,2026-09-28T20:12:04+00:00,2026-09-28T20:12:04+00:00,bcycle_lametro_4406,6,8,,1,1,1
2026-09-28T20:12:28.760841+00:00,2026-09-28T20:12:04+00:00,2026-09-28T20:12:04+00:00,bcycle_lametro_4410,0,16,,1,1,1
2026-09-28T20:12:28.760841+00:00,2026-09-28T20:12:04+00:00,2026-09-28T20:12:04+00:00,bcycle_lametro_4436,3,6,,1,1,1
2026-09-28T20:12:28.760841+00:00,2026-09-28T20:12:04+00:00,2026-09-28T20:12:04+00:00,bcycle_lametro_4437,2,11,,1,1,1
2026-09-28T20:12:28.760841+00:00,2026-09-28T20:12:04+00:00,2026-09-28T20:12:04+00:00,bcycle_lametro_4440,8,10,,1,1,1
2026-09-28T20:12:28.760841+00:00,2026-09-28T20:12:04+00:00,2026-09-28T20:12:04+00:00,bcycle_lametro_4441,4,3,,1,1,1
2026-09-28T20:12:28.760841+00:00,2026-09-28T20:12:04+00:00,2026-09-28T20:12:04+00:00,bcycle_lametro_4442,8,4,,1,1,1
2026-09-28T20:12:28.760841+00:00,2026-09-28T20:12:04+00:00,2026-09-28T20:12:04+00:00,bcycle_lametro_4443,6,2,,1,1,1
2026-09-28T20:12:28.760841+00:00,2026-09-28T20:12:04+00:00,2026-09-28T20:12:04+00:00,bcycle_lametro_4444,2,7,,1,1,1
2026-09-28T20:12:28.760841+00:00,2026-09-28T20:12:04+00:00,2026-09-28T20:12:04+00:00,bcycle_lametro_4445,4,11,,1,1,1
2026-09-28T20:12:28.760841+00:00,2026-09-28T20:12:04+00:00,2026-09-28T20:12:04+00:00,bcycle_lametro_4446,6,2,,1,1,1
2026-09-28T20:12:28.760841+00:00,2026-09-28T20:12:04+00:00,2026-09-28T20:12:04+00:00,bcycle_lametro_4447,5,6,,1,1,1
2026-09-28T20:12:28.760841+00:00,2026-09-28T20:12:04+00:00,2026-09-28T20:12:04+00:00,bcycle_lametro_4448,7,11,,1,1,1
2026-09-28T20:12:28.760841+00:00,2026-09-28T20:12:04+00:00,2026-09-28T20:12:04+00:00,bcycle_lametro_4449,8,5,,1,1,1
2026-09-28T20:12:28.760841+00:00,2026-09-28T20:12:04+00:00,2026-09-28T20:12:04+00:00,bcycle_lametro_4450,5,8,,1,1,1
2026-09-28T20:12:28.760841+00:00,2026-09-28T20:12:04+00:00,2026-09-28T20:12:04+00:00,bcycle_lametro_4451,4,5,,1,1,1
2026-09-28T20:12:28.760841+00:00,2026-09-28T20:12:04+00:00,2026-09-28T20:12:04+00:00,bcycle_lametro_4452,2,8,,1,1,1
2026-09-28T20:12:28.760841+00:00,2026-09-28T20:12:04+00:00,2026-09-28T20:12:04+00:00,bcycle_lametro_4453,3,7,,1,1,1
2026-09-28T20:12:28.760841+00:00,2026-09-28T20:12:04+00:00,2026-09-28T20:12:04+00:00,bcycle_lametro_4454,8,6,,1,1,1
2026-09-28T20:12:28.760841+00:00,2026-09-28T20:12:04+00:00,2026-09-28T20:12:04+00:00,bcycle_lametro_4455,6,9,,1,1,1
2026-09-28T20:12:28.760841+00:00,2026-09-28T20:12:04+00:00,2026-09-28T20:12:04+00:00,bcycle_lametro_4456,8,7,,1,1,1
2026-09-28T20:12:28.760841+00:00,2026-09-28T20:12:04+00:00,2026-09-28T20:12:04+00:00,bcycle_lametro_4457,5,3,,1,1,1
2026-09-28T20:12:28.760841+00:00,2026-09-28T20:12:04+00:00,2026-09-28T20:12:04+00:00,bcycle_lametro_4472,7,9,,1,1,1
2026-09-28T20:12:28.760841+00:00,2026-09-28T20:12:04+00:00,2026-09-28T20:12:04+00:00,bcycle_lametro_4473,5,3,,1,1,1
2026-09-28T20:12:28.760841+00:00,2026-09-28T20:12:04+00:00,2026-09-28T20:12:04+00:00,bcycle_lametro_4474,3,7,,1,1,1
2026-09-28T20:12:28.760841+00:00,2026-09-28T20:12:04+00:00,2026-09-28T20:12:04+00:00,bcycle_lametro_4475,6,5,,1,1,1
2026-09-28T20:12:28.760841+00:00,2026-09-28T20:12:04+00:00,2026-09-28T20:12:04+00:00,bcycle_lametro_4476,4,10,,1,1,1
2026-09-28T20:12:28.760841+00:00,2026-09-28T20:12:04+00:00,2026-09-28T20:12:04+00:00,bcycle_lametro_4477,2,11,,1,1,1
2026-09-28T20:12:28.760841+00:00,2026-09-28T20:12:04+00:00,2026-09-28T20:12:04+00:00,bcycle_lametro_4479,0,12,,1,1,1
2026-09-28T20:12:28.760841+00:00,2026-09-28T20:12:04+00:00,2026-09-28T20:12:04+00:00,bcycle_lametro_4483,5,7,,1,1,1
2026-09-28T20:12:28.760841+00:00,2026-09-28T20:12:04+00:00,2026-09-28T20:12:04+00:00,bcycle_lametro_4487,9,7,,1,1,1
2026-09-28T20:12:28.760841+00:00,2026-09-28T20:12:04+00:00,2026-09-28T20:12:04+00:00,bcycle_lametro_4490,10,5,,1,1,1
2026-09-28T20:12:28.760841+00:00,2026-09-28T20:12:04+00:00,2026-09-28T20:12:04+00:00,bcycle_lametro_4491,11,2,,1,1,1
2026-09-28T20:12:28.760841+00:00,2026-09-28T20:12:04+00:00,2026-09-28T20:12:04+00:00,bcycle_lametro_4492,10,9,,1,1,1
2026-09-28T20:12:28.760841+00:00,2026-09-28T20:12:04+00:00,2026-09-28T20:12:04+00:00,bcycle_lametro_4493,5,11,,1,1,1
2026-09-28T20:12:28.760841+00:00,2026-09-28T20:12:04+00:00,2026-09-28T20:12:04+00:00,bcycle_lametro_4494,6,3,,1,1,1
2026-09-28T20:12:28.760841+00:00,2026-09-28T20:12:04+00:00,2026-09-28T20:12:04+00:00,bcycle_lametro_4509,1,9,,1,1,1
2026-09-28T20:12:28.760841+00:00,2026-09-28T20:12:04+00:00,2026-09-28T20:12:04+00:00,bcycle_lametro_4510,5,5,,1,1,1
2026-09-28T20:12:28.760841+00:00,2026-09-28T20:12:04+00:00,2026-09-28T20:12:04+00:00,bcycle_lametro_4511,8,11,,1,1,1
2026-09-28T20:12:28.760841+00:00,2026-09-28T20:12:04+00:00,2026-09-28T20:12:04+00:00,bcycle_lametro_4512,10,6,,1,1,1
2026-09-28T20:12:28.760841+00:00,2026-09-28T20:12:04+00:00,2026-09-28T20:12:04+00:00,bcycle_lametro_4514,7,14,,1,1,1
2026-09-28T20:12:28.760841+00:00,2026-09-28T20:12:04+00:00,2026-09-28T20:12:04+00:00,bcycle_lametro_4515,6,3,,1,1,1
2026-09-28T20:12:28.760841+00:00,2026-09-28T20:12:04+00:00,2026-09-28T20:12:04+00:00,bcycle_lametro_4517,6,5,,1,1,1
2026-09-28T20:12:28.760841+00:00,2026-09-28T20:12:04+00:00,2026-09-28T20:12:04+00:00,bcycle_lametro_4521,8,4,,1,1,1
2026-09-28T20:12:28.760841+00:00,2026-09-28T20:12:04+00:00,2026-09-28T20:12:04+00:00,bcycle_lametro_4523,11,4,,1,1,1
2026-09-28T20:12:28.760841+00:00,2026-09-28T20:12:04+00:00,2026-09-28T20:12:04+00:00,bcycle_lametro_4524,2,12,,1,1,1
2026-09-28T20:12:28.760841+00:00,2026-09-28T20:12:04+00:00,2026-09-28T20:12:04+00:00,bcycle_lametro_4525,7,4,,1,1,1
2026-09-28T20:12:28.760841+00:00,2026-09-28T20:12:04+00:00,2026-09-28T20:12:04+00:00,bcycle_lametro_4526,2,18,,1,1,1
2026-09-28T20:12:28.760841+00:00,2026-09-28T20:12:04+00:00,2026-09-28T20:12:04+00:00,bcycle_lametro_4527,7,7,,1,1,1
2026-09-28T20:12:28.760841+00:00,2026-09-28T20:12:04+00:00,2026-09-28T20:12:04+00:00,bcycle_lametro_4528,9,5,,1,1,1
2026-09-28T20:12:28.760841+00:00,2026-09-28T20:12:04+00:00,2026-09-28T20:12:04+00:00,bcycle_lametro_4529,5,8,,1,1,1
2026-09-28T20:12:28.760841+00:00,2026-09-28T20:12:04+00:00,2026-09-28T20:12:04+00:00,bcycle_lametro_4534,9,6,,1,1,1
2026-09-28T20:12:28.760841+00:00,2026-09-28T20:12:04+00:00,2026-09-28T20:12:04+00:00,bcycle_lametro_4536,5,5,,1,1,1
2026-09-28T20:12:28.760841+00:00,2026-09-28T20:12:04+00:00,2026-09-28T20:12:04+00:00,bcycle_lametro_4537,5,13,,1,1,1
2026-09-28T20:12:28.760841+00:00,2026-09-28T20:12:04+00:00,2026-09-28T20:12:04+00:00,bcycle_lametro_4538,2,6,,1,1,1
2026-09-28T20:12:28.760841+00:00,2026-09-28T20:12:04+00:00,2026-09-28T20:12:04+00:00,bcycle_lametro_4540,3,11,,1,1,1
2026-09-28T20:12:28.760841+00:00,2026-09-28T20:12:04+00:00,2026-09-28T20:12:04+00:00,bcycle_lametro_4543,5,3,,1,1,1
2026-09-28T20:12:28.760841+00:00,2026-09-28T20:12:04+00:00,2026-09-28T20:12:04+00:00,bcycle_lametro_4544,4,10,,1,1,1
2026-09-28T20:12:28.760841+00:00,2026-09-28T20:12:04+00:00,2026-09-28T20:12:04+00:00,bcycle_lametro_4545,4,4,,1,1,1
2026-09-28T20:12:28.760841+00:00,2026-09-28T20:12:04+00:00,2026-09-28T20:12:04+00:00,bcycle_lametro_4546,9,10,,1,1,1
2026-09-28T20:12:28.760841+00:00,2026-09-28T20:12:04+00:00,2026-09-28T20:12:04+00:00,bcycle_lametro_4547,7,3,,1,1,1
2026-09-28T20:12:28.760841+00:00,2026-09-28T20:12:04+00:00,2026-09-28T20:12:04+00:00,bcycle_lametro_4548,5,7,,1,1,1
2026-09-28T20:12:28.760841+00:00,2026-09-28T20:12:04+00:00,2026-09-28T20:12:04+00:00,bcycle_lametro_4549,11,5,,1,1,1
2026-09-28T20:12:28.760841+00:00,2026-09-28T20:12:04+00:00,2026-09-28T20:12:04+00:00,bcycle_lametro_4552,9,3,,1,1,1
2026-09-28T20:12:28.760841+00:00,2026-09-28T20:12:04+00:00,2026-09-28T20:12:04+00:00,bcycle_lametro_4553,1,7,,1,1,1
2026-09-28T20:12:28.760841+00:00,2026-09-28T20:12:04+00:00,2026-09-28T20:12:04+00:00,bcycle_lametro_4554,4,6,,1,1,1
2026-09-28T20:12:28.760841+00:00,2026-09-28T20:12:04+00:00,2026-09-28T20:12:04+00:00,bcycle_lametro_4555,3,5,,1,1,1
2026-09-28T20:12:28.760841+00:00,2026-09-28T20:12:04+00:00,2026-09-28T20:12:04+00:00,bcycle_lametro_4556,4,9,,1,1,1
2026-09-28T20:12:28.760841+00:00,2026-09-28T20:12:04+00:00,2026-09-28T20:12:04+00:00,bcycle_lametro_4557,4,7,,1,1,1
2026-09-28T20:12:28.760841+00:00,2026-09-28T20:12:04+00:00,2026-09-28T20:12:04+00:00,bcycle_lametro_4558,7,10,,1,1,1
2026-09-28T20:12:28.760841+00:00,2026-09-28T20:12:04+00:00,2026-09-28T20:12:04+00:00,bcycle_lametro_4561,7,2,,1,1,1
2026-09-28T20:12:28.760841+00:00,2026-09-28T20:12:04+00:00,2026-09-28T20:12:04+00:00,bcycle_lametro_4562,9,5,,1,1,1
2026-09-28T20:12:28.760841+00:00,2026-09-28T20:12:04+00:00,2026-09-28T20:12:04+00:00,bcycle_lametro_4563,4,5,,1,1,1
2026-09-28T20:12:28.760841+00:00,2026-09-28T20:12:04+00:00,2026-09-28T20:12:04+00:00,bcycle_lametro_4564,5,10,,1,1,1
2026-09-28T20:12:28.760841+00:00,2026-09-28T20:12:04+00:00,2026-09-28T20:12:04+00:00,bcycle_lametro_4565,2,10,,1,1,1
2026-09-28T20:12:28.760841+00:00,2026-09-28T20:12:04+00:00,2026-09-28T20:12:04+00:00,bcycle_lametro_4566,5,10,,1,1,1
2026-09-28T20:12:28.760841+00:00,2026-09-28T20:12:04+00:00,2026-09-28T20:12:04+00:00,bcycle_lametro_4567,4,7,,1,1,1
2026-09-28T20:12:28.760841+00:00,2026-09-28T20:12:04+00:00,2026-09-28T20:12:04+00:00,bcycle_lametro_4568,7,7,,1,1,1
2026-09-28T20:12:28.760841+00:00,2026-09-28T20:12:04+00:00,2026-09-28T20:12:04+00:00,bcycle_lametro_4569,2,7,,1,1,1
2026-09-28T20:12:28.760841+00:00,2026-09-28T20:12:04+00:00,2026-09-28T20:12:04+00:00,bcycle_lametro_4570,7,8,,1,1,1
2026-09-28T20:12:28.760841+00:00,2026-09-28T20:12:04+00:00,2026-09-28T20:12:04+00:00,bcycle_lametro_4571,6,1,,1,1,1
2026-09-28T20:12:28.760841+00:00,2026-09-28T20:12:04+00:00,2026-09-28T20:12:04+00:00,bcycle_lametro_4575,1,9,,1,1,1
2026-09-28T20:12:28.760841+00:00,2026-09-28T20:12:04+00:00,2026-09-28T20:12:04+00:00,bcycle_lametro_4576,4,7,,1,1,1
2026-09-28T20:12:28.760841+00:00,2026-09-28T20:12:04+00:00,2026-09-28T20:12:04+00:00,bcycle_lametro_4578,3,4,,1,1,1
2026-09-28T20:12:28.760841+00:00,2026-09-28T20:12:04+00:00,2026-09-28T20:12:04+00:00,bcycle_lametro_4579,7,5,,1,1,1
2026-09-28T20:12:28.760841+00:00,2026-09-28T20:12:04+00:00,2026-09-28T20:12:04+00:00,bcycle_lametro_4580,6,2,,1,1,1
2026-09-28T20:12:28.760841+00:00,2026-09-28T20:12:04+00:00,2026-09-28T20:12:04+00:00,bcycle_lametro_4581,6,11,,1,1,1
2026-09-28T20:12:28.760841+00:00,2026-09-28T20:12:04+00:00,2026-09-28T20:12:04+00:00,bcycle_lametro_4583,8,10,,1,1,1
2026-09-28T20:12:28.760841+00:00,2026-09-28T20:12:04+00:00,2026-09-28T20:12:04+00:00,bcycle_lametro_4584,6,7,,1,1,1
2026-09-28T20:12:28.760841+00:00,2026-09-28T20:12:04+00:00,2026-09-28T20:12:04+00:00,bcycle_lametro_4587,7,4,,1,1,1
2026-09-28T20:12:28.760841+00:00,2026-09-28T20:12:04+00:00,2026-09-28T20:12:04+00:00,bcycle_lametro_4595,4,14,,1,1,1
2026-09-28T20:12:28.760841+00:00,2026-09-28T20:12:04+00:00,2026-09-28T20:12:04+00:00,bcycle_lametro_4596,5,10,,1,1,1
2026-09-28T20:12:28.760841+00:00,2026-09-28T20:12:04+00:00,2026-09-28T20:12:04+00:00,bcycle_lametro_4597,2,8,,1,1,1
2026-09-28T20:12:28.760841+00:00,2026-09-28T20:12:04+00:00,2026-09-28T20:12:04+00:00,bcycle_lametro_4598,6,3,,1,1,1
2026-09-28T20:12:28.760841+00:00,2026-09-28T20:12:04+00:00,2026-09-28T20:12:04+00:00,bcycle_lametro_4599,3,9,,1,1,1
2026-09-28T20:12:28.760841+00:00,2026-09-28T20:12:04+00:00,2026-09-28T20:12:04+00:00,bcycle_lametro_4600,4,6,,1,1,1
2026-09-28T20:12:28.760841+00:00,2026-09-28T20:12:04+00:00,2026-09-28T20:12:04+00:00,bcycle_lametro_4601,5,6,,1,1,1
2026-09-28T20:12:28.760841+00:00,2026-09-28T20:12:04+00:00,2026-09-28T20:12:04+00:00,bcycle_lametro_4603,5,13,,1,1,1
2026-09-28T20:12:28.760841+00:00,2026-09-28T20:12:04+00:00,2026-09-28T20:12:04+00:00,bcycle_lametro_4604,7,5,,1,1,1
2026-09-28T20:12:28.760841+00:00,2026-09-28T20:12:04+00:00,2026-09-28T20:12:04+00:00,bcycle_lametro_4605,9,4,,1,1,1
2026-09-28T20:12:28.760841+00:00,2026-09-28T20:12:04+00:00,2026-09-28T20:12:04+00:00,bcycle_lametro_4606,1,19,,1,1,1
2026-09-28T20:12:28.760841+00:00,2026-09-28T20:12:04+00:00,2026-09-28T20:12:04+00:00,bcycle_lametro_4613,12,7,,1,1,1
2026-09-28T20:12:28.760841+00:00,2026-09-28T20:12:04+00:00,2026-09-28T20:12:04+00:00,bcycle_lametro_4614,9,11,,1,1,1
2026-09-28T20:12:28.760841+00:00,2026-09-28T20:12:04+00:00,2026-09-28T20:12:04+00:00,bcycle_lametro_4627,6,11,,1,1,1
2026-09-28T20:12:28.760841+00:00,2026-09-28T20:12:04+00:00,2026-09-28T20:12:04+00:00,bcycle_lametro_4628,7,6,,1,1,1
2026-09-28T20:12:28.760841+00:00,2026-09-28T20:12:04+00:00,2026-09-28T20:12:04+00:00,bcycle_lametro_4632,9,6,,1,1,1
2026-09-28T20:12:28.760841+00:00,2026-09-28T20:12:04+00:00,2026-09-28T20:12:04+00:00,bcycle_lametro_4643,2,18,,1,1,1
2026-09-28T20:12:28.760841+00:00,2026-09-28T20:12:04+00:00,2026-09-28T20:12:04+00:00,bcycle_lametro_4644,2,10,,1,1,1
2026-09-28T20:12:28.760841+00:00,2026-09-28T20:12:04+00:00,2026-09-28T20:12:04+00:00,bcycle_lametro_4645,6,6,,1,1,1
2026-09-28T20:12:28.760841+00:00,2026-09-28T20:12:04+00:00,2026-09-28T20:12:04+00:00,bcycle_lametro_4652,5,6,,1,1,1
2026-09-28T20:12:28.760841+00:00,2026-09-28T20:12:04+00:00,2026-09-28T20:12:04+00:00,bcycle_lametro_4660,0,17,,1,1,1
2026-09-28T20:12:28.760841+00:00,2026-09-28T20:12:04+00:00,2026-09-28T20:12:04+00:00,bcycle_lametro_4664,9,11,,1,1,1
2026-09-28T20:12:28.760841+00:00,2026-09-28T20:12:04+00:00,2026-09-28T20:12:04+00:00,bcycle_lametro_4672,10,5,,1,1,1
2026-09-28T20:12:28.760841+00:00,2026-09-28T20:12:04+00:00,2026-09-28T20:12:04+00:00,bcycle_lametro_4680,9,9,,1,1,1
2026-09-28T20:12:28.760841+00:00,2026-09-28T20:12:04+00:00,2026-09-28T20:12:04+00:00,bcycle_lametro_4689,10,5,,1,1,1
2026-09-28T20:12:28.760841+00:00,2026-09-28T20:12:04+00:00,2026-09-28T20:12:04+00:00,bcycle_lametro_4690,12,2,,1,1,1
2026-09-28T20:12:28.760841+00:00,2026-09-28T20:12:04+00:00,2026-09-28T20:12:04+00:00,bcycle_lametro_4696,7,7,,1,1,1
2026-09-28T20:12:28.760841+00:00,2026-09-28T20:12:04+00:00,2026-09-28T20:12:04+00:00,bcycle_lametro_4697,6,9,,1,1,1
2026-09-28T20:12:28.760841+00:00,2026-09-28T20:12:04+00:00,2026-09-28T20:12:04+00:00,bcycle_lametro_4698,9,4,,1,1,1
2026-09-28T20:12:28.760841+00:00,2026-09-28T20:12:04+00:00,2026-09-28T20:12:04+00:00,bcycle_lametro_4699,6,9,,1,1,1
2026-09-28T20:12:28.760841+00:00,2026-09-28T20:12:04+00:00,2026-09-28T20:12:04+00:00,bcycle_lametro_4700,11,6,,1,1,1
2026-09-28T20:12:28.760841+00:00,2026-09-28T20:12:04+00:00,2026-09-28T20:12:04+00:00,bcycle_lametro_4707,8,5,,1,1,1
2026-09-28T20:12:28.760841+00:00,2026-09-28T20:12:04+00:00,2026-09-28T20:12:04+00:00,bcycle_lametro_4729,4,9,,1,1,1
2026-09-28T20:12:28.760841+00:00,2026-09-28T20:12:04+00:00,2026-09-28T20:12:04+00:00,bcycle_lametro_4730,9,4,,1,1,1
2026-09-28T20:12:28.760841+00:00,2026-09-28T20:12:04+00:00,2026-09-28T20:12:04+00:00,bcycle_lametro_4732,5,16,,1,1,1
2026-09-28T20:12:28.760841+00:00,2026-09-28T20:12:04+00:00,2026-09-28T20:12:04+00:00,bcycle_lametro_4733,6,17,,1,1,1
2026-09-28T20:12:28.760841+00:00,2026-09-28T20:12:04+00:00,2026-09-28T20:12:04+00:00,bcycle_lametro_4734,4,11,,1,1,1
2026-09-28T20:12:28.760841+00:00,2026-09-28T20:12:04+00:00,2026-09-28T20:12:04+00:00,bcycle_lametro_4735,9,3,,1,1,1
2026-09-28T20:12:28.760841+00:00,2026-09-28T20:12:04+00:00,2026-09-28T20:12:04+00:00,bcycle_lametro_4736,5,10,,1,1,1
2026-09-28T20:12:28.760841+00:00,2026-09-28T20:12:04+00:00,2026-09-28T20:12:04+00:00,bcycle_lametro_4740,9,13,,1,1,1
2026-09-28T20:12:28.760841+00:00,2026-09-28T20:12:04+00:00,2026-09-28T20:12:04+00:00,bcycle_lametro_4745,3,8,,1,1,1
