fetched_at,last_updated,last_reported,station_id,bikes_available,docks_available,ebikes_available,is_renting,is_returning,is_installed
2026-09-10T01:11:30.227016+00:00,2026-09-10T01:11:29+00:00,2026-09-10T01:11:29+00:00,bcycle_lametro_3005,6,24,,1,1,1
2026-09-10T01:11:30.227016+00:00,2026-09-10T01:11:29+00:00,2026-09-10T01:11:29+00:00,bcycle_lametro_3006,11,18,,1,1,1
2026-09-10T01:11:30.227016+00:00,2026-09-10T01:11:29+00:00,2026-09-10T01:11:29+00:00,bcycle_lametro_3007,8,14,,1,1,1
2026-09-10T01:11:30.227016+00:00,2026-09-10T01:11:29+00:00,2026-09-10T01:11:29+00:00,bcycle_lametro_3008,2,10,,1,1,1
2026-09-10T01:11:30.227016+00:00,2026-09-10T01:11:29+00:00,2026-09-10T01:11:29+00:00,bcycle_lametro_3010,6,8,,1,1,1
2026-09-10T01:11:30.227016+00:00,2026-09-10T01:11:29+00:00,2026-09-10T01:11:29+00:00,bcycle_lametro_3011,10,6,,1,1,1
2026-09-10T01:11:30.227016+00:00,2026-09-10T01:11:29+00:00,2026-09-10T01:11:29+00:00,bcycle_lametro_3014,23,5,,1,1,1
2026-09-10T01:11:30.227016+00:00,2026-09-10T01:11:29+00:00,2026-09-10T01:11:29+00:00,bcycle_lametro_3016,8,7,,0,0,1
2026-09-10T01:11:30.227016+00:00,2026-09-10T01:11:29+00:00,2026-09-10T01:11:29+00:00,bcycle_lametro_3018,11,7,,1,1,1
2026-09-10T01:11:30.227016+00:00,2026-09-10T01:11:29+00:00,2026-09-10T01:11:29+00:00,bcycle_lametro_3019,7,12,,1,1,1
2026-09-10T01:11:30.227016+00:00,2026-09-10T01:11:29+00:00,2026-09-10T01:11:29+00:00,bcycle_lametro_3020,3,12,,1,1,1
2026-09-10T01:11:30.227016+00:00,2026-09-10T01:11:29+00:00,2026-09-10T01:11:29+00:00,bcycle_lametro_3022,4,16,,1,1,1
2026-09-10T01:11:30.227016+00:00,2026-09-10T01:11:29+00:00,2026-09-10T01:11:29+00:00,bcycle_lametro_3024,3,12,,1,1,1
2026-09-10T01:11:30.227016+00:00,2026-09-10T01:11:29+00:00,2026-09-10T01:11:29+00:00,bcycle_lametro_3025,5,9,,0,0,1
2026-09-10T01:11:30.227016+00:00,2026-09-10T01:11:29+00:00,2026-09-10T01:11:29+00:00,bcycle_lametro_3026,8,7,,1,1,1
2026-09-10T01:11:30.227016+00:00,2026-09-10T01:11:29+00:00,2026-09-10T01:11:29+00:00,bcycle_lametro_3027,8,7,,0,0,1
2026-09-10T01:11:30.227016+00:00,2026-09-10T01:11:29+00:00,2026-09-10T01:11:29+00:00,bcycle_lametro_3030,1,27,,1,1,1
2026-09-10T01:11:30.227016+00:00,2026-09-10T01:11:29+00:00,2026-09-10T01:11:29+00:00,bcycle_lametro_3032,18,9,,1,1,1
2026-09-10T01:11:30.227016+00:00,2026-09-10T01:11:29+00:00,2026-09-10T01:11:29+00:00,bcycle_lametro_3033,6,6,,1,1,1
2026-09-10T01:11:30.227016+00:00,2026-09-10T01:11:29+00:00,2026-09-10T01:11:29+00:00,bcycle_lametro_3034,15,7,,1,1,1
2026-09-10T01:11:30.227016+00:00,2026-09-10T01:11:29+00:00,2026-09-10T01:11:29+00:00,bcycle_lametro_3035,5,18,,0,0,1
2026-09-10T01:11:30.227016+00:00,2026-09-10T01:11:29+00:00,2026-09-10T01:11:29+00:00,bcycle_lametro_3036,6,8,,1,1,1
2026-09-10T01:11:30.227016+00:00,2026-09-10T01:11:29+00:00,2026-09-10T01:11:29+00:00,bcycle_lametro_3037,12,6,,1,1,1
2026-09-10T01:11:30.227016+00:00,2026-09-10T01:11:29+00:00,2026-09-10T01:11:29+00:00,bcycle_lametro_3040,0,3,,1,1,1
2026-09-10T01:11:30.227016+00:00,2026-09-10T01:11:29+00:00,2026-09-10T01:11:29+00:00,bcycle_lametro_3042,12,16,,1,1,1
2026-09-10T01:11:30.227016+00:00,2026-09-10T01:11:29+00:00,2026-09-10T01:11:29+00:00,bcycle_lametro_3045,5,5,,1,1,1
2026-09-10T01:11:30.227016+00:00,2026-09-10T01:11:29+00:00,2026-09-10T01:11:29+00:00,bcycle_lametro_3046,8,9,,1,1,1
2026-09-10T01:11:30.227016+00:00,2026-09-10T01:11:29+00:00,2026-09-10T01:11:29+00:00,bcycle_lametro_3047,18,7,,1,1,1
2026-09-10T01:11:30.227016+00:00,2026-09-10T01:11:29+00:00,2026-09-10T01:11:29+00:00,bcycle_lametro_3048,10,5,,1,1,1
2026-09-10T01:11:30.227016+00:00,2026-09-10T01:11:29+00:00,2026-09-10T01:11:29+00:00,bcycle_lametro_3052,8,7,,1,1,1
2026-09-10T01:11:30.227016+00:00,2026-09-10T01:11:29+00:00,2026-09-10T01:11:29+00:00,bcycle_lametro_3054,8,7,,0,0,1
2026-09-10T01:11:30.227016+00:00,2026-09-10T01:11:29+00:00,2026-09-10T01:11:29+00:00,bcycle_lametro_3056,1,11,,1,1,1
2026-09-10T01:11:30.227016+00:00,2026-09-10T01:11:29+00:00,2026-09-10T01:11:29+00:00,bcycle_lametro_3058,5,10,,1,1,1
2026-09-10T01:11:30.227016+00:00,2026-09-10T01:11:29+00:00,2026-09-10T01:11:29+00:00,bcycle_lametro_3062,7,8,,1,1,1
2026-09-10T01:11:30.227016+00:00,2026-09-10T01:11:29+00:00,2026-09-10T01:11:29+00:00,bcycle_lametro_3063,0,22,,0,0,1
2026-09-10T01:11:30.227016+00:00,2026-09-10T01:11:29+00:00,2026-09-10T01:11:29+00:00,bcycle_lametro_3064,5,8,,1,1,1
2026-09-10T01:11:30.227016+00:00,2026-09-10T01:11:29+00:00,2026-09-10T01:11:29+00:00,bcycle_lametro_3065,7,8,,1,1,1
2026-09-10T01:11:30.227016+00:00,2026-09-10T01:11:29+00:00,2026-09-10T01:11:29+00:00,bcycle_lametro_3066,8,7,,1,1,1
2026-09-10T01:11:30.227016+00:00,2026-09-10T01:11:29+00:00,2026-09-10T01:11:29+00:00,bcycle_lametro_3068,2,12,,1,1,1
2026-09-10T01:11:30.227016+00:00,2026-09-10T01:11:29+00:00,2026-09-10T01:11:29+00:00,bcycle_lametro_3069,10,7,,1,1,1
2026-09-10T01:11:30.227016+00:00,2026-09-10T01:11:29+00:00,2026-09-10T01:11:29+00:00,bcycle_lametro_3074,16,6,,0,0,1
2026-09-10T01:11:30.227016+00:00,2026-09-10T01:11:29+00:00,2026-09-10T01:11:29+00:00,bcycle_lametro_3075,12,2,,1,1,1
2026-09-10T01:11:30.227016+00:00,2026-09-10T01:11:29+00:00,2026-09-10T01:11:29+00:00,bcycle_lametro_3076,2,9,,1,1,1
2026-09-10T01:11:30.227016+00:00,2026-09-10T01:11:29+00:00,2026-09-10T01:11:29+00:00,bcycle_lametro_3077,9,4,,1,1,1
2026-09-10T01:11:30.227016+00:00,2026-09-10T01:11:29+00:00,2026-09-10T01:11:29+00:00,bcycle_lametro_3078,7,8,,1,1,1
2026-09-10T01:11:30.227016+00:00,2026-09-10T01:11:29+00:00,2026-09-10T01:11:29+00:00,bcycle_lametro_3079,11,3,,1,1,1
2026-09-10T01:11:30.227016+00:00,2026-09-10T01:11:29+00:00,2026-09-10T01:11:29+00:00,bcycle_lametro_3081,6,6,,0,0,1
2026-09-10T01:11:30.227016+00:00,2026-09-10T01:11:29+00:00,2026-09-10T01:11:29+00:00,bcycle_lametro_3082,15,11,,1,1,1
2026-09-10T01:11:30.227016+00:00,2026-09-10T01:11:29+00:00,2026-09-10T01:11:29+00:00,bcycle_lametro_4202,13,7,,1,1,1
2026-09-10T01:11:30.227016+00:00,2026-09-10T01:11:29+00:00,2026-09-10T01:11:29+00:00,bcycle_lametro_4204,9,7,,1,1,1
2026-09-10T01:11:30.227016+00:00,2026-09-10T01:11:29+00:00,2026-09-10T01:11:29+00:00,bcycle_lametro_4205,2,14,,1,1,1
2026-09-10T01:11:30.227016+00:00,2026-09-10T01:11:29+00:00,2026-09-10T01:11:29+00:00,bcycle_lametro_4206,8,14,,1,1,1
2026-09-10T01:11:30.227016+00:00,2026-09-10T01:11:29+00:00,2026-09-10T01:11:29+00:00,bcycle_lametro_4207,10,7,,1,1,1
2026-09-10T01:11:30.227016+00:00,2026-09-10T01:11:29+00:00,2026-09-10T01:11:29+00:00,bcycle_lametro_4208,2,15,,1,1,1
2026-09-10T01:11:30.227016+00:00,2026-09-10T01:11:29+00:00,2026-09-10T01:11:29+00:00,bcycle_lametro_4209,6,17,,1,1,1
2026-09-10T01:11:30.227016+00:00,2026-09-10T01:11:29+00:00,2026-09-10T01:11:29+00:00,bcycle_lametro_4210,4,11,,1,1,1
2026-09-10T01:11:30.227016+00:00,2026-09-10T01:11:29+00:00,2026-09-10T01:11:29+00:00,bcycle_lametro_4211,2,12,,1,1,1
2026-09-10T01:11:30.227016+00:00,2026-09-10T01:11:29+00:00,2026-09-10T01:11:29+00:00,bcycle_lametro_4212,3,18,,1,1,1
2026-09-10T01:11:30.227016+00:00,2026-09-10T01:11:29+00:00,2026-09-10T01:11:29+00:00,bcycle_lametro_4213,6,9,,1,1,1
2026-09-10T01:11:30.227016+00:00,2026-09-10T01:11:29+00:00,2026-09-10T01:11:29+00:00,bcycle_lametro_4214,0,26,,1,1,1
2026-09-10T01:11:30.227016+00:00,2026-09-10T01:11:29+00:00,2026-09-10T01:11:29+00:00,bcycle_lametro_4215,16,24,,1,1,1
2026-09-10T01:11:30.227016+00:00,2026-09-10T01:11:29+00:00,2026-09-10T01:11:29+00:00,bcycle_lametro_4216,6,13,,1,1,1
2026-09-10T01:11:30.227016+00:00,2026-09-10T01:11:29+00:00,2026-09-10T01:11:29+00:00,bcycle_lametro_4217,8,3,,0,0,1
2026-09-10T01:11:30.227016+00:00,2026-09-10T01:11:29+00:00,2026-09-10T01:11:29+00:00,bcycle_lametro_4220,6,9,,1,1,1
2026-09-10T01:11:30.227016+00:00,2026-09-10T01:11:29+00:00,2026-09-10T01:11:29+00:00,bcycle_lametro_4227,1,15,,1,1,1
2026-09-10T01:11:30.227016+00:00,2026-09-10T01:11:29+00:00,2026-09-10T01:11:29+00:00,bcycle_lametro_4245,9,5,,1,1,1
2026-09-10T01:11:30.227016+00:00,2026-09-10T01:11:29+00:00,2026-09-10T01:11:29+00:00,bcycle_lametro_4246,9,5,,0,0,1
2026-09-10T01:11:30.227016+00:00,2026-09-10T01:11:29+00:00,2026-09-10T01:11:29+00:00,bcycle_lametro_4247,3,5,,1,1,1
2026-09-10T01:11:30.227016+00:00,2026-09-10T01:11:29+00:00,2026-09-10T01:11:29+00:00,bcycle_lametro_4248,5,14,,1,1,1
2026-09-10T01:11:30.227016+00:00,2026-09-10T01:11:29+00:00,2026-09-10T01:11:29+00:00,bcycle_lametro_4249,13,2,,1,1,1
2026-09-10T01:11:30.227016+00:00,2026-09-10T01:11:29+00:00,2026-09-10T01:11:29+00:00,bcycle_lametro_4250,6,9,,0,0,1
2026-09-10T01:11:30.227016+00:00,2026-09-10T01:11:29+00:00,2026-09-10T01:11:29+00:00,bcycle_lametro_4254,4,11,,1,1,1
2026-09-10T01:11:30.227016+00:00,2026-09-10T01:11:29+00:00,2026-09-10T01:11:29+00:00,bcycle_lametro_4255,6,4,,1,1,1
2026-09-10T01:11:30.227016+00:00,2026-09-10T01:11:29+00:00,2026-09-10T01:11:29+00:00,bcycle_lametro_4266,10,5,,1,1,1
2026-09-10T01:11:30.227016+00:00,2026-09-10T01:11:29+00:00,2026-09-10T01:11:29+00:00,bcycle_lametro_4267,3,5,,1,1,1
2026-09-10T01:11:30.227016+00:00,2026-09-10T01:11:29+00:00,2026-09-10T01:11:29+00:00,bcycle_lametro_4273,6,8,,1,1,1
2026-09-10T01:11:30.227016+00:00,2026-09-10T01:11:29+00:00,2026-09-10T01:11:29+00:00,bcycle_lametro_4275,3,12,,1,1,1
2026-09-10T01:11:30.227016+00:00,2026-09-10T01:11:29+00:00,2026-09-10T01:11:29+00:00,bcycle_lametro_4293,5,5,,0,0,1
2026-09-10T01:11:30.227016+00:00,2026-09-10T01:11:29+00:00,2026-09-10T01:11:29+00:00,bcycle_lametro_4300,5,8,,1,1,1
2026-09-10T01:11:30.227016+00:00,2026-09-10T01:11:29+00:00,2026-09-10T01:11:29+00:00,bcycle_lametro_4301,6,4,,1,1,1
2026-09-10T01:11:30.227016+00:00,2026-09-10T01:11:29+00:00,2026-09-10T01:11:29+00:00,bcycle_lametro_4303,3,7,,1,1,1
2026-09-10T01:11:30.227016+00:00,2026-09-10T01:11:29+00:00,2026-09-10T01:11:29+00:00,bcycle_lametro_4304,4,7,,1,1,1
2026-09-10T01:11:30.227016+00:00,2026-09-10T01:11:29+00:00,2026-09-10T01:11:29+00:00,bcycle_lametro_4306,4,9,,0,0,1
2026-09-10T01:11:30.227016+00:00,2026-09-10T01:11:29+00:00,2026-09-10T01:11:29+00:00,bcycle_lametro_4311,11,2,,1,1,1
2026-09-10T01:11:30.227016+00:00,2026-09-10T01:11:29+00:00,2026-09-10T01:11:29+00:00,bcycle_lametro_4312,6,7,,0,0,1
2026-09-10T01:11:30.227016+00:00,2026-09-10T01:11:29+00:00,2026-09-10T01:11:29+00:00,bcycle_lametro_4313,9,3,,1,1,1
2026-09-10T01:11:30.227016+00:00,2026-09-10T01:11:29+00:00,2026-09-10T01:11:29+00:00,bcycle_lametro_4314,6,9,,1,1,1
2026-09-10T01:11:30.227016+00:00,2026-09-10T01:11:29+00:00,2026-09-10T01:11:29+00:00,bcycle_lametro_4315,0,3,,0,0,1
2026-09-10T01:11:30.227016+00:00,2026-09-10T01:11:29+00:00,2026-09-10T01:11:29+00:00,bcycle_lametro_4387,8,8,,1,1,1
2026-09-10T01:11:30.227016+00:00,2026-09-10T01:11:29+00:00,2026-09-10T01:11:29+00:00,bcycle_lametro_4390,4,8,,1,1,1
2026-09-10T01:11:30.227016+00:00,2026-09-10T01:11:29+00:00,2026-09-10T01:11:29+00:00,bcycle_lametro_4401,6,4,,0,0,1
2026-09-10T01:11:30.227016+00:00,2026-09-10T01:11:29+00:00,2026-09-10T01:11:29+00:00,bcycle_lametro_4404,7,8,,1,1,1
2026-09-10T01:11:30.227016+00:00,2026-09-10T01:11:29+00:00,2026-09-10T01:11:29+00:00,bcycle_lametro_4405,9,4,,1,1,1
2026-09-10T01:11:30.227016+00:00,2026-09-10T01:11:29+00:00,2026-09-10T01:11:29+00:00,bcycle_lametro_4406,3,11,,1,1,1
2026-09-10T01:11:30.227016+00:00,2026-09-10T01:11:29+00:00,2026-09-10T01:11:29+00:00,bcycle_lametro_4410,4,8,,0,0,1
2026-09-10T01:11:30.227016+00:00,2026-09-10T01:11:29+00:00,2026-09-10T01:11:29+00:00,bcycle_lametro_4436,3,6,,1,1,1
2026-09-10T01:11:30.227016+00:00,2026-09-10T01:11:29+00:00,2026-09-10T01:11:29+00:00,bcycle_lametro_4437,4,9,,1,1,1
2026-09-10T01:11:30.227016+00:00,2026-09-10T01:11:29+00:00,2026-09-10T01:11:29+00:00,bcycle_lametro_4440,7,7,,1,1,1
2026-09-10T01:11:30.227016+00:00,2026-09-10T01:11:29+00:00,2026-09-10T01:11:29+00:00,bcycle_lametro_4441,2,5,,1,1,1
2026-09-10T01:11:30.227016+00:00,2026-09-10T01:11:29+00:00,2026-09-10T01:11:29+00:00,bcycle_lametro_4442,5,7,,0,0,1
2026-09-10T01:11:30.227016+00:00,2026-09-10T01:11:29+00:00,2026-09-10T01:11:29+00:00,bcycle_lametro_4443,3,5,,1,1,1
2026-09-10T01:11:30.227016+00:00,2026-09-10T01:11:29+00:00,2026-09-10T01:11:29+00:00,bcycle_lametro_4444,6,3,,1,1,1
2026-09-10T01:11:30.227016+00:00,2026-09-10T01:11:29+00:00,2026-09-10T01:11:29+00:00,bcycle_lametro_4445,5,10,,1,1,1
2026-09-10T01:11:30.227016+00:00,2026-09-10T01:11:29+00:00,2026-09-10T01:11:29+00:00,bcycle_lametro_4446,1,7,,1,1,1
2026-09-10T01:11:30.227016+00:00,2026-09-10T01:11:29+00:00,2026-09-10T01:11:29+00:00,bcycle_lametro_4447,5,7,,1,1,1
2026-09-10T01:11:30.227016+00:00,2026-09-10T01:11:29+00:00,2026-09-10T01:11:29+00:00,bcycle_lametro_4448,6,12,,1,1,1
2026-09-10T01:11:30.227016+00:00,2026-09-10T01:11:29+00:00,2026-09-10T01:11:29+00:00,bcycle_lametro_4449,3,10,,1,1,1
2026-09-10T01:11:30.227016+00:00,2026-09-10T01:11:29+00:00,2026-09-10T01:11:29+00:00,bcycle_lametro_4450,8,6,,1,1,1
2026-09-10T01:11:30.227016+00:00,2026-09-10T01:11:29+00:00,2026-09-10T01:11:29+00:00,bcycle_lametro_4451,6,3,,1,1,1
2026-09-10T01:11:30.227016+00:00,2026-09-10T01:11:29+00:00,2026-09-10T01:11:29+00:00,bcycle_lametro_4452,3,7,,1,1,1
2026-09-10T01:11:30.227016+00:00,2026-09-10T01:11:29+00:00,2026-09-10T01:11:29+00:00,bcycle_lametro_4453,2,8,,1,1,1
2026-09-10T01:11:30.227016+00:00,2026-09-10T01:11:29+00:00,2026-09-10T01:11:29+00:00,bcycle_lametro_4454,10,4,,1,1,1
2026-09-10T01:11:30.227016+00:00,2026-09-10T01:11:29+00:00,2026-09-10T01:11:29+00:00,bcycle_lametro_4455,4,11,,1,1,1
2026-09-10T01:11:30.227016+00:00,2026-09-10T01:11:29+00:00,2026-09-10T01:11:29+00:00,bcycle_lametro_4456,4,11,,1,1,1
2026-09-10T01:11:30.227016+00:00,2026-09-10T01:11:29+00:00,2026-09-10T01:11:29+00:00,bcycle_lametro_4457,4,4,,1,1,1
2026-09-10T01:11:30.227016+00:00,2026-09-10T01:11:29+00:00,2026-09-10T01:11:29+00:00,bcycle_lametro_4472,4,12,,1,1,1
2026-09-10T01:11:30.227016+00:00,2026-09-10T01:11:29+00:00,2026-09-10T01:11:29+00:00,bcycle_lametro_4473,2,6,,1,1,1
2026-09-10T01:11:30.227016+00:00,2026-09-10T01:11:29+00:00,2026-09-10T01:11:29+00:00,bcycle_lametro_4474,5,5,,0,0,1
2026-09-10T01:11:30.227016+00:00,2026-09-10T01:11:29+00:00,2026-09-10T01:11:29+00:00,bcycle_lametro_4475,7,4,,1,1,1
2026-09-10T01:11:30.227016+00:00,2026-09-10T01:11:29+00:00,2026-09-10T01:11:29+00:00,bcycle_lametro_4476,4,9,,1,1,1
2026-09-10T01:11:30.227016+00:00,2026-09-10T01:11:29+00:00,2026-09-10T01:11:29+00:00,bcycle_lametro_4477,2,11,,1,1,1
2026-09-10T01:11:30.227016+00:00,2026-09-10T01:11:29+00:00,2026-09-10T01:11:29+00:00,bcycle_lametro_4479,4,8,,1,1,1
2026-09-10T01:11:30.227016+00:00,2026-09-10T01:11:29+00:00,2026-09-10T01:11:29+00:00,bcycle_lametro_4483,8,4,,1,1,1
2026-09-10T01:11:30.227016+00:00,2026-09-10T01:11:29+00:00,2026-09-10T01:11:29+00:00,bcycle_lametro_4487,9,7,,1,1,1
2026-09-10T01:11:30.227016+00:00,2026-09-10T01:11:29+00:00,2026-09-10T01:11:29+00:00,bcycle_lametro_4490,3,11,,1,1,1
2026-09-10T01:11:30.227016+00:00,2026-09-10T01:11:29+00:00,2026-09-10T01:11:29+00:00,bcycle_lametro_4491,4,9,,1,1,1
2026-09-10T01:11:30.227016+00:00,2026-09-10T01:11:29+00:00,2026-09-10T01:11:29+00:00,bcycle_lametro_4492,17,2,,1,1,1
2026-09-10T01:11:30.227016+00:00,2026-09-10T01:11:29+00:00,2026-09-10T01:11:29+00:00,bcycle_lametro_4493,12,4,,1,1,1
2026-09-10T01:11:30.227016+00:00,2026-09-10T01:11:29+00:00,2026-09-10T01:11:29+00:00,bcycle_lametro_4494,4,5,,1,1,1
2026-09-10T01:11:30.227016+00:00,2026-09-10T01:11:29+00:00,2026-09-10T01:11:29+00:00,bcycle_lametro_4509,5,5,,1,1,1
2026-09-10T01:11:30.227016+00:00,2026-09-10T01:11:29+00:00,2026-09-10T01:11:29+00:00,bcycle_lametro_4510,0,10,,1,1,1
2026-09-10T01:11:30.227016+00:00,2026-09-10T01:11:29+00:00,2026-09-10T01:11:29+00:00,bcycle_lametro_4511,11,7,,1,1,1
2026-09-10T01:11:30.227016+00:00,2026-09-10T01:11:29+00:00,2026-09-10T01:11:29+00:00,bcycle_lametro_4512,8,8,,1,1,1
2026-09-10T01:11:30.227016+00:00,2026-09-10T01:11:29+00:00,2026-09-10T01:11:29+00:00,bcycle_lametro_4514,5,16,,1,1,1
2026-09-10T01:11:30.227016+00:00,2026-09-10T01:11:29+00:00,2026-09-10T01:11:29+00:00,bcycle_lametro_4515,7,2,,1,1,1
2026-09-10T01:11:30.227016+00:00,2026-09-10T01:11:29+00:00,2026-09-10T01:11:29+00:00,bcycle_lametro_4517,7,4,,1,1,1
2026-09-10T01:11:30.227016+00:00,2026-09-10T01:11:29+00:00,2026-09-10T01:11:29+00:00,bcycle_lametro_4521,7,5,,1,1,1
2026-09-10T01:11:30.227016+00:00,2026-09-10T01:11:29+00:00,2026-09-10T01:11:29+00:00,bcycle_lametro_4523,9,6,,1,1,1
2026-09-10T01:11:30.227016+00:00,2026-09-10T01:11:29+00:00,2026-09-10T01:11:29+00:00,bcycle_lametro_4524,2,12,,1,1,1
2026-09-10T01:11:30.227016+00:00,2026-09-10T01:11:29+00:00,2026-09-10T01:11:29+00:00,bcycle_lametro_4525,6,5,,1,1,1
2026-09-10T01:11:30.227016+00:00,2026-09-10T01:11:29+00:00,2026-09-10T01:11:29+00:00,bcycle_lametro_4526,3,18,,1,1,1
2026-09-10T01:11:30.227016+00:00,2026-09-10T01:11:29+00:00,2026-09-10T01:11:29+00:00,bcycle_lametro_4527,3,11,,1,1,1
2026-09-10T01:11:30.227016+00:00,2026-09-10T01:11:29+00:00,2026-09-10T01:11:29+00:00,bcycle_lametro_4528,8,6,,1,1,1
2026-09-10T01:11:30.227016+00:00,2026-09-10T01:11:29+00:00,2026-09-10T01:11:29+00:00,bcycle_lametro_4529,5,8,,1,1,1
2026-09-10T01:11:30.227016+00:00,2026-09-10T01:11:29+00:00,2026-09-10T01:11:29+00:00,bcycle_lametro_4534,2,13,,1,1,1
2026-09-10T01:11:30.227016+00:00,2026-09-10T01:11:29+00:00,2026-09-10T01:11:29+00:00,bcycle_lametro_4536,5,4,,1,1,1
2026-09-10T01:11:30.227016+00:00,2026-09-10T01:11:29+00:00,2026-09-10T01:11:29+00:00,bcycle_lametro_4537,10,8,,1,1,1
2026-09-10T01:11:30.227016+00:00,2026-09-10T01:11:29+00:00,2026-09-10T01:11:29+00:00,bcycle_lametro_4538,3,3,,0,0,1
2026-09-10T01:11:30.227016+00:00,2026-09-10T01:11:29+00:00,2026-09-10T01:11:29+00:00,bcycle_lametro_4540,5,9,,1,1,1
2026-09-10T01:11:30.227016+00:00,2026-09-10T01:11:29+00:00,2026-09-10T01:11:29+00:00,bcycle_lametro_4543,2,6,,1,1,1
2026-09-10T01:11:30.227016+00:00,2026-09-10T01:11:29+00:00,2026-09-10T01:11:29+00:00,bcycle_lametro_4544,7,7,,1,1,1
2026-09-10T01:11:30.227016+00:00,2026-09-10T01:11:29+00:00,2026-09-10T01:11:29+00:00,bcycle_lametro_4545,3,5,,1,1,1
2026-09-10T01:11:30.227016+00:00,2026-09-10T01:11:29+00:00,2026-09-10T01:11:29+00:00,bcycle_lametro_4546,8,11,,1,1,1
2026-09-10T01:11:30.227016+00:00,2026-09-10T01:11:29+00:00,2026-09-10T01:11:29+00:00,bcycle_lametro_4547,2,8,,1,1,1
2026-09-10T01:11:30.227016+00:00,2026-09-10T01:11:29+00:00,2026-09-10T01:11:29+00:00,bcycle_lametro_4548,11,1,,1,1,1
2026-09-10T01:11:30.227016+00:00,2026-09-10T01:11:29+00:00,2026-09-10T01:11:29+00:00,bcycle_lametro_4549,13,3,,1,1,1
2026-09-10T01:11:30.227016+00:00,2026-09-10T01:11:29+00:00,2026-09-10T01:11:29+00:00,bcycle_lametro_4552,7,5,,1,1,1
2026-09-10T01:11:30.227016+00:00,2026-09-10T01:11:29+00:00,2026-09-10T01:11:29+00:00,bcycle_lametro_4553,8,1,,1,1,1
2026-09-10T01:11:30.227016+00:00,2026-09-10T01:11:29+00:00,2026-09-10T01:11:29+00:00,bcycle_lametro_4554,9,2,,1,1,1
2026-09-10T01:11:30.227016+00:00,2026-09-10T01:11:29+00:00,2026-09-10T01:11:29+00:00,bcycle_lametro_4555,2,6,,1,1,1
2026-09-10T01:11:30.227016+00:00,2026-09-10T01:11:29+00:00,2026-09-10T01:11:29+00:00,bcycle_lametro_4556,1,12,,1,1,1
2026-09-10T01:11:30.227016+00:00,2026-09-10T01:11:29+00:00,2026-09-10T01:11:29+00:00,bcycle_lametro_4557,3,8,,1,1,1
2026-09-10T01:11:30.227016+00:00,2026-09-10T01:11:29+00:00,2026-09-10T01:11:29+00:00,bcycle_lametro_4558,4,13,,1,1,1
2026-09-10T01:11:30.227016+00:00,2026-09-10T01:11:29+00:00,2026-09-10T01:11:29+00:00,bcycle_lametro_4561,5,2,,1,1,1
2026-09-10T01:11:30.227016+00:00,2026-09-10T01:11:29+00:00,2026-09-10T01:11:29+00:00,bcycle_lametro_4562,7,7,,1,1,1
2026-09-10T01:11:30.227016+00:00,2026-09-10T01:11:29+00:00,2026-09-10T01:11:29+00:00,bcycle_lametro_4563,4,5,,1,1,1
2026-09-10T01:11:30.227016+00:00,2026-09-10T01:11:29+00:00,2026-09-10T01:11:29+00:00,bcycle_lametro_4564,6,9,,1,1,1
2026-09-10T01:11:30.227016+00:00,2026-09-10T01:11:29+00:00,2026-09-10T01:11:29+00:00,bcycle_lametro_4565,3,9,,1,1,1
2026-09-10T01:11:30.227016+00:00,2026-09-10T01:11:29+00:00,2026-09-10T01:11:29+00:00,bcycle_lametro_4566,9,6,,1,1,1
2026-09-10T01:11:30.227016+00:00,2026-09-10T01:11:29+00:00,2026-09-10T01:11:29+00:00,bcycle_lametro_4567,8,3,,1,1,1
2026-09-10T01:11:30.227016+00:00,2026-09-10T01:11:29+00:00,2026-09-10T01:11:29+00:00,bcycle_lametro_4568,7,7,,1,1,1
2026-09-10T01:11:30.227016+00:00,2026-09-10T01:11:29+00:00,2026-09-10T01:11:29+00:00,bcycle_lametro_4569,6,3,,1,1,1
2026-09-10T01:11:30.227016+00:00,2026-09-10T01:11:29+00:00,2026-09-10T01:11:29+00:00,bcycle_lametro_4570,12,3,,1,1,1
2026-09-10T01:11:30.227016+00:00,2026-09-10T01:11:29+00:00,2026-09-10T01:11:29+00:00,bcycle_lametro_4571,3,4,,1,1,1
2026-09-10T01:11:30.227016+00:00,2026-09-10T01:11:29+00:00,2026-09-10T01:11:29+00:00,bcycle_lametro_4575,6,5,,1,1,1
2026-09-10T01:11:30.227016+00:00,2026-09-10T01:11:29+00:00,2026-09-10T01:11:29+00:00,bcycle_lametro_4576,5,6,,1,1,1
2026-09-10T01:11:30.227016+00:00,2026-09-10T01:11:29+00:00,2026-09-10T01:11:29+00:00,bcycle_lametro_4578,1,6,,1,1,1
2026-09-10T01:11:30.227016+00:00,2026-09-10T01:11:29+00:00,2026-09-10T01:11:29+00:00,bcycle_lametro_4579,9,3,,1,1,1
2026-09-10T01:11:30.227016+00:00,2026-09-10T01:11:29+00:00,2026-09-10T01:11:29+00:00,bcycle_lametro_4580,5,3,,1,1,1
2026-09-10T01:11:30.227016+00:00,2026-09-10T01:11:29+00:00,2026-09-10T01:11:29+00:00,bcycle_lametro_4581,4,13,,1,1,1
2026-09-10T01:11:30.227016+00:00,2026-09-10T01:11:29+00:00,2026-09-10T01:11:29+00:00,bcycle_lametro_4583,7,11,,1,1,1
2026-09-10T01:11:30.227016+00:00,2026-09-10T01:11:29+00:00,2026-09-10T01:11:29+00:00,bcycle_lametro_4584,9,5,,1,1,1
2026-09-10T01:11:30.227016+00:00,2026-09-10T01:11:29+00:00,2026-09-10T01:11:29+00:00,bcycle_lametro_4587,4,7,,1,1,1
2026-09-10T01:11:30.227016+00:00,2026-09-10T01:11:29+00:00,2026-09-10T01:11:29+00:00,bcycle_lametro_4596,8,7,,1,1,1
2026-09-10T01:11:30.227016+00:00,2026-09-10T01:11:29+00:00,2026-09-10T01:11:29+00:00,bcycle_lametro_4597,4,7,,0,0,1
2026-09-10T01:11:30.227016+00:00,2026-09-10T01:11:29+00:00,2026-09-10T01:11:29+00:00,bcycle_lametro_4598,5,4,,1,1,1
2026-09-10T01:11:30.227016+00:00,2026-09-10T01:11:29+00:00,2026-09-10T01:11:29+00:00,bcycle_lametro_4599,4,8,,1,1,1
2026-09-10T01:11:30.227016+00:00,2026-09-10T01:11:29+00:00,2026-09-10T01:11:29+00:00,bcycle_lametro_4600,4,6,,1,1,1
2026-09-10T01:11:30.227016+00:00,2026-09-10T01:11:29+00:00,2026-09-10T01:11:29+00:00,bcycle_lametro_4601,5,6,,1,1,1
2026-09-10T01:11:30.227016+00:00,2026-09-10T01:11:29+00:00,2026-09-10T01:11:29+00:00,bcycle_lametro_4603,6,12,,1,1,1
2026-09-10T01:11:30.227016+00:00,2026-09-10T01:11:29+00:00,2026-09-10T01:11:29+00:00,bcycle_lametro_4604,9,3,,1,1,1
2026-09-10T01:11:30.227016+00:00,2026-09-10T01:11:29+00:00,2026-09-10T01:11:29+00:00,bcycle_lametro_4605,6,7,,1,1,1
2026-09-10T01:11:30.227016+00:00,2026-09-10T01:11:29+00:00,2026-09-10T01:11:29+00:00,bcycle_lametro_4606,5,15,,1,1,1
2026-09-10T01:11:30.227016+00:00,2026-09-10T01:11:29+00:00,2026-09-10T01:11:29+00:00,bcycle_lametro_4613,9,9,,1,1,1
2026-09-10T01:11:30.227016+00:00,2026-09-10T01:11:29+00:00,2026-09-10T01:11:29+00:00,bcycle_lametro_4614,2,18,,0,0,1
2026-09-10T01:11:30.227016+00:00,2026-09-10T01:11:29+00:00,2026-09-10T01:11:29+00:00,bcycle_lametro_4627,7,10,,1,1,1
2026-09-10T01:11:30.227016+00:00,2026-09-10T01:11:29+00:00,2026-09-10T01:11:29+00:00,bcycle_lametro_4628,9,4,,1,1,1
2026-09-10T01:11:30.227016+00:00,2026-09-10T01:11:29+00:00,2026-09-10T01:11:29+00:00,bcycle_lametro_4632,10,5,,1,1,1
2026-09-10T01:11:30.227016+00:00,2026-09-10T01:11:29+00:00,2026-09-10T01:11:29+00:00,bcycle_lametro_4643,4,16,,1,1,1
2026-09-10T01:11:30.227016+00:00,2026-09-10T01:11:29+00:00,2026-09-10T01:11:29+00:00,bcycle_lametro_4644,2,10,,1,1,1
2026-09-10T01:11:30.227016+00:00,2026-09-10T01:11:29+00:00,2026-09-10T01:11:29+00:00,bcycle_lametro_4645,7,5,,1,1,1
2026-09-10T01:11:30.227016+00:00,2026-09-10T01:11:29+00:00,2026-09-10T01:11:29+00:00,bcycle_lametro_4652,4,7,,1,1,1
2026-09-10T01:11:30.227016+00:00,2026-09-10T01:11:29+00:00,2026-09-10T01:11:29+00:00,bcycle_lametro_4660,6,11,,1,1,1
2026-09-10T01:11:30.227016+00:00,2026-09-10T01:11:29+00:00,2026-09-10T01:11:29+00:00,bcycle_lametro_4664,13,7,,1,1,1
2026-09-10T01:11:30.227016+00:00,2026-09-10T01:11:29+00:00,2026-09-10T01:11:29+00:00,bcycle_lametro_4672,5,10,,1,1,1
2026-09-10T01:11:30.227016+00:00,2026-09-10T01:11:29+00:00,2026-09-10T01:11:29+00:00,bcycle_lametro_4680,2,16,,1,1,1
2026-09-10T01:11:30.227016+00:00,2026-09-10T01:11:29+00:00,2026-09-10T01:11:29+00:00,bcycle_lametro_4689,8,7,,1,1,1
2026-09-10T01:11:30.227016+00:00,2026-09-10T01:11:29+00:00,2026-09-10T01:11:29+00:00,bcycle_lametro_4690,7,7,,1,1,1
2026-09-10T01:11:30.227016+00:00,2026-09-10T01:11:29+00:00,2026-09-10T01:11:29+00:00,bcycle_lametro_4696,5,9,,1,1,1
2026-09-10T01:11:30.227016+00:00,2026-09-10T01:11:29+00:00,2026-09-10T01:11:29+00:00,bcycle_lametro_4697,3,11,,1,1,1
2026-09-10T01:11:30.227016+00:00,2026-09-10T01:11:29+00:00,2026-09-10T01:11:29+00:00,bcycle_lametro_4698,8,5,,0,0,1
2026-09-10T01:11:30.227016+00:00,2026-09-10T01:11:29+00:00,2026-09-10T01:11:29+00:00,bcycle_lametro_4699,3,12,,1,1,1
2026-09-10T01:11:30.227016+00:00,2026-09-10T01:11:29+00:00,2026-09-10T01:11:29+00:00,bcycle_lametro_4700,11,6,,1,1,1
2026-09-10T01:11:30.227016+00:00,2026-09-10T01:11:29+00:00,2026-09-10T01:11:29+00:00,bcycle_lametro_4707,5,8,,1,1,1
2026-09-10T01:11:30.227016+00:00,2026-09-10T01:11:29+00:00,2026-09-10T01:11:29+00:00,bcycle_lametro_4729,1,12,,0,0,1
2026-09-10T01:11:30.227016+00:00,2026-09-10T01:11:29+00:00,2026-09-10T01:11:29+00:00,bcycle_lametro_4730,9,4,,1,1,1
2026-09-10T01:11:30.227016+00:00,2026-09-10T01:11:29+00:00,2026-09-10T01:11:29+00:00,bcycle_lametro_4732,7,14,,1,1,1
2026-09-10T01:11:30.227016+00:00,2026-09-10T01:11:29+00:00,2026-09-10T01:11:29+00:00,bcycle_lametro_4733,7,16,,1,1,1
2026-09-10T01:11:30.227016+00:00,2026-09-10T01:11:29+00:00,2026-09-10T01:11:29+00:00,bcycle_lametro_4734,11,4,,1,1,1
2026-09-10T01:11:30.227016+00:00,2026-09-10T01:11:29+00:00,2026-09-10T01:11:29+00:00,bcycle_lametro_4735,3,9,,1,1,1
2026-09-10T01:11:30.227016+00:00,2026-09-10T01:11:29+00:00,2026-09-10T01:11:29+00:00,bcycle_lametro_4736,10,5,,1,1,1
2026-09-10T01:11:30.227016+00:00,2026-09-10T01:11:29+00:00,2026-09-10T01:11:29+00:00,bcycle_lametro_4740,17,5,,1,1,1
2026-09-10T01:11:30.227016+00:00,2026-09-10T01:11:29+00:00,2026-09-10T01:11:29+00:00,bcycle_lametro_4745,4,7,,1,1,1
2026-09-10T05:58:59.625346+00:00,2026-09-10T05:59:01+00:00,2026-09-10T05:59:01+00:00,bcycle_lametro_3005,3,27,,1,1,1
2026-09-10T05:58:59.625346+00:00,2026-09-10T05:59:01+00:00,2026-09-10T05:59:01+00:00,bcycle_lametro_3006,12,17,,1,1,1
2026-09-10T05:58:59.625346+00:00,2026-09-10T05:59:01+00:00,2026-09-10T05:59:01+00:00,bcycle_lametro_3007,9,13,,1,1,1
2026-09-10T05:58:59.625346+00:00,2026-09-10T05:59:01+00:00,2026-09-10T05:59:01+00:00,bcycle_lametro_3008,1,11,,1,1,1
2026-09-10T05:58:59.625346+00:00,2026-09-10T05:59:01+00:00,2026-09-10T05:59:01+00:00,bcycle_lametro_3010,6,8,,1,1,1
2026-09-10T05:58:59.625346+00:00,2026-09-10T05:59:01+00:00,2026-09-10T05:59:01+00:00,bcycle_lametro_3011,10,6,,1,1,1
2026-09-10T05:58:59.625346+00:00,2026-09-10T05:59:01+00:00,2026-09-10T05:59:01+00:00,bcycle_lametro_3014,17,11,,1,1,1
2026-09-10T05:58:59.625346+00:00,2026-09-10T05:59:01+00:00,2026-09-10T05:59:01+00:00,bcycle_lametro_3016,8,7,,0,0,1
2026-09-10T05:58:59.625346+00:00,2026-09-10T05:59:01+00:00,2026-09-10T05:59:01+00:00,bcycle_lametro_3018,12,6,,1,1,1
2026-09-10T05:58:59.625346+00:00,2026-09-10T05:59:01+00:00,2026-09-10T05:59:01+00:00,bcycle_lametro_3019,7,12,,1,1,1
2026-09-10T05:58:59.625346+00:00,2026-09-10T05:59:01+00:00,2026-09-10T05:59:01+00:00,bcycle_lametro_3020,3,12,,1,1,1
2026-09-10T05:58:59.625346+00:00,2026-09-10T05:59:01+00:00,2026-09-10T05:59:01+00:00,bcycle_lametro_3022,6,14,,1,1,1
2026-09-10T05:58:59.625346+00:00,2026-09-10T05:59:01+00:00,2026-09-10T05:59:01+00:00,bcycle_lametro_3024,5,10,,1,1,1
2026-09-10T05:58:59.625346+00:00,2026-09-10T05:59:01+00:00,2026-09-10T05:59:01+00:00,bcycle_lametro_3025,5,9,,0,0,1
2026-09-10T05:58:59.625346+00:00,2026-09-10T05:59:01+00:00,2026-09-10T05:59:01+00:00,bcycle_lametro_3026,8,7,,1,1,1
2026-09-10T05:58:59.625346+00:00,2026-09-10T05:59:01+00:00,2026-09-10T05:59:01+00:00,bcycle_lametro_3027,8,7,,0,0,1
2026-09-10T05:58:59.625346+00:00,2026-09-10T05:59:01+00:00,2026-09-10T05:59:01+00:00,bcycle_lametro_3030,2,26,,1,1,1
2026-09-10T05:58:59.625346+00:00,2026-09-10T05:59:01+00:00,2026-09-10T05:59:01+00:00,bcycle_lametro_3032,17,10,,1,1,1
2026-09-10T05:58:59.625346+00:00,2026-09-10T05:59:01+00:00,2026-09-10T05:59:01+00:00,bcycle_lametro_3033,6,6,,1,1,1
2026-09-10T05:58:59.625346+00:00,2026-09-10T05:59:01+00:00,2026-09-10T05:59:01+00:00,bcycle_lametro_3034,15,7,,1,1,1
2026-09-10T05:58:59.625346+00:00,2026-09-10T05:59:01+00:00,2026-09-10T05:59:01+00:00,bcycle_lametro_3035,8,15,,1,1,1
2026-09-10T05:58:59.625346+00:00,2026-09-10T05:59:01+00:00,2026-09-10T05:59:01+00:00,bcycle_lametro_3036,6,8,,1,1,1
2026-09-10T05:58:59.625346+00:00,2026-09-10T05:59:01+00:00,2026-09-10T05:59:01+00:00,bcycle_lametro_3037,11,7,,1,1,1
2026-09-10T05:58:59.625346+00:00,2026-09-10T05:59:01+00:00,2026-09-10T05:59:01+00:00,bcycle_lametro_3040,0,3,,1,1,1
2026-09-10T05:58:59.625346+00:00,2026-09-10T05:59:01+00:00,2026-09-10T05:59:01+00:00,bcycle_lametro_3042,9,19,,1,1,1
2026-09-10T05:58:59.625346+00:00,2026-09-10T05:59:01+00:00,2026-09-10T05:59:01+00:00,bcycle_lametro_3045,6,4,,1,1,1
2026-09-10T05:58:59.625346+00:00,2026-09-10T05:59:01+00:00,2026-09-10T05:59:01+00:00,bcycle_lametro_3046,8,9,,1,1,1
2026-09-10T05:58:59.625346+00:00,2026-09-10T05:59:01+00:00,2026-09-10T05:59:01+00:00,bcycle_lametro_3047,18,7,,1,1,1
2026-09-10T05:58:59.625346+00:00,2026-09-10T05:59:01+00:00,2026-09-10T05:59:01+00:00,bcycle_lametro_3048,11,4,,1,1,1
2026-09-10T05:58:59.625346+00:00,2026-09-10T05:59:01+00:00,2026-09-10T05:59:01+00:00,bcycle_lametro_3052,8,7,,1,1,1
2026-09-10T05:58:59.625346+00:00,2026-09-10T05:59:01+00:00,2026-09-10T05:59:01+00:00,bcycle_lametro_3054,8,7,,0,0,1
2026-09-10T05:58:59.625346+00:00,2026-09-10T05:59:01+00:00,2026-09-10T05:59:01+00:00,bcycle_lametro_3056,1,11,,1,1,1
2026-09-10T05:58:59.625346+00:00,2026-09-10T05:59:01+00:00,2026-09-10T05:59:01+00:00,bcycle_lametro_3058,6,9,,1,1,1
2026-09-10T05:58:59.625346+00:00,2026-09-10T05:59:01+00:00,2026-09-10T05:59:01+00:00,bcycle_lametro_3062,7,8,,1,1,1
2026-09-10T05:58:59.625346+00:00,2026-09-10T05:59:01+00:00,2026-09-10T05:59:01+00:00,bcycle_lametro_3063,0,22,,0,0,1
2026-09-10T05:58:59.625346+00:00,2026-09-10T05:59:01+00:00,2026-09-10T05:59:01+00:00,bcycle_lametro_3064,2,11,,1,1,1
2026-09-10T05:58:59.625346+00:00,2026-09-10T05:59:01+00:00,2026-09-10T05:59:01+00:00,bcycle_lametro_3065,7,8,,1,1,1
2026-09-10T05:58:59.625346+00:00,2026-09-10T05:59:01+00:00,2026-09-10T05:59:01+00:00,bcycle_lametro_3066,11,4,,1,1,1
2026-09-10T05:58:59.625346+00:00,2026-09-10T05:59:01+00:00,2026-09-10T05:59:01+00:00,bcycle_lametro_3068,2,12,,1,1,1
2026-09-10T05:58:59.625346+00:00,2026-09-10T05:59:01+00:00,2026-09-10T05:59:01+00:00,bcycle_lametro_3069,12,5,,1,1,1
2026-09-10T05:58:59.625346+00:00,2026-09-10T05:59:01+00:00,2026-09-10T05:59:01+00:00,bcycle_lametro_3074,16,6,,0,0,1
2026-09-10T05:58:59.625346+00:00,2026-09-10T05:59:01+00:00,2026-09-10T05:59:01+00:00,bcycle_lametro_3075,12,2,,1,1,1
2026-09-10T05:58:59.625346+00:00,2026-09-10T05:59:01+00:00,2026-09-10T05:59:01+00:00,bcycle_lametro_3076,2,9,,1,1,1
2026-09-10T05:58:59.625346+00:00,2026-09-10T05:59:01+00:00,2026-09-10T05:59:01+00:00,bcycle_lametro_3077,9,4,,1,1,1
2026-09-10T05:58:59.625346+00:00,2026-09-10T05:59:01+00:00,2026-09-10T05:59:01+00:00,bcycle_lametro_3078,7,8,,1,1,1
2026-09-10T05:58:59.625346+00:00,2026-09-10T05:59:01+00:00,2026-09-10T05:59:01+00:00,bcycle_lametro_3079,11,3,,1,1,1
2026-09-10T05:58:59.625346+00:00,2026-09-10T05:59:01+00:00,2026-09-10T05:59:01+00:00,bcycle_lametro_3081,6,6,,0,0,1
2026-09-10T05:58:59.625346+00:00,2026-09-10T05:59:01+00:00,2026-09-10T05:59:01+00:00,bcycle_lametro_3082,15,11,,1,1,1
2026-09-10T05:58:59.625346+00:00,2026-09-10T05:59:01+00:00,2026-09-10T05:59:01+00:00,bcycle_lametro_4202,9,11,,1,1,1
2026-09-10T05:58:59.625346+00:00,2026-09-10T05:59:01+00:00,2026-09-10T05:59:01+00:00,bcycle_lametro_4204,4,12,,1,1,1
2026-09-10T05:58:59.625346+00:00,2026-09-10T05:59:01+00:00,2026-09-10T05:59:01+00:00,bcycle_lametro_4205,2,14,,1,1,1
2026-09-10T05:58:59.625346+00:00,2026-09-10T05:59:01+00:00,2026-09-10T05:59:01+00:00,bcycle_lametro_4206,7,15,,1,1,1
2026-09-10T05:58:59.625346+00:00,2026-09-10T05:59:01+00:00,2026-09-10T05:59:01+00:00,bcycle_lametro_4207,12,5,,1,1,1
2026-09-10T05:58:59.625346+00:00,2026-09-10T05:59:01+00:00,2026-09-10T05:59:01+00:00,bcycle_lametro_4208,1,16,,1,1,1
2026-09-10T05:58:59.625346+00:00,2026-09-10T05:59:01+00:00,2026-09-10T05:59:01+00:00,bcycle_lametro_4209,1,22,,1,1,1
2026-09-10T05:58:59.625346+00:00,2026-09-10T05:59:01+00:00,2026-09-10T05:59:01+00:00,bcycle_lametro_4210,12,3,,1,1,1
2026-09-10T05:58:59.625346+00:00,2026-09-10T05:59:01+00:00,2026-09-10T05:59:01+00:00,bcycle_lametro_4211,1,13,,1,1,1
2026-09-10T05:58:59.625346+00:00,2026-09-10T05:59:01+00:00,2026-09-10T05:59:01+00:00,bcycle_lametro_4212,5,16,,1,1,1
2026-09-10T05:58:59.625346+00:00,2026-09-10T05:59:01+00:00,2026-09-10T05:59:01+00:00,bcycle_lametro_4213,7,8,,1,1,1
2026-09-10T05:58:59.625346+00:00,2026-09-10T05:59:01+00:00,2026-09-10T05:59:01+00:00,bcycle_lametro_4214,2,24,,1,1,1
2026-09-10T05:58:59.625346+00:00,2026-09-10T05:59:01+00:00,2026-09-10T05:59:01+00:00,bcycle_lametro_4215,35,5,,1,1,1
2026-09-10T05:58:59.625346+00:00,2026-09-10T05:59:01+00:00,2026-09-10T05:59:01+00:00,bcycle_lametro_4216,6,13,,1,1,1
2026-09-10T05:58:59.625346+00:00,2026-09-10T05:59:01+00:00,2026-09-10T05:59:01+00:00,bcycle_lametro_4217,8,3,,0,0,1
2026-09-10T05:58:59.625346+00:00,2026-09-10T05:59:01+00:00,2026-09-10T05:59:01+00:00,bcycle_lametro_4220,6,9,,1,1,1
2026-09-10T05:58:59.625346+00:00,2026-09-10T05:59:01+00:00,2026-09-10T05:59:01+00:00,bcycle_lametro_4227,9,7,,1,1,1
2026-09-10T05:58:59.625346+00:00,2026-09-10T05:59:01+00:00,2026-09-10T05:59:01+00:00,bcycle_lametro_4245,5,9,,1,1,1
2026-09-10T05:58:59.625346+00:00,2026-09-10T05:59:01+00:00,2026-09-10T05:59:01+00:00,bcycle_lametro_4246,9,5,,0,0,1
2026-09-10T05:58:59.625346+00:00,2026-09-10T05:59:01+00:00,2026-09-10T05:59:01+00:00,bcycle_lametro_4247,5,3,,1,1,1
2026-09-10T05:58:59.625346+00:00,2026-09-10T05:59:01+00:00,2026-09-10T05:59:01+00:00,bcycle_lametro_4248,6,13,,1,1,1
2026-09-10T05:58:59.625346+00:00,2026-09-10T05:59:01+00:00,2026-09-10T05:59:01+00:00,bcycle_lametro_4249,14,1,,1,1,1
2026-09-10T05:58:59.625346+00:00,2026-09-10T05:59:01+00:00,2026-09-10T05:59:01+00:00,bcycle_lametro_4250,6,9,,0,0,1
2026-09-10T05:58:59.625346+00:00,2026-09-10T05:59:01+00:00,2026-09-10T05:59:01+00:00,bcycle_lametro_4254,2,13,,1,1,1
2026-09-10T05:58:59.625346+00:00,2026-09-10T05:59:01+00:00,2026-09-10T05:59:01+00:00,bcycle_lametro_4255,6,4,,1,1,1
2026-09-10T05:58:59.625346+00:00,2026-09-10T05:59:01+00:00,2026-09-10T05:59:01+00:00,bcycle_lametro_4266,12,3,,1,1,1
2026-09-10T05:58:59.625346+00:00,2026-09-10T05:59:01+00:00,2026-09-10T05:59:01+00:00,bcycle_lametro_4267,4,4,,1,1,1
2026-09-10T05:58:59.625346+00:00,2026-09-10T05:59:01+00:00,2026-09-10T05:59:01+00:00,bcycle_lametro_4273,4,10,,1,1,1
2026-09-10T05:58:59.625346+00:00,2026-09-10T05:59:01+00:00,2026-09-10T05:59:01+00:00,bcycle_lametro_4275,3,12,,1,1,1
2026-09-10T05:58:59.625346+00:00,2026-09-10T05:59:01+00:00,2026-09-10T05:59:01+00:00,bcycle_lametro_4293,5,5,,0,0,1
2026-09-10T05:58:59.625346+00:00,2026-09-10T05:59:01+00:00,2026-09-10T05:59:01+00:00,bcycle_lametro_4300,4,9,,1,1,1
2026-09-10T05:58:59.625346+00:00,2026-09-10T05:59:01+00:00,2026-09-10T05:59:01+00:00,bcycle_lametro_4301,5,5,,1,1,1
2026-09-10T05:58:59.625346+00:00,2026-09-10T05:59:01+00:00,2026-09-10T05:59:01+00:00,bcycle_lametro_4303,2,8,,1,1,1
2026-09-10T05:58:59.625346+00:00,2026-09-10T05:59:01+00:00,2026-09-10T05:59:01+00:00,bcycle_lametro_4304,4,7,,1,1,1
2026-09-10T05:58:59.625346+00:00,2026-09-10T05:59:01+00:00,2026-09-10T05:59:01+00:00,bcycle_lametro_4306,4,9,,0,0,1
2026-09-10T05:58:59.625346+00:00,2026-09-10T05:59:01+00:00,2026-09-10T05:59:01+00:00,bcycle_lametro_4311,11,2,,1,1,1
2026-09-10T05:58:59.625346+00:00,2026-09-10T05:59:01+00:00,2026-09-10T05:59:01+00:00,bcycle_lametro_4312,6,7,,1,1,1
2026-09-10T05:58:59.625346+00:00,2026-09-10T05:59:01+00:00,2026-09-10T05:59:01+00:00,bcycle_lametro_4313,8,4,,1,1,1
2026-09-10T05:58:59.625346+00:00,2026-09-10T05:59:01+00:00,2026-09-10T05:59:01+00:00,bcycle_lametro_4314,6,9,,0,0,1
2026-09-10T05:58:59.625346+00:00,2026-09-10T05:59:01+00:00,2026-09-10T05:59:01+00:00,bcycle_lametro_4315,0,3,,0,0,1
2026-09-10T05:58:59.625346+00:00,2026-09-10T05:59:01+00:00,2026-09-10T05:59:01+00:00,bcycle_lametro_4387,7,9,,1,1,1
2026-09-10T05:58:59.625346+00:00,2026-09-10T05:59:01+00:00,2026-09-10T05:59:01+00:00,bcycle_lametro_4390,4,8,,1,1,1
2026-09-10T05:58:59.625346+00:00,2026-09-10T05:59:01+00:00,2026-09-10T05:59:01+00:00,bcycle_lametro_4401,6,4,,0,0,1
2026-09-10T05:58:59.625346+00:00,2026-09-10T05:59:01+00:00,2026-09-10T05:59:01+00:00,bcycle_lametro_4404,8,7,,1,1,1
2026-09-10T05:58:59.625346+00:00,2026-09-10T05:59:01+00:00,2026-09-10T05:59:01+00:00,bcycle_lametro_4405,9,4,,1,1,1
2026-09-10T05:58:59.625346+00:00,2026-09-10T05:59:01+00:00,2026-09-10T05:59:01+00:00,bcycle_lametro_4406,4,10,,1,1,1
2026-09-10T05:58:59.625346+00:00,2026-09-10T05:59:01+00:00,2026-09-10T05:59:01+00:00,bcycle_lametro_4410,4,8,,0,0,1
2026-09-10T05:58:59.625346+00:00,2026-09-10T05:59:01+00:00,2026-09-10T05:59:01+00:00,bcycle_lametro_4436,3,6,,1,1,1
2026-09-10T05:58:59.625346+00:00,2026-09-10T05:59:01+00:00,2026-09-10T05:59:01+00:00,bcycle_lametro_4437,4,9,,1,1,1
2026-09-10T05:58:59.625346+00:00,2026-09-10T05:59:01+00:00,2026-09-10T05:59:01+00:00,bcycle_lametro_4440,8,6,,1,1,1
2026-09-10T05:58:59.625346+00:00,2026-09-10T05:59:01+00:00,2026-09-10T05:59:01+00:00,bcycle_lametro_4441,2,5,,1,1,1
2026-09-10T05:58:59.625346+00:00,2026-09-10T05:59:01+00:00,2026-09-10T05:59:01+00:00,bcycle_lametro_4442,5,7,,0,0,1
2026-09-10T05:58:59.625346+00:00,2026-09-10T05:59:01+00:00,2026-09-10T05:59:01+00:00,bcycle_lametro_4443,2,6,,1,1,1
2026-09-10T05:58:59.625346+00:00,2026-09-10T05:59:01+00:00,2026-09-10T05:59:01+00:00,bcycle_lametro_4444,6,3,,1,1,1
2026-09-10T05:58:59.625346+00:00,2026-09-10T05:59:01+00:00,2026-09-10T05:59:01+00:00,bcycle_lametro_4445,5,10,,1,1,1
2026-09-10T05:58:59.625346+00:00,2026-09-10T05:59:01+00:00,2026-09-10T05:59:01+00:00,bcycle_lametro_4446,1,7,,1,1,1
2026-09-10T05:58:59.625346+00:00,2026-09-10T05:59:01+00:00,2026-09-10T05:59:01+00:00,bcycle_lametro_4447,4,8,,1,1,1
2026-09-10T05:58:59.625346+00:00,2026-09-10T05:59:01+00:00,2026-09-10T05:59:01+00:00,bcycle_lametro_4448,6,12,,1,1,1
2026-09-10T05:58:59.625346+00:00,2026-09-10T05:59:01+00:00,2026-09-10T05:59:01+00:00,bcycle_lametro_4449,4,9,,1,1,1
2026-09-10T05:58:59.625346+00:00,2026-09-10T05:59:01+00:00,2026-09-10T05:59:01+00:00,bcycle_lametro_4450,8,6,,1,1,1
2026-09-10T05:58:59.625346+00:00,2026-09-10T05:59:01+00:00,2026-09-10T05:59:01+00:00,bcycle_lametro_4451,6,3,,1,1,1
2026-09-10T05:58:59.625346+00:00,2026-09-10T05:59:01+00:00,2026-09-10T05:59:01+00:00,bcycle_lametro_4452,3,7,,1,1,1
2026-09-10T05:58:59.625346+00:00,2026-09-10T05:59:01+00:00,2026-09-10T05:59:01+00:00,bcycle_lametro_4453,2,8,,1,1,1
2026-09-10T05:58:59.625346+00:00,2026-09-10T05:59:01+00:00,2026-09-10T05:59:01+00:00,bcycle_lametro_4454,9,5,,1,1,1
2026-09-10T05:58:59.625346+00:00,2026-09-10T05:59:01+00:00,2026-09-10T05:59:01+00:00,bcycle_lametro_4455,4,11,,1,1,1
2026-09-10T05:58:59.625346+00:00,2026-09-10T05:59:01+00:00,2026-09-10T05:59:01+00:00,bcycle_lametro_4456,4,11,,1,1,1
2026-09-10T05:58:59.625346+00:00,2026-09-10T05:59:01+00:00,2026-09-10T05:59:01+00:00,bcycle_lametro_4457,4,4,,1,1,1
2026-09-10T05:58:59.625346+00:00,2026-09-10T05:59:01+00:00,2026-09-10T05:59:01+00:00,bcycle_lametro_4472,4,12,,1,1,1
2026-09-10T05:58:59.625346+00:00,2026-09-10T05:59:01+00:00,2026-09-10T05:59:01+00:00,bcycle_lametro_4473,1,7,,1,1,1
2026-09-10T05:58:59.625346+00:00,2026-09-10T05:59:01+00:00,2026-09-10T05:59:01+00:00,bcycle_lametro_4474,5,5,,0,0,1
2026-09-10T05:58:59.625346+00:00,2026-09-10T05:59:01+00:00,2026-09-10T05:59:01+00:00,bcycle_lametro_4475,9,2,,1,1,1
2026-09-10T05:58:59.625346+00:00,2026-09-10T05:59:01+00:00,2026-09-10T05:59:01+00:00,bcycle_lametro_4476,3,10,,1,1,1
2026-09-10T05:58:59.625346+00:00,2026-09-10T05:59:01+00:00,2026-09-10T05:59:01+00:00,bcycle_lametro_4477,2,11,,1,1,1
2026-09-10T05:58:59.625346+00:00,2026-09-10T05:59:01+00:00,2026-09-10T05:59:01+00:00,bcycle_lametro_4479,3,9,,1,1,1
2026-09-10T05:58:59.625346+00:00,2026-09-10T05:59:01+00:00,2026-09-10T05:59:01+00:00,bcycle_lametro_4483,7,5,,1,1,1
2026-09-10T05:58:59.625346+00:00,2026-09-10T05:59:01+00:00,2026-09-10T05:59:01+00:00,bcycle_lametro_4487,9,7,,1,1,1
2026-09-10T05:58:59.625346+00:00,2026-09-10T05:59:01+00:00,2026-09-10T05:59:01+00:00,bcycle_lametro_4490,3,11,,1,1,1
2026-09-10T05:58:59.625346+00:00,2026-09-10T05:59:01+00:00,2026-09-10T05:59:01+00:00,bcycle_lametro_4491,7,6,,1,1,1
2026-09-10T05:58:59.625346+00:00,2026-09-10T05:59:01+00:00,2026-09-10T05:59:01+00:00,bcycle_lametro_4492,18,1,,1,1,1
2026-09-10T05:58:59.625346+00:00,2026-09-10T05:59:01+00:00,2026-09-10T05:59:01+00:00,bcycle_lametro_4493,13,3,,1,1,1
2026-09-10T05:58:59.625346+00:00,2026-09-10T05:59:01+00:00,2026-09-10T05:59:01+00:00,bcycle_lametro_4494,4,5,,1,1,1
2026-09-10T05:58:59.625346+00:00,2026-09-10T05:59:01+00:00,2026-09-10T05:59:01+00:00,bcycle_lametro_4509,4,6,,1,1,1
2026-09-10T05:58:59.625346+00:00,2026-09-10T05:59:01+00:00,2026-09-10T05:59:01+00:00,bcycle_lametro_4510,0,10,,1,1,1
2026-09-10T05:58:59.625346+00:00,2026-09-10T05:59:01+00:00,2026-09-10T05:59:01+00:00,bcycle_lametro_4511,11,7,,1,1,1
2026-09-10T05:58:59.625346+00:00,2026-09-10T05:59:01+00:00,2026-09-10T05:59:01+00:00,bcycle_lametro_4512,9,7,,1,1,1
2026-09-10T05:58:59.625346+00:00,2026-09-10T05:59:01+00:00,2026-09-10T05:59:01+00:00,bcycle_lametro_4514,6,15,,1,1,1
2026-09-10T05:58:59.625346+00:00,2026-09-10T05:59:01+00:00,2026-09-10T05:59:01+00:00,bcycle_lametro_4515,8,1,,1,1,1
2026-09-10T05:58:59.625346+00:00,2026-09-10T05:59:01+00:00,2026-09-10T05:59:01+00:00,bcycle_lametro_4517,8,3,,1,1,1
2026-09-10T05:58:59.625346+00:00,2026-09-10T05:59:01+00:00,2026-09-10T05:59:01+00:00,bcycle_lametro_4521,7,5,,1,1,1
2026-09-10T05:58:59.625346+00:00,2026-09-10T05:59:01+00:00,2026-09-10T05:59:01+00:00,bcycle_lametro_4523,9,6,,1,1,1
2026-09-10T05:58:59.625346+00:00,2026-09-10T05:59:01+00:00,2026-09-10T05:59:01+00:00,bcycle_lametro_4524,2,12,,1,1,1
2026-09-10T05:58:59.625346+00:00,2026-09-10T05:59:01+00:00,2026-09-10T05:59:01+00:00,bcycle_lametro_4525,6,5,,1,1,1
2026-09-10T05:58:59.625346+00:00,2026-09-10T05:59:01+00:00,2026-09-10T05:59:01+00:00,bcycle_lametro_4526,4,17,,1,1,1
2026-09-10T05:58:59.625346+00:00,2026-09-10T05:59:01+00:00,2026-09-10T05:59:01+00:00,bcycle_lametro_4527,3,11,,1,1,1
2026-09-10T05:58:59.625346+00:00,2026-09-10T05:59:01+00:00,2026-09-10T05:59:01+00:00,bcycle_lametro_4528,12,2,,1,1,1
2026-09-10T05:58:59.625346+00:00,2026-09-10T05:59:01+00:00,2026-09-10T05:59:01+00:00,bcycle_lametro_4529,5,8,,1,1,1
2026-09-10T05:58:59.625346+00:00,2026-09-10T05:59:01+00:00,2026-09-10T05:59:01+00:00,bcycle_lametro_4534,2,13,,1,1,1
2026-09-10T05:58:59.625346+00:00,2026-09-10T05:59:01+00:00,2026-09-10T05:59:01+00:00,bcycle_lametro_4536,4,5,,1,1,1
2026-09-10T05:58:59.625346+00:00,2026-09-10T05:59:01+00:00,2026-09-10T05:59:01+00:00,bcycle_lametro_4537,9,9,,1,1,1
2026-09-10T05:58:59.625346+00:00,2026-09-10T05:59:01+00:00,2026-09-10T05:59:01+00:00,bcycle_lametro_4538,3,3,,0,0,1
2026-09-10T05:58:59.625346+00:00,2026-09-10T05:59:01+00:00,2026-09-10T05:59:01+00:00,bcycle_lametro_4540,2,12,,1,1,1
2026-09-10T05:58:59.625346+00:00,2026-09-10T05:59:01+00:00,2026-09-10T05:59:01+00:00,bcycle_lametro_4543,3,5,,1,1,1
2026-09-10T05:58:59.625346+00:00,2026-09-10T05:59:01+00:00,2026-09-10T05:59:01+00:00,bcycle_lametro_4544,7,7,,1,1,1
2026-09-10T05:58:59.625346+00:00,2026-09-10T05:59:01+00:00,2026-09-10T05:59:01+00:00,bcycle_lametro_4545,3,5,,1,1,1
2026-09-10T05:58:59.625346+00:00,2026-09-10T05:59:01+00:00,2026-09-10T05:59:01+00:00,bcycle_lametro_4546,9,10,,1,1,1
2026-09-10T05:58:59.625346+00:00,2026-09-10T05:59:01+00:00,2026-09-10T05:59:01+00:00,bcycle_lametro_4547,2,8,,1,1,1
2026-09-10T05:58:59.625346+00:00,2026-09-10T05:59:01+00:00,2026-09-10T05:59:01+00:00,bcycle_lametro_4548,9,3,,1,1,1
2026-09-10T05:58:59.625346+00:00,2026-09-10T05:59:01+00:00,2026-09-10T05:59:01+00:00,bcycle_lametro_4549,13,3,,1,1,1
2026-09-10T05:58:59.625346+00:00,2026-09-10T05:59:01+00:00,2026-09-10T05:59:01+00:00,bcycle_lametro_4552,8,4,,1,1,1
2026-09-10T05:58:59.625346+00:00,2026-09-10T05:59:01+00:00,2026-09-10T05:59:01+00:00,bcycle_lametro_4553,8,1,,1,1,1
2026-09-10T05:58:59.625346+00:00,2026-09-10T05:59:01+00:00,2026-09-10T05:59:01+00:00,bcycle_lametro_4554,6,5,,1,1,1
2026-09-10T05:58:59.625346+00:00,2026-09-10T05:59:01+00:00,2026-09-10T05:59:01+00:00,bcycle_lametro_4555,2,6,,1,1,1
2026-09-10T05:58:59.625346+00:00,2026-09-10T05:59:01+00:00,2026-09-10T05:59:01+00:00,bcycle_lametro_4556,1,12,,1,1,1
2026-09-10T05:58:59.625346+00:00,2026-09-10T05:59:01+00:00,2026-09-10T05:59:01+00:00,bcycle_lametro_4557,3,8,,1,1,1
2026-09-10T05:58:59.625346+00:00,2026-09-10T05:59:01+00:00,2026-09-10T05:59:01+00:00,bcycle_lametro_4558,4,13,,1,1,1
2026-09-10T05:58:59.625346+00:00,2026-09-10T05:59:01+00:00,2026-09-10T05:59:01+00:00,bcycle_lametro_4561,5,2,,1,1,1
2026-09-10T05:58:59.625346+00:00,2026-09-10T05:59:01+00:00,2026-09-10T05:59:01+00:00,bcycle_lametro_4562,7,7,,1,1,1
2026-09-10T05:58:59.625346+00:00,2026-09-10T05:59:01+00:00,2026-09-10T05:59:01+00:00,bcycle_lametro_4563,5,4,,1,1,1
2026-09-10T05:58:59.625346+00:00,2026-09-10T05:59:01+00:00,2026-09-10T05:59:01+00:00,bcycle_lametro_4564,6,9,,1,1,1
2026-09-10T05:58:59.625346+00:00,2026-09-10T05:59:01+00:00,2026-09-10T05:59:01+00:00,bcycle_lametro_4565,3,9,,1,1,1
2026-09-10T05:58:59.625346+00:00,2026-09-10T05:59:01+00:00,2026-09-10T05:59:01+00:00,bcycle_lametro_4566,10,5,,1,1,1
2026-09-10T05:58:59.625346+00:00,2026-09-10T05:59:01+00:00,2026-09-10T05:59:01+00:00,bcycle_lametro_4567,6,5,,1,1,1
2026-09-10T05:58:59.625346+00:00,2026-09-10T05:59:01+00:00,2026-09-10T05:59:01+00:00,bcycle_lametro_4568,7,7,,1,1,1
2026-09-10T05:58:59.625346+00:00,2026-09-10T05:59:01+00:00,2026-09-10T05:59:01+00:00,bcycle_lametro_4569,6,3,,1,1,1
2026-09-10T05:58:59.625346+00:00,2026-09-10T05:59:01+00:00,2026-09-10T05:59:01+00:00,bcycle_lametro_4570,13,2,,1,1,1
2026-09-10T05:58:59.625346+00:00,2026-09-10T05:59:01+00:00,2026-09-10T05:59:01+00:00,bcycle_lametro_4571,3,4,,1,1,1
2026-09-10T05:58:59.625346+00:00,2026-09-10T05:59:01+00:00,2026-09-10T05:59:01+00:00,bcycle_lametro_4575,8,3,,1,1,1
2026-09-10T05:58:59.625346+00:00,2026-09-10T05:59:01+00:00,2026-09-10T05:59:01+00:00,bcycle_lametro_4576,8,3,,1,1,1
2026-09-10T05:58:59.625346+00:00,2026-09-10T05:59:01+00:00,2026-09-10T05:59:01+00:00,bcycle_lametro_4578,0,7,,1,1,1
2026-09-10T05:58:59.625346+00:00,2026-09-10T05:59:01+00:00,2026-09-10T05:59:01+00:00,bcycle_lametro_4579,9,3,,1,1,1
2026-09-10T05:58:59.625346+00:00,2026-09-10T05:59:01+00:00,2026-09-10T05:59:01+00:00,bcycle_lametro_4580,3,5,,1,1,1
2026-09-10T05:58:59.625346+00:00,2026-09-10T05:59:01+00:00,2026-09-10T05:59:01+00:00,bcycle_lametro_4581,4,13,,1,1,1
2026-09-10T05:58:59.625346+00:00,2026-09-10T05:59:01+00:00,2026-09-10T05:59:01+00:00,bcycle_lametro_4583,6,12,,1,1,1
2026-09-10T05:58:59.625346+00:00,2026-09-10T05:59:01+00:00,2026-09-10T05:59:01+00:00,bcycle_lametro_4584,9,5,,1,1,1
2026-09-10T05:58:59.625346+00:00,2026-09-10T05:59:01+00:00,2026-09-10T05:59:01+00:00,bcycle_lametro_4587,4,7,,1,1,1
2026-09-10T05:58:59.625346+00:00,2026-09-10T05:59:01+00:00,2026-09-10T05:59:01+00:00,bcycle_lametro_4596,8,7,,1,1,1
2026-09-10T05:58:59.625346+00:00,2026-09-10T05:59:01+00:00,2026-09-10T05:59:01+00:00,bcycle_lametro_4597,4,7,,0,0,1
2026-09-10T05:58:59.625346+00:00,2026-09-10T05:59:01+00:00,2026-09-10T05:59:01+00:00,bcycle_lametro_4598,5,4,,1,1,1
2026-09-10T05:58:59.625346+00:00,2026-09-10T05:59:01+00:00,2026-09-10T05:59:01+00:00,bcycle_lametro_4599,4,8,,1,1,1
2026-09-10T05:58:59.625346+00:00,2026-09-10T05:59:01+00:00,2026-09-10T05:59:01+00:00,bcycle_lametro_4600,4,6,,1,1,1
2026-09-10T05:58:59.625346+00:00,2026-09-10T05:59:01+00:00,2026-09-10T05:59:01+00:00,bcycle_lametro_4601,6,5,,1,1,1
2026-09-10T05:58:59.625346+00:00,2026-09-10T05:59:01+00:00,2026-09-10T05:59:01+00:00,bcycle_lametro_4603,6,12,,1,1,1
2026-09-10T05:58:59.625346+00:00,2026-09-10T05:59:01+00:00,2026-09-10T05:59:01+00:00,bcycle_lametro_4604,8,4,,1,1,1
2026-09-10T05:58:59.625346+00:00,2026-09-10T05:59:01+00:00,2026-09-10T05:59:01+00:00,bcycle_lametro_4605,6,7,,1,1,1
2026-09-10T05:58:59.625346+00:00,2026-09-10T05:59:01+00:00,2026-09-10T05:59:01+00:00,bcycle_lametro_4606,5,15,,1,1,1
2026-09-10T05:58:59.625346+00:00,2026-09-10T05:59:01+00:00,2026-09-10T05:59:01+00:00,bcycle_lametro_4613,9,9,,1,1,1
2026-09-10T05:58:59.625346+00:00,2026-09-10T05:59:01+00:00,2026-09-10T05:59:01+00:00,bcycle_lametro_4614,2,18,,0,0,1
2026-09-10T05:58:59.625346+00:00,2026-09-10T05:59:01+00:00,2026-09-10T05:59:01+00:00,bcycle_lametro_4627,8,9,,1,1,1
2026-09-10T05:58:59.625346+00:00,2026-09-10T05:59:01+00:00,2026-09-10T05:59:01+00:00,bcycle_lametro_4628,10,3,,1,1,1
2026-09-10T05:58:59.625346+00:00,2026-09-10T05:59:01+00:00,2026-09-10T05:59:01+00:00,bcycle_lametro_4632,9,6,,1,1,1
2026-09-10T05:58:59.625346+00:00,2026-09-10T05:59:01+00:00,2026-09-10T05:59:01+00:00,bcycle_lametro_4643,2,18,,1,1,1
2026-09-10T05:58:59.625346+00:00,2026-09-10T05:59:01+00:00,2026-09-10T05:59:01+00:00,bcycle_lametro_4644,2,10,,1,1,1
2026-09-10T05:58:59.625346+00:00,2026-09-10T05:59:01+00:00,2026-09-10T05:59:01+00:00,bcycle_lametro_4645,8,4,,1,1,1
2026-09-10T05:58:59.625346+00:00,2026-09-10T05:59:01+00:00,2026-09-10T05:59:01+00:00,bcycle_lametro_4652,4,7,,1,1,1
2026-09-10T05:58:59.625346+00:00,2026-09-10T05:59:01+00:00,2026-09-10T05:59:01+00:00,bcycle_lametro_4660,6,11,,1,1,1
2026-09-10T05:58:59.625346+00:00,2026-09-10T05:59:01+00:00,2026-09-10T05:59:01+00:00,bcycle_lametro_4664,13,7,,1,1,1
2026-09-10T05:58:59.625346+00:00,2026-09-10T05:59:01+00:00,2026-09-10T05:59:01+00:00,bcycle_lametro_4672,5,10,,1,1,1
2026-09-10T05:58:59.625346+00:00,2026-09-10T05:59:01+00:00,2026-09-10T05:59:01+00:00,bcycle_lametro_4680,2,16,,1,1,1
2026-09-10T05:58:59.625346+00:00,2026-09-10T05:59:01+00:00,2026-09-10T05:59:01+00:00,bcycle_lametro_4689,8,7,,1,1,1
2026-09-10T05:58:59.625346+00:00,2026-09-10T05:59:01+00:00,2026-09-10T05:59:01+00:00,bcycle_lametro_4690,7,7,,1,1,1
2026-09-10T05:58:59.625346+00:00,2026-09-10T05:59:01+00:00,2026-09-10T05:59:01+00:00,bcycle_lametro_4696,7,7,,1,1,1
2026-09-10T05:58:59.625346+00:00,2026-09-10T05:59:01+00:00,2026-09-10T05:59:01+00:00,bcycle_lametro_4697,3,11,,1,1,1
2026-09-10T05:58:59.625346+00:00,2026-09-10T05:59:01+00:00,2026-09-10T05:59:01+00:00,bcycle_lametro_4698,8,5,,0,0,1
2026-09-10T05:58:59.625346+00:00,2026-09-10T05:59:01+00:00,2026-09-10T05:59:01+00:00,bcycle_lametro_4699,3,12,,1,1,1
2026-09-10T05:58:59.625346+00:00,2026-09-10T05:59:01+00:00,2026-09-10T05:59:01+00:00,bcycle_lametro_4700,11,6,,1,1,1
2026-09-10T05:58:59.625346+00:00,2026-09-10T05:59:01+00:00,2026-09-10T05:59:01+00:00,bcycle_lametro_4707,5,8,,1,1,1
2026-09-10T05:58:59.625346+00:00,2026-09-10T05:59:01+00:00,2026-09-10T05:59:01+00:00,bcycle_lametro_4729,1,12,,0,0,1
2026-09-10T05:58:59.625346+00:00,2026-09-10T05:59:01+00:00,2026-09-10T05:59:01+00:00,bcycle_lametro_4730,9,4,,1,1,1
2026-09-10T05:58:59.625346+00:00,2026-09-10T05:59:01+00:00,2026-09-10T05:59:01+00:00,bcycle_lametro_4732,6,15,,1,1,1
2026-09-10T05:58:59.625346+00:00,2026-09-10T05:59:01+00:00,2026-09-10T05:59:01+00:00,bcycle_lametro_4733,2,21,,1,1,1
2026-09-10T05:58:59.625346+00:00,2026-09-10T05:59:01+00:00,2026-09-10T05:59:01+00:00,bcycle_lametro_4734,11,4,,1,1,1
2026-09-10T05:58:59.625346+00:00,2026-09-10T05:59:01+00:00,2026-09-10T05:59:01+00:00,bcycle_lametro_4735,3,9,,1,1,1
2026-09-10T05:58:59.625346+00:00,2026-09-10T05:59:01+00:00,2026-09-10T05:59:01+00:00,bcycle_lametro_4736,11,4,,1,1,1
2026-09-10T05:58:59.625346+00:00,2026-09-10T05:59:01+00:00,2026-09-10T05:59:01+00:00,bcycle_lametro_4740,19,3,,1,1,1
2026-09-10T05:58:59.625346+00:00,2026-09-10T05:59:01+00:00,2026-09-10T05:59:01+00:00,bcycle_lametro_4745,5,6,,1,1,1
2026-09-10T11:07:26.004807+00:00,2026-09-10T11:06:48+00:00,2026-09-10T11:06:48+00:00,bcycle_lametro_3005,2,28,,1,1,1
2026-09-10T11:07:26.004807+00:00,2026-09-10T11:06:48+00:00,2026-09-10T11:06:48+00:00,bcycle_lametro_3006,12,17,,1,1,1
2026-09-10T11:07:26.004807+00:00,2026-09-10T11:06:48+00:00,2026-09-10T11:06:48+00:00,bcycle_lametro_3007,9,13,,1,1,1
2026-09-10T11:07:26.004807+00:00,2026-09-10T11:06:48+00:00,2026-09-10T11:06:48+00:00,bcycle_lametro_3008,1,11,,1,1,1
2026-09-10T11:07:26.004807+00:00,2026-09-10T11:06:48+00:00,2026-09-10T11:06:48+00:00,bcycle_lametro_3010,6,8,,1,1,1
2026-09-10T11:07:26.004807+00:00,2026-09-10T11:06:48+00:00,2026-09-10T11:06:48+00:00,bcycle_lametro_3011,9,7,,1,1,1
2026-09-10T11:07:26.004807+00:00,2026-09-10T11:06:48+00:00,2026-09-10T11:06:48+00:00,bcycle_lametro_3014,17,11,,1,1,1
2026-09-10T11:07:26.004807+00:00,2026-09-10T11:06:48+00:00,2026-09-10T11:06:48+00:00,bcycle_lametro_3016,8,7,,0,0,1
2026-09-10T11:07:26.004807+00:00,2026-09-10T11:06:48+00:00,2026-09-10T11:06:48+00:00,bcycle_lametro_3018,12,6,,1,1,1
2026-09-10T11:07:26.004807+00:00,2026-09-10T11:06:48+00:00,2026-09-10T11:06:48+00:00,bcycle_lametro_3019,8,11,,1,1,1
2026-09-10T11:07:26.004807+00:00,2026-09-10T11:06:48+00:00,2026-09-10T11:06:48+00:00,bcycle_lametro_3020,3,12,,1,1,1
2026-09-10T11:07:26.004807+00:00,2026-09-10T11:06:48+00:00,2026-09-10T11:06:48+00:00,bcycle_lametro_3022,6,14,,1,1,1
2026-09-10T11:07:26.004807+00:00,2026-09-10T11:06:48+00:00,2026-09-10T11:06:48+00:00,bcycle_lametro_3024,5,10,,1,1,1
2026-09-10T11:07:26.004807+00:00,2026-09-10T11:06:48+00:00,2026-09-10T11:06:48+00:00,bcycle_lametro_3025,5,9,,0,0,1
2026-09-10T11:07:26.004807+00:00,2026-09-10T11:06:48+00:00,2026-09-10T11:06:48+00:00,bcycle_lametro_3026,8,7,,1,1,1
2026-09-10T11:07:26.004807+00:00,2026-09-10T11:06:48+00:00,2026-09-10T11:06:48+00:00,bcycle_lametro_3027,8,7,,0,0,1
2026-09-10T11:07:26.004807+00:00,2026-09-10T11:06:48+00:00,2026-09-10T11:06:48+00:00,bcycle_lametro_3030,2,26,,1,1,1
2026-09-10T11:07:26.004807+00:00,2026-09-10T11:06:48+00:00,2026-09-10T11:06:48+00:00,bcycle_lametro_3032,17,10,,1,1,1
2026-09-10T11:07:26.004807+00:00,2026-09-10T11:06:48+00:00,2026-09-10T11:06:48+00:00,bcycle_lametro_3033,6,6,,1,1,1
2026-09-10T11:07:26.004807+00:00,2026-09-10T11:06:48+00:00,2026-09-10T11:06:48+00:00,bcycle_lametro_3034,15,7,,1,1,1
2026-09-10T11:07:26.004807+00:00,2026-09-10T11:06:48+00:00,2026-09-10T11:06:48+00:00,bcycle_lametro_3035,7,16,,1,1,1
2026-09-10T11:07:26.004807+00:00,2026-09-10T11:06:48+00:00,2026-09-10T11:06:48+00:00,bcycle_lametro_3036,6,8,,1,1,1
2026-09-10T11:07:26.004807+00:00,2026-09-10T11:06:48+00:00,2026-09-10T11:06:48+00:00,bcycle_lametro_3037,11,7,,1,1,1
2026-09-10T11:07:26.004807+00:00,2026-09-10T11:06:48+00:00,2026-09-10T11:06:48+00:00,bcycle_lametro_3040,0,3,,1,1,1
2026-09-10T11:07:26.004807+00:00,2026-09-10T11:06:48+00:00,2026-09-10T11:06:48+00:00,bcycle_lametro_3042,9,19,,1,1,1
2026-09-10T11:07:26.004807+00:00,2026-09-10T11:06:48+00:00,2026-09-10T11:06:48+00:00,bcycle_lametro_3045,6,4,,1,1,1
2026-09-10T11:07:26.004807+00:00,2026-09-10T11:06:48+00:00,2026-09-10T11:06:48+00:00,bcycle_lametro_3046,8,9,,1,1,1
2026-09-10T11:07:26.004807+00:00,2026-09-10T11:06:48+00:00,2026-09-10T11:06:48+00:00,bcycle_lametro_3047,18,7,,1,1,1
2026-09-10T11:07:26.004807+00:00,2026-09-10T11:06:48+00:00,2026-09-10T11:06:48+00:00,bcycle_lametro_3048,11,4,,1,1,1
2026-09-10T11:07:26.004807+00:00,2026-09-10T11:06:48+00:00,2026-09-10T11:06:48+00:00,bcycle_lametro_3052,8,7,,1,1,1
2026-09-10T11:07:26.004807+00:00,2026-09-10T11:06:48+00:00,2026-09-10T11:06:48+00:00,bcycle_lametro_3054,8,7,,0,0,1
2026-09-10T11:07:26.004807+00:00,2026-09-10T11:06:48+00:00,2026-09-10T11:06:48+00:00,bcycle_lametro_3056,1,11,,1,1,1
2026-09-10T11:07:26.004807+00:00,2026-09-10T11:06:48+00:00,2026-09-10T11:06:48+00:00,bcycle_lametro_3058,7,8,,1,1,1
2026-09-10T11:07:26.004807+00:00,2026-09-10T11:06:48+00:00,2026-09-10T11:06:48+00:00,bcycle_lametro_3062,7,8,,1,1,1
2026-09-10T11:07:26.004807+00:00,2026-09-10T11:06:48+00:00,2026-09-10T11:06:48+00:00,bcycle_lametro_3063,0,22,,0,0,1
2026-09-10T11:07:26.004807+00:00,2026-09-10T11:06:48+00:00,2026-09-10T11:06:48+00:00,bcycle_lametro_3064,2,11,,1,1,1
2026-09-10T11:07:26.004807+00:00,2026-09-10T11:06:48+00:00,2026-09-10T11:06:48+00:00,bcycle_lametro_3065,7,8,,1,1,1
2026-09-10T11:07:26.004807+00:00,2026-09-10T11:06:48+00:00,2026-09-10T11:06:48+00:00,bcycle_lametro_3066,11,4,,1,1,1
2026-09-10T11:07:26.004807+00:00,2026-09-10T11:06:48+00:00,2026-09-10T11:06:48+00:00,bcycle_lametro_3068,2,12,,1,1,1
2026-09-10T11:07:26.004807+00:00,2026-09-10T11:06:48+00:00,2026-09-10T11:06:48+00:00,bcycle_lametro_3069,12,5,,1,1,1
2026-09-10T11:07:26.004807+00:00,2026-09-10T11:06:48+00:00,2026-09-10T11:06:48+00:00,bcycle_lametro_3074,16,6,,0,0,1
2026-09-10T11:07:26.004807+00:00,2026-09-10T11:06:48+00:00,2026-09-10T11:06:48+00:00,bcycle_lametro_3075,12,2,,1,1,1
2026-09-10T11:07:26.004807+00:00,2026-09-10T11:06:48+00:00,2026-09-10T11:06:48+00:00,bcycle_lametro_3076,2,9,,1,1,1
2026-09-10T11:07:26.004807+00:00,2026-09-10T11:06:48+00:00,2026-09-10T11:06:48+00:00,bcycle_lametro_3077,9,4,,1,1,1
2026-09-10T11:07:26.004807+00:00,2026-09-10T11:06:48+00:00,2026-09-10T11:06:48+00:00,bcycle_lametro_3078,7,8,,1,1,1
2026-09-10T11:07:26.004807+00:00,2026-09-10T11:06:48+00:00,2026-09-10T11:06:48+00:00,bcycle_lametro_3079,11,3,,1,1,1
2026-09-10T11:07:26.004807+00:00,2026-09-10T11:06:48+00:00,2026-09-10T11:06:48+00:00,bcycle_lametro_3081,6,6,,0,0,1
2026-09-10T11:07:26.004807+00:00,2026-09-10T11:06:48+00:00,2026-09-10T11:06:48+00:00,bcycle_lametro_3082,15,11,,1,1,1
2026-09-10T11:07:26.004807+00:00,2026-09-10T11:06:48+00:00,2026-09-10T11:06:48+00:00,bcycle_lametro_4202,9,11,,1,1,1
2026-09-10T11:07:26.004807+00:00,2026-09-10T11:06:48+00:00,2026-09-10T11:06:48+00:00,bcycle_lametro_4204,4,12,,1,1,1
2026-09-10T11:07:26.004807+00:00,2026-09-10T11:06:48+00:00,2026-09-10T11:06:48+00:00,bcycle_lametro_4205,2,14,,1,1,1
2026-09-10T11:07:26.004807+00:00,2026-09-10T11:06:48+00:00,2026-09-10T11:06:48+00:00,bcycle_lametro_4206,7,15,,1,1,1
2026-09-10T11:07:26.004807+00:00,2026-09-10T11:06:48+00:00,2026-09-10T11:06:48+00:00,bcycle_lametro_4207,12,5,,1,1,1
2026-09-10T11:07:26.004807+00:00,2026-09-10T11:06:48+00:00,2026-09-10T11:06:48+00:00,bcycle_lametro_4208,1,16,,1,1,1
2026-09-10T11:07:26.004807+00:00,2026-09-10T11:06:48+00:00,2026-09-10T11:06:48+00:00,bcycle_lametro_4209,1,22,,1,1,1
2026-09-10T11:07:26.004807+00:00,2026-09-10T11:06:48+00:00,2026-09-10T11:06:48+00:00,bcycle_lametro_4210,12,3,,1,1,1
2026-09-10T11:07:26.004807+00:00,2026-09-10T11:06:48+00:00,2026-09-10T11:06:48+00:00,bcycle_lametro_4211,1,13,,1,1,1
2026-09-10T11:07:26.004807+00:00,2026-09-10T11:06:48+00:00,2026-09-10T11:06:48+00:00,bcycle_lametro_4212,5,16,,1,1,1
2026-09-10T11:07:26.004807+00:00,2026-09-10T11:06:48+00:00,2026-09-10T11:06:48+00:00,bcycle_lametro_4213,7,8,,1,1,1
2026-09-10T11:07:26.004807+00:00,2026-09-10T11:06:48+00:00,2026-09-10T11:06:48+00:00,bcycle_lametro_4214,2,24,,1,1,1
2026-09-10T11:07:26.004807+00:00,2026-09-10T11:06:48+00:00,2026-09-10T11:06:48+00:00,bcycle_lametro_4215,35,5,,1,1,1
2026-09-10T11:07:26.004807+00:00,2026-09-10T11:06:48+00:00,2026-09-10T11:06:48+00:00,bcycle_lametro_4216,6,13,,1,1,1
2026-09-10T11:07:26.004807+00:00,2026-09-10T11:06:48+00:00,2026-09-10T11:06:48+00:00,bcycle_lametro_4217,8,3,,0,0,1
2026-09-10T11:07:26.004807+00:00,2026-09-10T11:06:48+00:00,2026-09-10T11:06:48+00:00,bcycle_lametro_4220,6,9,,1,1,1
2026-09-10T11:07:26.004807+00:00,2026-09-10T11:06:48+00:00,2026-09-10T11:06:48+00:00,bcycle_lametro_4227,9,7,,1,1,1
2026-09-10T11:07:26.004807+00:00,2026-09-10T11:06:48+00:00,2026-09-10T11:06:48+00:00,bcycle_lametro_4245,5,9,,1,1,1
2026-09-10T11:07:26.004807+00:00,2026-09-10T11:06:48+00:00,2026-09-10T11:06:48+00:00,bcycle_lametro_4246,9,5,,0,0,1
2026-09-10T11:07:26.004807+00:00,2026-09-10T11:06:48+00:00,2026-09-10T11:06:48+00:00,bcycle_lametro_4247,5,3,,1,1,1
2026-09-10T11:07:26.004807+00:00,2026-09-10T11:06:48+00:00,2026-09-10T11:06:48+00:00,bcycle_lametro_4248,5,14,,1,1,1
2026-09-10T11:07:26.004807+00:00,2026-09-10T11:06:48+00:00,2026-09-10T11:06:48+00:00,bcycle_lametro_4249,14,1,,1,1,1
2026-09-10T11:07:26.004807+00:00,2026-09-10T11:06:48+00:00,2026-09-10T11:06:48+00:00,bcycle_lametro_4250,6,9,,0,0,1
2026-09-10T11:07:26.004807+00:00,2026-09-10T11:06:48+00:00,2026-09-10T11:06:48+00:00,bcycle_lametro_4254,2,13,,1,1,1
2026-09-10T11:07:26.004807+00:00,2026-09-10T11:06:48+00:00,2026-09-10T11:06:48+00:00,bcycle_lametro_4255,6,4,,1,1,1
2026-09-10T11:07:26.004807+00:00,2026-09-10T11:06:48+00:00,2026-09-10T11:06:48+00:00,bcycle_lametro_4266,12,3,,1,1,1
2026-09-10T11:07:26.004807+00:00,2026-09-10T11:06:48+00:00,2026-09-10T11:06:48+00:00,bcycle_lametro_4267,4,4,,1,1,1
2026-09-10T11:07:26.004807+00:00,2026-09-10T11:06:48+00:00,2026-09-10T11:06:48+00:00,bcycle_lametro_4273,4,10,,1,1,1
2026-09-10T11:07:26.004807+00:00,2026-09-10T11:06:48+00:00,2026-09-10T11:06:48+00:00,bcycle_lametro_4275,3,12,,1,1,1
2026-09-10T11:07:26.004807+00:00,2026-09-10T11:06:48+00:00,2026-09-10T11:06:48+00:00,bcycle_lametro_4293,5,5,,0,0,1
2026-09-10T11:07:26.004807+00:00,2026-09-10T11:06:48+00:00,2026-09-10T11:06:48+00:00,bcycle_lametro_4300,4,9,,1,1,1
2026-09-10T11:07:26.004807+00:00,2026-09-10T11:06:48+00:00,2026-09-10T11:06:48+00:00,bcycle_lametro_4301,5,5,,1,1,1
2026-09-10T11:07:26.004807+00:00,2026-09-10T11:06:48+00:00,2026-09-10T11:06:48+00:00,bcycle_lametro_4303,2,8,,1,1,1
2026-09-10T11:07:26.004807+00:00,2026-09-10T11:06:48+00:00,2026-09-10T11:06:48+00:00,bcycle_lametro_4304,4,7,,1,1,1
2026-09-10T11:07:26.004807+00:00,2026-09-10T11:06:48+00:00,2026-09-10T11:06:48+00:00,bcycle_lametro_4306,4,9,,0,0,1
2026-09-10T11:07:26.004807+00:00,2026-09-10T11:06:48+00:00,2026-09-10T11:06:48+00:00,bcycle_lametro_4311,11,2,,1,1,1
2026-09-10T11:07:26.004807+00:00,2026-09-10T11:06:48+00:00,2026-09-10T11:06:48+00:00,bcycle_lametro_4312,6,7,,1,1,1
2026-09-10T11:07:26.004807+00:00,2026-09-10T11:06:48+00:00,2026-09-10T11:06:48+00:00,bcycle_lametro_4313,8,4,,1,1,1
2026-09-10T11:07:26.004807+00:00,2026-09-10T11:06:48+00:00,2026-09-10T11:06:48+00:00,bcycle_lametro_4314,6,9,,0,0,1
2026-09-10T11:07:26.004807+00:00,2026-09-10T11:06:48+00:00,2026-09-10T11:06:48+00:00,bcycle_lametro_4315,0,3,,0,0,1
2026-09-10T11:07:26.004807+00:00,2026-09-10T11:06:48+00:00,2026-09-10T11:06:48+00:00,bcycle_lametro_4387,7,9,,1,1,1
2026-09-10T11:07:26.004807+00:00,2026-09-10T11:06:48+00:00,2026-09-10T11:06:48+00:00,bcycle_lametro_4390,3,9,,1,1,1
2026-09-10T11:07:26.004807+00:00,2026-09-10T11:06:48+00:00,2026-09-10T11:06:48+00:00,bcycle_lametro_4401,6,4,,0,0,1
2026-09-10T11:07:26.004807+00:00,2026-09-10T11:06:48+00:00,2026-09-10T11:06:48+00:00,bcycle_lametro_4404,8,7,,1,1,1
2026-09-10T11:07:26.004807+00:00,2026-09-10T11:06:48+00:00,2026-09-10T11:06:48+00:00,bcycle_lametro_4405,10,3,,1,1,1
2026-09-10T11:07:26.004807+00:00,2026-09-10T11:06:48+00:00,2026-09-10T11:06:48+00:00,bcycle_lametro_4406,4,10,,1,1,1
2026-09-10T11:07:26.004807+00:00,2026-09-10T11:06:48+00:00,2026-09-10T11:06:48+00:00,bcycle_lametro_4410,4,8,,0,0,1
2026-09-10T11:07:26.004807+00:00,2026-09-10T11:06:48+00:00,2026-09-10T11:06:48+00:00,bcycle_lametro_4436,3,6,,1,1,1
2026-09-10T11:07:26.004807+00:00,2026-09-10T11:06:48+00:00,2026-09-10T11:06:48+00:00,bcycle_lametro_4437,4,9,,1,1,1
2026-09-10T11:07:26.004807+00:00,2026-09-10T11:06:48+00:00,2026-09-10T11:06:48+00:00,bcycle_lametro_4440,8,6,,1,1,1
2026-09-10T11:07:26.004807+00:00,2026-09-10T11:06:48+00:00,2026-09-10T11:06:48+00:00,bcycle_lametro_4441,2,5,,1,1,1
2026-09-10T11:07:26.004807+00:00,2026-09-10T11:06:48+00:00,2026-09-10T11:06:48+00:00,bcycle_lametro_4442,5,7,,0,0,1
2026-09-10T11:07:26.004807+00:00,2026-09-10T11:06:48+00:00,2026-09-10T11:06:48+00:00,bcycle_lametro_4443,3,5,,1,1,1
2026-09-10T11:07:26.004807+00:00,2026-09-10T11:06:48+00:00,2026-09-10T11:06:48+00:00,bcycle_lametro_4444,6,3,,1,1,1
2026-09-10T11:07:26.004807+00:00,2026-09-10T11:06:48+00:00,2026-09-10T11:06:48+00:00,bcycle_lametro_4445,5,10,,1,1,1
2026-09-10T11:07:26.004807+00:00,2026-09-10T11:06:48+00:00,2026-09-10T11:06:48+00:00,bcycle_lametro_4446,1,7,,1,1,1
2026-09-10T11:07:26.004807+00:00,2026-09-10T11:06:48+00:00,2026-09-10T11:06:48+00:00,bcycle_lametro_4447,4,8,,1,1,1
2026-09-10T11:07:26.004807+00:00,2026-09-10T11:06:48+00:00,2026-09-10T11:06:48+00:00,bcycle_lametro_4448,6,12,,1,1,1
2026-09-10T11:07:26.004807+00:00,2026-09-10T11:06:48+00:00,2026-09-10T11:06:48+00:00,bcycle_lametro_4449,4,9,,1,1,1
2026-09-10T11:07:26.004807+00:00,2026-09-10T11:06:48+00:00,2026-09-10T11:06:48+00:00,bcycle_lametro_4450,8,6,,1,1,1
2026-09-10T11:07:26.004807+00:00,2026-09-10T11:06:48+00:00,2026-09-10T11:06:48+00:00,bcycle_lametro_4451,6,3,,1,1,1
2026-09-10T11:07:26.004807+00:00,2026-09-10T11:06:48+00:00,2026-09-10T11:06:48+00:00,bcycle_lametro_4452,3,7,,1,1,1
2026-09-10T11:07:26.004807+00:00,2026-09-10T11:06:48+00:00,2026-09-10T11:06:48+00:00,bcycle_lametro_4453,2,8,,1,1,1
2026-09-10T11:07:26.004807+00:00,2026-09-10T11:06:48+00:00,2026-09-10T11:06:48+00:00,bcycle_lametro_4454,9,5,,1,1,1
2026-09-10T11:07:26.004807+00:00,2026-09-10T11:06:48+00:00,2026-09-10T11:06:48+00:00,bcycle_lametro_4455,4,11,,1,1,1
2026-09-10T11:07:26.004807+00:00,2026-09-10T11:06:48+00:00,2026-09-10T11:06:48+00:00,bcycle_lametro_4456,4,11,,1,1,1
2026-09-10T11:07:26.004807+00:00,2026-09-10T11:06:48+00:00,2026-09-10T11:06:48+00:00,bcycle_lametro_4457,4,4,,1,1,1
2026-09-10T11:07:26.004807+00:00,2026-09-10T11:06:48+00:00,2026-09-10T11:06:48+00:00,bcycle_lametro_4472,3,13,,1,1,1
2026-09-10T11:07:26.004807+00:00,2026-09-10T11:06:48+00:00,2026-09-10T11:06:48+00:00,bcycle_lametro_4473,1,7,,1,1,1
2026-09-10T11:07:26.004807+00:00,2026-09-10T11:06:48+00:00,2026-09-10T11:06:48+00:00,bcycle_lametro_4474,5,5,,0,0,1
2026-09-10T11:07:26.004807+00:00,2026-09-10T11:06:48+00:00,2026-09-10T11:06:48+00:00,bcycle_lametro_4475,9,2,,1,1,1
2026-09-10T11:07:26.004807+00:00,2026-09-10T11:06:48+00:00,2026-09-10T11:06:48+00:00,bcycle_lametro_4476,3,10,,1,1,1
2026-09-10T11:07:26.004807+00:00,2026-09-10T11:06:48+00:00,2026-09-10T11:06:48+00:00,bcycle_lametro_4477,2,11,,1,1,1
2026-09-10T11:07:26.004807+00:00,2026-09-10T11:06:48+00:00,2026-09-10T11:06:48+00:00,bcycle_lametro_4479,4,8,,1,1,1
2026-09-10T11:07:26.004807+00:00,2026-09-10T11:06:48+00:00,2026-09-10T11:06:48+00:00,bcycle_lametro_4483,7,5,,1,1,1
2026-09-10T11:07:26.004807+00:00,2026-09-10T11:06:48+00:00,2026-09-10T11:06:48+00:00,bcycle_lametro_4487,9,7,,1,1,1
2026-09-10T11:07:26.004807+00:00,2026-09-10T11:06:48+00:00,2026-09-10T11:06:48+00:00,bcycle_lametro_4490,3,11,,1,1,1
2026-09-10T11:07:26.004807+00:00,2026-09-10T11:06:48+00:00,2026-09-10T11:06:48+00:00,bcycle_lametro_4491,7,6,,1,1,1
2026-09-10T11:07:26.004807+00:00,2026-09-10T11:06:48+00:00,2026-09-10T11:06:48+00:00,bcycle_lametro_4492,18,1,,1,1,1
2026-09-10T11:07:26.004807+00:00,2026-09-10T11:06:48+00:00,2026-09-10T11:06:48+00:00,bcycle_lametro_4493,14,2,,1,1,1
2026-09-10T11:07:26.004807+00:00,2026-09-10T11:06:48+00:00,2026-09-10T11:06:48+00:00,bcycle_lametro_4494,4,5,,1,1,1
2026-09-10T11:07:26.004807+00:00,2026-09-10T11:06:48+00:00,2026-09-10T11:06:48+00:00,bcycle_lametro_4509,4,6,,1,1,1
2026-09-10T11:07:26.004807+00:00,2026-09-10T11:06:48+00:00,2026-09-10T11:06:48+00:00,bcycle_lametro_4510,1,9,,1,1,1
2026-09-10T11:07:26.004807+00:00,2026-09-10T11:06:48+00:00,2026-09-10T11:06:48+00:00,bcycle_lametro_4511,11,7,,1,1,1
2026-09-10T11:07:26.004807+00:00,2026-09-10T11:06:48+00:00,2026-09-10T11:06:48+00:00,bcycle_lametro_4512,9,7,,1,1,1
2026-09-10T11:07:26.004807+00:00,2026-09-10T11:06:48+00:00,2026-09-10T11:06:48+00:00,bcycle_lametro_4514,6,15,,1,1,1
2026-09-10T11:07:26.004807+00:00,2026-09-10T11:06:48+00:00,2026-09-10T11:06:48+00:00,bcycle_lametro_4515,8,1,,1,1,1
2026-09-10T11:07:26.004807+00:00,2026-09-10T11:06:48+00:00,2026-09-10T11:06:48+00:00,bcycle_lametro_4517,7,4,,1,1,1
2026-09-10T11:07:26.004807+00:00,2026-09-10T11:06:48+00:00,2026-09-10T11:06:48+00:00,bcycle_lametro_4521,7,5,,1,1,1
2026-09-10T11:07:26.004807+00:00,2026-09-10T11:06:48+00:00,2026-09-10T11:06:48+00:00,bcycle_lametro_4523,9,6,,1,1,1
2026-09-10T11:07:26.004807+00:00,2026-09-10T11:06:48+00:00,2026-09-10T11:06:48+00:00,bcycle_lametro_4524,2,12,,1,1,1
2026-09-10T11:07:26.004807+00:00,2026-09-10T11:06:48+00:00,2026-09-10T11:06:48+00:00,bcycle_lametro_4525,6,5,,1,1,1
2026-09-10T11:07:26.004807+00:00,2026-09-10T11:06:48+00:00,2026-09-10T11:06:48+00:00,bcycle_lametro_4526,4,17,,1,1,1
2026-09-10T11:07:26.004807+00:00,2026-09-10T11:06:48+00:00,2026-09-10T11:06:48+00:00,bcycle_lametro_4527,3,11,,1,1,1
2026-09-10T11:07:26.004807+00:00,2026-09-10T11:06:48+00:00,2026-09-10T11:06:48+00:00,bcycle_lametro_4528,12,2,,1,1,1
2026-09-10T11:07:26.004807+00:00,2026-09-10T11:06:48+00:00,2026-09-10T11:06:48+00:00,bcycle_lametro_4529,5,8,,1,1,1
2026-09-10T11:07:26.004807+00:00,2026-09-10T11:06:48+00:00,2026-09-10T11:06:48+00:00,bcycle_lametro_4534,2,13,,1,1,1
2026-09-10T11:07:26.004807+00:00,2026-09-10T11:06:48+00:00,2026-09-10T11:06:48+00:00,bcycle_lametro_4536,4,5,,1,1,1
2026-09-10T11:07:26.004807+00:00,2026-09-10T11:06:48+00:00,2026-09-10T11:06:48+00:00,bcycle_lametro_4537,10,8,,1,1,1
2026-09-10T11:07:26.004807+00:00,2026-09-10T11:06:48+00:00,2026-09-10T11:06:48+00:00,bcycle_lametro_4538,3,3,,0,0,1
2026-09-10T11:07:26.004807+00:00,2026-09-10T11:06:48+00:00,2026-09-10T11:06:48+00:00,bcycle_lametro_4540,2,12,,1,1,1
2026-09-10T11:07:26.004807+00:00,2026-09-10T11:06:48+00:00,2026-09-10T11:06:48+00:00,bcycle_lametro_4543,3,5,,1,1,1
2026-09-10T11:07:26.004807+00:00,2026-09-10T11:06:48+00:00,2026-09-10T11:06:48+00:00,bcycle_lametro_4544,7,7,,1,1,1
2026-09-10T11:07:26.004807+00:00,2026-09-10T11:06:48+00:00,2026-09-10T11:06:48+00:00,bcycle_lametro_4545,3,5,,1,1,1
2026-09-10T11:07:26.004807+00:00,2026-09-10T11:06:48+00:00,2026-09-10T11:06:48+00:00,bcycle_lametro_4546,9,10,,1,1,1
2026-09-10T11:07:26.004807+00:00,2026-09-10T11:06:48+00:00,2026-09-10T11:06:48+00:00,bcycle_lametro_4547,2,8,,1,1,1
2026-09-10T11:07:26.004807+00:00,2026-09-10T11:06:48+00:00,2026-09-10T11:06:48+00:00,bcycle_lametro_4548,9,3,,1,1,1
2026-09-10T11:07:26.004807+00:00,2026-09-10T11:06:48+00:00,2026-09-10T11:06:48+00:00,bcycle_lametro_4549,13,3,,1,1,1
2026-09-10T11:07:26.004807+00:00,2026-09-10T11:06:48+00:00,2026-09-10T11:06:48+00:00,bcycle_lametro_4552,8,4,,1,1,1
2026-09-10T11:07:26.004807+00:00,2026-09-10T11:06:48+00:00,2026-09-10T11:06:48+00:00,bcycle_lametro_4553,8,1,,1,1,1
2026-09-10T11:07:26.004807+00:00,2026-09-10T11:06:48+00:00,2026-09-10T11:06:48+00:00,bcycle_lametro_4554,6,5,,1,1,1
2026-09-10T11:07:26.004807+00:00,2026-09-10T11:06:48+00:00,2026-09-10T11:06:48+00:00,bcycle_lametro_4555,2,6,,1,1,1
2026-09-10T11:07:26.004807+00:00,2026-09-10T11:06:48+00:00,2026-09-10T11:06:48+00:00,bcycle_lametro_4556,1,12,,1,1,1
2026-09-10T11:07:26.004807+00:00,2026-09-10T11:06:48+00:00,2026-09-10T11:06:48+00:00,bcycle_lametro_4557,3,8,,1,1,1
2026-09-10T11:07:26.004807+00:00,2026-09-10T11:06:48+00:00,2026-09-10T11:06:48+00:00,bcycle_lametro_4558,3,14,,1,1,1
2026-09-10T11:07:26.004807+00:00,2026-09-10T11:06:48+00:00,2026-09-10T11:06:48+00:00,bcycle_lametro_4561,4,3,,1,1,1
2026-09-10T11:07:26.004807+00:00,2026-09-10T11:06:48+00:00,2026-09-10T11:06:48+00:00,bcycle_lametro_4562,7,7,,1,1,1
2026-09-10T11:07:26.004807+00:00,2026-09-10T11:06:48+00:00,2026-09-10T11:06:48+00:00,bcycle_lametro_4563,5,4,,1,1,1
2026-09-10T11:07:26.004807+00:00,2026-09-10T11:06:48+00:00,2026-09-10T11:06:48+00:00,bcycle_lametro_4564,6,9,,1,1,1
2026-09-10T11:07:26.004807+00:00,2026-09-10T11:06:48+00:00,2026-09-10T11:06:48+00:00,bcycle_lametro_4565,3,9,,1,1,1
2026-09-10T11:07:26.004807+00:00,2026-09-10T11:06:48+00:00,2026-09-10T11:06:48+00:00,bcycle_lametro_4566,10,5,,1,1,1
2026-09-10T11:07:26.004807+00:00,2026-09-10T11:06:48+00:00,2026-09-10T11:06:48+00:00,bcycle_lametro_4567,6,5,,1,1,1
2026-09-10T11:07:26.004807+00:00,2026-09-10T11:06:48+00:00,2026-09-10T11:06:48+00:00,bcycle_lametro_4568,7,7,,1,1,1
2026-09-10T11:07:26.004807+00:00,2026-09-10T11:06:48+00:00,2026-09-10T11:06:48+00:00,bcycle_lametro_4569,6,3,,1,1,1
2026-09-10T11:07:26.004807+00:00,2026-09-10T11:06:48+00:00,2026-09-10T11:06:48+00:00,bcycle_lametro_4570,13,2,,1,1,1
2026-09-10T11:07:26.004807+00:00,2026-09-10T11:06:48+00:00,2026-09-10T11:06:48+00:00,bcycle_lametro_4571,4,3,,1,1,1
2026-09-10T11:07:26.004807+00:00,2026-09-10T11:06:48+00:00,2026-09-10T11:06:48+00:00,bcycle_lametro_4575,8,3,,1,1,1
2026-09-10T11:07:26.004807+00:00,2026-09-10T11:06:48+00:00,2026-09-10T11:06:48+00:00,bcycle_lametro_4576,9,2,,1,1,1
2026-09-10T11:07:26.004807+00:00,2026-09-10T11:06:48+00:00,2026-09-10T11:06:48+00:00,bcycle_lametro_4578,0,7,,1,1,1
2026-09-10T11:07:26.004807+00:00,2026-09-10T11:06:48+00:00,2026-09-10T11:06:48+00:00,bcycle_lametro_4579,9,3,,1,1,1
2026-09-10T11:07:26.004807+00:00,2026-09-10T11:06:48+00:00,2026-09-10T11:06:48+00:00,bcycle_lametro_4580,3,5,,1,1,1
2026-09-10T11:07:26.004807+00:00,2026-09-10T11:06:48+00:00,2026-09-10T11:06:48+00:00,bcycle_lametro_4581,4,13,,1,1,1
2026-09-10T11:07:26.004807+00:00,2026-09-10T11:06:48+00:00,2026-09-10T11:06:48+00:00,bcycle_lametro_4583,6,12,,1,1,1
2026-09-10T11:07:26.004807+00:00,2026-09-10T11:06:48+00:00,2026-09-10T11:06:48+00:00,bcycle_lametro_4584,10,4,,1,1,1
2026-09-10T11:07:26.004807+00:00,2026-09-10T11:06:48+00:00,2026-09-10T11:06:48+00:00,bcycle_lametro_4587,4,7,,1,1,1
2026-09-10T11:07:26.004807+00:00,2026-09-10T11:06:48+00:00,2026-09-10T11:06:48+00:00,bcycle_lametro_4596,8,7,,1,1,1
2026-09-10T11:07:26.004807+00:00,2026-09-10T11:06:48+00:00,2026-09-10T11:06:48+00:00,bcycle_lametro_4597,4,7,,0,0,1
2026-09-10T11:07:26.004807+00:00,2026-09-10T11:06:48+00:00,2026-09-10T11:06:48+00:00,bcycle_lametro_4598,5,4,,1,1,1
2026-09-10T11:07:26.004807+00:00,2026-09-10T11:06:48+00:00,2026-09-10T11:06:48+00:00,bcycle_lametro_4599,4,8,,1,1,1
2026-09-10T11:07:26.004807+00:00,2026-09-10T11:06:48+00:00,2026-09-10T11:06:48+00:00,bcycle_lametro_4600,4,6,,1,1,1
2026-09-10T11:07:26.004807+00:00,2026-09-10T11:06:48+00:00,2026-09-10T11:06:48+00:00,bcycle_lametro_4601,6,5,,1,1,1
2026-09-10T11:07:26.004807+00:00,2026-09-10T11:06:48+00:00,2026-09-10T11:06:48+00:00,bcycle_lametro_4603,6,12,,1,1,1
2026-09-10T11:07:26.004807+00:00,2026-09-10T11:06:48+00:00,2026-09-10T11:06:48+00:00,bcycle_lametro_4604,8,4,,1,1,1
2026-09-10T11:07:26.004807+00:00,2026-09-10T11:06:48+00:00,2026-09-10T11:06:48+00:00,bcycle_lametro_4605,6,7,,1,1,1
2026-09-10T11:07:26.004807+00:00,2026-09-10T11:06:48+00:00,2026-09-10T11:06:48+00:00,bcycle_lametro_4606,5,15,,1,1,1
2026-09-10T11:07:26.004807+00:00,2026-09-10T11:06:48+00:00,2026-09-10T11:06:48+00:00,bcycle_lametro_4613,9,9,,1,1,1
2026-09-10T11:07:26.004807+00:00,2026-09-10T11:06:48+00:00,2026-09-10T11:06:48+00:00,bcycle_lametro_4614,2,18,,0,0,1
2026-09-10T11:07:26.004807+00:00,2026-09-10T11:06:48+00:00,2026-09-10T11:06:48+00:00,bcycle_lametro_4627,8,9,,1,1,1
2026-09-10T11:07:26.004807+00:00,2026-09-10T11:06:48+00:00,2026-09-10T11:06:48+00:00,bcycle_lametro_4628,10,3,,1,1,1
2026-09-10T11:07:26.004807+00:00,2026-09-10T11:06:48+00:00,2026-09-10T11:06:48+00:00,bcycle_lametro_4632,9,6,,1,1,1
2026-09-10T11:07:26.004807+00:00,2026-09-10T11:06:48+00:00,2026-09-10T11:06:48+00:00,bcycle_lametro_4643,2,18,,1,1,1
2026-09-10T11:07:26.004807+00:00,2026-09-10T11:06:48+00:00,2026-09-10T11:06:48+00:00,bcycle_lametro_4644,2,10,,1,1,1
2026-09-10T11:07:26.004807+00:00,2026-09-10T11:06:48+00:00,2026-09-10T11:06:48+00:00,bcycle_lametro_4645,8,4,,1,1,1
2026-09-10T11:07:26.004807+00:00,2026-09-10T11:06:48+00:00,2026-09-10T11:06:48+00:00,bcycle_lametro_4652,5,6,,1,1,1
2026-09-10T11:07:26.004807+00:00,2026-09-10T11:06:48+00:00,2026-09-10T11:06:48+00:00,bcycle_lametro_4660,6,11,,1,1,1
2026-09-10T11:07:26.004807+00:00,2026-09-10T11:06:48+00:00,2026-09-10T11:06:48+00:00,bcycle_lametro_4664,13,7,,1,1,1
2026-09-10T11:07:26.004807+00:00,2026-09-10T11:06:48+00:00,2026-09-10T11:06:48+00:00,bcycle_lametro_4672,5,10,,1,1,1
2026-09-10T11:07:26.004807+00:00,2026-09-10T11:06:48+00:00,2026-09-10T11:06:48+00:00,bcycle_lametro_4680,2,16,,1,1,1
2026-09-10T11:07:26.004807+00:00,2026-09-10T11:06:48+00:00,2026-09-10T11:06:48+00:00,bcycle_lametro_4689,8,7,,1,1,1
2026-09-10T11:07:26.004807+00:00,2026-09-10T11:06:48+00:00,2026-09-10T11:06:48+00:00,bcycle_lametro_4690,7,7,,1,1,1
2026-09-10T11:07:26.004807+00:00,2026-09-10T11:06:48+00:00,2026-09-10T11:06:48+00:00,bcycle_lametro_4696,7,7,,0,0,1
2026-09-10T11:07:26.004807+00:00,2026-09-10T11:06:48+00:00,2026-09-10T11:06:48+00:00,bcycle_lametro_4697,3,11,,1,1,1
2026-09-10T11:07:26.004807+00:00,2026-09-10T11:06:48+00:00,2026-09-10T11:06:48+00:00,bcycle_lametro_4698,8,5,,0,0,1
2026-09-10T11:07:26.004807+00:00,2026-09-10T11:06:48+00:00,2026-09-10T11:06:48+00:00,bcycle_lametro_4699,3,12,,1,1,1
2026-09-10T11:07:26.004807+00:00,2026-09-10T11:06:48+00:00,2026-09-10T11:06:48+00:00,bcycle_lametro_4700,11,6,,1,1,1
2026-09-10T11:07:26.004807+00:00,2026-09-10T11:06:48+00:00,2026-09-10T11:06:48+00:00,bcycle_lametro_4707,5,8,,1,1,1
2026-09-10T11:07:26.004807+00:00,2026-09-10T11:06:48+00:00,2026-09-10T11:06:48+00:00,bcycle_lametro_4729,1,12,,0,0,1
2026-09-10T11:07:26.004807+00:00,2026-09-10T11:06:48+00:00,2026-09-10T11:06:48+00:00,bcycle_lametro_4730,9,4,,1,1,1
2026-09-10T11:07:26.004807+00:00,2026-09-10T11:06:48+00:00,2026-09-10T11:06:48+00:00,bcycle_lametro_4732,6,15,,1,1,1
2026-09-10T11:07:26.004807+00:00,2026-09-10T11:06:48+00:00,2026-09-10T11:06:48+00:00,bcycle_lametro_4733,3,20,,1,1,1
2026-09-10T11:07:26.004807+00:00,2026-09-10T11:06:48+00:00,2026-09-10T11:06:48+00:00,bcycle_lametro_4734,11,4,,1,1,1
2026-09-10T11:07:26.004807+00:00,2026-09-10T11:06:48+00:00,2026-09-10T11:06:48+00:00,bcycle_lametro_4735,3,9,,1,1,1
2026-09-10T11:07:26.004807+00:00,2026-09-10T11:06:48+00:00,2026-09-10T11:06:48+00:00,bcycle_lametro_4736,11,4,,1,1,1
2026-09-10T11:07:26.004807+00:00,2026-09-10T11:06:48+00:00,2026-09-10T11:06:48+00:00,bcycle_lametro_4740,19,3,,1,1,1
2026-09-10T11:07:26.004807+00:00,2026-09-10T11:06:48+00:00,2026-09-10T11:06:48+00:00,bcycle_lametro_4745,4,7,,1,1,1
2026-09-10T14:58:19.571649+00:00,2026-09-10T14:58:21+00:00,2026-09-10T14:58:21+00:00,bcycle_lametro_3005,1,29,,1,1,1
2026-09-10T14:58:19.571649+00:00,2026-09-10T14:58:21+00:00,2026-09-10T14:58:21+00:00,bcycle_lametro_3006,11,18,,1,1,1
2026-09-10T14:58:19.571649+00:00,2026-09-10T14:58:21+00:00,2026-09-10T14:58:21+00:00,bcycle_lametro_3007,10,12,,1,1,1
2026-09-10T14:58:19.571649+00:00,2026-09-10T14:58:21+00:00,2026-09-10T14:58:21+00:00,bcycle_lametro_3008,1,11,,1,1,1
2026-09-10T14:58:19.571649+00:00,2026-09-10T14:58:21+00:00,2026-09-10T14:58:21+00:00,bcycle_lametro_3010,6,8,,1,1,1
2026-09-10T14:58:19.571649+00:00,2026-09-10T14:58:21+00:00,2026-09-10T14:58:21+00:00,bcycle_lametro_3011,10,6,,1,1,1
2026-09-10T14:58:19.571649+00:00,2026-09-10T14:58:21+00:00,2026-09-10T14:58:21+00:00,bcycle_lametro_3014,10,17,,1,1,1
2026-09-10T14:58:19.571649+00:00,2026-09-10T14:58:21+00:00,2026-09-10T14:58:21+00:00,bcycle_lametro_3016,8,7,,0,0,1
2026-09-10T14:58:19.571649+00:00,2026-09-10T14:58:21+00:00,2026-09-10T14:58:21+00:00,bcycle_lametro_3018,12,6,,1,1,1
2026-09-10T14:58:19.571649+00:00,2026-09-10T14:58:21+00:00,2026-09-10T14:58:21+00:00,bcycle_lametro_3019,8,11,,1,1,1
2026-09-10T14:58:19.571649+00:00,2026-09-10T14:58:21+00:00,2026-09-10T14:58:21+00:00,bcycle_lametro_3020,3,12,,1,1,1
2026-09-10T14:58:19.571649+00:00,2026-09-10T14:58:21+00:00,2026-09-10T14:58:21+00:00,bcycle_lametro_3022,5,15,,1,1,1
2026-09-10T14:58:19.571649+00:00,2026-09-10T14:58:21+00:00,2026-09-10T14:58:21+00:00,bcycle_lametro_3024,4,11,,1,1,1
2026-09-10T14:58:19.571649+00:00,2026-09-10T14:58:21+00:00,2026-09-10T14:58:21+00:00,bcycle_lametro_3025,6,8,,0,0,1
2026-09-10T14:58:19.571649+00:00,2026-09-10T14:58:21+00:00,2026-09-10T14:58:21+00:00,bcycle_lametro_3026,8,7,,1,1,1
2026-09-10T14:58:19.571649+00:00,2026-09-10T14:58:21+00:00,2026-09-10T14:58:21+00:00,bcycle_lametro_3027,8,7,,0,0,1
2026-09-10T14:58:19.571649+00:00,2026-09-10T14:58:21+00:00,2026-09-10T14:58:21+00:00,bcycle_lametro_3030,11,17,,1,1,1
2026-09-10T14:58:19.571649+00:00,2026-09-10T14:58:21+00:00,2026-09-10T14:58:21+00:00,bcycle_lametro_3032,17,10,,1,1,1
2026-09-10T14:58:19.571649+00:00,2026-09-10T14:58:21+00:00,2026-09-10T14:58:21+00:00,bcycle_lametro_3033,6,6,,1,1,1
2026-09-10T14:58:19.571649+00:00,2026-09-10T14:58:21+00:00,2026-09-10T14:58:21+00:00,bcycle_lametro_3034,14,8,,1,1,1
2026-09-10T14:58:19.571649+00:00,2026-09-10T14:58:21+00:00,2026-09-10T14:58:21+00:00,bcycle_lametro_3035,8,15,,1,1,1
2026-09-10T14:58:19.571649+00:00,2026-09-10T14:58:21+00:00,2026-09-10T14:58:21+00:00,bcycle_lametro_3036,6,8,,1,1,1
2026-09-10T14:58:19.571649+00:00,2026-09-10T14:58:21+00:00,2026-09-10T14:58:21+00:00,bcycle_lametro_3037,12,6,,1,1,1
2026-09-10T14:58:19.571649+00:00,2026-09-10T14:58:21+00:00,2026-09-10T14:58:21+00:00,bcycle_lametro_3040,0,3,,1,1,1
2026-09-10T14:58:19.571649+00:00,2026-09-10T14:58:21+00:00,2026-09-10T14:58:21+00:00,bcycle_lametro_3042,9,19,,1,1,1
2026-09-10T14:58:19.571649+00:00,2026-09-10T14:58:21+00:00,2026-09-10T14:58:21+00:00,bcycle_lametro_3045,6,4,,1,1,1
2026-09-10T14:58:19.571649+00:00,2026-09-10T14:58:21+00:00,2026-09-10T14:58:21+00:00,bcycle_lametro_3046,8,9,,1,1,1
2026-09-10T14:58:19.571649+00:00,2026-09-10T14:58:21+00:00,2026-09-10T14:58:21+00:00,bcycle_lametro_3047,18,7,,1,1,1
2026-09-10T14:58:19.571649+00:00,2026-09-10T14:58:21+00:00,2026-09-10T14:58:21+00:00,bcycle_lametro_3048,10,5,,1,1,1
2026-09-10T14:58:19.571649+00:00,2026-09-10T14:58:21+00:00,2026-09-10T14:58:21+00:00,bcycle_lametro_3052,8,7,,1,1,1
2026-09-10T14:58:19.571649+00:00,2026-09-10T14:58:21+00:00,2026-09-10T14:58:21+00:00,bcycle_lametro_3054,8,7,,0,0,1
2026-09-10T14:58:19.571649+00:00,2026-09-10T14:58:21+00:00,2026-09-10T14:58:21+00:00,bcycle_lametro_3056,1,11,,1,1,1
2026-09-10T14:58:19.571649+00:00,2026-09-10T14:58:21+00:00,2026-09-10T14:58:21+00:00,bcycle_lametro_3058,7,8,,1,1,1
2026-09-10T14:58:19.571649+00:00,2026-09-10T14:58:21+00:00,2026-09-10T14:58:21+00:00,bcycle_lametro_3062,7,8,,1,1,1
2026-09-10T14:58:19.571649+00:00,2026-09-10T14:58:21+00:00,2026-09-10T14:58:21+00:00,bcycle_lametro_3063,0,22,,0,0,1
2026-09-10T14:58:19.571649+00:00,2026-09-10T14:58:21+00:00,2026-09-10T14:58:21+00:00,bcycle_lametro_3064,4,9,,1,1,1
2026-09-10T14:58:19.571649+00:00,2026-09-10T14:58:21+00:00,2026-09-10T14:58:21+00:00,bcycle_lametro_3065,7,8,,1,1,1
2026-09-10T14:58:19.571649+00:00,2026-09-10T14:58:21+00:00,2026-09-10T14:58:21+00:00,bcycle_lametro_3066,10,5,,1,1,1
2026-09-10T14:58:19.571649+00:00,2026-09-10T14:58:21+00:00,2026-09-10T14:58:21+00:00,bcycle_lametro_3068,2,12,,1,1,1
2026-09-10T14:58:19.571649+00:00,2026-09-10T14:58:21+00:00,2026-09-10T14:58:21+00:00,bcycle_lametro_3069,11,6,,1,1,1
2026-09-10T14:58:19.571649+00:00,2026-09-10T14:58:21+00:00,2026-09-10T14:58:21+00:00,bcycle_lametro_3074,18,4,,1,1,1
2026-09-10T14:58:19.571649+00:00,2026-09-10T14:58:21+00:00,2026-09-10T14:58:21+00:00,bcycle_lametro_3075,12,2,,1,1,1
2026-09-10T14:58:19.571649+00:00,2026-09-10T14:58:21+00:00,2026-09-10T14:58:21+00:00,bcycle_lametro_3076,2,9,,1,1,1
2026-09-10T14:58:19.571649+00:00,2026-09-10T14:58:21+00:00,2026-09-10T14:58:21+00:00,bcycle_lametro_3077,9,4,,1,1,1
2026-09-10T14:58:19.571649+00:00,2026-09-10T14:58:21+00:00,2026-09-10T14:58:21+00:00,bcycle_lametro_3078,7,8,,1,1,1
2026-09-10T14:58:19.571649+00:00,2026-09-10T14:58:21+00:00,2026-09-10T14:58:21+00:00,bcycle_lametro_3079,11,3,,1,1,1
2026-09-10T14:58:19.571649+00:00,2026-09-10T14:58:21+00:00,2026-09-10T14:58:21+00:00,bcycle_lametro_3081,6,6,,1,1,1
2026-09-10T14:58:19.571649+00:00,2026-09-10T14:58:21+00:00,2026-09-10T14:58:21+00:00,bcycle_lametro_3082,15,11,,1,1,1
2026-09-10T14:58:19.571649+00:00,2026-09-10T14:58:21+00:00,2026-09-10T14:58:21+00:00,bcycle_lametro_4202,9,11,,1,1,1
2026-09-10T14:58:19.571649+00:00,2026-09-10T14:58:21+00:00,2026-09-10T14:58:21+00:00,bcycle_lametro_4204,4,12,,1,1,1
2026-09-10T14:58:19.571649+00:00,2026-09-10T14:58:21+00:00,2026-09-10T14:58:21+00:00,bcycle_lametro_4205,2,14,,1,1,1
2026-09-10T14:58:19.571649+00:00,2026-09-10T14:58:21+00:00,2026-09-10T14:58:21+00:00,bcycle_lametro_4206,7,15,,1,1,1
2026-09-10T14:58:19.571649+00:00,2026-09-10T14:58:21+00:00,2026-09-10T14:58:21+00:00,bcycle_lametro_4207,12,5,,1,1,1
2026-09-10T14:58:19.571649+00:00,2026-09-10T14:58:21+00:00,2026-09-10T14:58:21+00:00,bcycle_lametro_4208,2,15,,1,1,1
2026-09-10T14:58:19.571649+00:00,2026-09-10T14:58:21+00:00,2026-09-10T14:58:21+00:00,bcycle_lametro_4209,0,23,,1,1,1
2026-09-10T14:58:19.571649+00:00,2026-09-10T14:58:21+00:00,2026-09-10T14:58:21+00:00,bcycle_lametro_4210,12,3,,1,1,1
2026-09-10T14:58:19.571649+00:00,2026-09-10T14:58:21+00:00,2026-09-10T14:58:21+00:00,bcycle_lametro_4211,1,13,,1,1,1
2026-09-10T14:58:19.571649+00:00,2026-09-10T14:58:21+00:00,2026-09-10T14:58:21+00:00,bcycle_lametro_4212,5,16,,1,1,1
2026-09-10T14:58:19.571649+00:00,2026-09-10T14:58:21+00:00,2026-09-10T14:58:21+00:00,bcycle_lametro_4213,7,8,,1,1,1
2026-09-10T14:58:19.571649+00:00,2026-09-10T14:58:21+00:00,2026-09-10T14:58:21+00:00,bcycle_lametro_4214,2,24,,1,1,1
2026-09-10T14:58:19.571649+00:00,2026-09-10T14:58:21+00:00,2026-09-10T14:58:21+00:00,bcycle_lametro_4215,35,5,,1,1,1
2026-09-10T14:58:19.571649+00:00,2026-09-10T14:58:21+00:00,2026-09-10T14:58:21+00:00,bcycle_lametro_4216,6,13,,1,1,1
2026-09-10T14:58:19.571649+00:00,2026-09-10T14:58:21+00:00,2026-09-10T14:58:21+00:00,bcycle_lametro_4217,10,1,,1,1,1
2026-09-10T14:58:19.571649+00:00,2026-09-10T14:58:21+00:00,2026-09-10T14:58:21+00:00,bcycle_lametro_4220,5,10,,1,1,1
2026-09-10T14:58:19.571649+00:00,2026-09-10T14:58:21+00:00,2026-09-10T14:58:21+00:00,bcycle_lametro_4227,9,7,,1,1,1
2026-09-10T14:58:19.571649+00:00,2026-09-10T14:58:21+00:00,2026-09-10T14:58:21+00:00,bcycle_lametro_4245,5,9,,1,1,1
2026-09-10T14:58:19.571649+00:00,2026-09-10T14:58:21+00:00,2026-09-10T14:58:21+00:00,bcycle_lametro_4246,10,4,,1,1,1
2026-09-10T14:58:19.571649+00:00,2026-09-10T14:58:21+00:00,2026-09-10T14:58:21+00:00,bcycle_lametro_4247,5,3,,1,1,1
2026-09-10T14:58:19.571649+00:00,2026-09-10T14:58:21+00:00,2026-09-10T14:58:21+00:00,bcycle_lametro_4248,4,15,,1,1,1
2026-09-10T14:58:19.571649+00:00,2026-09-10T14:58:21+00:00,2026-09-10T14:58:21+00:00,bcycle_lametro_4249,15,0,,1,1,1
2026-09-10T14:58:19.571649+00:00,2026-09-10T14:58:21+00:00,2026-09-10T14:58:21+00:00,bcycle_lametro_4250,8,7,,1,1,1
2026-09-10T14:58:19.571649+00:00,2026-09-10T14:58:21+00:00,2026-09-10T14:58:21+00:00,bcycle_lametro_4254,2,13,,1,1,1
2026-09-10T14:58:19.571649+00:00,2026-09-10T14:58:21+00:00,2026-09-10T14:58:21+00:00,bcycle_lametro_4255,7,3,,1,1,1
2026-09-10T14:58:19.571649+00:00,2026-09-10T14:58:21+00:00,2026-09-10T14:58:21+00:00,bcycle_lametro_4266,13,2,,1,1,1
2026-09-10T14:58:19.571649+00:00,2026-09-10T14:58:21+00:00,2026-09-10T14:58:21+00:00,bcycle_lametro_4267,3,5,,1,1,1
2026-09-10T14:58:19.571649+00:00,2026-09-10T14:58:21+00:00,2026-09-10T14:58:21+00:00,bcycle_lametro_4273,4,10,,1,1,1
2026-09-10T14:58:19.571649+00:00,2026-09-10T14:58:21+00:00,2026-09-10T14:58:21+00:00,bcycle_lametro_4275,2,13,,1,1,1
2026-09-10T14:58:19.571649+00:00,2026-09-10T14:58:21+00:00,2026-09-10T14:58:21+00:00,bcycle_lametro_4293,0,0,,0,0,1
2026-09-10T14:58:19.571649+00:00,2026-09-10T14:58:21+00:00,2026-09-10T14:58:21+00:00,bcycle_lametro_4300,4,9,,1,1,1
2026-09-10T14:58:19.571649+00:00,2026-09-10T14:58:21+00:00,2026-09-10T14:58:21+00:00,bcycle_lametro_4301,5,5,,1,1,1
2026-09-10T14:58:19.571649+00:00,2026-09-10T14:58:21+00:00,2026-09-10T14:58:21+00:00,bcycle_lametro_4303,2,8,,1,1,1
2026-09-10T14:58:19.571649+00:00,2026-09-10T14:58:21+00:00,2026-09-10T14:58:21+00:00,bcycle_lametro_4304,5,6,,1,1,1
2026-09-10T14:58:19.571649+00:00,2026-09-10T14:58:21+00:00,2026-09-10T14:58:21+00:00,bcycle_lametro_4306,4,9,,0,0,1
2026-09-10T14:58:19.571649+00:00,2026-09-10T14:58:21+00:00,2026-09-10T14:58:21+00:00,bcycle_lametro_4311,9,4,,1,1,1
2026-09-10T14:58:19.571649+00:00,2026-09-10T14:58:21+00:00,2026-09-10T14:58:21+00:00,bcycle_lametro_4312,6,7,,1,1,1
2026-09-10T14:58:19.571649+00:00,2026-09-10T14:58:21+00:00,2026-09-10T14:58:21+00:00,bcycle_lametro_4313,8,4,,1,1,1
2026-09-10T14:58:19.571649+00:00,2026-09-10T14:58:21+00:00,2026-09-10T14:58:21+00:00,bcycle_lametro_4314,6,9,,0,0,1
2026-09-10T14:58:19.571649+00:00,2026-09-10T14:58:21+00:00,2026-09-10T14:58:21+00:00,bcycle_lametro_4315,0,3,,0,0,1
2026-09-10T14:58:19.571649+00:00,2026-09-10T14:58:21+00:00,2026-09-10T14:58:21+00:00,bcycle_lametro_4387,7,9,,1,1,1
2026-09-10T14:58:19.571649+00:00,2026-09-10T14:58:21+00:00,2026-09-10T14:58:21+00:00,bcycle_lametro_4390,4,8,,1,1,1
2026-09-10T14:58:19.571649+00:00,2026-09-10T14:58:21+00:00,2026-09-10T14:58:21+00:00,bcycle_lametro_4401,6,4,,0,0,1
2026-09-10T14:58:19.571649+00:00,2026-09-10T14:58:21+00:00,2026-09-10T14:58:21+00:00,bcycle_lametro_4404,8,7,,1,1,1
2026-09-10T14:58:19.571649+00:00,2026-09-10T14:58:21+00:00,2026-09-10T14:58:21+00:00,bcycle_lametro_4405,10,3,,1,1,1
2026-09-10T14:58:19.571649+00:00,2026-09-10T14:58:21+00:00,2026-09-10T14:58:21+00:00,bcycle_lametro_4406,4,10,,1,1,1
2026-09-10T14:58:19.571649+00:00,2026-09-10T14:58:21+00:00,2026-09-10T14:58:21+00:00,bcycle_lametro_4410,4,8,,0,0,1
2026-09-10T14:58:19.571649+00:00,2026-09-10T14:58:21+00:00,2026-09-10T14:58:21+00:00,bcycle_lametro_4436,3,6,,1,1,1
2026-09-10T14:58:19.571649+00:00,2026-09-10T14:58:21+00:00,2026-09-10T14:58:21+00:00,bcycle_lametro_4437,4,9,,1,1,1
2026-09-10T14:58:19.571649+00:00,2026-09-10T14:58:21+00:00,2026-09-10T14:58:21+00:00,bcycle_lametro_4440,8,6,,1,1,1
2026-09-10T14:58:19.571649+00:00,2026-09-10T14:58:21+00:00,2026-09-10T14:58:21+00:00,bcycle_lametro_4441,2,5,,1,1,1
2026-09-10T14:58:19.571649+00:00,2026-09-10T14:58:21+00:00,2026-09-10T14:58:21+00:00,bcycle_lametro_4442,5,7,,0,0,1
2026-09-10T14:58:19.571649+00:00,2026-09-10T14:58:21+00:00,2026-09-10T14:58:21+00:00,bcycle_lametro_4443,3,5,,1,1,1
2026-09-10T14:58:19.571649+00:00,2026-09-10T14:58:21+00:00,2026-09-10T14:58:21+00:00,bcycle_lametro_4444,6,3,,1,1,1
2026-09-10T14:58:19.571649+00:00,2026-09-10T14:58:21+00:00,2026-09-10T14:58:21+00:00,bcycle_lametro_4445,5,10,,1,1,1
2026-09-10T14:58:19.571649+00:00,2026-09-10T14:58:21+00:00,2026-09-10T14:58:21+00:00,bcycle_lametro_4446,0,8,,1,1,1
2026-09-10T14:58:19.571649+00:00,2026-09-10T14:58:21+00:00,2026-09-10T14:58:21+00:00,bcycle_lametro_4447,4,8,,1,1,1
2026-09-10T14:58:19.571649+00:00,2026-09-10T14:58:21+00:00,2026-09-10T14:58:21+00:00,bcycle_lametro_4448,6,12,,1,1,1
2026-09-10T14:58:19.571649+00:00,2026-09-10T14:58:21+00:00,2026-09-10T14:58:21+00:00,bcycle_lametro_4449,4,9,,1,1,1
2026-09-10T14:58:19.571649+00:00,2026-09-10T14:58:21+00:00,2026-09-10T14:58:21+00:00,bcycle_lametro_4450,8,6,,1,1,1
2026-09-10T14:58:19.571649+00:00,2026-09-10T14:58:21+00:00,2026-09-10T14:58:21+00:00,bcycle_lametro_4451,6,3,,1,1,1
2026-09-10T14:58:19.571649+00:00,2026-09-10T14:58:21+00:00,2026-09-10T14:58:21+00:00,bcycle_lametro_4452,2,8,,1,1,1
2026-09-10T14:58:19.571649+00:00,2026-09-10T14:58:21+00:00,2026-09-10T14:58:21+00:00,bcycle_lametro_4453,2,8,,1,1,1
2026-09-10T14:58:19.571649+00:00,2026-09-10T14:58:21+00:00,2026-09-10T14:58:21+00:00,bcycle_lametro_4454,8,6,,1,1,1
2026-09-10T14:58:19.571649+00:00,2026-09-10T14:58:21+00:00,2026-09-10T14:58:21+00:00,bcycle_lametro_4455,4,11,,1,1,1
2026-09-10T14:58:19.571649+00:00,2026-09-10T14:58:21+00:00,2026-09-10T14:58:21+00:00,bcycle_lametro_4456,4,11,,1,1,1
2026-09-10T14:58:19.571649+00:00,2026-09-10T14:58:21+00:00,2026-09-10T14:58:21+00:00,bcycle_lametro_4457,5,3,,1,1,1
2026-09-10T14:58:19.571649+00:00,2026-09-10T14:58:21+00:00,2026-09-10T14:58:21+00:00,bcycle_lametro_4472,3,13,,1,1,1
2026-09-10T14:58:19.571649+00:00,2026-09-10T14:58:21+00:00,2026-09-10T14:58:21+00:00,bcycle_lametro_4473,1,7,,1,1,1
2026-09-10T14:58:19.571649+00:00,2026-09-10T14:58:21+00:00,2026-09-10T14:58:21+00:00,bcycle_lametro_4474,5,5,,1,1,1
2026-09-10T14:58:19.571649+00:00,2026-09-10T14:58:21+00:00,2026-09-10T14:58:21+00:00,bcycle_lametro_4475,8,3,,1,1,1
2026-09-10T14:58:19.571649+00:00,2026-09-10T14:58:21+00:00,2026-09-10T14:58:21+00:00,bcycle_lametro_4476,2,11,,1,1,1
2026-09-10T14:58:19.571649+00:00,2026-09-10T14:58:21+00:00,2026-09-10T14:58:21+00:00,bcycle_lametro_4477,2,11,,1,1,1
2026-09-10T14:58:19.571649+00:00,2026-09-10T14:58:21+00:00,2026-09-10T14:58:21+00:00,bcycle_lametro_4479,4,8,,1,1,1
2026-09-10T14:58:19.571649+00:00,2026-09-10T14:58:21+00:00,2026-09-10T14:58:21+00:00,bcycle_lametro_4483,7,5,,1,1,1
2026-09-10T14:58:19.571649+00:00,2026-09-10T14:58:21+00:00,2026-09-10T14:58:21+00:00,bcycle_lametro_4487,9,7,,1,1,1
2026-09-10T14:58:19.571649+00:00,2026-09-10T14:58:21+00:00,2026-09-10T14:58:21+00:00,bcycle_lametro_4490,3,11,,1,1,1
2026-09-10T14:58:19.571649+00:00,2026-09-10T14:58:21+00:00,2026-09-10T14:58:21+00:00,bcycle_lametro_4491,7,6,,1,1,1
2026-09-10T14:58:19.571649+00:00,2026-09-10T14:58:21+00:00,2026-09-10T14:58:21+00:00,bcycle_lametro_4492,18,1,,1,1,1
2026-09-10T14:58:19.571649+00:00,2026-09-10T14:58:21+00:00,2026-09-10T14:58:21+00:00,bcycle_lametro_4493,14,2,,1,1,1
2026-09-10T14:58:19.571649+00:00,2026-09-10T14:58:21+00:00,2026-09-10T14:58:21+00:00,bcycle_lametro_4494,4,5,,1,1,1
2026-09-10T14:58:19.571649+00:00,2026-09-10T14:58:21+00:00,2026-09-10T14:58:21+00:00,bcycle_lametro_4509,4,6,,1,1,1
2026-09-10T14:58:19.571649+00:00,2026-09-10T14:58:21+00:00,2026-09-10T14:58:21+00:00,bcycle_lametro_4510,1,9,,1,1,1
2026-09-10T14:58:19.571649+00:00,2026-09-10T14:58:21+00:00,2026-09-10T14:58:21+00:00,bcycle_lametro_4511,10,8,,1,1,1
2026-09-10T14:58:19.571649+00:00,2026-09-10T14:58:21+00:00,2026-09-10T14:58:21+00:00,bcycle_lametro_4512,10,6,,1,1,1
2026-09-10T14:58:19.571649+00:00,2026-09-10T14:58:21+00:00,2026-09-10T14:58:21+00:00,bcycle_lametro_4514,6,15,,1,1,1
2026-09-10T14:58:19.571649+00:00,2026-09-10T14:58:21+00:00,2026-09-10T14:58:21+00:00,bcycle_lametro_4515,8,1,,1,1,1
2026-09-10T14:58:19.571649+00:00,2026-09-10T14:58:21+00:00,2026-09-10T14:58:21+00:00,bcycle_lametro_4517,7,4,,1,1,1
2026-09-10T14:58:19.571649+00:00,2026-09-10T14:58:21+00:00,2026-09-10T14:58:21+00:00,bcycle_lametro_4521,7,5,,1,1,1
2026-09-10T14:58:19.571649+00:00,2026-09-10T14:58:21+00:00,2026-09-10T14:58:21+00:00,bcycle_lametro_4523,9,6,,1,1,1
2026-09-10T14:58:19.571649+00:00,2026-09-10T14:58:21+00:00,2026-09-10T14:58:21+00:00,bcycle_lametro_4524,2,12,,1,1,1
2026-09-10T14:58:19.571649+00:00,2026-09-10T14:58:21+00:00,2026-09-10T14:58:21+00:00,bcycle_lametro_4525,6,5,,1,1,1
2026-09-10T14:58:19.571649+00:00,2026-09-10T14:58:21+00:00,2026-09-10T14:58:21+00:00,bcycle_lametro_4526,4,17,,1,1,1
2026-09-10T14:58:19.571649+00:00,2026-09-10T14:58:21+00:00,2026-09-10T14:58:21+00:00,bcycle_lametro_4527,3,11,,1,1,1
2026-09-10T14:58:19.571649+00:00,2026-09-10T14:58:21+00:00,2026-09-10T14:58:21+00:00,bcycle_lametro_4528,12,2,,1,1,1
2026-09-10T14:58:19.571649+00:00,2026-09-10T14:58:21+00:00,2026-09-10T14:58:21+00:00,bcycle_lametro_4529,5,8,,1,1,1
2026-09-10T14:58:19.571649+00:00,2026-09-10T14:58:21+00:00,2026-09-10T14:58:21+00:00,bcycle_lametro_4534,2,13,,1,1,1
2026-09-10T14:58:19.571649+00:00,2026-09-10T14:58:21+00:00,2026-09-10T14:58:21+00:00,bcycle_lametro_4536,5,4,,1,1,1
2026-09-10T14:58:19.571649+00:00,2026-09-10T14:58:21+00:00,2026-09-10T14:58:21+00:00,bcycle_lametro_4537,10,8,,1,1,1
2026-09-10T14:58:19.571649+00:00,2026-09-10T14:58:21+00:00,2026-09-10T14:58:21+00:00,bcycle_lametro_4538,3,3,,0,0,1
2026-09-10T14:58:19.571649+00:00,2026-09-10T14:58:21+00:00,2026-09-10T14:58:21+00:00,bcycle_lametro_4540,2,12,,1,1,1
2026-09-10T14:58:19.571649+00:00,2026-09-10T14:58:21+00:00,2026-09-10T14:58:21+00:00,bcycle_lametro_4543,3,5,,1,1,1
2026-09-10T14:58:19.571649+00:00,2026-09-10T14:58:21+00:00,2026-09-10T14:58:21+00:00,bcycle_lametro_4544,7,7,,1,1,1
2026-09-10T14:58:19.571649+00:00,2026-09-10T14:58:21+00:00,2026-09-10T14:58:21+00:00,bcycle_lametro_4545,3,5,,1,1,1
2026-09-10T14:58:19.571649+00:00,2026-09-10T14:58:21+00:00,2026-09-10T14:58:21+00:00,bcycle_lametro_4546,9,10,,1,1,1
2026-09-10T14:58:19.571649+00:00,2026-09-10T14:58:21+00:00,2026-09-10T14:58:21+00:00,bcycle_lametro_4547,1,9,,1,1,1
2026-09-10T14:58:19.571649+00:00,2026-09-10T14:58:21+00:00,2026-09-10T14:58:21+00:00,bcycle_lametro_4548,10,2,,1,1,1
2026-09-10T14:58:19.571649+00:00,2026-09-10T14:58:21+00:00,2026-09-10T14:58:21+00:00,bcycle_lametro_4549,13,3,,1,1,1
2026-09-10T14:58:19.571649+00:00,2026-09-10T14:58:21+00:00,2026-09-10T14:58:21+00:00,bcycle_lametro_4552,8,4,,1,1,1
2026-09-10T14:58:19.571649+00:00,2026-09-10T14:58:21+00:00,2026-09-10T14:58:21+00:00,bcycle_lametro_4553,8,1,,1,1,1
2026-09-10T14:58:19.571649+00:00,2026-09-10T14:58:21+00:00,2026-09-10T14:58:21+00:00,bcycle_lametro_4554,6,5,,1,1,1
2026-09-10T14:58:19.571649+00:00,2026-09-10T14:58:21+00:00,2026-09-10T14:58:21+00:00,bcycle_lametro_4555,1,7,,1,1,1
2026-09-10T14:58:19.571649+00:00,2026-09-10T14:58:21+00:00,2026-09-10T14:58:21+00:00,bcycle_lametro_4556,1,12,,1,1,1
2026-09-10T14:58:19.571649+00:00,2026-09-10T14:58:21+00:00,2026-09-10T14:58:21+00:00,bcycle_lametro_4557,3,8,,1,1,1
2026-09-10T14:58:19.571649+00:00,2026-09-10T14:58:21+00:00,2026-09-10T14:58:21+00:00,bcycle_lametro_4558,3,14,,1,1,1
2026-09-10T14:58:19.571649+00:00,2026-09-10T14:58:21+00:00,2026-09-10T14:58:21+00:00,bcycle_lametro_4561,4,3,,1,1,1
2026-09-10T14:58:19.571649+00:00,2026-09-10T14:58:21+00:00,2026-09-10T14:58:21+00:00,bcycle_lametro_4562,7,7,,1,1,1
2026-09-10T14:58:19.571649+00:00,2026-09-10T14:58:21+00:00,2026-09-10T14:58:21+00:00,bcycle_lametro_4563,6,3,,1,1,1
2026-09-10T14:58:19.571649+00:00,2026-09-10T14:58:21+00:00,2026-09-10T14:58:21+00:00,bcycle_lametro_4564,6,9,,1,1,1
2026-09-10T14:58:19.571649+00:00,2026-09-10T14:58:21+00:00,2026-09-10T14:58:21+00:00,bcycle_lametro_4565,3,9,,1,1,1
2026-09-10T14:58:19.571649+00:00,2026-09-10T14:58:21+00:00,2026-09-10T14:58:21+00:00,bcycle_lametro_4566,10,5,,1,1,1
2026-09-10T14:58:19.571649+00:00,2026-09-10T14:58:21+00:00,2026-09-10T14:58:21+00:00,bcycle_lametro_4567,6,5,,1,1,1
2026-09-10T14:58:19.571649+00:00,2026-09-10T14:58:21+00:00,2026-09-10T14:58:21+00:00,bcycle_lametro_4568,7,7,,1,1,1
2026-09-10T14:58:19.571649+00:00,2026-09-10T14:58:21+00:00,2026-09-10T14:58:21+00:00,bcycle_lametro_4569,5,4,,1,1,1
2026-09-10T14:58:19.571649+00:00,2026-09-10T14:58:21+00:00,2026-09-10T14:58:21+00:00,bcycle_lametro_4570,13,2,,1,1,1
2026-09-10T14:58:19.571649+00:00,2026-09-10T14:58:21+00:00,2026-09-10T14:58:21+00:00,bcycle_lametro_4571,4,3,,1,1,1
2026-09-10T14:58:19.571649+00:00,2026-09-10T14:58:21+00:00,2026-09-10T14:58:21+00:00,bcycle_lametro_4575,8,3,,1,1,1
2026-09-10T14:58:19.571649+00:00,2026-09-10T14:58:21+00:00,2026-09-10T14:58:21+00:00,bcycle_lametro_4576,9,2,,0,0,1
2026-09-10T14:58:19.571649+00:00,2026-09-10T14:58:21+00:00,2026-09-10T14:58:21+00:00,bcycle_lametro_4578,0,7,,1,1,1
2026-09-10T14:58:19.571649+00:00,2026-09-10T14:58:21+00:00,2026-09-10T14:58:21+00:00,bcycle_lametro_4579,9,3,,1,1,1
2026-09-10T14:58:19.571649+00:00,2026-09-10T14:58:21+00:00,2026-09-10T14:58:21+00:00,bcycle_lametro_4580,4,4,,1,1,1
2026-09-10T14:58:19.571649+00:00,2026-09-10T14:58:21+00:00,2026-09-10T14:58:21+00:00,bcycle_lametro_4581,4,13,,1,1,1
2026-09-10T14:58:19.571649+00:00,2026-09-10T14:58:21+00:00,2026-09-10T14:58:21+00:00,bcycle_lametro_4583,6,12,,1,1,1
2026-09-10T14:58:19.571649+00:00,2026-09-10T14:58:21+00:00,2026-09-10T14:58:21+00:00,bcycle_lametro_4584,10,4,,1,1,1
2026-09-10T14:58:19.571649+00:00,2026-09-10T14:58:21+00:00,2026-09-10T14:58:21+00:00,bcycle_lametro_4587,4,7,,1,1,1
2026-09-10T14:58:19.571649+00:00,2026-09-10T14:58:21+00:00,2026-09-10T14:58:21+00:00,bcycle_lametro_4596,8,7,,1,1,1
2026-09-10T14:58:19.571649+00:00,2026-09-10T14:58:21+00:00,2026-09-10T14:58:21+00:00,bcycle_lametro_4597,4,7,,0,0,1
2026-09-10T14:58:19.571649+00:00,2026-09-10T14:58:21+00:00,2026-09-10T14:58:21+00:00,bcycle_lametro_4598,5,4,,1,1,1
2026-09-10T14:58:19.571649+00:00,2026-09-10T14:58:21+00:00,2026-09-10T14:58:21+00:00,bcycle_lametro_4599,4,8,,1,1,1
2026-09-10T14:58:19.571649+00:00,2026-09-10T14:58:21+00:00,2026-09-10T14:58:21+00:00,bcycle_lametro_4600,4,6,,1,1,1
2026-09-10T14:58:19.571649+00:00,2026-09-10T14:58:21+00:00,2026-09-10T14:58:21+00:00,bcycle_lametro_4601,6,5,,1,1,1
2026-09-10T14:58:19.571649+00:00,2026-09-10T14:58:21+00:00,2026-09-10T14:58:21+00:00,bcycle_lametro_4603,6,12,,1,1,1
2026-09-10T14:58:19.571649+00:00,2026-09-10T14:58:21+00:00,2026-09-10T14:58:21+00:00,bcycle_lametro_4604,8,4,,1,1,1
2026-09-10T14:58:19.571649+00:00,2026-09-10T14:58:21+00:00,2026-09-10T14:58:21+00:00,bcycle_lametro_4605,6,7,,1,1,1
2026-09-10T14:58:19.571649+00:00,2026-09-10T14:58:21+00:00,2026-09-10T14:58:21+00:00,bcycle_lametro_4606,5,15,,1,1,1
2026-09-10T14:58:19.571649+00:00,2026-09-10T14:58:21+00:00,2026-09-10T14:58:21+00:00,bcycle_lametro_4613,9,9,,1,1,1
2026-09-10T14:58:19.571649+00:00,2026-09-10T14:58:21+00:00,2026-09-10T14:58:21+00:00,bcycle_lametro_4614,2,18,,0,0,1
2026-09-10T14:58:19.571649+00:00,2026-09-10T14:58:21+00:00,2026-09-10T14:58:21+00:00,bcycle_lametro_4627,8,9,,1,1,1
2026-09-10T14:58:19.571649+00:00,2026-09-10T14:58:21+00:00,2026-09-10T14:58:21+00:00,bcycle_lametro_4628,10,3,,0,0,1
2026-09-10T14:58:19.571649+00:00,2026-09-10T14:58:21+00:00,2026-09-10T14:58:21+00:00,bcycle_lametro_4632,8,7,,1,1,1
2026-09-10T14:58:19.571649+00:00,2026-09-10T14:58:21+00:00,2026-09-10T14:58:21+00:00,bcycle_lametro_4643,1,19,,1,1,1
2026-09-10T14:58:19.571649+00:00,2026-09-10T14:58:21+00:00,2026-09-10T14:58:21+00:00,bcycle_lametro_4644,2,10,,1,1,1
2026-09-10T14:58:19.571649+00:00,2026-09-10T14:58:21+00:00,2026-09-10T14:58:21+00:00,bcycle_lametro_4645,8,4,,1,1,1
2026-09-10T14:58:19.571649+00:00,2026-09-10T14:58:21+00:00,2026-09-10T14:58:21+00:00,bcycle_lametro_4652,5,6,,1,1,1
2026-09-10T14:58:19.571649+00:00,2026-09-10T14:58:21+00:00,2026-09-10T14:58:21+00:00,bcycle_lametro_4660,6,11,,1,1,1
2026-09-10T14:58:19.571649+00:00,2026-09-10T14:58:21+00:00,2026-09-10T14:58:21+00:00,bcycle_lametro_4664,13,7,,1,1,1
2026-09-10T14:58:19.571649+00:00,2026-09-10T14:58:21+00:00,2026-09-10T14:58:21+00:00,bcycle_lametro_4672,5,10,,1,1,1
2026-09-10T14:58:19.571649+00:00,2026-09-10T14:58:21+00:00,2026-09-10T14:58:21+00:00,bcycle_lametro_4680,2,16,,1,1,1
2026-09-10T14:58:19.571649+00:00,2026-09-10T14:58:21+00:00,2026-09-10T14:58:21+00:00,bcycle_lametro_4689,8,7,,1,1,1
2026-09-10T14:58:19.571649+00:00,2026-09-10T14:58:21+00:00,2026-09-10T14:58:21+00:00,bcycle_lametro_4690,7,7,,1,1,1
2026-09-10T14:58:19.571649+00:00,2026-09-10T14:58:21+00:00,2026-09-10T14:58:21+00:00,bcycle_lametro_4696,7,7,,0,0,1
2026-09-10T14:58:19.571649+00:00,2026-09-10T14:58:21+00:00,2026-09-10T14:58:21+00:00,bcycle_lametro_4697,3,11,,1,1,1
2026-09-10T14:58:19.571649+00:00,2026-09-10T14:58:21+00:00,2026-09-10T14:58:21+00:00,bcycle_lametro_4698,8,5,,0,0,1
2026-09-10T14:58:19.571649+00:00,2026-09-10T14:58:21+00:00,2026-09-10T14:58:21+00:00,bcycle_lametro_4699,3,12,,1,1,1
2026-09-10T14:58:19.571649+00:00,2026-09-10T14:58:21+00:00,2026-09-10T14:58:21+00:00,bcycle_lametro_4700,11,6,,1,1,1
2026-09-10T14:58:19.571649+00:00,2026-09-10T14:58:21+00:00,2026-09-10T14:58:21+00:00,bcycle_lametro_4707,6,7,,1,1,1
2026-09-10T14:58:19.571649+00:00,2026-09-10T14:58:21+00:00,2026-09-10T14:58:21+00:00,bcycle_lametro_4729,2,11,,1,1,1
2026-09-10T14:58:19.571649+00:00,2026-09-10T14:58:21+00:00,2026-09-10T14:58:21+00:00,bcycle_lametro_4730,8,5,,1,1,1
2026-09-10T14:58:19.571649+00:00,2026-09-10T14:58:21+00:00,2026-09-10T14:58:21+00:00,bcycle_lametro_4732,5,16,,1,1,1
2026-09-10T14:58:19.571649+00:00,2026-09-10T14:58:21+00:00,2026-09-10T14:58:21+00:00,bcycle_lametro_4733,3,20,,1,1,1
2026-09-10T14:58:19.571649+00:00,2026-09-10T14:58:21+00:00,2026-09-10T14:58:21+00:00,bcycle_lametro_4734,11,4,,1,1,1
2026-09-10T14:58:19.571649+00:00,2026-09-10T14:58:21+00:00,2026-09-10T14:58:21+00:00,bcycle_lametro_4735,3,9,,1,1,1
2026-09-10T14:58:19.571649+00:00,2026-09-10T14:58:21+00:00,2026-09-10T14:58:21+00:00,bcycle_lametro_4736,10,5,,1,1,1
2026-09-10T14:58:19.571649+00:00,2026-09-10T14:58:21+00:00,2026-09-10T14:58:21+00:00,bcycle_lametro_4740,19,3,,1,1,1
2026-09-10T14:58:19.571649+00:00,2026-09-10T14:58:21+00:00,2026-09-10T14:58:21+00:00,bcycle_lametro_4745,4,7,,1,1,1
2026-09-10T18:15:37.430850+00:00,2026-09-10T18:15:35+00:00,2026-09-10T18:15:35+00:00,bcycle_lametro_3005,3,27,,1,1,1
2026-09-10T18:15:37.430850+00:00,2026-09-10T18:15:35+00:00,2026-09-10T18:15:35+00:00,bcycle_lametro_3006,11,18,,1,1,1
2026-09-10T18:15:37.430850+00:00,2026-09-10T18:15:35+00:00,2026-09-10T18:15:35+00:00,bcycle_lametro_3007,8,14,,1,1,1
2026-09-10T18:15:37.430850+00:00,2026-09-10T18:15:35+00:00,2026-09-10T18:15:35+00:00,bcycle_lametro_3008,0,12,,1,1,1
2026-09-10T18:15:37.430850+00:00,2026-09-10T18:15:35+00:00,2026-09-10T18:15:35+00:00,bcycle_lametro_3010,6,8,,1,1,1
2026-09-10T18:15:37.430850+00:00,2026-09-10T18:15:35+00:00,2026-09-10T18:15:35+00:00,bcycle_lametro_3011,10,6,,1,1,1
2026-09-10T18:15:37.430850+00:00,2026-09-10T18:15:35+00:00,2026-09-10T18:15:35+00:00,bcycle_lametro_3014,9,18,,1,1,1
2026-09-10T18:15:37.430850+00:00,2026-09-10T18:15:35+00:00,2026-09-10T18:15:35+00:00,bcycle_lametro_3016,8,7,,1,1,1
2026-09-10T18:15:37.430850+00:00,2026-09-10T18:15:35+00:00,2026-09-10T18:15:35+00:00,bcycle_lametro_3018,11,7,,1,1,1
2026-09-10T18:15:37.430850+00:00,2026-09-10T18:15:35+00:00,2026-09-10T18:15:35+00:00,bcycle_lametro_3019,9,10,,1,1,1
2026-09-10T18:15:37.430850+00:00,2026-09-10T18:15:35+00:00,2026-09-10T18:15:35+00:00,bcycle_lametro_3020,3,12,,1,1,1
2026-09-10T18:15:37.430850+00:00,2026-09-10T18:15:35+00:00,2026-09-10T18:15:35+00:00,bcycle_lametro_3022,5,15,,1,1,1
2026-09-10T18:15:37.430850+00:00,2026-09-10T18:15:35+00:00,2026-09-10T18:15:35+00:00,bcycle_lametro_3024,4,11,,1,1,1
2026-09-10T18:15:37.430850+00:00,2026-09-10T18:15:35+00:00,2026-09-10T18:15:35+00:00,bcycle_lametro_3025,6,8,,1,1,1
2026-09-10T18:15:37.430850+00:00,2026-09-10T18:15:35+00:00,2026-09-10T18:15:35+00:00,bcycle_lametro_3026,8,7,,1,1,1
2026-09-10T18:15:37.430850+00:00,2026-09-10T18:15:35+00:00,2026-09-10T18:15:35+00:00,bcycle_lametro_3027,9,6,,1,1,1
2026-09-10T18:15:37.430850+00:00,2026-09-10T18:15:35+00:00,2026-09-10T18:15:35+00:00,bcycle_lametro_3030,13,15,,1,1,1
2026-09-10T18:15:37.430850+00:00,2026-09-10T18:15:35+00:00,2026-09-10T18:15:35+00:00,bcycle_lametro_3032,20,7,,1,1,1
2026-09-10T18:15:37.430850+00:00,2026-09-10T18:15:35+00:00,2026-09-10T18:15:35+00:00,bcycle_lametro_3033,6,6,,1,1,1
2026-09-10T18:15:37.430850+00:00,2026-09-10T18:15:35+00:00,2026-09-10T18:15:35+00:00,bcycle_lametro_3034,14,8,,1,1,1
2026-09-10T18:15:37.430850+00:00,2026-09-10T18:15:35+00:00,2026-09-10T18:15:35+00:00,bcycle_lametro_3035,8,15,,1,1,1
2026-09-10T18:15:37.430850+00:00,2026-09-10T18:15:35+00:00,2026-09-10T18:15:35+00:00,bcycle_lametro_3036,6,8,,1,1,1
2026-09-10T18:15:37.430850+00:00,2026-09-10T18:15:35+00:00,2026-09-10T18:15:35+00:00,bcycle_lametro_3037,13,5,,1,1,1
2026-09-10T18:15:37.430850+00:00,2026-09-10T18:15:35+00:00,2026-09-10T18:15:35+00:00,bcycle_lametro_3040,0,3,,1,1,1
2026-09-10T18:15:37.430850+00:00,2026-09-10T18:15:35+00:00,2026-09-10T18:15:35+00:00,bcycle_lametro_3042,8,20,,1,1,1
2026-09-10T18:15:37.430850+00:00,2026-09-10T18:15:35+00:00,2026-09-10T18:15:35+00:00,bcycle_lametro_3045,6,4,,1,1,1
2026-09-10T18:15:37.430850+00:00,2026-09-10T18:15:35+00:00,2026-09-10T18:15:35+00:00,bcycle_lametro_3046,8,9,,1,1,1
2026-09-10T18:15:37.430850+00:00,2026-09-10T18:15:35+00:00,2026-09-10T18:15:35+00:00,bcycle_lametro_3047,17,8,,1,1,1
2026-09-10T18:15:37.430850+00:00,2026-09-10T18:15:35+00:00,2026-09-10T18:15:35+00:00,bcycle_lametro_3048,9,6,,1,1,1
2026-09-10T18:15:37.430850+00:00,2026-09-10T18:15:35+00:00,2026-09-10T18:15:35+00:00,bcycle_lametro_3052,9,6,,1,1,1
2026-09-10T18:15:37.430850+00:00,2026-09-10T18:15:35+00:00,2026-09-10T18:15:35+00:00,bcycle_lametro_3054,8,7,,1,1,1
2026-09-10T18:15:37.430850+00:00,2026-09-10T18:15:35+00:00,2026-09-10T18:15:35+00:00,bcycle_lametro_3056,1,11,,1,1,1
2026-09-10T18:15:37.430850+00:00,2026-09-10T18:15:35+00:00,2026-09-10T18:15:35+00:00,bcycle_lametro_3058,6,9,,1,1,1
2026-09-10T18:15:37.430850+00:00,2026-09-10T18:15:35+00:00,2026-09-10T18:15:35+00:00,bcycle_lametro_3062,9,6,,1,1,1
2026-09-10T18:15:37.430850+00:00,2026-09-10T18:15:35+00:00,2026-09-10T18:15:35+00:00,bcycle_lametro_3063,5,17,,1,1,1
2026-09-10T18:15:37.430850+00:00,2026-09-10T18:15:35+00:00,2026-09-10T18:15:35+00:00,bcycle_lametro_3064,3,10,,1,1,1
2026-09-10T18:15:37.430850+00:00,2026-09-10T18:15:35+00:00,2026-09-10T18:15:35+00:00,bcycle_lametro_3065,7,8,,1,1,1
2026-09-10T18:15:37.430850+00:00,2026-09-10T18:15:35+00:00,2026-09-10T18:15:35+00:00,bcycle_lametro_3066,9,6,,1,1,1
2026-09-10T18:15:37.430850+00:00,2026-09-10T18:15:35+00:00,2026-09-10T18:15:35+00:00,bcycle_lametro_3068,2,12,,1,1,1
2026-09-10T18:15:37.430850+00:00,2026-09-10T18:15:35+00:00,2026-09-10T18:15:35+00:00,bcycle_lametro_3069,11,6,,1,1,1
2026-09-10T18:15:37.430850+00:00,2026-09-10T18:15:35+00:00,2026-09-10T18:15:35+00:00,bcycle_lametro_3074,18,4,,1,1,1
2026-09-10T18:15:37.430850+00:00,2026-09-10T18:15:35+00:00,2026-09-10T18:15:35+00:00,bcycle_lametro_3075,13,1,,1,1,1
2026-09-10T18:15:37.430850+00:00,2026-09-10T18:15:35+00:00,2026-09-10T18:15:35+00:00,bcycle_lametro_3076,2,9,,1,1,1
2026-09-10T18:15:37.430850+00:00,2026-09-10T18:15:35+00:00,2026-09-10T18:15:35+00:00,bcycle_lametro_3077,9,4,,1,1,1
2026-09-10T18:15:37.430850+00:00,2026-09-10T18:15:35+00:00,2026-09-10T18:15:35+00:00,bcycle_lametro_3078,7,8,,1,1,1
2026-09-10T18:15:37.430850+00:00,2026-09-10T18:15:35+00:00,2026-09-10T18:15:35+00:00,bcycle_lametro_3079,10,4,,1,1,1
2026-09-10T18:15:37.430850+00:00,2026-09-10T18:15:35+00:00,2026-09-10T18:15:35+00:00,bcycle_lametro_3081,6,6,,1,1,1
2026-09-10T18:15:37.430850+00:00,2026-09-10T18:15:35+00:00,2026-09-10T18:15:35+00:00,bcycle_lametro_3082,13,9,,1,1,1
2026-09-10T18:15:37.430850+00:00,2026-09-10T18:15:35+00:00,2026-09-10T18:15:35+00:00,bcycle_lametro_4202,9,11,,1,1,1
2026-09-10T18:15:37.430850+00:00,2026-09-10T18:15:35+00:00,2026-09-10T18:15:35+00:00,bcycle_lametro_4204,4,12,,1,1,1
2026-09-10T18:15:37.430850+00:00,2026-09-10T18:15:35+00:00,2026-09-10T18:15:35+00:00,bcycle_lametro_4205,2,14,,1,1,1
2026-09-10T18:15:37.430850+00:00,2026-09-10T18:15:35+00:00,2026-09-10T18:15:35+00:00,bcycle_lametro_4206,6,16,,1,1,1
2026-09-10T18:15:37.430850+00:00,2026-09-10T18:15:35+00:00,2026-09-10T18:15:35+00:00,bcycle_lametro_4207,13,4,,1,1,1
2026-09-10T18:15:37.430850+00:00,2026-09-10T18:15:35+00:00,2026-09-10T18:15:35+00:00,bcycle_lametro_4208,3,14,,1,1,1
2026-09-10T18:15:37.430850+00:00,2026-09-10T18:15:35+00:00,2026-09-10T18:15:35+00:00,bcycle_lametro_4209,0,23,,1,1,1
2026-09-10T18:15:37.430850+00:00,2026-09-10T18:15:35+00:00,2026-09-10T18:15:35+00:00,bcycle_lametro_4210,1,14,,1,1,1
2026-09-10T18:15:37.430850+00:00,2026-09-10T18:15:35+00:00,2026-09-10T18:15:35+00:00,bcycle_lametro_4211,1,13,,1,1,1
2026-09-10T18:15:37.430850+00:00,2026-09-10T18:15:35+00:00,2026-09-10T18:15:35+00:00,bcycle_lametro_4212,7,14,,1,1,1
2026-09-10T18:15:37.430850+00:00,2026-09-10T18:15:35+00:00,2026-09-10T18:15:35+00:00,bcycle_lametro_4213,6,9,,1,1,1
2026-09-10T18:15:37.430850+00:00,2026-09-10T18:15:35+00:00,2026-09-10T18:15:35+00:00,bcycle_lametro_4214,2,24,,1,1,1
2026-09-10T18:15:37.430850+00:00,2026-09-10T18:15:35+00:00,2026-09-10T18:15:35+00:00,bcycle_lametro_4215,33,7,,1,1,1
2026-09-10T18:15:37.430850+00:00,2026-09-10T18:15:35+00:00,2026-09-10T18:15:35+00:00,bcycle_lametro_4216,5,14,,1,1,1
2026-09-10T18:15:37.430850+00:00,2026-09-10T18:15:35+00:00,2026-09-10T18:15:35+00:00,bcycle_lametro_4217,7,4,,1,1,1
2026-09-10T18:15:37.430850+00:00,2026-09-10T18:15:35+00:00,2026-09-10T18:15:35+00:00,bcycle_lametro_4220,4,11,,1,1,1
2026-09-10T18:15:37.430850+00:00,2026-09-10T18:15:35+00:00,2026-09-10T18:15:35+00:00,bcycle_lametro_4227,9,7,,1,1,1
2026-09-10T18:15:37.430850+00:00,2026-09-10T18:15:35+00:00,2026-09-10T18:15:35+00:00,bcycle_lametro_4245,9,5,,1,1,1
2026-09-10T18:15:37.430850+00:00,2026-09-10T18:15:35+00:00,2026-09-10T18:15:35+00:00,bcycle_lametro_4246,11,3,,1,1,1
2026-09-10T18:15:37.430850+00:00,2026-09-10T18:15:35+00:00,2026-09-10T18:15:35+00:00,bcycle_lametro_4247,4,4,,1,1,1
2026-09-10T18:15:37.430850+00:00,2026-09-10T18:15:35+00:00,2026-09-10T18:15:35+00:00,bcycle_lametro_4248,2,17,,1,1,1
2026-09-10T18:15:37.430850+00:00,2026-09-10T18:15:35+00:00,2026-09-10T18:15:35+00:00,bcycle_lametro_4249,8,7,,1,1,1
2026-09-10T18:15:37.430850+00:00,2026-09-10T18:15:35+00:00,2026-09-10T18:15:35+00:00,bcycle_lametro_4250,7,8,,1,1,1
2026-09-10T18:15:37.430850+00:00,2026-09-10T18:15:35+00:00,2026-09-10T18:15:35+00:00,bcycle_lametro_4254,1,14,,1,1,1
2026-09-10T18:15:37.430850+00:00,2026-09-10T18:15:35+00:00,2026-09-10T18:15:35+00:00,bcycle_lametro_4255,7,3,,1,1,1
2026-09-10T18:15:37.430850+00:00,2026-09-10T18:15:35+00:00,2026-09-10T18:15:35+00:00,bcycle_lametro_4266,13,2,,1,1,1
2026-09-10T18:15:37.430850+00:00,2026-09-10T18:15:35+00:00,2026-09-10T18:15:35+00:00,bcycle_lametro_4267,1,7,,1,1,1
2026-09-10T18:15:37.430850+00:00,2026-09-10T18:15:35+00:00,2026-09-10T18:15:35+00:00,bcycle_lametro_4273,4,10,,1,1,1
2026-09-10T18:15:37.430850+00:00,2026-09-10T18:15:35+00:00,2026-09-10T18:15:35+00:00,bcycle_lametro_4275,1,14,,1,1,1
2026-09-10T18:15:37.430850+00:00,2026-09-10T18:15:35+00:00,2026-09-10T18:15:35+00:00,bcycle_lametro_4293,6,4,,1,1,1
2026-09-10T18:15:37.430850+00:00,2026-09-10T18:15:35+00:00,2026-09-10T18:15:35+00:00,bcycle_lametro_4300,5,8,,1,1,1
2026-09-10T18:15:37.430850+00:00,2026-09-10T18:15:35+00:00,2026-09-10T18:15:35+00:00,bcycle_lametro_4301,7,3,,1,1,1
2026-09-10T18:15:37.430850+00:00,2026-09-10T18:15:35+00:00,2026-09-10T18:15:35+00:00,bcycle_lametro_4303,2,8,,1,1,1
2026-09-10T18:15:37.430850+00:00,2026-09-10T18:15:35+00:00,2026-09-10T18:15:35+00:00,bcycle_lametro_4304,3,8,,1,1,1
2026-09-10T18:15:37.430850+00:00,2026-09-10T18:15:35+00:00,2026-09-10T18:15:35+00:00,bcycle_lametro_4306,4,9,,0,0,1
2026-09-10T18:15:37.430850+00:00,2026-09-10T18:15:35+00:00,2026-09-10T18:15:35+00:00,bcycle_lametro_4311,8,5,,1,1,1
2026-09-10T18:15:37.430850+00:00,2026-09-10T18:15:35+00:00,2026-09-10T18:15:35+00:00,bcycle_lametro_4312,6,7,,1,1,1
2026-09-10T18:15:37.430850+00:00,2026-09-10T18:15:35+00:00,2026-09-10T18:15:35+00:00,bcycle_lametro_4313,9,3,,1,1,1
2026-09-10T18:15:37.430850+00:00,2026-09-10T18:15:35+00:00,2026-09-10T18:15:35+00:00,bcycle_lametro_4314,5,9,,1,1,1
2026-09-10T18:15:37.430850+00:00,2026-09-10T18:15:35+00:00,2026-09-10T18:15:35+00:00,bcycle_lametro_4315,0,0,,0,0,1
2026-09-10T18:15:37.430850+00:00,2026-09-10T18:15:35+00:00,2026-09-10T18:15:35+00:00,bcycle_lametro_4387,8,8,,1,1,1
2026-09-10T18:15:37.430850+00:00,2026-09-10T18:15:35+00:00,2026-09-10T18:15:35+00:00,bcycle_lametro_4390,4,8,,1,1,1
2026-09-10T18:15:37.430850+00:00,2026-09-10T18:15:35+00:00,2026-09-10T18:15:35+00:00,bcycle_lametro_4401,6,4,,1,1,1
2026-09-10T18:15:37.430850+00:00,2026-09-10T18:15:35+00:00,2026-09-10T18:15:35+00:00,bcycle_lametro_4404,8,7,,1,1,1
2026-09-10T18:15:37.430850+00:00,2026-09-10T18:15:35+00:00,2026-09-10T18:15:35+00:00,bcycle_lametro_4405,10,3,,1,1,1
2026-09-10T18:15:37.430850+00:00,2026-09-10T18:15:35+00:00,2026-09-10T18:15:35+00:00,bcycle_lametro_4406,4,10,,1,1,1
2026-09-10T18:15:37.430850+00:00,2026-09-10T18:15:35+00:00,2026-09-10T18:15:35+00:00,bcycle_lametro_4410,4,8,,0,0,1
2026-09-10T18:15:37.430850+00:00,2026-09-10T18:15:35+00:00,2026-09-10T18:15:35+00:00,bcycle_lametro_4436,1,8,,1,1,1
2026-09-10T18:15:37.430850+00:00,2026-09-10T18:15:35+00:00,2026-09-10T18:15:35+00:00,bcycle_lametro_4437,3,10,,1,1,1
2026-09-10T18:15:37.430850+00:00,2026-09-10T18:15:35+00:00,2026-09-10T18:15:35+00:00,bcycle_lametro_4440,8,6,,1,1,1
2026-09-10T18:15:37.430850+00:00,2026-09-10T18:15:35+00:00,2026-09-10T18:15:35+00:00,bcycle_lametro_4441,2,5,,1,1,1
2026-09-10T18:15:37.430850+00:00,2026-09-10T18:15:35+00:00,2026-09-10T18:15:35+00:00,bcycle_lametro_4442,5,7,,1,1,1
2026-09-10T18:15:37.430850+00:00,2026-09-10T18:15:35+00:00,2026-09-10T18:15:35+00:00,bcycle_lametro_4443,2,6,,1,1,1
2026-09-10T18:15:37.430850+00:00,2026-09-10T18:15:35+00:00,2026-09-10T18:15:35+00:00,bcycle_lametro_4444,6,3,,1,1,1
2026-09-10T18:15:37.430850+00:00,2026-09-10T18:15:35+00:00,2026-09-10T18:15:35+00:00,bcycle_lametro_4445,5,10,,1,1,1
2026-09-10T18:15:37.430850+00:00,2026-09-10T18:15:35+00:00,2026-09-10T18:15:35+00:00,bcycle_lametro_4446,5,3,,1,1,1
2026-09-10T18:15:37.430850+00:00,2026-09-10T18:15:35+00:00,2026-09-10T18:15:35+00:00,bcycle_lametro_4447,4,8,,1,1,1
2026-09-10T18:15:37.430850+00:00,2026-09-10T18:15:35+00:00,2026-09-10T18:15:35+00:00,bcycle_lametro_4448,5,13,,1,1,1
2026-09-10T18:15:37.430850+00:00,2026-09-10T18:15:35+00:00,2026-09-10T18:15:35+00:00,bcycle_lametro_4449,3,10,,1,1,1
2026-09-10T18:15:37.430850+00:00,2026-09-10T18:15:35+00:00,2026-09-10T18:15:35+00:00,bcycle_lametro_4450,8,6,,1,1,1
2026-09-10T18:15:37.430850+00:00,2026-09-10T18:15:35+00:00,2026-09-10T18:15:35+00:00,bcycle_lametro_4451,6,3,,1,1,1
2026-09-10T18:15:37.430850+00:00,2026-09-10T18:15:35+00:00,2026-09-10T18:15:35+00:00,bcycle_lametro_4452,2,8,,1,1,1
2026-09-10T18:15:37.430850+00:00,2026-09-10T18:15:35+00:00,2026-09-10T18:15:35+00:00,bcycle_lametro_4453,2,8,,1,1,1
2026-09-10T18:15:37.430850+00:00,2026-09-10T18:15:35+00:00,2026-09-10T18:15:35+00:00,bcycle_lametro_4454,9,5,,1,1,1
2026-09-10T18:15:37.430850+00:00,2026-09-10T18:15:35+00:00,2026-09-10T18:15:35+00:00,bcycle_lametro_4455,4,11,,1,1,1
2026-09-10T18:15:37.430850+00:00,2026-09-10T18:15:35+00:00,2026-09-10T18:15:35+00:00,bcycle_lametro_4456,4,11,,1,1,1
2026-09-10T18:15:37.430850+00:00,2026-09-10T18:15:35+00:00,2026-09-10T18:15:35+00:00,bcycle_lametro_4457,5,3,,1,1,1
2026-09-10T18:15:37.430850+00:00,2026-09-10T18:15:35+00:00,2026-09-10T18:15:35+00:00,bcycle_lametro_4472,3,13,,1,1,1
2026-09-10T18:15:37.430850+00:00,2026-09-10T18:15:35+00:00,2026-09-10T18:15:35+00:00,bcycle_lametro_4473,1,7,,1,1,1
2026-09-10T18:15:37.430850+00:00,2026-09-10T18:15:35+00:00,2026-09-10T18:15:35+00:00,bcycle_lametro_4474,5,5,,1,1,1
2026-09-10T18:15:37.430850+00:00,2026-09-10T18:15:35+00:00,2026-09-10T18:15:35+00:00,bcycle_lametro_4475,7,4,,1,1,1
2026-09-10T18:15:37.430850+00:00,2026-09-10T18:15:35+00:00,2026-09-10T18:15:35+00:00,bcycle_lametro_4476,2,11,,1,1,1
2026-09-10T18:15:37.430850+00:00,2026-09-10T18:15:35+00:00,2026-09-10T18:15:35+00:00,bcycle_lametro_4477,2,11,,1,1,1
2026-09-10T18:15:37.430850+00:00,2026-09-10T18:15:35+00:00,2026-09-10T18:15:35+00:00,bcycle_lametro_4479,4,8,,1,1,1
2026-09-10T18:15:37.430850+00:00,2026-09-10T18:15:35+00:00,2026-09-10T18:15:35+00:00,bcycle_lametro_4483,8,4,,1,1,1
2026-09-10T18:15:37.430850+00:00,2026-09-10T18:15:35+00:00,2026-09-10T18:15:35+00:00,bcycle_lametro_4487,10,6,,1,1,1
2026-09-10T18:15:37.430850+00:00,2026-09-10T18:15:35+00:00,2026-09-10T18:15:35+00:00,bcycle_lametro_4490,5,9,,1,1,1
2026-09-10T18:15:37.430850+00:00,2026-09-10T18:15:35+00:00,2026-09-10T18:15:35+00:00,bcycle_lametro_4491,6,7,,1,1,1
2026-09-10T18:15:37.430850+00:00,2026-09-10T18:15:35+00:00,2026-09-10T18:15:35+00:00,bcycle_lametro_4492,18,1,,1,1,1
2026-09-10T18:15:37.430850+00:00,2026-09-10T18:15:35+00:00,2026-09-10T18:15:35+00:00,bcycle_lametro_4493,14,2,,1,1,1
2026-09-10T18:15:37.430850+00:00,2026-09-10T18:15:35+00:00,2026-09-10T18:15:35+00:00,bcycle_lametro_4494,4,5,,1,1,1
2026-09-10T18:15:37.430850+00:00,2026-09-10T18:15:35+00:00,2026-09-10T18:15:35+00:00,bcycle_lametro_4509,4,6,,1,1,1
2026-09-10T18:15:37.430850+00:00,2026-09-10T18:15:35+00:00,2026-09-10T18:15:35+00:00,bcycle_lametro_4510,0,10,,1,1,1
2026-09-10T18:15:37.430850+00:00,2026-09-10T18:15:35+00:00,2026-09-10T18:15:35+00:00,bcycle_lametro_4511,8,10,,1,1,1
2026-09-10T18:15:37.430850+00:00,2026-09-10T18:15:35+00:00,2026-09-10T18:15:35+00:00,bcycle_lametro_4512,11,5,,1,1,1
2026-09-10T18:15:37.430850+00:00,2026-09-10T18:15:35+00:00,2026-09-10T18:15:35+00:00,bcycle_lametro_4514,6,15,,1,1,1
2026-09-10T18:15:37.430850+00:00,2026-09-10T18:15:35+00:00,2026-09-10T18:15:35+00:00,bcycle_lametro_4515,8,1,,1,1,1
2026-09-10T18:15:37.430850+00:00,2026-09-10T18:15:35+00:00,2026-09-10T18:15:35+00:00,bcycle_lametro_4517,7,4,,1,1,1
2026-09-10T18:15:37.430850+00:00,2026-09-10T18:15:35+00:00,2026-09-10T18:15:35+00:00,bcycle_lametro_4521,6,6,,1,1,1
2026-09-10T18:15:37.430850+00:00,2026-09-10T18:15:35+00:00,2026-09-10T18:15:35+00:00,bcycle_lametro_4523,9,6,,1,1,1
2026-09-10T18:15:37.430850+00:00,2026-09-10T18:15:35+00:00,2026-09-10T18:15:35+00:00,bcycle_lametro_4524,2,12,,1,1,1
2026-09-10T18:15:37.430850+00:00,2026-09-10T18:15:35+00:00,2026-09-10T18:15:35+00:00,bcycle_lametro_4525,6,5,,1,1,1
2026-09-10T18:15:37.430850+00:00,2026-09-10T18:15:35+00:00,2026-09-10T18:15:35+00:00,bcycle_lametro_4526,4,17,,1,1,1
2026-09-10T18:15:37.430850+00:00,2026-09-10T18:15:35+00:00,2026-09-10T18:15:35+00:00,bcycle_lametro_4527,3,11,,1,1,1
2026-09-10T18:15:37.430850+00:00,2026-09-10T18:15:35+00:00,2026-09-10T18:15:35+00:00,bcycle_lametro_4528,11,3,,1,1,1
2026-09-10T18:15:37.430850+00:00,2026-09-10T18:15:35+00:00,2026-09-10T18:15:35+00:00,bcycle_lametro_4529,5,8,,1,1,1
2026-09-10T18:15:37.430850+00:00,2026-09-10T18:15:35+00:00,2026-09-10T18:15:35+00:00,bcycle_lametro_4534,2,13,,1,1,1
2026-09-10T18:15:37.430850+00:00,2026-09-10T18:15:35+00:00,2026-09-10T18:15:35+00:00,bcycle_lametro_4536,5,4,,1,1,1
2026-09-10T18:15:37.430850+00:00,2026-09-10T18:15:35+00:00,2026-09-10T18:15:35+00:00,bcycle_lametro_4537,9,9,,1,1,1
2026-09-10T18:15:37.430850+00:00,2026-09-10T18:15:35+00:00,2026-09-10T18:15:35+00:00,bcycle_lametro_4538,4,3,,1,1,1
2026-09-10T18:15:37.430850+00:00,2026-09-10T18:15:35+00:00,2026-09-10T18:15:35+00:00,bcycle_lametro_4540,2,12,,1,1,1
2026-09-10T18:15:37.430850+00:00,2026-09-10T18:15:35+00:00,2026-09-10T18:15:35+00:00,bcycle_lametro_4543,4,4,,1,1,1
2026-09-10T18:15:37.430850+00:00,2026-09-10T18:15:35+00:00,2026-09-10T18:15:35+00:00,bcycle_lametro_4544,7,7,,1,1,1
2026-09-10T18:15:37.430850+00:00,2026-09-10T18:15:35+00:00,2026-09-10T18:15:35+00:00,bcycle_lametro_4545,1,7,,1,1,1
2026-09-10T18:15:37.430850+00:00,2026-09-10T18:15:35+00:00,2026-09-10T18:15:35+00:00,bcycle_lametro_4546,9,10,,1,1,1
2026-09-10T18:15:37.430850+00:00,2026-09-10T18:15:35+00:00,2026-09-10T18:15:35+00:00,bcycle_lametro_4547,2,8,,1,1,1
2026-09-10T18:15:37.430850+00:00,2026-09-10T18:15:35+00:00,2026-09-10T18:15:35+00:00,bcycle_lametro_4548,9,3,,1,1,1
2026-09-10T18:15:37.430850+00:00,2026-09-10T18:15:35+00:00,2026-09-10T18:15:35+00:00,bcycle_lametro_4549,14,2,,1,1,1
2026-09-10T18:15:37.430850+00:00,2026-09-10T18:15:35+00:00,2026-09-10T18:15:35+00:00,bcycle_lametro_4552,8,4,,1,1,1
2026-09-10T18:15:37.430850+00:00,2026-09-10T18:15:35+00:00,2026-09-10T18:15:35+00:00,bcycle_lametro_4553,8,1,,1,1,1
2026-09-10T18:15:37.430850+00:00,2026-09-10T18:15:35+00:00,2026-09-10T18:15:35+00:00,bcycle_lametro_4554,6,5,,1,1,1
2026-09-10T18:15:37.430850+00:00,2026-09-10T18:15:35+00:00,2026-09-10T18:15:35+00:00,bcycle_lametro_4555,1,7,,1,1,1
2026-09-10T18:15:37.430850+00:00,2026-09-10T18:15:35+00:00,2026-09-10T18:15:35+00:00,bcycle_lametro_4556,1,12,,1,1,1
2026-09-10T18:15:37.430850+00:00,2026-09-10T18:15:35+00:00,2026-09-10T18:15:35+00:00,bcycle_lametro_4557,2,9,,1,1,1
2026-09-10T18:15:37.430850+00:00,2026-09-10T18:15:35+00:00,2026-09-10T18:15:35+00:00,bcycle_lametro_4558,2,15,,1,1,1
2026-09-10T18:15:37.430850+00:00,2026-09-10T18:15:35+00:00,2026-09-10T18:15:35+00:00,bcycle_lametro_4561,4,3,,1,1,1
2026-09-10T18:15:37.430850+00:00,2026-09-10T18:15:35+00:00,2026-09-10T18:15:35+00:00,bcycle_lametro_4562,7,7,,1,1,1
2026-09-10T18:15:37.430850+00:00,2026-09-10T18:15:35+00:00,2026-09-10T18:15:35+00:00,bcycle_lametro_4563,7,2,,1,1,1
2026-09-10T18:15:37.430850+00:00,2026-09-10T18:15:35+00:00,2026-09-10T18:15:35+00:00,bcycle_lametro_4564,5,10,,1,1,1
2026-09-10T18:15:37.430850+00:00,2026-09-10T18:15:35+00:00,2026-09-10T18:15:35+00:00,bcycle_lametro_4565,3,9,,1,1,1
2026-09-10T18:15:37.430850+00:00,2026-09-10T18:15:35+00:00,2026-09-10T18:15:35+00:00,bcycle_lametro_4566,11,4,,1,1,1
2026-09-10T18:15:37.430850+00:00,2026-09-10T18:15:35+00:00,2026-09-10T18:15:35+00:00,bcycle_lametro_4567,8,3,,1,1,1
2026-09-10T18:15:37.430850+00:00,2026-09-10T18:15:35+00:00,2026-09-10T18:15:35+00:00,bcycle_lametro_4568,8,6,,1,1,1
2026-09-10T18:15:37.430850+00:00,2026-09-10T18:15:35+00:00,2026-09-10T18:15:35+00:00,bcycle_lametro_4569,5,4,,1,1,1
2026-09-10T18:15:37.430850+00:00,2026-09-10T18:15:35+00:00,2026-09-10T18:15:35+00:00,bcycle_lametro_4570,13,2,,1,1,1
2026-09-10T18:15:37.430850+00:00,2026-09-10T18:15:35+00:00,2026-09-10T18:15:35+00:00,bcycle_lametro_4571,4,3,,1,1,1
2026-09-10T18:15:37.430850+00:00,2026-09-10T18:15:35+00:00,2026-09-10T18:15:35+00:00,bcycle_lametro_4575,8,3,,1,1,1
2026-09-10T18:15:37.430850+00:00,2026-09-10T18:15:35+00:00,2026-09-10T18:15:35+00:00,bcycle_lametro_4576,2,9,,1,1,1
2026-09-10T18:15:37.430850+00:00,2026-09-10T18:15:35+00:00,2026-09-10T18:15:35+00:00,bcycle_lametro_4578,3,4,,1,1,1
2026-09-10T18:15:37.430850+00:00,2026-09-10T18:15:35+00:00,2026-09-10T18:15:35+00:00,bcycle_lametro_4579,10,2,,1,1,1
2026-09-10T18:15:37.430850+00:00,2026-09-10T18:15:35+00:00,2026-09-10T18:15:35+00:00,bcycle_lametro_4580,5,3,,1,1,1
2026-09-10T18:15:37.430850+00:00,2026-09-10T18:15:35+00:00,2026-09-10T18:15:35+00:00,bcycle_lametro_4581,4,13,,1,1,1
2026-09-10T18:15:37.430850+00:00,2026-09-10T18:15:35+00:00,2026-09-10T18:15:35+00:00,bcycle_lametro_4583,6,12,,1,1,1
2026-09-10T18:15:37.430850+00:00,2026-09-10T18:15:35+00:00,2026-09-10T18:15:35+00:00,bcycle_lametro_4584,11,3,,1,1,1
2026-09-10T18:15:37.430850+00:00,2026-09-10T18:15:35+00:00,2026-09-10T18:15:35+00:00,bcycle_lametro_4587,4,7,,1,1,1
2026-09-10T18:15:37.430850+00:00,2026-09-10T18:15:35+00:00,2026-09-10T18:15:35+00:00,bcycle_lametro_4596,8,7,,1,1,1
2026-09-10T18:15:37.430850+00:00,2026-09-10T18:15:35+00:00,2026-09-10T18:15:35+00:00,bcycle_lametro_4597,4,7,,1,1,1
2026-09-10T18:15:37.430850+00:00,2026-09-10T18:15:35+00:00,2026-09-10T18:15:35+00:00,bcycle_lametro_4598,5,4,,1,1,1
2026-09-10T18:15:37.430850+00:00,2026-09-10T18:15:35+00:00,2026-09-10T18:15:35+00:00,bcycle_lametro_4599,5,7,,1,1,1
2026-09-10T18:15:37.430850+00:00,2026-09-10T18:15:35+00:00,2026-09-10T18:15:35+00:00,bcycle_lametro_4600,4,6,,1,1,1
2026-09-10T18:15:37.430850+00:00,2026-09-10T18:15:35+00:00,2026-09-10T18:15:35+00:00,bcycle_lametro_4601,6,5,,1,1,1
2026-09-10T18:15:37.430850+00:00,2026-09-10T18:15:35+00:00,2026-09-10T18:15:35+00:00,bcycle_lametro_4603,6,12,,1,1,1
2026-09-10T18:15:37.430850+00:00,2026-09-10T18:15:35+00:00,2026-09-10T18:15:35+00:00,bcycle_lametro_4604,8,4,,1,1,1
2026-09-10T18:15:37.430850+00:00,2026-09-10T18:15:35+00:00,2026-09-10T18:15:35+00:00,bcycle_lametro_4605,6,7,,1,1,1
2026-09-10T18:15:37.430850+00:00,2026-09-10T18:15:35+00:00,2026-09-10T18:15:35+00:00,bcycle_lametro_4606,4,16,,1,1,1
2026-09-10T18:15:37.430850+00:00,2026-09-10T18:15:35+00:00,2026-09-10T18:15:35+00:00,bcycle_lametro_4613,10,8,,1,1,1
2026-09-10T18:15:37.430850+00:00,2026-09-10T18:15:35+00:00,2026-09-10T18:15:35+00:00,bcycle_lametro_4614,8,12,,1,1,1
2026-09-10T18:15:37.430850+00:00,2026-09-10T18:15:35+00:00,2026-09-10T18:15:35+00:00,bcycle_lametro_4627,8,9,,1,1,1
2026-09-10T18:15:37.430850+00:00,2026-09-10T18:15:35+00:00,2026-09-10T18:15:35+00:00,bcycle_lametro_4628,10,3,,1,1,1
2026-09-10T18:15:37.430850+00:00,2026-09-10T18:15:35+00:00,2026-09-10T18:15:35+00:00,bcycle_lametro_4632,8,7,,1,1,1
2026-09-10T18:15:37.430850+00:00,2026-09-10T18:15:35+00:00,2026-09-10T18:15:35+00:00,bcycle_lametro_4643,2,18,,1,1,1
2026-09-10T18:15:37.430850+00:00,2026-09-10T18:15:35+00:00,2026-09-10T18:15:35+00:00,bcycle_lametro_4644,2,10,,1,1,1
2026-09-10T18:15:37.430850+00:00,2026-09-10T18:15:35+00:00,2026-09-10T18:15:35+00:00,bcycle_lametro_4645,7,5,,1,1,1
2026-09-10T18:15:37.430850+00:00,2026-09-10T18:15:35+00:00,2026-09-10T18:15:35+00:00,bcycle_lametro_4652,4,7,,1,1,1
2026-09-10T18:15:37.430850+00:00,2026-09-10T18:15:35+00:00,2026-09-10T18:15:35+00:00,bcycle_lametro_4660,5,12,,1,1,1
2026-09-10T18:15:37.430850+00:00,2026-09-10T18:15:35+00:00,2026-09-10T18:15:35+00:00,bcycle_lametro_4664,14,6,,1,1,1
2026-09-10T18:15:37.430850+00:00,2026-09-10T18:15:35+00:00,2026-09-10T18:15:35+00:00,bcycle_lametro_4672,6,9,,1,1,1
2026-09-10T18:15:37.430850+00:00,2026-09-10T18:15:35+00:00,2026-09-10T18:15:35+00:00,bcycle_lametro_4680,3,15,,1,1,1
2026-09-10T18:15:37.430850+00:00,2026-09-10T18:15:35+00:00,2026-09-10T18:15:35+00:00,bcycle_lametro_4689,7,8,,1,1,1
2026-09-10T18:15:37.430850+00:00,2026-09-10T18:15:35+00:00,2026-09-10T18:15:35+00:00,bcycle_lametro_4690,7,7,,1,1,1
2026-09-10T18:15:37.430850+00:00,2026-09-10T18:15:35+00:00,2026-09-10T18:15:35+00:00,bcycle_lametro_4696,8,6,,1,1,1
2026-09-10T18:15:37.430850+00:00,2026-09-10T18:15:35+00:00,2026-09-10T18:15:35+00:00,bcycle_lametro_4697,3,11,,1,1,1
2026-09-10T18:15:37.430850+00:00,2026-09-10T18:15:35+00:00,2026-09-10T18:15:35+00:00,bcycle_lametro_4698,6,7,,1,1,1
2026-09-10T18:15:37.430850+00:00,2026-09-10T18:15:35+00:00,2026-09-10T18:15:35+00:00,bcycle_lametro_4699,3,12,,1,1,1
2026-09-10T18:15:37.430850+00:00,2026-09-10T18:15:35+00:00,2026-09-10T18:15:35+00:00,bcycle_lametro_4700,11,6,,1,1,1
2026-09-10T18:15:37.430850+00:00,2026-09-10T18:15:35+00:00,2026-09-10T18:15:35+00:00,bcycle_lametro_4707,6,7,,1,1,1
2026-09-10T18:15:37.430850+00:00,2026-09-10T18:15:35+00:00,2026-09-10T18:15:35+00:00,bcycle_lametro_4729,0,13,,1,1,1
2026-09-10T18:15:37.430850+00:00,2026-09-10T18:15:35+00:00,2026-09-10T18:15:35+00:00,bcycle_lametro_4730,8,5,,1,1,1
2026-09-10T18:15:37.430850+00:00,2026-09-10T18:15:35+00:00,2026-09-10T18:15:35+00:00,bcycle_lametro_4732,4,17,,1,1,1
2026-09-10T18:15:37.430850+00:00,2026-09-10T18:15:35+00:00,2026-09-10T18:15:35+00:00,bcycle_lametro_4733,4,19,,1,1,1
2026-09-10T18:15:37.430850+00:00,2026-09-10T18:15:35+00:00,2026-09-10T18:15:35+00:00,bcycle_lametro_4734,12,3,,1,1,1
2026-09-10T18:15:37.430850+00:00,2026-09-10T18:15:35+00:00,2026-09-10T18:15:35+00:00,bcycle_lametro_4735,3,9,,1,1,1
2026-09-10T18:15:37.430850+00:00,2026-09-10T18:15:35+00:00,2026-09-10T18:15:35+00:00,bcycle_lametro_4736,10,5,,1,1,1
2026-09-10T18:15:37.430850+00:00,2026-09-10T18:15:35+00:00,2026-09-10T18:15:35+00:00,bcycle_lametro_4740,19,3,,1,1,1
2026-09-10T18:15:37.430850+00:00,2026-09-10T18:15:35+00:00,2026-09-10T18:15:35+00:00,bcycle_lametro_4745,4,7,,1,1,1
2026-09-10T20:57:25.934648+00:00,2026-09-10T20:57:27+00:00,2026-09-10T20:57:27+00:00,bcycle_lametro_3005,3,27,,1,1,1
2026-09-10T20:57:25.934648+00:00,2026-09-10T20:57:27+00:00,2026-09-10T20:57:27+00:00,bcycle_lametro_3006,8,21,,1,1,1
2026-09-10T20:57:25.934648+00:00,2026-09-10T20:57:27+00:00,2026-09-10T20:57:27+00:00,bcycle_lametro_3007,8,14,,1,1,1
2026-09-10T20:57:25.934648+00:00,2026-09-10T20:57:27+00:00,2026-09-10T20:57:27+00:00,bcycle_lametro_3008,5,7,,1,1,1
2026-09-10T20:57:25.934648+00:00,2026-09-10T20:57:27+00:00,2026-09-10T20:57:27+00:00,bcycle_lametro_3010,6,8,,1,1,1
2026-09-10T20:57:25.934648+00:00,2026-09-10T20:57:27+00:00,2026-09-10T20:57:27+00:00,bcycle_lametro_3011,11,5,,1,1,1
2026-09-10T20:57:25.934648+00:00,2026-09-10T20:57:27+00:00,2026-09-10T20:57:27+00:00,bcycle_lametro_3014,10,17,,1,1,1
2026-09-10T20:57:25.934648+00:00,2026-09-10T20:57:27+00:00,2026-09-10T20:57:27+00:00,bcycle_lametro_3016,8,7,,1,1,1
2026-09-10T20:57:25.934648+00:00,2026-09-10T20:57:27+00:00,2026-09-10T20:57:27+00:00,bcycle_lametro_3018,10,8,,1,1,1
2026-09-10T20:57:25.934648+00:00,2026-09-10T20:57:27+00:00,2026-09-10T20:57:27+00:00,bcycle_lametro_3019,9,10,,1,1,1
2026-09-10T20:57:25.934648+00:00,2026-09-10T20:57:27+00:00,2026-09-10T20:57:27+00:00,bcycle_lametro_3020,2,13,,1,1,1
2026-09-10T20:57:25.934648+00:00,2026-09-10T20:57:27+00:00,2026-09-10T20:57:27+00:00,bcycle_lametro_3022,7,13,,1,1,1
2026-09-10T20:57:25.934648+00:00,2026-09-10T20:57:27+00:00,2026-09-10T20:57:27+00:00,bcycle_lametro_3024,4,11,,1,1,1
2026-09-10T20:57:25.934648+00:00,2026-09-10T20:57:27+00:00,2026-09-10T20:57:27+00:00,bcycle_lametro_3025,5,9,,1,1,1
2026-09-10T20:57:25.934648+00:00,2026-09-10T20:57:27+00:00,2026-09-10T20:57:27+00:00,bcycle_lametro_3026,9,6,,1,1,1
2026-09-10T20:57:25.934648+00:00,2026-09-10T20:57:27+00:00,2026-09-10T20:57:27+00:00,bcycle_lametro_3027,9,6,,1,1,1
2026-09-10T20:57:25.934648+00:00,2026-09-10T20:57:27+00:00,2026-09-10T20:57:27+00:00,bcycle_lametro_3030,11,17,,1,1,1
2026-09-10T20:57:25.934648+00:00,2026-09-10T20:57:27+00:00,2026-09-10T20:57:27+00:00,bcycle_lametro_3032,21,6,,1,1,1
2026-09-10T20:57:25.934648+00:00,2026-09-10T20:57:27+00:00,2026-09-10T20:57:27+00:00,bcycle_lametro_3033,8,4,,1,1,1
2026-09-10T20:57:25.934648+00:00,2026-09-10T20:57:27+00:00,2026-09-10T20:57:27+00:00,bcycle_lametro_3034,14,8,,1,1,1
2026-09-10T20:57:25.934648+00:00,2026-09-10T20:57:27+00:00,2026-09-10T20:57:27+00:00,bcycle_lametro_3035,8,15,,1,1,1
2026-09-10T20:57:25.934648+00:00,2026-09-10T20:57:27+00:00,2026-09-10T20:57:27+00:00,bcycle_lametro_3036,7,8,,1,1,1
2026-09-10T20:57:25.934648+00:00,2026-09-10T20:57:27+00:00,2026-09-10T20:57:27+00:00,bcycle_lametro_3037,13,5,,1,1,1
2026-09-10T20:57:25.934648+00:00,2026-09-10T20:57:27+00:00,2026-09-10T20:57:27+00:00,bcycle_lametro_3040,2,1,,1,1,1
2026-09-10T20:57:25.934648+00:00,2026-09-10T20:57:27+00:00,2026-09-10T20:57:27+00:00,bcycle_lametro_3042,8,20,,1,1,1
2026-09-10T20:57:25.934648+00:00,2026-09-10T20:57:27+00:00,2026-09-10T20:57:27+00:00,bcycle_lametro_3045,7,3,,1,1,1
2026-09-10T20:57:25.934648+00:00,2026-09-10T20:57:27+00:00,2026-09-10T20:57:27+00:00,bcycle_lametro_3046,8,9,,1,1,1
2026-09-10T20:57:25.934648+00:00,2026-09-10T20:57:27+00:00,2026-09-10T20:57:27+00:00,bcycle_lametro_3047,16,9,,1,1,1
2026-09-10T20:57:25.934648+00:00,2026-09-10T20:57:27+00:00,2026-09-10T20:57:27+00:00,bcycle_lametro_3048,7,9,,1,1,1
2026-09-10T20:57:25.934648+00:00,2026-09-10T20:57:27+00:00,2026-09-10T20:57:27+00:00,bcycle_lametro_3052,8,7,,1,1,1
2026-09-10T20:57:25.934648+00:00,2026-09-10T20:57:27+00:00,2026-09-10T20:57:27+00:00,bcycle_lametro_3054,7,8,,1,1,1
2026-09-10T20:57:25.934648+00:00,2026-09-10T20:57:27+00:00,2026-09-10T20:57:27+00:00,bcycle_lametro_3056,2,10,,1,1,1
2026-09-10T20:57:25.934648+00:00,2026-09-10T20:57:27+00:00,2026-09-10T20:57:27+00:00,bcycle_lametro_3058,6,9,,1,1,1
2026-09-10T20:57:25.934648+00:00,2026-09-10T20:57:27+00:00,2026-09-10T20:57:27+00:00,bcycle_lametro_3062,8,7,,1,1,1
2026-09-10T20:57:25.934648+00:00,2026-09-10T20:57:27+00:00,2026-09-10T20:57:27+00:00,bcycle_lametro_3063,5,17,,1,1,1
2026-09-10T20:57:25.934648+00:00,2026-09-10T20:57:27+00:00,2026-09-10T20:57:27+00:00,bcycle_lametro_3064,2,11,,1,1,1
2026-09-10T20:57:25.934648+00:00,2026-09-10T20:57:27+00:00,2026-09-10T20:57:27+00:00,bcycle_lametro_3065,7,8,,1,1,1
2026-09-10T20:57:25.934648+00:00,2026-09-10T20:57:27+00:00,2026-09-10T20:57:27+00:00,bcycle_lametro_3066,9,6,,1,1,1
2026-09-10T20:57:25.934648+00:00,2026-09-10T20:57:27+00:00,2026-09-10T20:57:27+00:00,bcycle_lametro_3068,6,8,,1,1,1
2026-09-10T20:57:25.934648+00:00,2026-09-10T20:57:27+00:00,2026-09-10T20:57:27+00:00,bcycle_lametro_3069,11,6,,1,1,1
2026-09-10T20:57:25.934648+00:00,2026-09-10T20:57:27+00:00,2026-09-10T20:57:27+00:00,bcycle_lametro_3074,19,3,,1,1,1
2026-09-10T20:57:25.934648+00:00,2026-09-10T20:57:27+00:00,2026-09-10T20:57:27+00:00,bcycle_lametro_3075,8,6,,1,1,1
2026-09-10T20:57:25.934648+00:00,2026-09-10T20:57:27+00:00,2026-09-10T20:57:27+00:00,bcycle_lametro_3076,1,10,,1,1,1
2026-09-10T20:57:25.934648+00:00,2026-09-10T20:57:27+00:00,2026-09-10T20:57:27+00:00,bcycle_lametro_3077,9,4,,1,1,1
2026-09-10T20:57:25.934648+00:00,2026-09-10T20:57:27+00:00,2026-09-10T20:57:27+00:00,bcycle_lametro_3078,7,8,,1,1,1
2026-09-10T20:57:25.934648+00:00,2026-09-10T20:57:27+00:00,2026-09-10T20:57:27+00:00,bcycle_lametro_3079,11,3,,1,1,1
2026-09-10T20:57:25.934648+00:00,2026-09-10T20:57:27+00:00,2026-09-10T20:57:27+00:00,bcycle_lametro_3081,6,6,,1,1,1
2026-09-10T20:57:25.934648+00:00,2026-09-10T20:57:27+00:00,2026-09-10T20:57:27+00:00,bcycle_lametro_3082,15,7,,1,1,1
2026-09-10T20:57:25.934648+00:00,2026-09-10T20:57:27+00:00,2026-09-10T20:57:27+00:00,bcycle_lametro_4202,9,11,,1,1,1
2026-09-10T20:57:25.934648+00:00,2026-09-10T20:57:27+00:00,2026-09-10T20:57:27+00:00,bcycle_lametro_4204,4,12,,1,1,1
2026-09-10T20:57:25.934648+00:00,2026-09-10T20:57:27+00:00,2026-09-10T20:57:27+00:00,bcycle_lametro_4205,2,14,,1,1,1
2026-09-10T20:57:25.934648+00:00,2026-09-10T20:57:27+00:00,2026-09-10T20:57:27+00:00,bcycle_lametro_4206,6,16,,1,1,1
2026-09-10T20:57:25.934648+00:00,2026-09-10T20:57:27+00:00,2026-09-10T20:57:27+00:00,bcycle_lametro_4207,14,3,,1,1,1
2026-09-10T20:57:25.934648+00:00,2026-09-10T20:57:27+00:00,2026-09-10T20:57:27+00:00,bcycle_lametro_4208,1,16,,1,1,1
2026-09-10T20:57:25.934648+00:00,2026-09-10T20:57:27+00:00,2026-09-10T20:57:27+00:00,bcycle_lametro_4209,9,13,,1,1,1
2026-09-10T20:57:25.934648+00:00,2026-09-10T20:57:27+00:00,2026-09-10T20:57:27+00:00,bcycle_lametro_4210,1,14,,1,1,1
2026-09-10T20:57:25.934648+00:00,2026-09-10T20:57:27+00:00,2026-09-10T20:57:27+00:00,bcycle_lametro_4211,7,7,,1,1,1
2026-09-10T20:57:25.934648+00:00,2026-09-10T20:57:27+00:00,2026-09-10T20:57:27+00:00,bcycle_lametro_4212,4,17,,1,1,1
2026-09-10T20:57:25.934648+00:00,2026-09-10T20:57:27+00:00,2026-09-10T20:57:27+00:00,bcycle_lametro_4213,6,9,,1,1,1
2026-09-10T20:57:25.934648+00:00,2026-09-10T20:57:27+00:00,2026-09-10T20:57:27+00:00,bcycle_lametro_4214,1,24,,1,1,1
2026-09-10T20:57:25.934648+00:00,2026-09-10T20:57:27+00:00,2026-09-10T20:57:27+00:00,bcycle_lametro_4215,28,12,,1,1,1
2026-09-10T20:57:25.934648+00:00,2026-09-10T20:57:27+00:00,2026-09-10T20:57:27+00:00,bcycle_lametro_4216,6,13,,1,1,1
2026-09-10T20:57:25.934648+00:00,2026-09-10T20:57:27+00:00,2026-09-10T20:57:27+00:00,bcycle_lametro_4217,7,4,,1,1,1
2026-09-10T20:57:25.934648+00:00,2026-09-10T20:57:27+00:00,2026-09-10T20:57:27+00:00,bcycle_lametro_4220,4,11,,1,1,1
2026-09-10T20:57:25.934648+00:00,2026-09-10T20:57:27+00:00,2026-09-10T20:57:27+00:00,bcycle_lametro_4227,11,5,,1,1,1
2026-09-10T20:57:25.934648+00:00,2026-09-10T20:57:27+00:00,2026-09-10T20:57:27+00:00,bcycle_lametro_4245,14,0,,1,1,1
2026-09-10T20:57:25.934648+00:00,2026-09-10T20:57:27+00:00,2026-09-10T20:57:27+00:00,bcycle_lametro_4246,10,4,,1,1,1
2026-09-10T20:57:25.934648+00:00,2026-09-10T20:57:27+00:00,2026-09-10T20:57:27+00:00,bcycle_lametro_4247,3,5,,1,1,1
2026-09-10T20:57:25.934648+00:00,2026-09-10T20:57:27+00:00,2026-09-10T20:57:27+00:00,bcycle_lametro_4248,1,18,,1,1,1
2026-09-10T20:57:25.934648+00:00,2026-09-10T20:57:27+00:00,2026-09-10T20:57:27+00:00,bcycle_lametro_4249,12,3,,1,1,1
2026-09-10T20:57:25.934648+00:00,2026-09-10T20:57:27+00:00,2026-09-10T20:57:27+00:00,bcycle_lametro_4250,3,12,,1,1,1
2026-09-10T20:57:25.934648+00:00,2026-09-10T20:57:27+00:00,2026-09-10T20:57:27+00:00,bcycle_lametro_4254,1,14,,1,1,1
2026-09-10T20:57:25.934648+00:00,2026-09-10T20:57:27+00:00,2026-09-10T20:57:27+00:00,bcycle_lametro_4255,7,3,,1,1,1
2026-09-10T20:57:25.934648+00:00,2026-09-10T20:57:27+00:00,2026-09-10T20:57:27+00:00,bcycle_lametro_4266,13,2,,1,1,1
2026-09-10T20:57:25.934648+00:00,2026-09-10T20:57:27+00:00,2026-09-10T20:57:27+00:00,bcycle_lametro_4267,1,7,,1,1,1
2026-09-10T20:57:25.934648+00:00,2026-09-10T20:57:27+00:00,2026-09-10T20:57:27+00:00,bcycle_lametro_4273,5,9,,1,1,1
2026-09-10T20:57:25.934648+00:00,2026-09-10T20:57:27+00:00,2026-09-10T20:57:27+00:00,bcycle_lametro_4275,7,8,,1,1,1
2026-09-10T20:57:25.934648+00:00,2026-09-10T20:57:27+00:00,2026-09-10T20:57:27+00:00,bcycle_lametro_4293,6,4,,1,1,1
2026-09-10T20:57:25.934648+00:00,2026-09-10T20:57:27+00:00,2026-09-10T20:57:27+00:00,bcycle_lametro_4300,5,8,,1,1,1
2026-09-10T20:57:25.934648+00:00,2026-09-10T20:57:27+00:00,2026-09-10T20:57:27+00:00,bcycle_lametro_4301,7,3,,1,1,1
2026-09-10T20:57:25.934648+00:00,2026-09-10T20:57:27+00:00,2026-09-10T20:57:27+00:00,bcycle_lametro_4303,2,8,,1,1,1
2026-09-10T20:57:25.934648+00:00,2026-09-10T20:57:27+00:00,2026-09-10T20:57:27+00:00,bcycle_lametro_4304,3,8,,1,1,1
2026-09-10T20:57:25.934648+00:00,2026-09-10T20:57:27+00:00,2026-09-10T20:57:27+00:00,bcycle_lametro_4306,4,9,,1,1,1
2026-09-10T20:57:25.934648+00:00,2026-09-10T20:57:27+00:00,2026-09-10T20:57:27+00:00,bcycle_lametro_4311,8,5,,1,1,1
2026-09-10T20:57:25.934648+00:00,2026-09-10T20:57:27+00:00,2026-09-10T20:57:27+00:00,bcycle_lametro_4312,6,7,,1,1,1
2026-09-10T20:57:25.934648+00:00,2026-09-10T20:57:27+00:00,2026-09-10T20:57:27+00:00,bcycle_lametro_4313,9,3,,1,1,1
2026-09-10T20:57:25.934648+00:00,2026-09-10T20:57:27+00:00,2026-09-10T20:57:27+00:00,bcycle_lametro_4314,5,9,,1,1,1
2026-09-10T20:57:25.934648+00:00,2026-09-10T20:57:27+00:00,2026-09-10T20:57:27+00:00,bcycle_lametro_4315,1,7,,1,1,1
2026-09-10T20:57:25.934648+00:00,2026-09-10T20:57:27+00:00,2026-09-10T20:57:27+00:00,bcycle_lametro_4387,9,7,,1,1,1
2026-09-10T20:57:25.934648+00:00,2026-09-10T20:57:27+00:00,2026-09-10T20:57:27+00:00,bcycle_lametro_4390,4,8,,1,1,1
2026-09-10T20:57:25.934648+00:00,2026-09-10T20:57:27+00:00,2026-09-10T20:57:27+00:00,bcycle_lametro_4401,6,4,,0,0,1
2026-09-10T20:57:25.934648+00:00,2026-09-10T20:57:27+00:00,2026-09-10T20:57:27+00:00,bcycle_lametro_4404,8,7,,1,1,1
2026-09-10T20:57:25.934648+00:00,2026-09-10T20:57:27+00:00,2026-09-10T20:57:27+00:00,bcycle_lametro_4405,10,3,,1,1,1
2026-09-10T20:57:25.934648+00:00,2026-09-10T20:57:27+00:00,2026-09-10T20:57:27+00:00,bcycle_lametro_4406,2,12,,1,1,1
2026-09-10T20:57:25.934648+00:00,2026-09-10T20:57:27+00:00,2026-09-10T20:57:27+00:00,bcycle_lametro_4410,3,9,,1,1,1
2026-09-10T20:57:25.934648+00:00,2026-09-10T20:57:27+00:00,2026-09-10T20:57:27+00:00,bcycle_lametro_4436,1,8,,1,1,1
2026-09-10T20:57:25.934648+00:00,2026-09-10T20:57:27+00:00,2026-09-10T20:57:27+00:00,bcycle_lametro_4437,4,9,,1,1,1
2026-09-10T20:57:25.934648+00:00,2026-09-10T20:57:27+00:00,2026-09-10T20:57:27+00:00,bcycle_lametro_4440,8,6,,1,1,1
2026-09-10T20:57:25.934648+00:00,2026-09-10T20:57:27+00:00,2026-09-10T20:57:27+00:00,bcycle_lametro_4441,2,5,,1,1,1
2026-09-10T20:57:25.934648+00:00,2026-09-10T20:57:27+00:00,2026-09-10T20:57:27+00:00,bcycle_lametro_4442,5,7,,1,1,1
2026-09-10T20:57:25.934648+00:00,2026-09-10T20:57:27+00:00,2026-09-10T20:57:27+00:00,bcycle_lametro_4443,2,6,,1,1,1
2026-09-10T20:57:25.934648+00:00,2026-09-10T20:57:27+00:00,2026-09-10T20:57:27+00:00,bcycle_lametro_4444,6,3,,1,1,1
2026-09-10T20:57:25.934648+00:00,2026-09-10T20:57:27+00:00,2026-09-10T20:57:27+00:00,bcycle_lametro_4445,6,9,,1,1,1
2026-09-10T20:57:25.934648+00:00,2026-09-10T20:57:27+00:00,2026-09-10T20:57:27+00:00,bcycle_lametro_4446,5,3,,1,1,1
2026-09-10T20:57:25.934648+00:00,2026-09-10T20:57:27+00:00,2026-09-10T20:57:27+00:00,bcycle_lametro_4447,4,8,,1,1,1
2026-09-10T20:57:25.934648+00:00,2026-09-10T20:57:27+00:00,2026-09-10T20:57:27+00:00,bcycle_lametro_4448,4,14,,1,1,1
2026-09-10T20:57:25.934648+00:00,2026-09-10T20:57:27+00:00,2026-09-10T20:57:27+00:00,bcycle_lametro_4449,3,10,,1,1,1
2026-09-10T20:57:25.934648+00:00,2026-09-10T20:57:27+00:00,2026-09-10T20:57:27+00:00,bcycle_lametro_4450,8,6,,1,1,1
2026-09-10T20:57:25.934648+00:00,2026-09-10T20:57:27+00:00,2026-09-10T20:57:27+00:00,bcycle_lametro_4451,5,4,,1,1,1
2026-09-10T20:57:25.934648+00:00,2026-09-10T20:57:27+00:00,2026-09-10T20:57:27+00:00,bcycle_lametro_4452,2,8,,1,1,1
2026-09-10T20:57:25.934648+00:00,2026-09-10T20:57:27+00:00,2026-09-10T20:57:27+00:00,bcycle_lametro_4453,2,8,,1,1,1
2026-09-10T20:57:25.934648+00:00,2026-09-10T20:57:27+00:00,2026-09-10T20:57:27+00:00,bcycle_lametro_4454,10,4,,1,1,1
2026-09-10T20:57:25.934648+00:00,2026-09-10T20:57:27+00:00,2026-09-10T20:57:27+00:00,bcycle_lametro_4455,4,11,,1,1,1
2026-09-10T20:57:25.934648+00:00,2026-09-10T20:57:27+00:00,2026-09-10T20:57:27+00:00,bcycle_lametro_4456,3,12,,1,1,1
2026-09-10T20:57:25.934648+00:00,2026-09-10T20:57:27+00:00,2026-09-10T20:57:27+00:00,bcycle_lametro_4457,5,3,,1,1,1
2026-09-10T20:57:25.934648+00:00,2026-09-10T20:57:27+00:00,2026-09-10T20:57:27+00:00,bcycle_lametro_4472,3,13,,1,1,1
2026-09-10T20:57:25.934648+00:00,2026-09-10T20:57:27+00:00,2026-09-10T20:57:27+00:00,bcycle_lametro_4473,1,7,,1,1,1
2026-09-10T20:57:25.934648+00:00,2026-09-10T20:57:27+00:00,2026-09-10T20:57:27+00:00,bcycle_lametro_4474,5,5,,1,1,1
2026-09-10T20:57:25.934648+00:00,2026-09-10T20:57:27+00:00,2026-09-10T20:57:27+00:00,bcycle_lametro_4475,7,4,,1,1,1
2026-09-10T20:57:25.934648+00:00,2026-09-10T20:57:27+00:00,2026-09-10T20:57:27+00:00,bcycle_lametro_4476,2,11,,1,1,1
2026-09-10T20:57:25.934648+00:00,2026-09-10T20:57:27+00:00,2026-09-10T20:57:27+00:00,bcycle_lametro_4477,2,11,,1,1,1
2026-09-10T20:57:25.934648+00:00,2026-09-10T20:57:27+00:00,2026-09-10T20:57:27+00:00,bcycle_lametro_4479,3,9,,1,1,1
2026-09-10T20:57:25.934648+00:00,2026-09-10T20:57:27+00:00,2026-09-10T20:57:27+00:00,bcycle_lametro_4483,8,4,,1,1,1
2026-09-10T20:57:25.934648+00:00,2026-09-10T20:57:27+00:00,2026-09-10T20:57:27+00:00,bcycle_lametro_4487,10,6,,1,1,1
2026-09-10T20:57:25.934648+00:00,2026-09-10T20:57:27+00:00,2026-09-10T20:57:27+00:00,bcycle_lametro_4490,5,9,,1,1,1
2026-09-10T20:57:25.934648+00:00,2026-09-10T20:57:27+00:00,2026-09-10T20:57:27+00:00,bcycle_lametro_4491,7,6,,1,1,1
2026-09-10T20:57:25.934648+00:00,2026-09-10T20:57:27+00:00,2026-09-10T20:57:27+00:00,bcycle_lametro_4492,18,1,,1,1,1
2026-09-10T20:57:25.934648+00:00,2026-09-10T20:57:27+00:00,2026-09-10T20:57:27+00:00,bcycle_lametro_4493,13,3,,1,1,1
2026-09-10T20:57:25.934648+00:00,2026-09-10T20:57:27+00:00,2026-09-10T20:57:27+00:00,bcycle_lametro_4494,4,5,,0,0,1
2026-09-10T20:57:25.934648+00:00,2026-09-10T20:57:27+00:00,2026-09-10T20:57:27+00:00,bcycle_lametro_4509,5,5,,1,1,1
2026-09-10T20:57:25.934648+00:00,2026-09-10T20:57:27+00:00,2026-09-10T20:57:27+00:00,bcycle_lametro_4510,4,6,,1,1,1
2026-09-10T20:57:25.934648+00:00,2026-09-10T20:57:27+00:00,2026-09-10T20:57:27+00:00,bcycle_lametro_4511,8,10,,1,1,1
2026-09-10T20:57:25.934648+00:00,2026-09-10T20:57:27+00:00,2026-09-10T20:57:27+00:00,bcycle_lametro_4512,11,5,,1,1,1
2026-09-10T20:57:25.934648+00:00,2026-09-10T20:57:27+00:00,2026-09-10T20:57:27+00:00,bcycle_lametro_4514,7,14,,1,1,1
2026-09-10T20:57:25.934648+00:00,2026-09-10T20:57:27+00:00,2026-09-10T20:57:27+00:00,bcycle_lametro_4515,8,1,,1,1,1
2026-09-10T20:57:25.934648+00:00,2026-09-10T20:57:27+00:00,2026-09-10T20:57:27+00:00,bcycle_lametro_4517,7,4,,1,1,1
2026-09-10T20:57:25.934648+00:00,2026-09-10T20:57:27+00:00,2026-09-10T20:57:27+00:00,bcycle_lametro_4521,7,5,,1,1,1
2026-09-10T20:57:25.934648+00:00,2026-09-10T20:57:27+00:00,2026-09-10T20:57:27+00:00,bcycle_lametro_4523,9,6,,1,1,1
2026-09-10T20:57:25.934648+00:00,2026-09-10T20:57:27+00:00,2026-09-10T20:57:27+00:00,bcycle_lametro_4524,3,11,,1,1,1
2026-09-10T20:57:25.934648+00:00,2026-09-10T20:57:27+00:00,2026-09-10T20:57:27+00:00,bcycle_lametro_4525,6,5,,1,1,1
2026-09-10T20:57:25.934648+00:00,2026-09-10T20:57:27+00:00,2026-09-10T20:57:27+00:00,bcycle_lametro_4526,4,17,,1,1,1
2026-09-10T20:57:25.934648+00:00,2026-09-10T20:57:27+00:00,2026-09-10T20:57:27+00:00,bcycle_lametro_4527,3,11,,1,1,1
2026-09-10T20:57:25.934648+00:00,2026-09-10T20:57:27+00:00,2026-09-10T20:57:27+00:00,bcycle_lametro_4528,11,3,,1,1,1
2026-09-10T20:57:25.934648+00:00,2026-09-10T20:57:27+00:00,2026-09-10T20:57:27+00:00,bcycle_lametro_4529,6,7,,1,1,1
2026-09-10T20:57:25.934648+00:00,2026-09-10T20:57:27+00:00,2026-09-10T20:57:27+00:00,bcycle_lametro_4534,2,13,,1,1,1
2026-09-10T20:57:25.934648+00:00,2026-09-10T20:57:27+00:00,2026-09-10T20:57:27+00:00,bcycle_lametro_4536,5,4,,1,1,1
2026-09-10T20:57:25.934648+00:00,2026-09-10T20:57:27+00:00,2026-09-10T20:57:27+00:00,bcycle_lametro_4537,9,9,,1,1,1
2026-09-10T20:57:25.934648+00:00,2026-09-10T20:57:27+00:00,2026-09-10T20:57:27+00:00,bcycle_lametro_4538,4,3,,1,1,1
2026-09-10T20:57:25.934648+00:00,2026-09-10T20:57:27+00:00,2026-09-10T20:57:27+00:00,bcycle_lametro_4540,2,12,,1,1,1
2026-09-10T20:57:25.934648+00:00,2026-09-10T20:57:27+00:00,2026-09-10T20:57:27+00:00,bcycle_lametro_4543,3,5,,1,1,1
2026-09-10T20:57:25.934648+00:00,2026-09-10T20:57:27+00:00,2026-09-10T20:57:27+00:00,bcycle_lametro_4544,6,8,,1,1,1
2026-09-10T20:57:25.934648+00:00,2026-09-10T20:57:27+00:00,2026-09-10T20:57:27+00:00,bcycle_lametro_4545,1,7,,1,1,1
2026-09-10T20:57:25.934648+00:00,2026-09-10T20:57:27+00:00,2026-09-10T20:57:27+00:00,bcycle_lametro_4546,7,11,,1,1,1
2026-09-10T20:57:25.934648+00:00,2026-09-10T20:57:27+00:00,2026-09-10T20:57:27+00:00,bcycle_lametro_4547,2,8,,1,1,1
2026-09-10T20:57:25.934648+00:00,2026-09-10T20:57:27+00:00,2026-09-10T20:57:27+00:00,bcycle_lametro_4548,10,2,,1,1,1
2026-09-10T20:57:25.934648+00:00,2026-09-10T20:57:27+00:00,2026-09-10T20:57:27+00:00,bcycle_lametro_4549,14,2,,1,1,1
2026-09-10T20:57:25.934648+00:00,2026-09-10T20:57:27+00:00,2026-09-10T20:57:27+00:00,bcycle_lametro_4552,8,4,,1,1,1
2026-09-10T20:57:25.934648+00:00,2026-09-10T20:57:27+00:00,2026-09-10T20:57:27+00:00,bcycle_lametro_4553,8,1,,1,1,1
2026-09-10T20:57:25.934648+00:00,2026-09-10T20:57:27+00:00,2026-09-10T20:57:27+00:00,bcycle_lametro_4554,6,5,,1,1,1
2026-09-10T20:57:25.934648+00:00,2026-09-10T20:57:27+00:00,2026-09-10T20:57:27+00:00,bcycle_lametro_4555,1,7,,1,1,1
2026-09-10T20:57:25.934648+00:00,2026-09-10T20:57:27+00:00,2026-09-10T20:57:27+00:00,bcycle_lametro_4556,1,12,,1,1,1
2026-09-10T20:57:25.934648+00:00,2026-09-10T20:57:27+00:00,2026-09-10T20:57:27+00:00,bcycle_lametro_4557,2,9,,1,1,1
2026-09-10T20:57:25.934648+00:00,2026-09-10T20:57:27+00:00,2026-09-10T20:57:27+00:00,bcycle_lametro_4558,2,15,,1,1,1
2026-09-10T20:57:25.934648+00:00,2026-09-10T20:57:27+00:00,2026-09-10T20:57:27+00:00,bcycle_lametro_4561,4,3,,1,1,1
2026-09-10T20:57:25.934648+00:00,2026-09-10T20:57:27+00:00,2026-09-10T20:57:27+00:00,bcycle_lametro_4562,7,7,,1,1,1
2026-09-10T20:57:25.934648+00:00,2026-09-10T20:57:27+00:00,2026-09-10T20:57:27+00:00,bcycle_lametro_4563,9,0,,1,1,1
2026-09-10T20:57:25.934648+00:00,2026-09-10T20:57:27+00:00,2026-09-10T20:57:27+00:00,bcycle_lametro_4564,5,10,,1,1,1
2026-09-10T20:57:25.934648+00:00,2026-09-10T20:57:27+00:00,2026-09-10T20:57:27+00:00,bcycle_lametro_4565,3,9,,1,1,1
2026-09-10T20:57:25.934648+00:00,2026-09-10T20:57:27+00:00,2026-09-10T20:57:27+00:00,bcycle_lametro_4566,11,4,,1,1,1
2026-09-10T20:57:25.934648+00:00,2026-09-10T20:57:27+00:00,2026-09-10T20:57:27+00:00,bcycle_lametro_4567,8,3,,1,1,1
2026-09-10T20:57:25.934648+00:00,2026-09-10T20:57:27+00:00,2026-09-10T20:57:27+00:00,bcycle_lametro_4568,8,6,,1,1,1
2026-09-10T20:57:25.934648+00:00,2026-09-10T20:57:27+00:00,2026-09-10T20:57:27+00:00,bcycle_lametro_4569,5,4,,1,1,1
2026-09-10T20:57:25.934648+00:00,2026-09-10T20:57:27+00:00,2026-09-10T20:57:27+00:00,bcycle_lametro_4570,12,3,,1,1,1
2026-09-10T20:57:25.934648+00:00,2026-09-10T20:57:27+00:00,2026-09-10T20:57:27+00:00,bcycle_lametro_4571,3,4,,1,1,1
2026-09-10T20:57:25.934648+00:00,2026-09-10T20:57:27+00:00,2026-09-10T20:57:27+00:00,bcycle_lametro_4575,8,3,,1,1,1
2026-09-10T20:57:25.934648+00:00,2026-09-10T20:57:27+00:00,2026-09-10T20:57:27+00:00,bcycle_lametro_4576,2,9,,1,1,1
2026-09-10T20:57:25.934648+00:00,2026-09-10T20:57:27+00:00,2026-09-10T20:57:27+00:00,bcycle_lametro_4578,3,4,,1,1,1
2026-09-10T20:57:25.934648+00:00,2026-09-10T20:57:27+00:00,2026-09-10T20:57:27+00:00,bcycle_lametro_4579,10,2,,1,1,1
2026-09-10T20:57:25.934648+00:00,2026-09-10T20:57:27+00:00,2026-09-10T20:57:27+00:00,bcycle_lametro_4580,4,4,,1,1,1
2026-09-10T20:57:25.934648+00:00,2026-09-10T20:57:27+00:00,2026-09-10T20:57:27+00:00,bcycle_lametro_4581,4,13,,1,1,1
2026-09-10T20:57:25.934648+00:00,2026-09-10T20:57:27+00:00,2026-09-10T20:57:27+00:00,bcycle_lametro_4583,6,12,,1,1,1
2026-09-10T20:57:25.934648+00:00,2026-09-10T20:57:27+00:00,2026-09-10T20:57:27+00:00,bcycle_lametro_4584,11,3,,1,1,1
2026-09-10T20:57:25.934648+00:00,2026-09-10T20:57:27+00:00,2026-09-10T20:57:27+00:00,bcycle_lametro_4587,3,8,,1,1,1
2026-09-10T20:57:25.934648+00:00,2026-09-10T20:57:27+00:00,2026-09-10T20:57:27+00:00,bcycle_lametro_4596,8,7,,1,1,1
2026-09-10T20:57:25.934648+00:00,2026-09-10T20:57:27+00:00,2026-09-10T20:57:27+00:00,bcycle_lametro_4597,4,7,,1,1,1
2026-09-10T20:57:25.934648+00:00,2026-09-10T20:57:27+00:00,2026-09-10T20:57:27+00:00,bcycle_lametro_4598,5,4,,1,1,1
2026-09-10T20:57:25.934648+00:00,2026-09-10T20:57:27+00:00,2026-09-10T20:57:27+00:00,bcycle_lametro_4599,5,7,,1,1,1
2026-09-10T20:57:25.934648+00:00,2026-09-10T20:57:27+00:00,2026-09-10T20:57:27+00:00,bcycle_lametro_4600,4,6,,1,1,1
2026-09-10T20:57:25.934648+00:00,2026-09-10T20:57:27+00:00,2026-09-10T20:57:27+00:00,bcycle_lametro_4601,7,4,,1,1,1
2026-09-10T20:57:25.934648+00:00,2026-09-10T20:57:27+00:00,2026-09-10T20:57:27+00:00,bcycle_lametro_4603,6,12,,1,1,1
2026-09-10T20:57:25.934648+00:00,2026-09-10T20:57:27+00:00,2026-09-10T20:57:27+00:00,bcycle_lametro_4604,8,4,,1,1,1
2026-09-10T20:57:25.934648+00:00,2026-09-10T20:57:27+00:00,2026-09-10T20:57:27+00:00,bcycle_lametro_4605,6,7,,1,1,1
2026-09-10T20:57:25.934648+00:00,2026-09-10T20:57:27+00:00,2026-09-10T20:57:27+00:00,bcycle_lametro_4606,3,17,,1,1,1
2026-09-10T20:57:25.934648+00:00,2026-09-10T20:57:27+00:00,2026-09-10T20:57:27+00:00,bcycle_lametro_4613,9,9,,1,1,1
2026-09-10T20:57:25.934648+00:00,2026-09-10T20:57:27+00:00,2026-09-10T20:57:27+00:00,bcycle_lametro_4614,6,14,,1,1,1
2026-09-10T20:57:25.934648+00:00,2026-09-10T20:57:27+00:00,2026-09-10T20:57:27+00:00,bcycle_lametro_4627,7,10,,1,1,1
2026-09-10T20:57:25.934648+00:00,2026-09-10T20:57:27+00:00,2026-09-10T20:57:27+00:00,bcycle_lametro_4628,10,3,,1,1,1
2026-09-10T20:57:25.934648+00:00,2026-09-10T20:57:27+00:00,2026-09-10T20:57:27+00:00,bcycle_lametro_4632,9,6,,1,1,1
2026-09-10T20:57:25.934648+00:00,2026-09-10T20:57:27+00:00,2026-09-10T20:57:27+00:00,bcycle_lametro_4643,3,17,,1,1,1
2026-09-10T20:57:25.934648+00:00,2026-09-10T20:57:27+00:00,2026-09-10T20:57:27+00:00,bcycle_lametro_4644,1,11,,1,1,1
2026-09-10T20:57:25.934648+00:00,2026-09-10T20:57:27+00:00,2026-09-10T20:57:27+00:00,bcycle_lametro_4645,7,5,,1,1,1
2026-09-10T20:57:25.934648+00:00,2026-09-10T20:57:27+00:00,2026-09-10T20:57:27+00:00,bcycle_lametro_4652,4,7,,1,1,1
2026-09-10T20:57:25.934648+00:00,2026-09-10T20:57:27+00:00,2026-09-10T20:57:27+00:00,bcycle_lametro_4660,5,12,,1,1,1
2026-09-10T20:57:25.934648+00:00,2026-09-10T20:57:27+00:00,2026-09-10T20:57:27+00:00,bcycle_lametro_4664,15,5,,1,1,1
2026-09-10T20:57:25.934648+00:00,2026-09-10T20:57:27+00:00,2026-09-10T20:57:27+00:00,bcycle_lametro_4672,9,6,,1,1,1
2026-09-10T20:57:25.934648+00:00,2026-09-10T20:57:27+00:00,2026-09-10T20:57:27+00:00,bcycle_lametro_4680,3,15,,1,1,1
2026-09-10T20:57:25.934648+00:00,2026-09-10T20:57:27+00:00,2026-09-10T20:57:27+00:00,bcycle_lametro_4689,7,8,,1,1,1
2026-09-10T20:57:25.934648+00:00,2026-09-10T20:57:27+00:00,2026-09-10T20:57:27+00:00,bcycle_lametro_4690,7,7,,1,1,1
2026-09-10T20:57:25.934648+00:00,2026-09-10T20:57:27+00:00,2026-09-10T20:57:27+00:00,bcycle_lametro_4696,8,6,,1,1,1
2026-09-10T20:57:25.934648+00:00,2026-09-10T20:57:27+00:00,2026-09-10T20:57:27+00:00,bcycle_lametro_4697,3,11,,1,1,1
2026-09-10T20:57:25.934648+00:00,2026-09-10T20:57:27+00:00,2026-09-10T20:57:27+00:00,bcycle_lametro_4698,6,7,,1,1,1
2026-09-10T20:57:25.934648+00:00,2026-09-10T20:57:27+00:00,2026-09-10T20:57:27+00:00,bcycle_lametro_4699,5,10,,1,1,1
2026-09-10T20:57:25.934648+00:00,2026-09-10T20:57:27+00:00,2026-09-10T20:57:27+00:00,bcycle_lametro_4700,8,9,,1,1,1
2026-09-10T20:57:25.934648+00:00,2026-09-10T20:57:27+00:00,2026-09-10T20:57:27+00:00,bcycle_lametro_4707,6,7,,1,1,1
2026-09-10T20:57:25.934648+00:00,2026-09-10T20:57:27+00:00,2026-09-10T20:57:27+00:00,bcycle_lametro_4729,3,10,,1,1,1
2026-09-10T20:57:25.934648+00:00,2026-09-10T20:57:27+00:00,2026-09-10T20:57:27+00:00,bcycle_lametro_4730,8,5,,1,1,1
2026-09-10T20:57:25.934648+00:00,2026-09-10T20:57:27+00:00,2026-09-10T20:57:27+00:00,bcycle_lametro_4732,3,18,,1,1,1
2026-09-10T20:57:25.934648+00:00,2026-09-10T20:57:27+00:00,2026-09-10T20:57:27+00:00,bcycle_lametro_4733,3,20,,1,1,1
2026-09-10T20:57:25.934648+00:00,2026-09-10T20:57:27+00:00,2026-09-10T20:57:27+00:00,bcycle_lametro_4734,12,3,,1,1,1
2026-09-10T20:57:25.934648+00:00,2026-09-10T20:57:27+00:00,2026-09-10T20:57:27+00:00,bcycle_lametro_4735,3,9,,1,1,1
2026-09-10T20:57:25.934648+00:00,2026-09-10T20:57:27+00:00,2026-09-10T20:57:27+00:00,bcycle_lametro_4736,10,5,,1,1,1
2026-09-10T20:57:25.934648+00:00,2026-09-10T20:57:27+00:00,2026-09-10T20:57:27+00:00,bcycle_lametro_4740,16,6,,1,1,1
2026-09-10T20:57:25.934648+00:00,2026-09-10T20:57:27+00:00,2026-09-10T20:57:27+00:00,bcycle_lametro_4745,4,7,,1,1,1
